0,0,49,25.36984535293579,2128,472
0,1,49,24.365187607574462,1494,499
0,2,49,24.527652464675903,3005,499
0,3,49,24.49086805419922,2952,500
0,4,49,24.43993779258728,2110,499
0,5,49,24.412645302581787,2099,523
0,6,49,24.35237308578491,801,472
0,7,49,24.388622484970092,1300,499
0,8,49,24.38854905204773,1212,480
0,9,49,24.371025763320922,1425,502
0,10,49,24.36116262512207,691,470
0,11,49,24.437284670639038,1668,499
0,12,49,24.341329775619506,719,472
0,13,49,24.450756274032592,2091,548
0,14,49,24.35836001472473,942,470
0,15,49,24.43947859840393,1665,499
0,16,49,24.341370306777954,738,499
0,17,49,24.45077582435608,2317,469
0,18,49,24.412431441116333,1995,499
0,19,49,24.344113312530517,778,501
0,20,49,24.389672957229614,1237,499
0,21,49,24.34103175239563,746,499
0,22,49,24.453440867233276,2342,499
0,23,49,24.344082079696655,839,470
0,24,49,24.37535949783325,1717,499
0,25,49,24.34418412284851,300,98
0,26,49,24.409864865112304,1692,499
0,27,49,24.344989739227294,855,470
0,28,49,24.38933464126587,1302,505
0,29,49,24.34455796318054,297,98
0,30,49,24.362239323425293,1368,509
0,31,49,24.344113789367675,881,499
0,32,49,24.373708687591552,1354,501
0,33,49,24.4457809551239,2001,499
0,34,49,24.34371205406189,831,499
0,35,49,24.389527283477783,1329,499
0,36,49,24.391930304336547,1225,499
0,37,49,24.343148670959472,809,507
0,38,49,24.369987927246093,1470,508
0,39,49,24.445815048980712,2253,499
0,40,49,24.452512703704834,2325,499
0,41,49,24.34488221244812,855,521
0,42,49,24.34159704284668,392,240
0,43,49,24.34764429168701,1002,499
0,44,49,24.389407835769653,1430,595
0,45,49,24.351090155410766,1206,499
0,46,49,24.38895484046936,1086,470
0,47,49,24.390359364318847,888,431
0,48,49,24.437932215499877,1231,565
1,0,41,29.250400505828857,2982,470
1,1,41,24.58334680633545,1792,499
1,2,41,0.1985323429107666,338,499
1,3,41,24.487689457702636,714,472
1,4,41,24.488469563293457,712,470
1,5,41,24.552253924179077,2028,503
1,6,41,24.515908919143676,1693,503
1,7,41,24.591995917129516,2162,473
1,8,41,24.496919117736816,1028,470
1,9,41,24.504316054153442,1298,503
1,10,41,24.493637047576904,646,264
1,11,41,24.517952643203735,1516,478
1,12,41,24.638825856018066,2770,657
1,13,41,24.48642536239624,304,123
1,14,41,24.58229299621582,1849,549
1,15,41,24.59330078201294,2149,554
1,16,41,24.498534880447387,1168,512
1,17,41,24.632182083892822,2767,567
1,18,41,24.48825641708374,879,533
1,19,41,24.518522940444946,1517,482
1,20,41,24.497613869476318,1160,479
1,21,41,24.515566788482666,1434,495
1,22,41,24.534761629867553,1229,468
1,23,41,24.58344503479004,1396,496
1,24,41,24.582527838516235,1454,508
1,25,41,24.514800511169433,1476,518
1,26,41,24.518080435562133,1629,499
1,27,41,24.515876732635498,1384,472
1,28,41,24.517791472244262,1440,553
1,29,41,24.579557619857788,1565,523
1,30,41,24.626804552841186,2617,499
1,31,41,24.492713890838623,1134,499
1,32,41,24.513916693496704,1596,503
1,33,41,24.57557078437805,1475,503
1,34,41,0.22698330879211426,1183,499
1,35,41,24.518016300964355,1196,499
1,36,41,0.19637012481689453,715,499
1,37,41,0.19814467430114746,685,499
1,38,41,0.19706225395202637,716,499
1,39,41,24.710504971313476,6965,4306
1,40,41,24.497078619766235,940,579
2,0,61,4.7760090827941895,697,499
2,1,61,24.490945540237426,705,470
2,2,61,0.2023911476135254,865,499
2,3,61,0.19784283638000488,700,499
2,4,61,0.1979231834411621,720,499
2,5,61,24.48813696937561,775,520
2,6,61,24.486283741760253,730,475
2,7,61,0.2071988582611084,711,499
2,8,61,0.1972806453704834,690,499
2,9,61,0.19905638694763184,700,499
2,10,61,24.487027130889892,708,470
2,11,61,0.1978468894958496,696,499
2,12,61,0.20035958290100098,695,499
2,13,61,0.19900989532470703,699,499
2,14,61,0.20486879348754883,860,499
2,15,61,24.486636839675903,237,88
2,16,61,24.48533722000122,700,468
2,17,61,24.488207302856445,466,270
2,18,61,24.48731704788208,717,474
2,19,61,24.485765181350708,727,476
2,20,61,24.488630018997192,748,502
2,21,61,0.20631003379821777,757,499
2,22,61,24.851754389572143,3854,499
2,23,61,24.728404961395263,3411,560
2,24,61,24.592375717926025,1792,520
2,25,61,24.593118153381347,2123,489
2,26,61,0.20013833045959473,755,499
2,27,61,24.56174846725464,1854,480
2,28,61,24.638648711013794,2905,556
2,29,61,0.19992589950561523,401,499
2,30,61,24.627249918746948,2935,497
2,31,61,0.2063138484954834,875,499
2,32,61,24.59952851371765,1716,155
2,33,61,24.492147646713256,952,505
2,34,61,24.88340350227356,4904,534
2,35,61,24.589851818847656,2080,478
2,36,61,0.20892810821533203,1011,499
2,37,61,24.48788233833313,760,481
2,38,61,24.68637367324829,3273,517
2,39,61,24.639435969161987,2536,485
2,40,61,24.728869400787353,3828,504
2,41,61,0.20691466331481934,1047,499
2,42,61,24.59412594871521,2308,507
2,43,61,24.577442370224,1343,471
2,44,61,24.708097658920288,2696,503
2,45,61,24.48734112815857,814,503
2,46,61,24.7925462348938,4406,542
2,47,61,24.48823782043457,877,499
2,48,61,24.59230824546814,2065,503
2,49,61,24.498073302078247,853,472
2,50,61,24.55692096786499,2002,556
2,51,61,24.71858163909912,3039,514
2,52,61,0.20293664932250977,761,499
2,53,61,0.20162487030029297,848,499
2,54,61,24.676182232666015,3109,557
2,55,61,24.70759769515991,2772,500
2,56,61,24.62757273750305,3267,550
2,57,61,0.1995375156402588,833,499
2,58,61,24.49432536201477,849,471
2,59,61,24.495642863082885,944,511
2,60,61,24.795168839263916,4332,2042
3,0,54,30.471762858200073,2908,498
3,1,54,24.77482696609497,4080,472
3,2,54,24.67206212120056,3306,499
3,3,54,24.518493853378295,1888,498
3,4,54,24.55542441444397,1372,76
3,5,54,0.1995096206665039,319,499
3,6,54,24.636901579666137,2719,551
3,7,54,24.49327727394104,885,470
3,8,54,0.20044684410095215,740,499
3,9,54,24.5016891582489,1300,516
3,10,54,24.500291548538208,1026,472
3,11,54,24.489685498046875,867,499
3,12,54,24.665899000930786,3217,484
3,13,54,24.534315787124633,1239,499
3,14,54,24.497426949310302,1121,499
3,15,54,24.58523102836609,1783,466
3,16,54,24.516952477264404,1635,546
3,17,54,24.49593397216797,1039,499
3,18,54,24.523645125198364,1389,499
3,19,54,24.581325493621826,1668,499
3,20,54,24.490677796173095,841,470
3,21,54,24.4962918384552,1025,470
3,22,54,24.516043864059448,1774,499
3,23,54,24.495003424453735,1094,499
3,24,54,24.552453242111206,1836,304
3,25,54,24.495323859024047,1001,484
3,26,54,24.579378329086303,1903,534
3,27,54,24.535361491012573,1539,596
3,28,54,24.597749195861816,2532,511
3,29,54,24.498921118545532,1028,522
3,30,54,24.590380631256103,2255,474
3,31,54,24.634968481826782,2842,499
3,32,54,24.517761431503295,1393,475
3,33,54,24.556362353134155,2143,499
3,34,54,0.2008531093597412,797,499
3,35,54,24.49377103881836,1081,499
3,36,54,24.48864623146057,874,499
3,37,54,24.490468226242065,747,472
3,38,54,24.638347826766967,2852,499
3,39,54,24.495781384277343,841,499
3,40,54,24.562154970932006,2334,499
3,41,54,0.2013568878173828,777,499
3,42,54,24.674202166366577,3333,499
3,43,54,24.489823303985595,762,470
3,44,54,24.588309489059448,2370,499
3,45,54,0.20843791961669922,895,499
3,46,54,24.599824629592895,2569,470
3,47,54,24.50508590774536,1187,470
3,48,54,0.21583890914916992,1087,499
3,49,54,0.20830345153808594,833,499
3,50,54,0.2176647186279297,830,499
3,51,54,24.501780234146118,960,531
3,52,54,24.54107876853943,1669,944
3,53,54,24.587697468566894,1396,672
4,0,81,0.1984233856201172,673,499
4,1,81,0.20063352584838867,673,499
4,2,81,0.19878149032592773,675,499
4,3,81,24.49301143722534,720,469
4,4,81,0.20098662376403809,683,499
4,5,81,0.19925689697265625,673,499
4,6,81,0.20067739486694336,675,499
4,7,81,24.491205654907226,735,472
4,8,81,0.20512700080871582,768,499
4,9,81,24.48917146759033,683,470
4,10,81,24.49065562324524,696,470
4,11,81,24.49431201057434,771,470
4,12,81,0.20073437690734863,700,499
4,13,81,24.490494690704345,792,499
4,14,81,0.1985034942626953,682,499
4,15,81,0.19935202598571777,689,499
4,16,81,24.490723810958862,711,471
4,17,81,24.487513981628418,697,472
4,18,81,0.20063376426696777,684,499
4,19,81,24.488573752212524,685,470
4,20,81,24.48911067085266,685,470
4,21,81,24.488448105621337,691,470
4,22,81,0.2008352279663086,696,499
4,23,81,24.489308796691894,688,472
4,24,81,24.491217098999023,686,470
4,25,81,24.4871627910614,685,472
4,26,81,24.487169466781616,715,499
4,27,81,0.20177674293518066,672,499
4,28,81,0.20131278038024902,680,499
4,29,81,24.489011011886596,433,269
4,30,81,0.19877290725708008,666,499
4,31,81,0.2000746726989746,668,499
4,32,81,24.49039288597107,681,472
4,33,81,24.52084132270813,1735,499
4,34,81,24.589656077194213,1563,500
4,35,81,24.508502684402465,942,466
4,36,81,24.49390097694397,532,282
4,37,81,24.49075385169983,547,263
4,38,81,24.49169822769165,822,472
4,39,81,24.494817934799194,983,472
4,40,81,24.554499111938476,1515,508
4,41,81,24.48927827911377,780,472
4,42,81,24.489090882110595,872,470
4,43,81,24.515803061294555,1381,521
4,44,81,0.19848203659057617,696,499
4,45,81,24.540285788345336,1264,565
4,46,81,0.1983182430267334,733,499
4,47,81,24.538425169754028,1024,499
4,48,81,24.49041625099182,824,499
4,49,81,24.49264045791626,824,499
4,50,81,24.49143811302185,937,472
4,51,81,24.497927628326416,972,472
4,52,81,24.485542975234985,680,472
4,53,81,24.473694525527954,685,472
4,54,81,0.19610810279846191,687,499
4,55,81,24.498129092025756,909,468
4,56,81,24.490585528182983,844,473
4,57,81,24.494692765045166,899,479
4,58,81,24.4971942527771,898,472
4,59,81,24.534383974838256,1234,504
4,60,81,24.582623921203613,1292,486
4,61,81,24.491850338745117,544,267
4,62,81,24.4950654132843,445,106
4,63,81,0.1994493007659912,810,499
4,64,81,24.586478434371948,1478,481
4,65,81,24.500859700012207,921,500
4,66,81,24.539665423202514,1056,499
4,67,81,0.20609021186828613,957,499
4,68,81,24.51625581817627,1370,499
4,69,81,24.48690816001892,744,499
4,70,81,24.49181982116699,785,499
4,71,81,24.49339624481201,852,472
4,72,81,24.49946590499878,996,499
4,73,81,24.490197144317627,830,499
4,74,81,0.20081281661987305,864,499
4,75,81,24.49654933052063,1146,499
4,76,81,24.488814316558837,893,499
4,77,81,24.49320264892578,1060,470
4,78,81,24.490499459075927,763,470
4,79,81,24.58115478591919,981,499
4,80,81,24.5082330329895,1117,627
5,0,60,0.20491600036621094,689,499
5,1,60,24.48484655456543,705,470
5,2,60,24.485686503219604,730,499
5,3,60,0.18465948104858398,686,499
5,4,60,0.19681167602539062,693,499
5,5,60,24.488112412261962,702,472
5,6,60,0.2005937099456787,715,499
5,7,60,24.48555728034973,728,502
5,8,60,24.485298119354248,736,506
5,9,60,0.1973404884338379,688,499
5,10,60,24.485211096572876,708,470
5,11,60,0.1987154483795166,728,499
5,12,60,24.486871681976318,702,472
5,13,60,24.48549958305359,680,470
5,14,60,24.48601647453308,677,470
5,15,60,24.48438187675476,732,499
5,16,60,24.486893139648437,700,474
5,17,60,24.487414322662353,725,488
5,18,60,0.525468111038208,3498,499
5,19,60,24.7635299785614,3280,505
5,20,60,24.593668661880493,2211,488
5,21,60,24.59615822868347,2091,472
5,22,60,24.596571408081054,2346,479
5,23,60,24.513940535354614,1702,499
5,24,60,24.58926673965454,2127,492
5,25,60,0.19778084754943848,719,499
5,26,60,24.593338213729858,2256,656
5,27,60,24.557363472747802,1919,499
5,28,60,24.585091791915893,1827,518
5,29,60,24.49211784439087,901,506
5,30,60,24.675137005615234,2958,503
5,31,60,0.2106177806854248,830,499
5,32,60,24.717657767105102,3224,541
5,33,60,24.493894062805175,833,499
5,34,60,24.666049681472778,2942,535
5,35,60,24.53363700942993,1160,493
5,36,60,24.48774715499878,742,470
5,37,60,24.588048182296752,2150,499
5,38,60,24.595591507720947,2233,499
5,39,60,0.20232415199279785,772,499
5,40,60,24.667611323165893,3036,575
5,41,60,0.19837450981140137,752,499
5,42,60,24.62770815925598,2338,480
5,43,60,24.487071715164184,757,499
5,44,60,24.492649040985107,918,486
5,45,60,24.631634913253784,2458,524
5,46,60,24.62952586250305,2345,515
5,47,60,24.494209967422485,993,499
5,48,60,24.51488634185791,1444,499
5,49,60,0.20271801948547363,762,499
5,50,60,24.64739342765808,1633,499
5,51,60,24.504349432754516,953,499
5,52,60,24.632382117080688,2270,478
5,53,60,24.716586790847778,3000,473
5,54,60,24.534885607528686,998,499
5,55,60,24.64457508163452,2331,514
5,56,60,24.586930237579345,2060,499
5,57,60,0.20324349403381348,835,499
5,58,60,0.21216177940368652,895,499
5,59,60,24.736001454162597,3316,1250
6,0,75,0.20015478134155273,682,499
6,1,75,0.20340991020202637,722,499
6,2,75,0.2029709815979004,689,499
6,3,75,24.49134298400879,682,470
6,4,75,0.2029249668121338,680,499
6,5,75,24.488507710266113,769,472
6,6,75,24.492086373138427,770,472
6,7,75,0.2017514705657959,684,499
6,8,75,24.49219938354492,690,470
6,9,75,24.490061960983276,775,515
6,10,75,24.48637004928589,749,491
6,11,75,24.48801776008606,701,470
6,12,75,0.20525121688842773,671,499
6,13,75,24.49102636413574,692,470
6,14,75,0.20386576652526855,694,499
6,15,75,0.20316338539123535,692,499
6,16,75,0.19875836372375488,703,499
6,17,75,0.2011716365814209,693,499
6,18,75,0.19854092597961426,686,499
6,19,75,0.19785332679748535,679,499
6,20,75,24.487753115463256,765,518
6,21,75,24.485258303451538,758,499
6,22,75,24.47379132347107,745,499
6,23,75,24.485338650512695,731,470
6,24,75,0.20152950286865234,680,499
6,25,75,0.2015058994293213,695,499
6,26,75,24.4894981010437,692,471
6,27,75,24.488004885482788,473,271
6,28,75,24.486585579681396,720,473
6,29,75,24.486689768600463,236,85
6,30,75,24.497218571472168,719,475
6,31,75,24.488529167938232,730,482
6,32,75,0.6566774845123291,4691,499
6,33,75,24.809028826522827,4591,505
6,34,75,24.53703638153076,1343,505
6,35,75,24.67782589035034,3383,517
6,36,75,24.50820132331848,754,469
6,37,75,24.526532851028442,1602,508
6,38,75,24.674996815490722,3001,640
6,39,75,0.20104575157165527,315,499
6,40,75,24.893000088500976,5925,596
6,41,75,24.548430167007446,1257,472
6,42,75,24.558344803619384,2280,499
6,43,75,24.582516871261596,1378,499
6,44,75,24.499050102996826,1090,492
6,45,75,24.515540324020385,1528,513
6,46,75,24.52174898223877,1301,597
6,47,75,24.60142370300293,2408,499
6,48,75,24.844299755859375,4925,505
6,49,75,24.489602528381347,849,499
6,50,75,24.554879627990722,1969,499
6,51,75,24.48863049583435,807,472
6,52,75,24.673777781295776,3180,520
6,53,75,24.49035283164978,884,541
6,54,75,24.632945738601684,2220,467
6,55,75,24.49703999595642,870,472
6,56,75,24.490170203018188,839,499
6,57,75,24.496781311798095,1117,499
6,58,75,24.539434395599365,1341,505
6,59,75,24.496499977874755,998,505
6,60,75,24.55693694190979,1920,478
6,61,75,24.683968983459472,3114,514
6,62,75,24.49540802078247,848,491
6,63,75,24.642132483291626,2674,587
6,64,75,24.494190417099,862,503
6,65,75,24.800301752853393,3939,486
6,66,75,24.49460645751953,1070,541
6,67,75,24.58788128929138,1167,469
6,68,75,24.502361498641967,784,499
6,69,75,24.636475287246704,1951,499
6,70,75,24.519528590011596,1275,494
6,71,75,24.594639263916015,2473,579
6,72,75,0.19939231872558594,835,499
6,73,75,0.2490401268005371,1219,499
6,74,75,24.519979439544677,1842,1169
7,0,105,0.812471866607666,5647,499
7,1,105,24.652176104354858,2304,472
7,2,105,24.811139546203613,3191,472
7,3,105,24.639956436920166,2597,483
7,4,105,24.591440878677368,2442,472
7,5,105,24.494054041671752,1195,479
7,6,105,24.508075199890136,1636,508
7,7,105,24.598452292251586,2517,505
7,8,105,24.535169087219238,1291,504
7,9,105,24.53104158477783,1377,507
7,10,105,24.594403706359863,2116,599
7,11,105,0.19948363304138184,299,499
7,12,105,0.20023298263549805,814,499
7,13,105,24.582469664382934,1624,507
7,14,105,24.496179543304443,1018,474
7,15,105,24.491176091003418,998,616
7,16,105,24.487318716812133,739,499
7,17,105,24.518886290359497,1454,499
7,18,105,24.53638931350708,1304,504
7,19,105,24.628943882751464,2645,549
7,20,105,24.50610228614807,1317,511
7,21,105,24.593705139923095,2031,538
7,22,105,24.523445807266235,1572,559
7,23,105,24.49413963394165,852,470
7,24,105,24.4993276222229,1044,499
7,25,105,24.58600302772522,1903,505
7,26,105,24.536917887496948,1174,473
7,27,105,24.49626036720276,1051,504
7,28,105,24.53658815460205,1197,499
7,29,105,24.80334135131836,3697,472
7,30,105,24.504633866119384,1334,499
7,31,105,24.55951090888977,2063,499
7,32,105,24.53628059463501,1451,504
7,33,105,24.53235860900879,1331,515
7,34,105,24.591240368652343,2137,530
7,35,105,24.571724377441406,1139,574
7,36,105,24.633694611358642,2790,506
7,37,105,24.48957487182617,947,504
7,38,105,24.596899948883056,2363,581
7,39,105,24.485771618652343,792,499
7,40,105,24.490803442764282,917,499
7,41,105,24.495717011260986,981,556
7,42,105,24.494896851348877,1016,499
7,43,105,24.717898808288574,3263,483
7,44,105,24.496892653274536,976,480
7,45,105,24.588296614456176,1963,520
7,46,105,0.20632028579711914,954,499
7,47,105,24.488507710266113,807,472
7,48,105,24.59237404899597,2020,499
7,49,105,24.494499169158935,1045,617
7,50,105,24.532049856948852,1343,560
7,51,105,24.668843947219848,3154,510
7,52,105,24.51599856452942,1411,499
7,53,105,24.512680254745483,1498,539
7,54,105,24.553681336212158,2098,505
7,55,105,0.20043253898620605,752,499
7,56,105,24.59310909347534,1967,478
7,57,105,0.19797182083129883,739,499
7,58,105,24.58185764389038,1839,514
7,59,105,0.20033001899719238,711,499
7,60,105,24.716558180618286,4354,548
7,61,105,24.535669050979614,1376,542
7,62,105,24.49398060874939,1057,475
7,63,105,24.502154789733886,1173,522
7,64,105,24.491506300735473,867,495
7,65,105,24.497664414215087,1145,472
7,66,105,24.49770375328064,1084,499
7,67,105,0.20132660865783691,835,499
7,68,105,24.577041827011108,1324,499
7,69,105,0.18591737747192383,692,499
7,70,105,24.4856397731781,697,470
7,71,105,24.471632204818725,720,470
7,72,105,0.19663786888122559,703,499
7,73,105,24.487086735534668,742,499
7,74,105,24.485789738464355,720,472
7,75,105,24.485648833084106,742,504
7,76,105,24.48743411140442,704,476
7,77,105,24.486146174240112,733,499
7,78,105,24.48908682899475,700,472
7,79,105,24.48863025741577,692,470
7,80,105,24.48938675956726,683,471
7,81,105,24.51397844390869,1470,499
7,82,105,24.4861223323822,690,470
7,83,105,24.484131060409545,682,472
7,84,105,24.486636601257324,685,472
7,85,105,24.47100969390869,692,470
7,86,105,24.483881436157226,738,497
7,87,105,24.474182329940795,689,470
7,88,105,0.19942045211791992,692,499
7,89,105,24.488563500213623,689,470
7,90,105,24.487636528778076,716,499
7,91,105,24.486428700256347,719,499
7,92,105,24.473044119644165,749,521
7,93,105,24.482333861160278,701,473
7,94,105,24.487217627334594,714,483
7,95,105,24.495353422927856,728,499
7,96,105,24.487904272842407,719,472
7,97,105,24.489261589813232,717,470
7,98,105,24.49072667198181,780,470
7,99,105,0.19669342041015625,682,499
7,100,105,0.19989538192749023,707,499
7,101,105,0.19725251197814941,683,499
7,102,105,24.58709856109619,1284,504
7,103,105,24.58210440711975,1238,566
7,104,105,24.58627077178955,1301,647
8,0,59,0.3060178756713867,1927,499
8,1,59,0.659050703048706,3657,499
8,2,59,24.60086103515625,1872,484
8,3,59,24.50281187133789,1062,473
8,4,59,24.58712311820984,1702,472
8,5,59,0.2091200351715088,853,499
8,6,59,0.20497775077819824,728,499
8,7,59,24.580572329330444,1193,533
8,8,59,0.20213603973388672,359,499
8,9,59,24.49244662361145,856,517
8,10,59,24.495915613937377,1139,499
8,11,59,24.595104418563842,1791,467
8,12,59,24.50024839477539,926,499
8,13,59,24.534530840682983,825,285
8,14,59,24.48964711265564,854,499
8,15,59,24.524430237579345,971,499
8,16,59,24.53220125274658,975,499
8,17,59,24.537813387680053,1160,499
8,18,59,24.49231120185852,840,470
8,19,59,24.49346037940979,942,485
8,20,59,24.516118965911865,1405,466
8,21,59,24.498031578826904,1001,477
8,22,59,24.49611683921814,965,469
8,23,59,24.496882401275634,916,470
8,24,59,24.566313229370117,1172,533
8,25,59,24.522559366989135,1317,491
8,26,59,24.495114765930175,1048,500
8,27,59,24.485656939315795,766,472
8,28,59,24.517241679000854,1342,499
8,29,59,24.486931286621093,757,499
8,30,59,24.492143116760253,1096,511
8,31,59,24.49296685295105,1023,517
8,32,59,24.514075480270385,1261,517
8,33,59,24.582485400009155,1928,505
8,34,59,24.497755013275146,526,131
8,35,59,24.557264767456054,1859,506
8,36,59,24.493684254455566,899,500
8,37,59,24.602006398010253,1857,533
8,38,59,24.49622818069458,895,500
8,39,59,24.54575916366577,1446,499
8,40,59,24.49305721359253,815,499
8,41,59,24.49468847351074,858,472
8,42,59,24.540546141433715,1228,475
8,43,59,24.494724474716186,918,500
8,44,59,24.581509314346313,1590,628
8,45,59,24.49415298538208,894,500
8,46,59,24.63434001045227,2951,958
8,47,59,24.49270125465393,809,471
8,48,59,24.519950352478027,1404,502
8,49,59,24.53437992172241,976,496
8,50,59,24.52691312866211,1228,519
8,51,59,24.530872784423828,528,132
8,52,59,24.492151222991943,851,472
8,53,59,24.593726359176635,2195,482
8,54,59,0.21171307563781738,1015,499
8,55,59,0.2104816436767578,1322,499
8,56,59,24.49831124382019,844,499
8,57,59,24.498020373153686,926,500
8,58,59,24.499206028747558,847,476
9,0,75,24.48819037513733,728,470
9,1,75,24.49214168624878,789,499
9,2,75,24.490001402664184,791,499
9,3,75,24.47322555618286,692,470
9,4,75,24.491254530715942,711,467
9,5,75,24.490592203903198,770,478
9,6,75,24.49188371734619,780,486
9,7,75,24.488186798858642,479,288
9,8,75,24.48858519630432,711,475
9,9,75,0.1984550952911377,678,499
9,10,75,0.2009143829345703,697,499
9,11,75,24.49080105857849,744,470
9,12,75,0.19884490966796875,686,499
9,13,75,0.1980147361755371,681,499
9,14,75,0.1994001865386963,696,499
9,15,75,0.20167875289916992,730,499
9,16,75,0.19934892654418945,728,499
9,17,75,0.19670391082763672,692,499
9,18,75,0.1978740692138672,681,499
9,19,75,0.19983720779418945,691,499
9,20,75,0.19813752174377441,683,499
9,21,75,24.486196480560302,707,472
9,22,75,24.47378345565796,733,499
9,23,75,0.20136356353759766,687,499
9,24,75,24.66704436378479,2372,472
9,25,75,24.84306999282837,3941,499
9,26,75,24.79582282142639,3725,472
9,27,75,24.721322499084472,3231,480
9,28,75,24.556952200698852,1747,472
9,29,75,24.56572028236389,1910,478
9,30,75,24.491843186187744,765,472
9,31,75,24.5134136302948,1387,499
9,32,75,24.52403613166809,1515,556
9,33,75,0.20087909698486328,383,499
9,34,75,24.58122368888855,1817,499
9,35,75,24.714403115081787,3158,499
9,36,75,24.590282641220092,1861,499
9,37,75,24.542123280334472,1159,505
9,38,75,24.534217797088623,1190,505
9,39,75,24.593871556091308,1919,648
9,40,75,24.59918948249817,2249,499
9,41,75,24.493658743667602,901,499
9,42,75,24.494441471862793,848,499
9,43,75,24.552113257217407,1735,472
9,44,75,24.98742815093994,5056,495
9,45,75,24.492684326934814,854,472
9,46,75,0.20349693298339844,782,499
9,47,75,24.80361958580017,4031,515
9,48,75,0.20035409927368164,730,499
9,49,75,0.20083403587341309,744,499
9,50,75,24.513886414337158,1162,465
9,51,75,24.557904921340942,1538,472
9,52,75,0.19884490966796875,730,499
9,53,75,24.58753105239868,1863,499
9,54,75,24.494120560455322,850,470
9,55,75,24.71153398590088,2608,495
9,56,75,24.597588263320922,2495,499
9,57,75,24.49627348022461,899,516
9,58,75,24.675459824371337,3190,563
9,59,75,24.490698538589477,820,485
9,60,75,24.488016806411743,851,493
9,61,75,24.5197395904541,1206,499
9,62,75,0.19810056686401367,743,499
9,63,75,24.758728943634033,3649,478
9,64,75,24.49482151107788,888,499
9,65,75,24.488435231018066,857,499
9,66,75,24.5926212890625,2288,472
9,67,75,24.490622483062744,818,512
9,68,75,24.636984787750244,3354,499
9,69,75,0.2123403549194336,995,499
9,70,75,0.20164728164672852,833,499
9,71,75,0.21115326881408691,1001,499
9,72,75,24.521136246490478,1383,798
9,73,75,24.581617079544067,1074,499
9,74,75,24.67100354270935,2157,723
10,0,40,0.3415694236755371,2505,499
10,1,40,24.559637032318115,1791,472
10,2,40,24.52650376396179,1473,499
10,3,40,0.3119680881500244,2072,499
10,4,40,24.557360134887695,1923,474
10,5,40,24.582997761535644,1686,476
10,6,40,24.655915938186645,2510,472
10,7,40,24.5202495677948,1311,499
10,8,40,24.519526682662963,1600,485
10,9,40,24.520313940811157,1625,627
10,10,40,24.49910160140991,1099,485
10,11,40,24.589220724868774,1656,519
10,12,40,0.20097756385803223,743,499
10,13,40,24.581420861053466,1956,499
10,14,40,24.530599556732177,1137,559
10,15,40,24.491105280685424,958,529
10,16,40,24.55441876487732,2036,497
10,17,40,24.534069023895263,1091,484
10,18,40,24.58093424873352,1499,518
10,19,40,24.529292546081543,1114,504
10,20,40,24.593638382720947,2707,472
10,21,40,24.5339955909729,1135,499
10,22,40,24.63806887702942,2540,524
10,23,40,24.520690642166137,1328,529
10,24,40,24.53589554862976,1311,593
10,25,40,24.599341831970214,2332,472
10,26,40,24.596737585830688,2292,507
10,27,40,24.521649084854126,1816,499
10,28,40,24.58745928840637,1930,499
10,29,40,24.555987797546386,1785,524
10,30,40,24.499758683013916,1103,524
10,31,40,24.52570005493164,1744,499
10,32,40,24.53899808959961,1478,493
10,33,40,24.562428437042236,2199,552
10,34,40,24.510493479537963,1409,544
10,35,40,24.579675875473022,1844,597
10,36,40,24.499294958877563,1091,504
10,37,40,24.497484885025024,1215,499
10,38,40,0.20386743545532227,786,499
10,39,40,24.53801342086792,1025,549
11,0,89,24.490908823776245,703,470
11,1,89,0.2075965404510498,873,499
11,2,89,0.2036135196685791,913,499
11,3,89,0.1990344524383545,681,499
11,4,89,24.48379250602722,696,470
11,5,89,0.18735361099243164,688,499
11,6,89,0.20083236694335938,725,499
11,7,89,24.48473259048462,758,531
11,8,89,24.485179386901855,705,470
11,9,89,0.19841670989990234,683,499
11,10,89,24.48477240638733,774,516
11,11,89,24.473938427734375,485,271
11,12,89,24.484643421936035,715,470
11,13,89,0.1855144500732422,703,499
11,14,89,0.1974332332611084,671,499
11,15,89,24.48657938079834,736,498
11,16,89,24.486330710220336,731,470
11,17,89,0.18526601791381836,718,499
11,18,89,0.19764065742492676,700,499
11,19,89,24.483347616958618,706,472
11,20,89,24.48504277305603,706,472
11,21,89,24.47424765663147,706,472
11,22,89,0.19829177856445312,684,499
11,23,89,24.48340769844055,695,470
11,24,89,24.47134395675659,706,470
11,25,89,24.486962519454956,699,476
11,26,89,0.19644594192504883,684,499
11,27,89,0.19726943969726562,688,499
11,28,89,0.19624900817871094,699,499
11,29,89,24.485439024734497,696,472
11,30,89,24.48696156578064,695,474
11,31,89,24.48352738456726,693,470
11,32,89,24.48479362564087,711,472
11,33,89,24.471878968048095,686,470
11,34,89,24.48525520401001,719,471
11,35,89,24.485986910629272,727,472
11,36,89,24.48536153869629,733,466
11,37,89,24.483365021514892,713,470
11,38,89,24.47158070640564,368,257
11,39,89,24.482735596466064,681,472
11,40,89,0.4253685474395752,2856,499
11,41,89,24.629394732284545,2624,472
11,42,89,24.97211404876709,5574,595
11,43,89,24.663174353408813,2733,499
11,44,89,24.531594715881347,1364,507
11,45,89,24.554499111938476,2009,499
11,46,89,24.533482514190673,1255,482
11,47,89,24.53840108947754,1262,499
11,48,89,24.674137078094482,2468,411
11,49,89,24.489831410217285,962,580
11,50,89,24.75246401863098,3948,603
11,51,89,0.20119023323059082,311,499
11,52,89,24.49736400680542,812,499
11,53,89,24.486174069213867,785,472
11,54,89,24.622456036376953,2499,516
11,55,89,24.600358687210083,2423,505
11,56,89,24.49898263053894,967,505
11,57,89,24.487821780014038,827,499
11,58,89,24.493567667770385,1028,499
11,59,89,24.492047987747192,1049,514
11,60,89,24.533769093322753,1236,614
11,61,89,24.793807230758667,4289,518
11,62,89,24.59072943763733,2221,705
11,63,89,24.574930392074585,1171,499
11,64,89,24.553021870422363,1717,517
11,65,89,24.62537880973816,2398,515
11,66,89,24.492623291778564,938,499
11,67,89,24.514224968719482,1304,508
11,68,89,24.942856274414062,5848,612
11,69,89,24.492033444213867,959,481
11,70,89,24.60407229499817,2230,508
11,71,89,24.53747721748352,1202,555
11,72,89,24.517188273239135,1411,499
11,73,89,24.670491896438598,3258,499
11,74,89,24.53647657470703,1190,614
11,75,89,24.750551901626586,3779,508
11,76,89,24.487342797088623,841,499
11,77,89,24.59735508995056,1736,499
11,78,89,24.49713274078369,884,484
11,79,89,24.498116932678222,915,472
11,80,89,24.756063900756835,3820,551
11,81,89,24.494116984176635,940,486
11,82,89,24.50130435066223,1285,583
11,83,89,24.58506055908203,2053,696
11,84,89,24.52209635810852,1713,576
11,85,89,24.495275936889648,1303,499
11,86,89,0.19743800163269043,724,499
11,87,89,0.23041701316833496,1226,499
11,88,89,24.594267330932617,1812,681
12,0,51,24.560939989852905,1700,499
12,1,51,24.75509639816284,3292,472
12,2,51,24.623092137145996,2316,499
12,3,51,24.978647909927368,5416,506
12,4,51,24.58842583732605,2299,501
12,5,51,24.508450470733642,1401,512
12,6,51,24.582981310653686,1341,472
12,7,51,24.589307986068725,1948,499
12,8,51,24.48876067237854,878,470
12,9,51,24.499130450057983,1101,506
12,10,51,24.529020987319946,1093,504
12,11,51,24.49259539680481,872,499
12,12,51,24.67431493835449,2986,589
12,13,51,24.579470835494995,1497,286
12,14,51,24.490404091644287,852,498
12,15,51,24.79157181816101,3727,561
12,16,51,24.491250954437255,985,491
12,17,51,24.531096421051025,1116,531
12,18,51,24.494225941467285,1086,499
12,19,51,24.49423547821045,670,305
12,20,51,0.19782042503356934,364,499
12,21,51,24.82748671607971,4289,517
12,22,51,24.514489613342285,1302,517
12,23,51,24.577032290267944,1621,505
12,24,51,24.580959997940063,1642,499
12,25,51,24.49685140686035,996,484
12,26,51,24.793616972732544,4409,478
12,27,51,24.539291344451904,1147,504
12,28,51,24.580325804519653,1722,505
12,29,51,24.494801722335815,1019,505
12,30,51,24.66469832496643,2869,505
12,31,51,24.507772169876098,1274,517
12,32,51,24.72192522125244,3143,496
12,33,51,24.632605276870727,2115,68
12,34,51,24.48925157623291,845,477
12,35,51,24.573560200500488,1445,505
12,36,51,24.709781609344482,3655,499
12,37,51,24.512894116210937,1273,517
12,38,51,24.53382822113037,1205,488
12,39,51,24.590679846572876,2305,499
12,40,51,24.489392004776,838,480
12,41,51,24.66218300895691,3026,548
12,42,51,24.54325672225952,1186,482
12,43,51,24.594941578674316,2370,491
12,44,51,24.49582167701721,1140,499
12,45,51,24.551567993927,1846,499
12,46,51,24.496683321762085,1049,499
12,47,51,24.62553258972168,3069,603
12,48,51,24.551649056243896,2088,469
12,49,51,0.30574846267700195,1703,499
12,50,51,24.551603756713867,1778,499
13,0,52,24.67304678993225,2729,472
13,1,52,24.59929271774292,2513,499
13,2,52,24.63369818763733,2553,505
13,3,52,24.849235974121093,4273,499
13,4,52,24.59920545654297,2397,481
13,5,52,24.54140516357422,1192,508
13,6,52,24.58417984085083,1665,472
13,7,52,24.59087272720337,2271,499
13,8,52,24.588560066986084,2206,490
13,9,52,24.50466915206909,1348,499
13,10,52,24.585465155410766,2087,499
13,11,52,24.532437287139892,1317,499
13,12,52,24.551928244400024,1832,472
13,13,52,24.52401801185608,1539,499
13,14,52,24.517288409042358,1702,499
13,15,52,24.4932822807312,838,503
13,16,52,24.53556676940918,1156,470
13,17,52,24.567008219528198,1100,499
13,18,52,24.590603552627563,2014,541
13,19,52,24.581755600738525,1548,499
13,20,52,24.51603790359497,1350,503
13,21,52,24.581672631072998,1200,503
13,22,52,24.49567338066101,962,476
13,23,52,24.49367543296814,994,501
13,24,52,24.508880339431762,1413,503
13,25,52,24.518038235473632,1602,505
13,26,52,24.63471933441162,2945,505
13,27,52,24.497797451782226,1105,505
13,28,52,24.507565460968017,1428,505
13,29,52,24.534777127075195,1387,499
13,30,52,24.593330584335327,2205,478
13,31,52,24.488908015060424,867,472
13,32,52,24.51715751724243,1511,505
13,33,52,24.582030974197387,1678,505
13,34,52,24.516686878967285,1491,548
13,35,52,24.63749548034668,2537,499
13,36,52,24.89057084159851,4531,505
13,37,52,24.497208319473266,424,94
13,38,52,24.54178925590515,1348,508
13,39,52,24.517651997375488,1406,499
13,40,52,24.52368327217102,949,524
13,41,52,24.541809998321533,1350,493
13,42,52,25.042221270370483,6029,510
13,43,52,24.521994314956665,1507,541
13,44,52,24.637079201507568,3296,503
13,45,52,24.495730124282836,1096,499
13,46,52,24.539314232635498,1367,505
13,47,52,24.491982661056518,935,499
13,48,52,24.495348177719116,1002,472
13,49,52,24.49607153968811,1061,526
13,50,52,0.19796109199523926,747,499
13,51,52,0.2254626750946045,1182,499
14,0,26,0.34664344787597656,2075,499
14,1,26,24.726587258148193,3928,516
14,2,26,24.492164097595214,1018,499
14,3,26,24.584826432037353,1863,504
14,4,26,24.5873300655365,2008,606
14,5,26,24.495151720809936,1184,501
14,6,26,24.535825691986084,1168,472
14,7,26,24.55817075805664,1823,532
14,8,26,24.49330326156616,965,516
14,9,26,24.557344637680053,1985,491
14,10,26,24.5370576007843,1157,501
14,11,26,24.583368740844726,1902,499
14,12,26,24.487633429336547,797,499
14,13,26,24.49656745033264,947,472
14,14,26,24.48880072669983,806,473
14,15,26,24.489648304748535,903,472
14,16,26,24.48582049446106,900,499
14,17,26,24.63380428390503,2573,472
14,18,26,24.490116082000732,865,516
14,19,26,24.531626902389526,1315,495
14,20,26,24.66478320198059,2744,501
14,21,26,24.491864882278442,880,489
14,22,26,24.59280654029846,2087,517
14,23,26,24.485686026382446,803,499
14,24,26,24.63148423271179,2443,472
14,25,26,0.20631742477416992,1099,499
15,0,82,25.320882759857177,8982,499
15,1,82,24.553292237091064,2001,504
15,2,82,24.497954569625854,1182,499
15,3,82,24.627299271392822,2422,502
15,4,82,0.2463226318359375,1223,499
15,5,82,24.49540301399231,1043,507
15,6,82,24.674444876480102,3119,609
15,7,82,24.596539459991455,2016,349
15,8,82,0.19815802574157715,738,499
15,9,82,24.598142824935913,2131,522
15,10,82,24.491241179275512,771,494
15,11,82,24.635585985946655,2386,499
15,12,82,0.2005918025970459,317,499
15,13,82,24.489626370239257,781,491
15,14,82,24.533505402374267,1301,492
15,15,82,24.52741714553833,1019,499
15,16,82,24.494713745880127,981,499
15,17,82,24.486755333709716,805,481
15,18,82,24.49012681083679,807,494
15,19,82,24.52063652114868,1416,552
15,20,82,24.667441569137573,2955,514
15,21,82,24.51918026046753,1400,553
15,22,82,24.58728166656494,1798,499
15,23,82,24.533084355163574,1442,527
15,24,82,24.599713526535034,2421,505
15,25,82,24.495118103790283,1072,521
15,26,82,24.555523358154296,2008,505
15,27,82,24.493766985702514,977,505
15,28,82,24.59342833595276,2166,521
15,29,82,24.506159745025634,1345,506
15,30,82,24.59274025993347,1837,472
15,31,82,24.516620360183715,1442,506
15,32,82,24.49635311203003,1105,506
15,33,82,24.63244792060852,2681,507
15,34,82,0.19991087913513184,781,499
15,35,82,24.598284683990478,2375,505
15,36,82,24.49556203918457,1100,524
15,37,82,24.55215259628296,1935,504
15,38,82,24.496212683486938,959,499
15,39,82,24.494998179244995,1085,499
15,40,82,24.49708267288208,997,487
15,41,82,24.721261225509643,3087,499
15,42,82,24.525406561660766,1145,524
15,43,82,24.499839268493652,1108,508
15,44,82,0.19715142250061035,784,499
15,45,82,24.580704890060424,1771,499
15,46,82,24.496945343780517,998,508
15,47,82,24.53675290184021,1329,493
15,48,82,24.496537171173095,1035,512
15,49,82,24.889550886917114,5316,538
15,50,82,24.527320109176635,1093,499
15,51,82,24.49043198661804,834,508
15,52,82,24.4862079246521,811,508
15,53,82,24.565978728103637,2080,503
15,54,82,24.51507969932556,1365,499
15,55,82,24.486604414749145,812,508
15,56,82,24.517183504867553,1492,501
15,57,82,0.19991087913513184,769,499
15,58,82,24.48589225845337,759,470
15,59,82,24.47370620803833,788,499
15,60,82,24.495115481185913,925,499
15,61,82,24.591457806396484,1836,507
15,62,82,24.49296375350952,911,499
15,63,82,24.507412396240234,1569,505
15,64,82,24.537021837997436,1124,499
15,65,82,24.49427219467163,922,499
15,66,82,24.501392803955078,828,486
15,67,82,24.53654547767639,1045,487
15,68,82,24.49648281173706,907,499
15,69,82,24.49791356163025,954,470
15,70,82,24.588554344940185,2100,499
15,71,82,24.493057690429687,985,516
15,72,82,24.497240744400024,1005,505
15,73,82,24.489760123062133,1077,613
15,74,82,24.48989339904785,880,472
15,75,82,24.52956648902893,1284,476
15,76,82,0.20196032524108887,835,499
15,77,82,0.23234081268310547,1241,499
15,78,82,24.549571238327026,1363,581
15,79,82,24.518788300323486,1227,529
15,80,82,24.58888479309082,1273,546
15,81,82,24.599299393463134,3295,2028
16,0,90,0.19745278358459473,676,499
16,1,90,0.19842004776000977,682,499
16,2,90,24.486147843170166,696,470
16,3,90,0.19901347160339355,692,499
16,4,90,0.19976139068603516,709,499
16,5,90,0.19833707809448242,685,499
16,6,90,24.484624586868286,696,472
16,7,90,24.49571105079651,820,499
16,8,90,24.49353953437805,820,499
16,9,90,24.487031660842895,725,499
16,10,90,24.486002169418335,723,499
16,11,90,24.48681303100586,736,499
16,12,90,0.1864778995513916,679,499
16,13,90,0.1974635124206543,671,499
16,14,90,24.486190281677246,682,472
16,15,90,24.48632737236023,685,472
16,16,90,24.48613329963684,686,470
16,17,90,0.19823503494262695,678,499
16,18,90,0.19585490226745605,668,499
16,19,90,0.18538379669189453,666,499
16,20,90,24.494569025802612,1154,470
16,21,90,0.19993305206298828,718,499
16,22,90,24.488634072113037,805,470
16,23,90,0.1989748477935791,683,499
16,24,90,0.20004534721374512,685,499
16,25,90,24.487307511138916,782,472
16,26,90,24.49249144630432,758,472
16,27,90,24.489629708099365,985,472
16,28,90,24.49411793785095,1031,472
16,29,90,0.18468189239501953,676,499
16,30,90,0.20052814483642578,712,499
16,31,90,0.20049548149108887,676,499
16,32,90,0.19932961463928223,706,499
16,33,90,0.20033001899719238,702,499
16,34,90,24.56063910560608,1806,472
16,35,90,24.48575397567749,775,485
16,36,90,24.532607041168212,1277,499
16,37,90,24.498270474243164,1067,526
16,38,90,24.48839684562683,779,502
16,39,90,24.489200077819824,781,499
16,40,90,24.487975798416137,879,499
16,41,90,24.579643688964843,1528,513
16,42,90,24.531709633636474,1102,499
16,43,90,24.59259196357727,2046,499
16,44,90,24.666519604492187,3050,499
16,45,90,24.48925920562744,892,520
16,46,90,24.591452084350585,1949,472
16,47,90,0.20083141326904297,391,499
16,48,90,0.1985762119293213,699,499
16,49,90,0.20055842399597168,699,499
16,50,90,0.19903826713562012,697,499
16,51,90,0.19874954223632812,676,499
16,52,90,24.555457554626464,2144,499
16,53,90,24.49427219467163,902,499
16,54,90,24.513584099578857,1464,472
16,55,90,0.20035529136657715,713,499
16,56,90,24.49546691017151,1120,633
16,57,90,24.49261613922119,818,493
16,58,90,24.48550697402954,778,499
16,59,90,24.49036618309021,929,539
16,60,90,0.20311236381530762,844,499
16,61,90,24.48729559020996,803,504
16,62,90,24.66666766242981,2934,499
16,63,90,24.526264391708374,1030,499
16,64,90,0.20089507102966309,846,499
16,65,90,24.50008698539734,895,523
16,66,90,24.493209563064575,895,523
16,67,90,24.51662441329956,1516,499
16,68,90,0.1853928565979004,415,499
16,69,90,24.49751015739441,881,521
16,70,90,24.487320147323608,847,499
16,71,90,24.623354636001586,1892,499
16,72,90,24.495114289093017,913,472
16,73,90,24.495764933395385,913,472
16,74,90,24.495608292388916,939,499
16,75,90,24.514951430130004,1136,499
16,76,90,24.49360867576599,1072,476
16,77,90,24.533725701141357,1197,499
16,78,90,24.493451796340942,920,499
16,79,90,24.594915352630615,1831,525
16,80,90,24.493088208007812,922,499
16,81,90,24.55469485359192,1741,472
16,82,90,24.48804637031555,812,499
16,83,90,24.491492472457885,854,470
16,84,90,24.531027756500244,1089,470
16,85,90,24.492073021697998,892,470
16,86,90,0.18538522720336914,705,499
16,87,90,24.532648049163818,1003,503
16,88,90,24.53049560623169,1036,610
16,89,90,24.551639281082153,719,5
17,0,86,0.1980903148651123,674,499
17,1,86,24.48420425491333,684,470
17,2,86,24.48553081588745,721,477
17,3,86,24.484314881134033,686,470
17,4,86,24.471920929718017,672,470
17,5,86,24.48865409927368,684,470
17,6,86,24.47254606323242,691,470
17,7,86,0.1973569393157959,678,499
17,8,86,24.48200198249817,716,499
17,9,86,24.472911320495605,695,470
17,10,86,0.20092487335205078,676,499
17,11,86,24.4881074054718,693,472
17,12,86,0.19791793823242188,677,499
17,13,86,0.19782686233520508,675,499
17,14,86,0.19833683967590332,683,499
17,15,86,0.20191621780395508,684,499
17,16,86,0.19881892204284668,675,499
17,17,86,0.18459677696228027,676,499
17,18,86,24.4868547542572,702,470
17,19,86,24.48718186454773,694,472
17,20,86,24.487633667755127,707,472
17,21,86,24.486960135269165,675,470
17,22,86,24.483406029510498,680,470
17,23,86,0.1975383758544922,687,499
17,24,86,0.1973714828491211,680,499
17,25,86,0.1987004280090332,672,499
17,26,86,0.20033001899719238,675,499
17,27,86,0.19766592979431152,705,499
17,28,86,0.1989147663116455,679,499
17,29,86,0.20017695426940918,696,499
17,30,86,0.20122933387756348,683,499
17,31,86,0.20132732391357422,679,499
17,32,86,0.19870328903198242,679,499
17,33,86,24.486150227355957,688,470
17,34,86,24.47288580970764,682,472
17,35,86,24.48641964035034,679,470
17,36,86,0.20722723007202148,687,499
17,37,86,0.2011120319366455,673,499
17,38,86,0.2061474323272705,674,499
17,39,86,0.19992709159851074,668,499
17,40,86,0.19784331321716309,668,499
17,41,86,0.19744110107421875,672,499
17,42,86,0.19753170013427734,679,499
17,43,86,24.487811051177978,683,472
17,44,86,0.19851040840148926,704,499
17,45,86,0.1868114471435547,675,499
17,46,86,0.1974492073059082,668,499
17,47,86,24.851072035598754,3522,280
17,48,86,24.487760983276367,777,472
17,49,86,24.60265751914978,2162,472
17,50,86,24.81402226524353,3453,472
17,51,86,24.521898947525024,1639,499
17,52,86,24.771431647109985,3484,498
17,53,86,24.488172255325317,772,472
17,54,86,24.60333462791443,2149,499
17,55,86,24.76187678413391,3111,465
17,56,86,24.492235384750366,813,518
17,57,86,24.55821581916809,1757,499
17,58,86,24.67180534439087,2336,475
17,59,86,24.860863886642456,3606,468
17,60,86,24.49262186126709,895,497
17,61,86,24.795330487060546,3667,541
17,62,86,24.488187990951538,820,504
17,63,86,24.48927780227661,818,502
17,64,86,24.486553631591796,810,501
17,65,86,24.66781946258545,2918,472
17,66,86,24.49013277130127,909,499
17,67,86,0.20127081871032715,742,499
17,68,86,24.52415605621338,1427,501
17,69,86,0.19857215881347656,720,499
17,70,86,24.552225313949585,1711,474
17,71,86,24.60476943092346,2161,297
17,72,86,24.942406616973877,4998,574
17,73,86,0.2007441520690918,698,499
17,74,86,24.485044203567504,850,499
17,75,86,24.494590006637573,1091,499
17,76,86,24.592686377334594,2005,476
17,77,86,24.488162957000732,850,499
17,78,86,24.486636601257324,796,499
17,79,86,24.488355360794067,568,278
17,80,86,24.58415862159729,1490,499
17,81,86,0.19917988777160645,550,499
17,82,86,24.505201302337646,1614,472
17,83,86,24.589740954208374,1468,506
17,84,86,24.596278868484497,1436,533
17,85,86,24.59358140068054,1242,553
18,0,88,24.488522730636596,728,499
18,1,88,24.485462628173828,734,499
18,2,88,0.20070314407348633,680,499
18,3,88,24.487775526809692,692,470
18,4,88,0.20282721519470215,682,499
18,5,88,0.18701958656311035,713,499
18,6,88,0.2005176544189453,691,499
18,7,88,0.19986677169799805,675,499
18,8,88,0.1991443634033203,679,499
18,9,88,24.493841372299194,700,470
18,10,88,24.486576042938232,695,470
18,11,88,24.484234772491455,695,470
18,12,88,0.18640804290771484,700,499
18,13,88,24.48803635673523,686,470
18,14,88,0.20270109176635742,858,499
18,15,88,0.19903206825256348,679,499
18,16,88,0.199920654296875,677,499
18,17,88,24.487569533157348,681,472
18,18,88,0.1866464614868164,685,499
18,19,88,24.49012466506958,679,470
18,20,88,0.19833707809448242,687,499
18,21,88,0.19943523406982422,676,499
18,22,88,0.19983696937561035,680,499
18,23,88,24.485898695755004,710,495
18,24,88,0.18538260459899902,678,499
18,25,88,0.1973435878753662,671,499
18,26,88,24.4833523853302,682,472
18,27,88,24.471773587036132,681,472
18,28,88,0.19773435592651367,674,499
18,29,88,0.18637704849243164,670,499
18,30,88,0.8564498424530029,5811,499
18,31,88,25.088705740737915,5745,524
18,32,88,24.718368492889404,3863,489
18,33,88,24.592018090057373,2208,509
18,34,88,24.494140110778808,984,499
18,35,88,24.497079096603393,1049,501
18,36,88,24.485331021118164,744,497
18,37,88,24.553626023101806,2006,519
18,38,88,24.47229667739868,721,499
18,39,88,24.542417012023925,1253,472
18,40,88,24.524178229141235,1321,499
18,41,88,24.487633667755127,824,472
18,42,88,24.76725836830139,3366,472
18,43,88,24.521367750930786,1490,499
18,44,88,24.559540711212158,1867,472
18,45,88,24.586821757125854,2126,527
18,46,88,24.673257551956176,2800,515
18,47,88,24.60109969215393,1851,596
18,48,88,24.532632075119018,1313,495
18,49,88,24.593463621902465,1942,473
18,50,88,24.501194678115844,893,494
18,51,88,24.591800175476074,2211,573
18,52,88,24.502166472244262,957,516
18,53,88,24.675837479400634,2897,474
18,54,88,24.49553819732666,1000,508
18,55,88,24.602757416534423,2071,280
18,56,88,24.575460396575927,1184,495
18,57,88,24.555313788223266,1890,557
18,58,88,24.53744574623108,1048,526
18,59,88,24.635118685531616,2754,546
18,60,88,24.520013771820068,1337,660
18,61,88,24.52527304725647,1450,514
18,62,88,24.496118508148193,881,493
18,63,88,24.754806242752075,3630,499
18,64,88,24.497399292755127,917,493
18,65,88,0.20091009140014648,783,499
18,66,88,24.603436671066284,2087,564
18,67,88,24.589803658294677,1467,656
18,68,88,24.599847994613647,2274,499
18,69,88,24.498241625595092,938,495
18,70,88,0.20067453384399414,783,499
18,71,88,24.55507632331848,1982,531
18,72,88,24.514185152816772,1219,545
18,73,88,24.588461838531494,1969,533
18,74,88,24.497642002868652,1037,487
18,75,88,0.20016837120056152,791,499
18,76,88,24.49476023750305,920,498
18,77,88,24.714082918930053,2950,492
18,78,88,24.536873541641235,1091,578
18,79,88,24.496983013916015,1021,517
18,80,88,0.1993424892425537,791,499
18,81,88,24.517782412338256,1968,579
18,82,88,24.493206940460205,1358,499
18,83,88,0.20047330856323242,796,499
18,84,88,24.581643782424926,1363,605
18,85,88,24.585391722488403,1384,638
18,86,88,24.580844603347778,1348,625
18,87,88,24.518275938796997,1075,503
19,0,119,24.62847777442932,2933,499
19,1,119,24.518160305786132,1664,500
19,2,119,0.2923460006713867,1411,499
19,3,119,25.389072857666015,8073,541
19,4,119,24.592853270339965,2130,503
19,5,119,25.024167738723754,4911,519
19,6,119,24.624166451263427,2266,518
19,7,119,24.629285774993896,2157,508
19,8,119,24.534065209197998,1284,503
19,9,119,24.553333960342407,1667,524
19,10,119,24.53772970275879,1463,488
19,11,119,24.53232618408203,1173,472
19,12,119,24.486636124420166,859,499
19,13,119,24.524510107803344,1016,499
19,14,119,24.492827854919433,961,499
19,15,119,24.495345078277587,947,499
19,16,119,24.494088373947143,852,499
19,17,119,24.493164740371704,886,470
19,18,119,24.554507218170166,1968,677
19,19,119,0.19986677169799805,417,499
19,20,119,24.58583565788269,1953,516
19,21,119,0.20014142990112305,748,499
19,22,119,24.586227141189575,1727,484
19,23,119,24.489724360275268,848,505
19,24,119,24.494716845321655,1047,472
19,25,119,0.19689583778381348,753,499
19,26,119,24.514436207580566,1425,499
19,27,119,24.493241272735595,385,108
19,28,119,24.573428355026245,1088,505
19,29,119,24.53680583076477,1074,534
19,30,119,0.19814682006835938,747,499
19,31,119,24.584882221984863,1889,472
19,32,119,24.531586848068237,1181,537
19,33,119,24.58130022125244,1711,499
19,34,119,24.486076556015014,879,563
19,35,119,24.53171607093811,1024,504
19,36,119,24.49375196533203,1132,510
19,37,119,24.582358084487915,1295,499
19,38,119,24.51377483444214,1117,350
19,39,119,24.518708906936645,1546,516
19,40,119,24.58147259788513,1371,478
19,41,119,24.494759283828735,910,497
19,42,119,24.580233059692382,1711,497
19,43,119,24.496844731140136,850,499
19,44,119,24.535320959854126,1098,501
19,45,119,24.487960062789917,750,499
19,46,119,24.489690743255615,817,497
19,47,119,24.490142308044433,836,472
19,48,119,24.48578044013977,799,509
19,49,119,24.532587490844726,1068,478
19,50,119,24.53547330932617,1223,499
19,51,119,0.19948768615722656,753,499
19,52,119,24.491240702438354,895,505
19,53,119,24.48820110397339,883,498
19,54,119,24.49233480529785,807,499
19,55,119,24.489200554656982,816,499
19,56,119,24.533217392730712,1043,482
19,57,119,24.48572202758789,788,499
19,58,119,24.515598974990844,1310,491
19,59,119,24.49477931098938,1008,513
19,60,119,24.515108547973632,1202,520
19,61,119,24.494451485443115,960,518
19,62,119,24.53943844871521,1468,548
19,63,119,24.52251788215637,1509,507
19,64,119,24.58164831237793,1555,510
19,65,119,24.556174717712402,1644,481
19,66,119,24.506222687530517,1163,499
19,67,119,24.534102640914917,731,68
19,68,119,24.492672882843017,924,503
19,69,119,24.48949047164917,852,520
19,70,119,24.553435049819946,1651,505
19,71,119,24.47467704849243,770,499
19,72,119,24.57909818725586,1955,514
19,73,119,24.55380316810608,1787,474
19,74,119,0.1859726905822754,685,499
19,75,119,24.48429413871765,716,499
19,76,119,24.473888598251342,713,470
19,77,119,24.48353525238037,713,470
19,78,119,24.47151681022644,691,476
19,79,119,24.485168896484375,712,472
19,80,119,24.472955904769897,704,470
19,81,119,0.19685149192810059,682,499
19,82,119,0.19835376739501953,716,499
19,83,119,24.483191452789306,469,272
19,84,119,24.484423838424682,713,473
19,85,119,24.471938095855712,690,470
19,86,119,24.483156643676757,814,569
19,87,119,24.47324200706482,685,470
19,88,119,0.19689178466796875,678,499
19,89,119,24.48379012184143,730,472
19,90,119,24.48594804840088,725,472
19,91,119,24.483684740829467,495,293
19,92,119,24.4726900680542,693,470
19,93,119,24.484877310562133,745,520
19,94,119,0.18621134757995605,683,499
19,95,119,24.485974989700317,681,470
19,96,119,0.18650197982788086,688,499
19,97,119,24.532377682495117,1150,470
19,98,119,0.1849958896636963,685,499
19,99,119,24.485677443313598,709,470
19,100,119,24.485770426559448,708,470
19,101,119,24.485643349456787,740,499
19,102,119,24.472688875961303,724,499
19,103,119,24.48627945022583,693,470
19,104,119,24.484646282958984,685,472
19,105,119,0.1969754695892334,701,499
19,106,119,24.484128437805175,718,491
19,107,119,24.496290407943725,1212,580
19,108,119,24.485686741638183,699,470
19,109,119,24.485089979934692,701,470
19,110,119,24.484839640426635,232,90
19,111,119,24.484348021316528,702,470
19,112,119,24.471513472366333,227,86
19,113,119,24.482207260894775,740,499
19,114,119,24.47367950515747,775,518
19,115,119,0.20360040664672852,1052,499
19,116,119,24.519540034103393,1228,579
19,117,119,24.579430781173706,1387,537
19,118,119,24.582789860534668,1322,617
20,0,106,0.3790249824523926,3126,499
20,1,106,0.29152822494506836,1518,499
20,2,106,24.49759217338562,1102,472
20,3,106,24.87731834487915,4334,511
20,4,106,0.22542309761047363,1462,499
20,5,106,0.27021312713623047,1866,499
20,6,106,24.555634461212158,2451,499
20,7,106,24.58141203956604,1593,472
20,8,106,24.554855786132812,1943,499
20,9,106,24.533617459106445,1218,499
20,10,106,0.46658945083618164,3340,499
20,11,106,24.494174681472778,932,472
20,12,106,24.53287550048828,969,472
20,13,106,24.576251469421386,1136,499
20,14,106,24.596598587799072,1991,472
20,15,106,0.23054838180541992,1475,499
20,16,106,24.628431044387817,2322,472
20,17,106,24.576882801818847,1575,499
20,18,106,24.495340786743164,1202,499
20,19,106,24.579791508483886,1803,472
20,20,106,24.494759283828735,870,470
20,21,106,24.532919607925415,1001,499
20,22,106,24.555483303833007,1560,472
20,23,106,24.577414475250244,1524,499
20,24,106,24.53386303024292,1182,499
20,25,106,24.492508374023437,1024,472
20,26,106,24.57992836074829,1645,499
20,27,106,24.536535940933227,1391,499
20,28,106,24.594893656539917,2284,499
20,29,106,24.756236754226684,3536,472
20,30,106,24.518070183563232,1410,499
20,31,106,24.494722567367553,1068,470
20,32,106,24.512125216293335,1445,499
20,33,106,24.492928944396972,1041,499
20,34,106,24.573318920898437,1368,472
20,35,106,24.51305743293762,1398,472
20,36,106,24.493864975738525,1028,475
20,37,106,24.577511988449096,1281,499
20,38,106,24.63008066253662,2707,521
20,39,106,24.53475161628723,1295,524
20,40,106,24.50892373161316,1381,472
20,41,106,24.526510201263427,1205,499
20,42,106,24.537086211013794,1346,499
20,43,106,24.58773871498108,2104,470
20,44,106,24.506812296676635,1480,499
20,45,106,24.49559923248291,1038,472
20,46,106,24.556630812454223,2101,499
20,47,106,24.552543602752685,1828,546
20,48,106,0.1983804702758789,286,499
20,49,106,24.513895951080322,1488,499
20,50,106,24.495221577453613,1218,499
20,51,106,24.493339739608764,905,472
20,52,106,0.20766711235046387,1038,499
20,53,106,24.556148014831543,2056,537
20,54,106,24.490157089996337,885,470
20,55,106,24.666385374832153,2826,499
20,56,106,24.56609507637024,1140,495
20,57,106,24.48831244544983,963,505
20,58,106,24.51661106185913,1496,472
20,59,106,24.526086293029785,1232,512
20,60,106,24.529249153900146,1144,478
20,61,106,24.5165657623291,1438,499
20,62,106,24.588137827682495,1890,499
20,63,106,24.49421378211975,1040,510
20,64,106,24.57627125816345,1293,507
20,65,106,24.518146954345703,1624,483
20,66,106,24.515161476898193,1401,472
20,67,106,24.55105134086609,1695,483
20,68,106,24.53005524711609,1163,499
20,69,106,24.494169913101196,1011,499
20,70,106,24.49464651184082,1013,472
20,71,106,24.500780306625366,1004,472
20,72,106,24.527765236663818,1189,499
20,73,106,24.580363236236572,1809,499
20,74,106,24.52413984375,1234,499
20,75,106,24.5800640209198,1637,499
20,76,106,24.532445154953002,1362,587
20,77,106,24.534443579483032,1269,499
20,78,106,24.665420971679687,3104,507
20,79,106,24.496603213119506,1188,499
20,80,106,24.491506062316894,943,470
20,81,106,24.488092385101318,864,499
20,82,106,24.530579529571533,1414,533
20,83,106,24.576342783737182,1180,499
20,84,106,24.49232407646179,1130,502
20,85,106,24.534071884918212,1257,524
20,86,106,24.519642792510986,1476,271
20,87,106,24.533322535324096,1190,499
20,88,106,24.492681704330444,1108,499
20,89,106,24.484953127670288,856,486
20,90,106,0.18479084968566895,201,499
20,91,106,24.52353163795471,1083,486
20,92,106,24.572786293792724,1301,499
20,93,106,24.493941984939575,955,499
20,94,106,24.573980055618286,1245,499
20,95,106,24.517912588882446,1751,501
20,96,106,24.562804899978637,1272,499
20,97,106,0.20094990730285645,880,499
20,98,106,0.19883990287780762,717,499
20,99,106,0.2075519561767578,1202,499
20,100,106,0.20737147331237793,885,499
20,101,106,24.629522524642944,1911,723
20,102,106,24.574365340042114,2389,1534
20,103,106,24.53180142478943,912,499
20,104,106,24.531022034454345,1029,537
20,105,106,24.494809828567504,1034,635
21,0,82,0.19744038581848145,732,499
21,1,82,0.19928741455078125,699,499
21,2,82,24.48535367088318,714,470
21,3,82,0.1974034309387207,691,499
21,4,82,0.19784832000732422,693,499
21,5,82,0.2017524242401123,829,499
21,6,82,24.48556586341858,697,470
21,7,82,24.485147200393676,736,499
21,8,82,0.18499374389648438,697,499
21,9,82,24.486637078094482,679,470
21,10,82,0.19920015335083008,680,499
21,11,82,24.48487802581787,705,472
21,12,82,24.485460005569458,704,472
21,13,82,0.19877362251281738,676,499
21,14,82,24.4872529132843,703,470
21,15,82,24.484528742599487,719,472
21,16,82,0.20246577262878418,829,499
21,17,82,0.20360684394836426,851,499
21,18,82,0.20309853553771973,856,499
21,19,82,24.488183699417114,713,472
21,20,82,24.484109364318847,463,269
21,21,82,24.484974823760986,697,477
21,22,82,24.47186704711914,697,475
21,23,82,24.485126219558715,697,470
21,24,82,0.19876503944396973,704,499
21,25,82,24.48558446006775,685,470
21,26,82,24.484987936782836,708,499
21,27,82,24.472897969055175,682,472
21,28,82,0.19961023330688477,696,499
21,29,82,0.20148730278015137,694,499
21,30,82,0.20015263557434082,684,499
21,31,82,0.20128989219665527,841,499
21,32,82,0.20234012603759766,873,499
21,33,82,0.19723868370056152,681,499
21,34,82,0.19984865188598633,682,499
21,35,82,24.6677367313385,2955,472
21,36,82,24.83009549217224,3894,470
21,37,82,24.624250136184692,2652,499
21,38,82,24.836579285430908,4486,499
21,39,82,24.586633883285522,2447,492
21,40,82,24.666441164779663,3170,479
21,41,82,24.53804775314331,1316,499
21,42,82,24.758131228256225,3860,512
21,43,82,0.23941349983215332,1067,499
21,44,82,24.59415479736328,2393,485
21,45,82,0.19971084594726562,735,499
21,46,82,24.84054871635437,4944,466
21,47,82,24.597560368347168,2543,499
21,48,82,24.559060536193847,2141,506
21,49,82,0.1988680362701416,769,499
21,50,82,24.595974169540405,2698,500
21,51,82,24.4945931060791,935,536
21,52,82,24.630751095581054,2861,503
21,53,82,24.519112072753906,1572,511
21,54,82,24.494437418746948,1213,509
21,55,82,24.553283415603637,1964,481
21,56,82,24.499857626724243,1017,520
21,57,82,24.48990436630249,835,512
21,58,82,24.595273457336425,2873,472
21,59,82,24.67466302947998,3445,483
21,60,82,24.488247118759155,836,515
21,61,82,24.536211930084228,1203,593
21,62,82,24.59658332901001,2616,507
21,63,82,24.594784460830688,2487,564
21,64,82,24.494107209014892,1002,566
21,65,82,24.62887569503784,3072,472
21,66,82,24.49523254470825,1042,528
21,67,82,24.58879967765808,1938,537
21,68,82,24.754814825820922,3790,615
21,69,82,24.494493208694458,1372,691
21,70,82,24.554412565994262,2162,502
21,71,82,24.497205935287475,960,503
21,72,82,24.55097409324646,2003,508
21,73,82,24.49327179031372,1003,528
21,74,82,24.627824269104003,2468,502
21,75,82,24.51838131980896,1839,525
21,76,82,24.581161223220825,1692,499
21,77,82,24.58188410835266,2081,611
21,78,82,24.497120819854736,987,521
21,79,82,24.670488081741333,3771,498
21,80,82,0.19933319091796875,767,499
21,81,82,0.20256996154785156,395,499
22,0,52,0.4232344627380371,2754,499
22,1,52,24.755041561889648,3579,490
22,2,52,24.628508530426025,2768,525
22,3,52,24.574331246185302,1232,476
22,4,52,0.1853926181793213,719,499
22,5,52,24.52064701156616,936,128
22,6,52,0.18489289283752441,409,499
22,7,52,0.23076224327087402,1304,499
22,8,52,0.1982109546661377,737,499
22,9,52,24.5761680229187,1568,551
22,10,52,24.532263718414306,699,107
22,11,52,0.19803571701049805,797,499
22,12,52,24.512566052246093,1307,510
22,13,52,24.494475565719604,908,481
22,14,52,24.586827240753173,2087,541
22,15,52,24.49609538154602,980,523
22,16,52,24.58032079772949,1691,528
22,17,52,24.49456974105835,1026,487
22,18,52,24.532704077529907,1128,498
22,19,52,24.504843197631835,1383,501
22,20,52,0.19886136054992676,380,499
22,21,52,24.535820685195922,1255,499
22,22,52,24.485931120681762,722,470
22,23,52,24.581113301086425,1632,499
22,24,52,24.49339696006775,950,499
22,25,52,24.517801485824585,1623,499
22,26,52,0.22723984718322754,1343,499
22,27,52,0.19896936416625977,489,499
22,28,52,24.519622288513183,1406,499
22,29,52,24.49363537864685,1097,499
22,30,52,24.526401482391357,1121,472
22,31,52,24.4850556476593,723,470
22,32,52,24.491879902648925,887,499
22,33,52,24.50206872062683,877,472
22,34,52,24.485932312774658,765,472
22,35,52,24.534441910552978,1178,499
22,36,52,24.4880549533844,932,470
22,37,52,24.49332257347107,1105,499
22,38,52,24.55081983642578,1583,472
22,39,52,24.488183937835693,806,470
22,40,52,24.49058385925293,811,470
22,41,52,24.488393269348144,810,470
22,42,52,24.554586849975585,1784,472
22,43,52,24.494891129302978,1023,499
22,44,52,24.531651221084594,1366,501
22,45,52,24.531110249328613,1334,499
22,46,52,0.24369502067565918,1052,499
22,47,52,24.49467011528015,486,169
22,48,52,24.493708573150634,935,582
22,49,52,24.489398203659057,780,501
22,50,52,24.492416821289062,794,499
22,51,52,24.49434157447815,857,499
23,0,44,0.4317741394042969,3017,499
23,1,44,24.590973816680908,2125,499
23,2,44,24.630798302459716,2658,472
23,3,44,24.586468659210205,2380,551
23,4,44,24.51798339920044,1677,499
23,5,44,0.19885849952697754,711,499
23,6,44,24.624775610733032,2703,502
23,7,44,0.19858503341674805,724,499
23,8,44,24.586428128051757,2318,702
23,9,44,0.19957613945007324,315,499
23,10,44,24.497030936050415,1010,499
23,11,44,24.514486037063598,1399,610
23,12,44,24.545927725601196,1250,499
23,13,44,24.516317568588256,1390,511
23,14,44,24.50447865562439,1332,499
23,15,44,24.50573392944336,1383,548
23,16,44,24.593462906646728,2081,516
23,17,44,24.662547312545776,2717,532
23,18,44,24.49305935935974,955,547
23,19,44,24.584106169509887,2016,474
23,20,44,24.494162760543823,991,499
23,21,44,24.53574176864624,1324,604
23,22,44,24.512968502807617,1408,499
23,23,44,24.532880507278442,1181,499
23,24,44,24.574128113555908,1245,505
23,25,44,24.583600483703613,2190,556
23,26,44,24.573605738449096,1271,586
23,27,44,24.51656051712036,1577,523
23,28,44,24.7097608669281,3365,488
23,29,44,24.493433199691772,937,499
23,30,44,24.585760556030273,1748,528
23,31,44,0.21039295196533203,987,499
23,32,44,24.585902891921997,2112,499
23,33,44,24.53335376815796,1178,472
23,34,44,24.592314921188354,2114,499
23,35,44,0.2118842601776123,1067,499
23,36,44,24.585741959381103,2053,529
23,37,44,24.624195538330078,2555,499
23,38,44,0.20816326141357422,1081,499
23,39,44,24.51633497314453,1707,504
23,40,44,24.594536267089843,2833,690
23,41,44,0.19948363304138184,837,499
23,42,44,0.20567083358764648,873,499
23,43,44,24.518175326156616,1308,699
24,0,31,0.5526103973388672,3690,499
24,1,31,24.518948517608642,1749,499
24,2,31,24.882571659851074,4607,472
24,3,31,0.19762229919433594,731,499
24,4,31,24.59231563644409,2681,594
24,5,31,24.621953688430786,2541,638
24,6,31,24.58646722869873,1879,472
24,7,31,24.495146952438354,1088,472
24,8,31,24.706634245681762,3019,537
24,9,31,24.53595944480896,1168,499
24,10,31,24.51554199295044,1491,548
24,11,31,24.552214823532104,2116,503
24,12,31,0.1989138126373291,784,499
24,13,31,24.661085091400146,2740,505
24,14,31,24.49227448539734,1086,488
24,15,31,24.626263819503784,2567,522
24,16,31,24.494716606903076,624,116
24,17,31,24.591025076675415,2030,505
24,18,31,24.494241438674926,1082,487
24,19,31,24.666817866134643,2958,494
24,20,31,24.495512686538696,1037,511
24,21,31,0.2010631561279297,741,499
24,22,31,24.59274097518921,2104,472
24,23,31,0.19879770278930664,745,499
24,24,31,24.53262635307312,1132,472
24,25,31,24.625756703186035,2538,499
24,26,31,24.49181791381836,948,499
24,27,31,24.55070634918213,2180,540
24,28,31,0.20800995826721191,971,499
24,29,31,0.20758605003356934,872,499
24,30,31,24.49679084854126,915,499
25,0,41,0.503000020980835,3202,499
25,1,41,24.714578114318847,3290,499
25,2,41,24.535422764587402,1515,472
25,3,41,24.557410918045044,1982,506
25,4,41,24.489136181640625,934,499
25,5,41,24.59101291732788,2470,519
25,6,41,24.96743794517517,4956,515
25,7,41,24.493530236053466,1115,510
25,8,41,24.584994993972778,1851,512
25,9,41,24.575965128707885,1216,507
25,10,41,24.57968994216919,1361,499
25,11,41,24.5270638092041,1218,499
25,12,41,24.593546353149414,2521,510
25,13,41,24.623009644317627,2424,485
25,14,41,24.532123051452636,1353,499
25,15,41,24.489752493667602,877,470
25,16,41,24.574643336105346,1150,499
25,17,41,24.517048083114624,1293,499
25,18,41,0.20492959022521973,840,499
25,19,41,24.534007750320434,1384,504
25,20,41,24.55258699493408,1782,499
25,21,41,24.52543731765747,1034,499
25,22,41,0.1994481086730957,739,499
25,23,41,24.55301471786499,1742,499
25,24,41,0.2000422477722168,784,499
25,25,41,24.49387188987732,858,472
25,26,41,24.59024568634033,2353,499
25,27,41,24.51450153427124,1141,499
25,28,41,24.591675482559204,2079,470
25,29,41,24.494445524978637,1004,499
25,30,41,24.581506691741943,1477,499
25,31,41,24.575935326385498,1571,499
25,32,41,0.19834494590759277,776,499
25,33,41,0.2480940818786621,1413,499
25,34,41,0.2018125057220459,833,499
25,35,41,0.3035109043121338,1907,499
25,36,41,0.20545053482055664,913,499
25,37,41,0.18480467796325684,482,499
25,38,41,0.20693230628967285,311,499
25,39,41,0.20032215118408203,715,499
25,40,41,24.505246840286254,1010,499
26,0,48,0.5428149700164795,4224,499
26,1,48,24.79197259979248,3983,472
26,2,48,24.593455038833618,2236,528
26,3,48,24.553780041503906,2398,499
26,4,48,24.556136332321167,1921,499
26,5,48,24.664875231552124,3462,521
26,6,48,24.486411534118652,811,499
26,7,48,24.516856871414184,1521,472
26,8,48,24.59174033241272,2158,499
26,9,48,24.591105423736572,2313,506
26,10,48,24.590584717559814,2255,499
26,11,48,24.516172371673584,1496,509
26,12,48,24.62716933326721,2707,491
26,13,48,24.588307581710815,2049,472
26,14,48,24.584982119369506,1994,522
26,15,48,24.589246712493896,2246,472
26,16,48,24.549054108428955,1925,483
26,17,48,24.550662241744995,2190,503
26,18,48,24.578589402008056,1608,468
26,19,48,24.625730000305175,2559,516
26,20,48,24.493063650894165,951,503
26,21,48,24.493888102340698,1154,499
26,22,48,24.627843104171752,2958,476
26,23,48,24.533479891586303,1242,487
26,24,48,24.58487459259033,2156,478
26,25,48,24.623602352905273,2616,532
26,26,48,24.554686985778808,1792,505
26,27,48,24.487193785476684,814,470
26,28,48,24.579675875473022,1596,474
26,29,48,24.663168869781494,2874,493
26,30,48,24.489709339904785,789,474
26,31,48,24.516612730789184,1724,472
26,32,48,24.58525963859558,2122,499
26,33,48,0.24597668647766113,1210,499
26,34,48,24.5951425655365,2667,498
26,35,48,24.494268141555786,1133,499
26,36,48,24.55113812522888,1814,499
26,37,48,24.591492615509033,2154,493
26,38,48,24.532879792022705,1248,499
26,39,48,24.579444371032714,1732,486
26,40,48,24.591459952163696,2410,558
26,41,48,0.1986994743347168,805,499
26,42,48,24.582554541397094,2208,504
26,43,48,24.57741566734314,1822,499
26,44,48,0.20091462135314941,835,499
26,45,48,0.206801176071167,877,499
26,46,48,0.2101140022277832,936,499
26,47,48,0.18585729598999023,712,499
27,0,39,0.3808596134185791,2818,499
27,1,39,0.4703035354614258,3255,499
27,2,39,24.62645550804138,2302,499
27,3,39,24.496030531692504,1195,499
27,4,39,24.584188900756835,1998,472
27,5,39,24.514948092269897,1475,499
27,6,39,24.57716580467224,1655,536
27,7,39,24.66281958656311,2849,508
27,8,39,24.57642313079834,1420,641
27,9,39,24.581339321899414,2181,747
27,10,39,24.593660078811645,2836,530
27,11,39,0.20128464698791504,847,499
27,12,39,24.62495895462036,2538,510
27,13,39,24.57723256187439,1583,556
27,14,39,24.662748537826538,2925,490
27,15,39,24.578626833724975,1588,519
27,16,39,24.49215766029358,882,495
27,17,39,24.55134507255554,1821,514
27,18,39,24.53355737762451,1264,542
27,19,39,24.586986027526855,2241,565
27,20,39,24.623832903671264,2280,523
27,21,39,24.514149628448486,1426,611
27,22,39,24.49413462715149,907,489
27,23,39,24.585406266021728,1684,544
27,24,39,24.57907672958374,1748,499
27,25,39,24.505024395751953,1292,489
27,26,39,24.53371664123535,1382,523
27,27,39,0.20566558837890625,957,499
27,28,39,24.83122893409729,4433,493
27,29,39,24.497275791931152,985,489
27,30,39,24.4948851688385,1016,492
27,31,39,24.553672037887573,2206,470
27,32,39,24.627402745056152,2297,499
27,33,39,0.24632883071899414,1153,499
27,34,39,0.29659366607666016,1508,499
27,35,39,24.48775788383484,826,472
27,36,39,24.486734352874755,815,499
27,37,39,24.487272702026367,812,499
27,38,39,24.517591915893554,3275,2231
28,0,98,0.3865244388580322,2291,499
28,1,98,0.34189748764038086,2181,499
28,2,98,24.791058741378784,3873,499
28,3,98,24.664030752944946,2752,499
28,4,98,24.576869927215576,1520,499
28,5,98,24.586171351242065,2172,498
28,6,98,24.536292277145385,1327,527
28,7,98,24.4945611579895,985,476
28,8,98,24.57439323501587,1403,586
28,9,98,24.493618212509155,1100,472
28,10,98,24.516071997451782,1489,525
28,11,98,24.876600466537475,4995,499
28,12,98,24.574852667617797,1370,499
28,13,98,24.495433769989013,1042,499
28,14,98,24.575260124969482,1368,499
28,15,98,24.51465507583618,1397,499
28,16,98,24.580038033294677,1532,507
28,17,98,24.51386233406067,1167,499
28,18,98,24.790116987991333,3731,472
28,19,98,24.57731743888855,1881,499
28,20,98,24.62462516860962,2476,499
28,21,98,24.55319233970642,1593,515
28,22,98,24.49317332344055,1026,472
28,23,98,24.590712271499633,1994,499
28,24,98,24.49255224304199,877,499
28,25,98,24.51215334968567,1389,499
28,26,98,24.58394332962036,1764,552
28,27,98,0.19996309280395508,772,499
28,28,98,24.519122324752807,1237,499
28,29,98,24.553042374420166,1697,472
28,30,98,24.512936316299438,1046,499
28,31,98,24.628519736099243,2342,472
28,32,98,24.57884856300354,1020,499
28,33,98,24.511357985305786,1229,499
28,34,98,24.491117678451538,829,499
28,35,98,24.58551713066101,1789,499
28,36,98,24.58924003677368,1937,499
28,37,98,0.20047283172607422,786,499
28,38,98,24.514245234298706,1353,499
28,39,98,24.513184748458862,1275,498
28,40,98,24.516413889694213,1364,499
28,41,98,24.48516722755432,779,499
28,42,98,24.580553494262695,1798,499
28,43,98,24.555701933670044,1643,472
28,44,98,24.497163735198974,866,497
28,45,98,24.524979077148437,1052,499
28,46,98,24.62620636062622,2501,499
28,47,98,24.533956490325927,467,59
28,48,98,24.749048434066772,3283,499
28,49,98,24.590225659179687,2113,472
28,50,98,24.486758194732666,817,499
28,51,98,24.584469996261596,1956,499
28,52,98,24.579226694869995,2006,499
28,53,98,24.627739153671264,2758,470
28,54,98,24.4871525390625,776,470
28,55,98,24.473432026672363,701,470
28,56,98,24.485166035461425,728,472
28,57,98,24.48617359237671,728,470
28,58,98,0.18535351753234863,698,499
28,59,98,24.48491545753479,694,470
28,60,98,24.485967837142944,703,470
28,61,98,0.18719816207885742,709,499
28,62,98,24.484260998535156,724,472
28,63,98,24.486702643203735,786,499
28,64,98,24.47389980392456,787,499
28,65,98,0.19933795928955078,707,499
28,66,98,0.19570612907409668,707,499
28,67,98,24.491936169433593,815,499
28,68,98,24.491215906906127,814,499
28,69,98,24.485962591934204,781,537
28,70,98,24.486792527008056,786,540
28,71,98,24.471866331863403,696,470
28,72,98,24.4842547996521,778,536
28,73,98,24.473362885284423,739,499
28,74,98,24.485872469711303,894,587
28,75,98,0.20032811164855957,708,499
28,76,98,24.487103901672363,755,470
28,77,98,24.48623391227722,759,470
28,78,98,24.484775267410278,753,472
28,79,98,24.485476218032836,754,470
28,80,98,24.591503344345092,1816,545
28,81,98,24.487636290359497,777,470
28,82,98,24.489149056243896,868,539
28,83,98,24.49326678352356,887,499
28,84,98,24.492853842544555,887,499
28,85,98,24.472962580490112,714,471
28,86,98,24.484648190307617,689,472
28,87,98,24.472205601501464,692,470
28,88,98,24.486296377944946,925,669
28,89,98,24.489289723205566,865,499
28,90,98,24.487257204818725,714,475
28,91,98,24.472805701065063,699,470
28,92,98,24.48564263420105,709,467
28,93,98,0.22849464416503906,1246,499
28,94,98,24.578859768676757,1174,531
28,95,98,24.554438315200805,1345,622
28,96,98,24.531536541748046,516,153
28,97,98,24.53246995048523,908,472
29,0,49,24.794828854370117,3374,472
29,1,49,24.623957596588134,2118,472
29,2,49,24.514196835327148,1670,499
29,3,49,24.58168264465332,1864,499
29,4,49,24.484979830551147,781,499
29,5,49,24.58230086402893,1676,486
29,6,49,0.1972646713256836,698,499
29,7,49,24.534477434921264,1343,472
29,8,49,24.534304581451416,1584,499
29,9,49,24.515704594421386,1618,532
29,10,49,24.492623291778564,1087,513
29,11,49,24.754755698013305,2737,470
29,12,49,24.62259455757141,1982,468
29,13,49,24.551222763824462,1614,502
29,14,49,24.524934254455566,953,472
29,15,49,24.48739930229187,886,470
29,16,49,24.551185570526123,1552,488
29,17,49,24.5177442653656,1381,531
29,18,49,24.494661293792724,1143,499
29,19,49,24.57541724281311,1158,515
29,20,49,24.506279431152343,1120,500
29,21,49,24.51480671005249,1243,568
29,22,49,0.20086407661437988,905,499
29,23,49,24.587957821655273,2075,472
29,24,49,24.580646477508544,1675,499
29,25,49,24.486167393493652,835,499
29,26,49,24.48828002052307,852,499
29,27,49,24.52041884498596,1734,499
29,28,49,24.5910286529541,2234,505
29,29,49,24.48625775413513,868,499
29,30,49,24.549493752288818,1985,472
29,31,49,24.59128948287964,1929,472
29,32,49,24.48967310028076,901,498
29,33,49,24.488630018997192,872,470
29,34,49,24.48645158843994,879,501
29,35,49,24.627499542999267,2404,499
29,36,49,24.59448691444397,2049,484
29,37,49,24.490141592788696,891,482
29,38,49,24.551108561325073,2250,610
29,39,49,24.584749661254882,2448,499
29,40,49,24.5183488948822,1693,461
29,41,49,24.55512186126709,1363,124
29,42,49,24.489408694076538,858,507
29,43,49,24.578465662765502,1853,508
29,44,49,24.505538903045654,1444,510
29,45,49,24.49471589164734,1106,499
29,46,49,24.494496308135986,1330,522
29,47,49,24.488374195861816,990,470
29,48,49,0.2000420093536377,882,499
30,0,33,24.664524040985107,2455,472
30,1,33,24.710320196914672,3448,470
30,2,33,24.664615116882324,2591,499
30,3,33,24.573910914230346,1459,499
30,4,33,24.631982765960693,3081,539
30,5,33,0.1995999813079834,722,499
30,6,33,24.553132496643066,1704,499
30,7,33,24.58600541191101,2131,499
30,8,33,24.495982371139526,978,470
30,9,33,24.58908935623169,2046,479
30,10,33,24.48526593284607,753,499
30,11,33,24.66404863433838,2985,513
30,12,33,24.48846360282898,840,472
30,13,33,24.53301926689148,1413,499
30,14,33,24.574598274993896,1211,531
30,15,33,24.512682400512695,1449,499
30,16,33,24.4936005695343,885,472
30,17,33,24.496818981933593,1176,499
30,18,33,24.5759935005188,1348,499
30,19,33,24.492742739486694,963,499
30,20,33,24.57932659225464,1624,499
30,21,33,24.49590416984558,913,472
30,22,33,24.518345318603515,1673,499
30,23,33,24.524641953277587,961,499
30,24,33,24.665253840255737,2828,472
30,25,33,24.532773695755004,1011,499
30,26,33,24.578961811828613,1891,499
30,27,33,24.494822464752197,944,499
30,28,33,24.554076634216308,1862,499
30,29,33,0.20399928092956543,764,499
30,30,33,24.591016970443725,2511,499
30,31,33,0.20631027221679688,965,499
30,32,33,24.59128662185669,1527,499
31,0,66,24.48443814353943,713,465
31,1,66,24.471432648468017,677,470
31,2,66,24.484980307388305,687,472
31,3,66,0.19791197776794434,688,499
31,4,66,24.484746657180786,739,472
31,5,66,0.18509745597839355,695,499
31,6,66,0.19890999794006348,706,499
31,7,66,24.485388241577148,700,470
31,8,66,24.48625775413513,729,499
31,9,66,0.1979382038116455,698,499
31,10,66,0.1978449821472168,669,499
31,11,66,0.19694852828979492,682,499
31,12,66,24.487137757110595,469,269
31,13,66,24.485530339050293,716,471
31,14,66,24.48562427597046,705,472
31,15,66,24.487042151260376,700,470
31,16,66,0.19835805892944336,671,499
31,17,66,24.63461896018982,2765,474
31,18,66,24.71033950881958,3628,499
31,19,66,24.51767273979187,1568,505
31,20,66,24.623853169250488,2462,536
31,21,66,0.19924402236938477,298,499
31,22,66,24.57614680366516,1273,499
31,23,66,24.55542155342102,2095,516
31,24,66,0.19865727424621582,773,499
31,25,66,24.630377016830444,2762,571
31,26,66,24.577341996002197,1301,510
31,27,66,24.580336533355712,1602,513
31,28,66,24.79643126564026,3983,479
31,29,66,24.57756944732666,1488,500
31,30,66,24.573969803619384,1375,505
31,31,66,24.49438639717102,968,530
31,32,66,24.713591299819946,3474,513
31,33,66,24.491667948532104,1008,499
31,34,66,24.8390435798645,3766,473
31,35,66,24.49575611190796,811,267
31,36,66,0.20629000663757324,1006,499
31,37,66,24.53509684638977,1199,499
31,38,66,24.6273154838562,2577,505
31,39,66,24.492142878341674,920,511
31,40,66,24.628194771575927,2638,499
31,41,66,24.552212677764892,1861,499
31,42,66,24.493578396606445,986,533
31,43,66,24.629958115386962,2674,505
31,44,66,24.53256221847534,1058,513
31,45,66,24.626162968444824,2548,479
31,46,66,24.533056698608398,1084,490
31,47,66,25.12128420906067,6430,472
31,48,66,24.56515785293579,997,492
31,49,66,24.63150855140686,2496,499
31,50,66,24.49432011680603,997,556
31,51,66,24.578929863739013,1686,477
31,52,66,24.532256565856933,1192,564
31,53,66,24.516551457214355,1435,536
31,54,66,24.485843382644653,769,499
31,55,66,24.59355302886963,2648,499
31,56,66,24.53222819404602,1185,526
31,57,66,24.62988968925476,2672,549
31,58,66,24.53137131767273,1080,508
31,59,66,24.51256438331604,1648,599
31,60,66,24.53210922317505,1268,466
31,61,66,24.49458523826599,1079,470
31,62,66,0.2070314884185791,1155,499
31,63,66,0.19852638244628906,837,499
31,64,66,0.24708175659179688,1076,499
31,65,66,24.57803603248596,2398,1551
32,0,68,24.487907849121093,235,90
32,1,68,0.20040321350097656,689,499
32,2,68,0.19800615310668945,691,499
32,3,68,24.485152445602417,733,499
32,4,68,24.47306939201355,705,472
32,5,68,0.19646954536437988,698,499
32,6,68,24.485121689605712,752,475
32,7,68,24.48564215736389,750,475
32,8,68,24.47306390838623,769,502
32,9,68,24.488774500656127,776,519
32,10,68,0.19825077056884766,698,499
32,11,68,24.485754690933227,697,470
32,12,68,0.1973428726196289,693,499
32,13,68,24.472045384216308,704,470
32,14,68,24.483847819137573,722,472
32,15,68,0.7435765266418457,4932,499
32,16,68,24.716073237228393,3326,503
32,17,68,24.58692403869629,2080,504
32,18,68,24.579064331817627,1879,504
32,19,68,24.554024897384643,1887,499
32,20,68,0.19843292236328125,338,499
32,21,68,24.581832371520996,1786,511
32,22,68,24.48471661643982,738,470
32,23,68,24.587726078796386,2551,627
32,24,68,0.18599319458007812,707,499
32,25,68,24.578049145507812,1571,504
32,26,68,24.551571808624267,1540,504
32,27,68,0.19986629486083984,737,499
32,28,68,24.71003385620117,2644,463
32,29,68,24.71422930793762,2889,483
32,30,68,0.1999831199645996,709,499
32,31,68,24.513096295166015,1111,498
32,32,68,24.62631484107971,2236,469
32,33,68,24.5579635723114,1578,483
32,34,68,24.574304304885864,1044,499
32,35,68,24.49312873916626,1003,474
32,36,68,24.585480652618408,1988,517
32,37,68,24.593255959320068,2586,516
32,38,68,24.53085061149597,1257,529
32,39,68,24.5302056892395,1281,559
32,40,68,24.5155412776947,1500,524
32,41,68,24.48807355003357,820,506
32,42,68,24.53354998664856,1099,499
32,43,68,24.48741479949951,805,472
32,44,68,24.58599444465637,2249,728
32,45,68,24.48784013824463,846,506
32,46,68,24.531449757385253,1145,569
32,47,68,24.579060278701782,1649,567
32,48,68,24.49383398132324,1139,527
32,49,68,24.512642823028564,1298,499
32,50,68,0.19837665557861328,322,499
32,51,68,24.48849030570984,834,499
32,52,68,24.592383108901977,2378,671
32,53,68,24.484350882339477,769,470
32,54,68,24.513253651428222,1563,743
32,55,68,24.524823628234863,1066,499
32,56,68,0.19977045059204102,754,499
32,57,68,24.486242733764648,773,470
32,58,68,24.494745932388305,1125,470
32,59,68,0.19922757148742676,356,499
32,60,68,24.51721092300415,1923,518
32,61,68,0.20777130126953125,1071,499
32,62,68,0.20013952255249023,854,499
32,63,68,0.20670151710510254,839,499
32,64,68,24.58394118385315,5205,3721
32,65,68,24.590281210708618,4141,2697
32,66,68,24.55361219482422,5110,3620
32,67,68,0.2616105079650879,1402,499
33,0,34,0.6373367309570312,5058,499
33,1,34,1.0090725421905518,7975,499
33,2,34,24.877383909988403,4691,507
33,3,34,24.474389754104614,793,503
33,4,34,24.794505081939697,4035,544
33,5,34,24.532054625320434,1149,499
33,6,34,0.19858431816101074,767,499
33,7,34,0.1997385025024414,744,499
33,8,34,24.716247998046875,3744,498
33,9,34,24.48626562194824,789,499
33,10,34,24.751711808013916,3568,483
33,11,34,24.490998230743408,869,470
33,12,34,24.51247378425598,1402,501
33,13,34,0.2434847354888916,1254,499
33,14,34,24.794062577056884,3997,499
33,15,34,24.53598567085266,1274,472
33,16,34,24.49417134361267,935,476
33,17,34,24.494884453582763,869,470
33,18,34,24.55168028907776,2005,535
33,19,34,0.19933342933654785,773,499
33,20,34,24.551766119766235,1729,476
33,21,34,24.70558353500366,2804,578
33,22,34,24.497651062774658,1049,499
33,23,34,24.710368119049072,2743,510
33,24,34,24.494540892410278,1001,532
33,25,34,24.713729582595825,3089,530
33,26,34,24.536058865356445,1209,572
33,27,34,24.623509131240844,2250,499
33,28,34,24.489037237930297,853,499
33,29,34,24.57807346420288,1565,472
33,30,34,24.496569834518432,1016,499
33,31,34,24.667721472549438,3485,531
33,32,34,0.20623111724853516,911,499
33,33,34,24.552091799545288,1331,507
34,0,31,24.59565731124878,2048,505
34,1,31,24.488262615966796,768,474
34,2,31,24.494164906311035,929,499
34,3,31,24.574787817764282,1711,508
34,4,31,24.57653733329773,1023,275
34,5,31,24.530791960525512,1207,499
34,6,31,24.493503294754028,1007,470
34,7,31,0.18497872352600098,726,499
34,8,31,24.55251284675598,2093,479
34,9,31,0.18677449226379395,713,499
34,10,31,24.49424358444214,1053,472
34,11,31,0.18516850471496582,357,499
34,12,31,24.535243473815918,1493,499
34,13,31,24.494016133117675,1262,499
34,14,31,24.493085346984863,1070,472
34,15,31,0.19871783256530762,794,499
34,16,31,24.554971180725097,2232,505
34,17,31,24.48814269142151,869,499
34,18,31,24.512433491516113,1441,499
34,19,31,24.49459906654358,897,472
34,20,31,24.491317473220825,1003,472
34,21,31,24.578833542633056,1697,499
34,22,31,24.515041790771484,1597,499
34,23,31,0.20018911361694336,761,499
34,24,31,24.58628722267151,2089,472
34,25,31,24.515186749267578,1703,508
34,26,31,24.564161263275146,928,559
34,27,31,24.495130024719238,801,472
34,28,31,24.494640551376342,824,499
34,29,31,24.492445193099975,802,499
34,30,31,24.492957793045044,803,499
35,0,90,0.19811797142028809,682,499
35,1,90,0.20346760749816895,877,499
35,2,90,0.19777393341064453,674,499
35,3,90,24.47169419364929,677,470
35,4,90,0.19820284843444824,706,499
35,5,90,24.48369976119995,699,470
35,6,90,0.2008373737335205,862,499
35,7,90,0.1991875171661377,716,499
35,8,90,0.20097875595092773,696,499
35,9,90,0.19861483573913574,680,499
35,10,90,0.19801878929138184,702,499
35,11,90,24.48498698310852,701,470
35,12,90,24.48572727279663,712,493
35,13,90,24.49473973350525,751,499
35,14,90,0.1859743595123291,678,499
35,15,90,0.1985929012298584,686,499
35,16,90,0.19736599922180176,678,499
35,17,90,0.20136284828186035,697,499
35,18,90,0.1971733570098877,678,499
35,19,90,0.197723388671875,687,499
35,20,90,24.484698973464965,690,470
35,21,90,24.487151108551025,679,472
35,22,90,0.1848456859588623,672,499
35,23,90,24.487531147766113,682,472
35,24,90,24.484149180221557,681,472
35,25,90,0.18456244468688965,667,499
35,26,90,0.345853328704834,2557,499
35,27,90,24.789144717025756,3589,472
35,28,90,24.628313980865478,2836,499
35,29,90,24.594233952331543,1933,472
35,30,90,24.516642533111572,1881,499
35,31,90,24.667756996917724,3096,499
35,32,90,0.20559406280517578,962,499
35,33,90,0.18540120124816895,429,499
35,34,90,24.595622025299072,2349,550
35,35,90,0.18563270568847656,294,499
35,36,90,24.580173693466186,1957,529
35,37,90,0.18617463111877441,283,499
35,38,90,24.595298252868652,2155,499
35,39,90,24.486326180267334,754,499
35,40,90,24.583313189315795,1707,473
35,41,90,24.51534577445984,1507,525
35,42,90,24.519473992156982,1338,470
35,43,90,24.584371290969848,1728,509
35,44,90,24.71264811592102,2723,478
35,45,90,24.49537893371582,889,503
35,46,90,24.75781913833618,3808,499
35,47,90,0.19799208641052246,716,499
35,48,90,24.496264181900024,1051,484
35,49,90,24.535178623962402,1281,550
35,50,90,24.586846075820922,1783,474
35,51,90,0.20080947875976562,790,499
35,52,90,24.487615547943115,717,470
35,53,90,24.492157898712158,734,499
35,54,90,24.632669888305664,2609,638
35,55,90,24.630320750045776,2823,547
35,56,90,24.58618899421692,1651,499
35,57,90,24.52188702659607,1635,499
35,58,90,24.490239344406127,810,499
35,59,90,24.48917432861328,892,470
35,60,90,24.59354230003357,2376,499
35,61,90,0.18637657165527344,719,499
35,62,90,24.581593476104736,1729,499
35,63,90,24.495420656967163,1059,499
35,64,90,24.924447260665893,4742,499
35,65,90,24.496258936691284,1053,470
35,66,90,24.53862639503479,1147,472
35,67,90,0.20441079139709473,862,499
35,68,90,24.711250983047485,3511,575
35,69,90,24.582857094573974,1667,499
35,70,90,24.49310227470398,992,669
35,71,90,24.489138804244995,839,499
35,72,90,24.709611140060424,3131,499
35,73,90,24.497795306015014,1019,499
35,74,90,24.576970301437377,1143,499
35,75,90,24.717882595825195,3316,499
35,76,90,0.20444917678833008,737,499
35,77,90,24.501656256484985,876,472
35,78,90,24.665803871917724,3766,528
35,79,90,24.500706635284423,959,499
35,80,90,24.532671891021728,1265,499
35,81,90,24.495399199295044,1155,528
35,82,90,24.51257988052368,1221,499
35,83,90,0.2053825855255127,994,499
35,84,90,24.49820014076233,1122,499
35,85,90,0.20381903648376465,763,499
35,86,90,24.579919539260864,1158,545
35,87,90,24.512186489868164,1030,493
35,88,90,24.581322871017456,4421,3060
35,89,90,24.494710646438598,854,470
36,0,27,0.5135388374328613,3468,499
36,1,27,24.62853141860962,2706,579
36,2,27,24.67315813140869,2972,478
36,3,27,24.768026552963256,4042,488
36,4,27,24.498261414337158,961,499
36,5,27,24.533772192764282,1004,554
36,6,27,24.59641882019043,2221,491
36,7,27,24.486588440704345,794,499
36,8,27,24.639689169692993,2573,480
36,9,27,24.809013567733764,3980,485
36,10,27,24.49518223838806,1118,474
36,11,27,24.75046583251953,3682,583
36,12,27,24.496080599594116,977,472
36,13,27,24.591603003311157,1995,492
36,14,27,24.491346321868896,858,470
36,15,27,24.789630852508544,3368,301
36,16,27,24.52553554611206,1069,604
36,17,27,24.63103838996887,2492,495
36,18,27,24.71672388153076,3152,487
36,19,27,24.49130316810608,934,499
36,20,27,24.498142205047607,962,500
36,21,27,24.57744451599121,723,111
36,22,27,0.19949936866760254,806,499
36,23,27,24.550592861938476,1544,504
36,24,27,24.556743822860717,1761,499
36,25,27,24.583722554016113,1897,583
36,26,27,0.24782371520996094,1121,499
37,0,88,24.49234863357544,720,473
37,1,88,24.48638316230774,717,466
37,2,88,24.486742697525024,691,472
37,3,88,24.48759552078247,681,470
37,4,88,0.19881463050842285,711,499
37,5,88,24.4860002620697,740,472
37,6,88,0.18487143516540527,691,499
37,7,88,0.20185303688049316,853,499
37,8,88,0.20096445083618164,680,499
37,9,88,0.19703412055969238,680,499
37,10,88,24.48999425010681,684,470
37,11,88,24.487771712112426,710,473
37,12,88,24.48567958908081,238,86
37,13,88,0.20464277267456055,858,499
37,14,88,24.7642783744812,4173,499
37,15,88,25.152131758499145,6546,499
37,16,88,24.491388998794555,982,472
37,17,88,24.63299723701477,2853,531
37,18,88,0.18975591659545898,317,499
37,19,88,24.59664412574768,2316,506
37,20,88,0.20284485816955566,769,499
37,21,88,24.840916834640502,4065,554
37,22,88,24.493937454986572,1063,571
37,23,88,24.67051526145935,3286,551
37,24,88,24.49286337928772,980,509
37,25,88,24.79853769378662,3383,477
37,26,88,24.496073685455322,1063,499
37,27,88,24.51800700263977,1312,535
37,28,88,24.57884021835327,1119,499
37,29,88,24.55780168609619,1712,504
37,30,88,0.19874811172485352,681,499
37,31,88,24.52909418182373,1097,499
37,32,88,24.487222872543335,272,123
37,33,88,24.55662675933838,1698,510
37,34,88,24.491120301055908,889,470
37,35,88,24.48849745826721,717,468
37,36,88,24.515101872253418,1413,499
37,37,88,24.497100077438354,834,470
37,38,88,24.55510064201355,1749,471
37,39,88,24.48901220397949,695,471
37,40,88,24.487053118515014,754,472
37,41,88,24.488876305389404,710,467
37,42,88,24.57263108329773,995,472
37,43,88,24.489521227645874,706,472
37,44,88,24.487669192123413,764,470
37,45,88,24.495873175430297,883,495
37,46,88,24.63503762321472,2522,472
37,47,88,24.52149411277771,1369,473
37,48,88,24.586826048660278,2165,722
37,49,88,24.57963129119873,1480,535
37,50,88,24.499859057235717,1022,470
37,51,88,24.57899137573242,1715,499
37,52,88,24.669550858306884,2878,544
37,53,88,24.754885636138916,3727,500
37,54,88,24.5349881275177,1380,499
37,55,88,24.719811640548706,3829,499
37,56,88,24.497264347839355,1067,499
37,57,88,24.57851382331848,1619,499
37,58,88,24.581904612350463,1462,499
37,59,88,24.498885594177246,920,470
37,60,88,24.492442093658447,780,468
37,61,88,24.577458582687377,1316,472
37,62,88,24.720342837142944,3525,472
37,63,88,24.593512259292602,1644,472
37,64,88,24.493320904541015,974,472
37,65,88,24.580766163635253,1420,499
37,66,88,24.770613632965087,3675,472
37,67,88,24.53660937385559,1087,478
37,68,88,24.517028532791137,1320,499
37,69,88,24.489685974884033,724,472
37,70,88,24.598364554214477,1849,499
37,71,88,24.490999422836303,774,503
37,72,88,24.487650833892822,236,66
37,73,88,24.491261206436157,816,499
37,74,88,24.49492546157837,779,499
37,75,88,24.48729797439575,739,470
37,76,88,24.493739567565918,765,472
37,77,88,24.494984350967407,1062,587
37,78,88,24.49376770095825,1158,587
37,79,88,24.49529143409729,1177,502
37,80,88,24.494156800079345,989,476
37,81,88,24.594770155715942,1838,472
37,82,88,24.495128832626342,1020,470
37,83,88,24.496426306533813,1092,470
37,84,88,0.20595765113830566,1083,499
37,85,88,0.19964933395385742,833,499
37,86,88,0.2043306827545166,1052,499
37,87,88,24.516309223937988,1574,927
38,0,44,0.5982694625854492,4137,499
38,1,44,24.58323522644043,2097,530
38,2,44,25.073159657287597,5836,500
38,3,44,24.66814585762024,3082,511
38,4,44,24.50514193611145,1631,653
38,5,44,24.53479214744568,1299,478
38,6,44,24.592442236709594,2397,540
38,7,44,0.20263290405273438,745,499
38,8,44,24.628341399002075,2633,499
38,9,44,0.19905853271484375,316,499
38,10,44,0.2655801773071289,998,499
38,11,44,24.5967454536438,2475,502
38,12,44,24.485387049484252,264,71
38,13,44,24.58090754585266,1717,472
38,14,44,24.497492514419555,923,499
38,15,44,24.50661178665161,1464,505
38,16,44,0.18770480155944824,769,499
38,17,44,24.717850647735595,4290,555
38,18,44,0.2001800537109375,887,499
38,19,44,24.529643021392822,1310,528
38,20,44,24.671028815078735,3174,561
38,21,44,24.48578091697693,770,499
38,22,44,24.4739427192688,736,470
38,23,44,24.67445298271179,3293,511
38,24,44,24.48625775413513,776,499
38,25,44,24.493150912094116,1005,472
38,26,44,24.589248858261108,2293,500
38,27,44,24.514506064224243,1535,499
38,28,44,0.19838881492614746,779,499
38,29,44,24.552169524002075,1905,500
38,30,44,24.48807569580078,1037,692
38,31,44,24.53404613571167,1181,500
38,32,44,0.19881772994995117,789,499
38,33,44,24.527107678222656,1021,271
38,34,44,24.580242834854126,2124,562
38,35,44,24.49181529121399,946,505
38,36,44,24.489626608657836,879,504
38,37,44,24.519822798538208,1780,482
38,38,44,24.495025120544433,1040,470
38,39,44,24.488451443481445,884,474
38,40,44,24.497344694900512,577,110
38,41,44,0.2795448303222656,1111,499
38,42,44,24.580465517807006,2930,2002
38,43,44,24.591897211837768,2107,997
39,0,74,0.4673645496368408,3362,499
39,1,74,24.97838684158325,4940,470
39,2,74,24.835735522079467,4146,472
39,3,74,24.874188147354126,4734,593
39,4,74,24.553762160110473,2129,499
39,5,74,24.51722904281616,1447,478
39,6,74,0.18828535079956055,709,499
39,7,74,0.20815658569335938,936,499
39,8,74,24.494837008285522,1078,472
39,9,74,24.556423149871826,2157,499
39,10,74,24.579200230407714,2028,468
39,11,74,24.535658560562133,1305,494
39,12,74,24.5814866645813,1761,506
39,13,74,0.19851112365722656,724,499
39,14,74,24.7133590801239,3706,522
39,15,74,24.58043047027588,1708,472
39,16,74,0.1968529224395752,761,499
39,17,74,24.57815047340393,1709,472
39,18,74,24.51408978538513,1484,501
39,19,74,24.551996432113647,1607,504
39,20,74,24.496862850952148,791,274
39,21,74,24.52567859725952,1243,472
39,22,74,24.48661895828247,770,499
39,23,74,24.47331615524292,728,473
39,24,74,24.51296993331909,974,266
39,25,74,24.494077883529663,1023,466
39,26,74,24.493297062683105,1050,471
39,27,74,24.493965826797485,762,264
39,28,74,24.487697325515747,847,499
39,29,74,24.514181576538085,1552,469
39,30,74,24.48856969909668,897,498
39,31,74,24.487048111724853,757,470
39,32,74,24.494114361572265,919,499
39,33,74,24.57944246368408,1366,494
39,34,74,24.594538889694213,2202,504
39,35,74,24.496162854003906,1223,499
39,36,74,24.514199696350097,1460,553
39,37,74,0.20836997032165527,941,499
39,38,74,24.591109953689575,2359,470
39,39,74,24.492849312591552,1070,518
39,40,74,24.488666020202636,968,474
39,41,74,24.579197130966186,1865,525
39,42,74,0.1866898536682129,764,499
39,43,74,24.59198709564209,2286,505
39,44,74,24.489555321502685,972,589
39,45,74,24.502230130004882,981,501
39,46,74,24.525112829971313,1062,495
39,47,74,24.533606253433227,657,66
39,48,74,24.489818297195434,942,589
39,49,74,24.51372428970337,1521,504
39,50,74,24.48958846168518,566,274
39,51,74,24.517530880737304,1730,472
39,52,74,24.59138175086975,2222,504
39,53,74,24.489372931289672,836,505
39,54,74,24.513013325500488,1468,499
39,55,74,24.49494858818054,1005,501
39,56,74,24.493857584762573,1140,472
39,57,74,24.493174992370605,1065,505
39,58,74,24.588402472305297,1937,520
39,59,74,24.531542740631103,1287,475
39,60,74,24.55510016517639,2033,478
39,61,74,24.493358574676513,999,590
39,62,74,24.53570219116211,1367,587
39,63,74,24.489471159744262,874,505
39,64,74,24.516657315063476,1273,66
39,65,74,24.489668808746337,935,589
39,66,74,24.515827618408203,1684,472
39,67,74,24.49607678489685,869,505
39,68,74,24.579686365890502,1799,505
39,69,74,24.491424284744262,862,505
39,70,74,24.517529927062988,1917,504
39,71,74,0.2056293487548828,856,499
39,72,74,0.20233702659606934,974,499
39,73,74,24.51365514831543,979,499
40,0,41,0.7331409454345703,4606,499
40,1,41,24.632916174697876,2828,499
40,2,41,24.514176569747924,1360,472
40,3,41,24.497614584732055,1142,499
40,4,41,24.55034490661621,1725,472
40,5,41,24.577835284042358,1730,513
40,6,41,24.50446530418396,1393,498
40,7,41,24.629546843338012,2728,502
40,8,41,24.590912781524658,2310,472
40,9,41,24.549837075042724,1797,499
40,10,41,24.589894972610473,1837,472
40,11,41,24.48982997970581,967,499
40,12,41,24.587992630767822,1876,472
40,13,41,24.591229639816284,2304,472
40,14,41,24.582325659561157,1878,468
40,15,41,24.534593783187866,901,125
40,16,41,24.549854718017578,1829,499
40,17,41,24.592256747055053,2027,472
40,18,41,24.71158405380249,3717,482
40,19,41,24.493556700515747,1277,499
40,20,41,24.59222336845398,2000,472
40,21,41,24.514279566574096,1449,499
40,22,41,24.55367799835205,2059,499
40,23,41,24.74901743965149,3543,499
40,24,41,24.514089308547973,1472,499
40,25,41,24.496043644714355,1096,499
40,26,41,24.552195273208618,1915,499
40,27,41,24.505101404953002,1379,499
40,28,41,24.55218669013977,2014,499
40,29,41,24.490028343963623,813,470
40,30,41,24.576715670394897,1604,499
40,31,41,24.52391978340149,1141,470
40,32,41,24.579622708129882,1694,499
40,33,41,24.531403504180908,1342,500
40,34,41,24.74754711227417,4184,499
40,35,41,24.55172749595642,1855,500
40,36,41,24.51972409324646,1802,499
40,37,41,24.55465193824768,1906,499
40,38,41,24.579709730911254,1662,470
40,39,41,0.18639254570007324,782,499
40,40,41,0.20021367073059082,801,499
41,0,74,0.3831195831298828,2907,499
41,1,74,0.9090487957000732,5924,499
41,2,74,24.948441468048095,5244,499
41,3,74,24.887243948745727,4339,470
41,4,74,24.59060402946472,2528,499
41,5,74,24.518537007141113,1752,499
41,6,74,0.20795321464538574,1036,499
41,7,74,0.19884061813354492,212,499
41,8,74,24.710512839126586,3492,482
41,9,74,24.66045209007263,3163,520
41,10,74,24.51585455970764,1633,495
41,11,74,24.588973484802246,1933,472
41,12,74,24.537780247497558,1258,472
41,13,74,24.486149988937377,813,497
41,14,74,24.62554045753479,2996,490
41,15,74,24.57916923599243,1854,499
41,16,74,0.20166277885437012,789,499
41,17,74,24.574768982696533,1233,524
41,18,74,24.515662632751464,889,66
41,19,74,0.19833660125732422,842,499
41,20,74,24.48796745376587,860,470
41,21,74,24.66229911880493,2977,544
41,22,74,0.1976151466369629,710,499
41,23,74,24.551781616973877,1775,554
41,24,74,0.199815034866333,311,499
41,25,74,24.524809799957275,603,66
41,26,74,24.5788535697937,1889,499
41,27,74,24.516737900543212,1447,511
41,28,74,24.517272673416137,1759,472
41,29,74,24.515200339126586,1496,506
41,30,74,24.489343128967285,855,505
41,31,74,24.553867302703857,2068,472
41,32,74,24.49295564727783,1041,499
41,33,74,24.574640713500976,913,66
41,34,74,24.491502962875366,861,505
41,35,74,24.574869356918335,1653,511
41,36,74,24.53748532371521,1234,581
41,37,74,24.590220175552368,2309,503
41,38,74,24.5798461063385,1867,472
41,39,74,24.485373936462402,773,499
41,40,74,24.49597855644226,1017,568
41,41,74,24.49018784599304,845,505
41,42,74,24.580527506637573,1811,472
41,43,74,24.588255129623413,2551,476
41,44,74,24.55498119430542,1844,499
41,45,74,24.513159476089477,1396,499
41,46,74,24.485186539459228,725,470
41,47,74,24.51889630393982,1439,472
41,48,74,24.52570005493164,942,469
41,49,74,24.489416800308227,925,586
41,50,74,24.51741262512207,1412,497
41,51,74,24.51346655921936,1405,484
41,52,74,24.75245114402771,4172,478
41,53,74,24.487278900909423,811,499
41,54,74,24.529228411483764,741,68
41,55,74,24.47327633934021,919,587
41,56,74,24.62569924430847,2726,547
41,57,74,24.49424596862793,952,506
41,58,74,24.666688166427612,3184,491
41,59,74,24.494093380737304,999,506
41,60,74,24.626236162948608,2472,489
41,61,74,24.48947950439453,851,505
41,62,74,0.22673392295837402,1289,499
41,63,74,24.50561686592102,1329,499
41,64,74,24.489448509979248,849,506
41,65,74,24.495501719284057,1020,499
41,66,74,24.634184084701538,2610,506
41,67,74,24.48890396194458,865,510
41,68,74,24.51410313682556,1718,518
41,69,74,24.579795323181152,2017,515
41,70,74,0.20363640785217285,854,499
41,71,74,0.20315909385681152,843,499
41,72,74,24.495712481307983,926,499
41,73,74,24.493515454101562,915,543
42,0,53,24.48462601737976,692,470
42,1,53,0.18743324279785156,671,499
42,2,53,0.19853615760803223,774,499
42,3,53,0.1994328498840332,677,499
42,4,53,24.484394036102294,699,470
42,5,53,24.47277971343994,483,272
42,6,53,24.48439761238098,730,475
42,7,53,24.47173997001648,873,597
42,8,53,24.48465272026062,751,472
42,9,53,24.47495337562561,772,499
42,10,53,0.19534707069396973,687,499
42,11,53,0.19901728630065918,685,499
42,12,53,24.487246952819824,866,587
42,13,53,0.19732284545898438,693,499
42,14,53,0.19986248016357422,718,499
42,15,53,0.20026922225952148,704,499
42,16,53,24.486959658432006,727,470
42,17,53,24.486766777801513,727,470
42,18,53,24.48767539100647,834,518
42,19,53,0.5552361011505127,3278,499
42,20,53,24.81083222465515,3699,530
42,21,53,24.71545549468994,3091,516
42,22,53,24.588382206726074,1675,523
42,23,53,24.600867234039306,2388,510
42,24,53,24.579144202041626,1407,505
42,25,53,24.552936993408203,1932,499
42,26,53,24.60021062927246,2125,499
42,27,53,24.489562950897216,867,470
42,28,53,24.496131144332885,1065,499
42,29,53,24.596813164520263,2367,545
42,30,53,0.18564677238464355,867,499
42,31,53,24.844715796279907,5024,561
42,32,53,24.49657007293701,1008,496
42,33,53,24.63412209587097,3023,538
42,34,53,24.488206587600708,920,505
42,35,53,24.52792140083313,557,68
42,36,53,24.49473424987793,1100,602
42,37,53,24.55253144340515,1995,512
42,38,53,24.808644257354736,4202,489
42,39,53,24.494347773361206,1100,605
42,40,53,24.751668892669677,3825,560
42,41,53,24.5080368144989,1079,599
42,42,53,24.61071630554199,2440,512
42,43,53,24.545407973098754,1255,488
42,44,53,24.603643141555786,2418,520
42,45,53,24.496157370376586,869,475
42,46,53,24.553847275543212,1552,472
42,47,53,24.49601026611328,920,472
42,48,53,24.59490843849182,2992,592
42,49,53,24.507274351882934,928,472
42,50,53,0.2058248519897461,739,499
42,51,53,0.24703598022460938,1092,499
42,52,53,24.532561264801025,993,514
43,0,68,24.50262590484619,723,476
43,1,68,24.485495768356323,720,470
43,2,68,24.486734829711914,722,472
43,3,68,24.473354779052734,725,492
43,4,68,24.48364659385681,690,478
43,5,68,24.486837826538085,695,485
43,6,68,24.491834841537475,726,470
43,7,68,0.20233535766601562,686,499
43,8,68,24.48642273979187,691,472
43,9,68,0.1984550952911377,694,499
43,10,68,24.486575089263916,713,470
43,11,68,24.48969479637146,703,474
43,12,68,24.488398037719726,686,470
43,13,68,24.48547764854431,681,470
43,14,68,0.18407344818115234,673,499
43,15,68,24.486697636413574,689,472
43,16,68,0.1986982822418213,689,499
43,17,68,0.19962787628173828,730,499
43,18,68,24.49126597480774,721,476
43,19,68,24.48816391067505,716,470
43,20,68,24.4917170627594,716,472
43,21,68,24.485222540664672,705,472
43,22,68,24.485577069091796,720,473
43,23,68,24.485238514709472,696,470
43,24,68,0.21484994888305664,671,499
43,25,68,0.20528769493103027,702,499
43,26,68,0.20088505744934082,702,499
43,27,68,0.3587970733642578,2200,499
43,28,68,24.766837559509277,3435,578
43,29,68,24.68031021194458,2794,499
43,30,68,24.845488749313354,3804,472
43,31,68,24.75161763267517,2826,499
43,32,68,24.66837926940918,1911,509
43,33,68,24.573021612930297,847,472
43,34,68,24.603022537994384,1510,499
43,35,68,24.673467598724365,2133,606
43,36,68,0.2865743637084961,739,499
43,37,68,0.28663086891174316,1021,499
43,38,68,24.640532933044433,2046,505
43,39,68,24.57787986831665,901,525
43,40,68,24.602806769180297,1285,499
43,41,68,24.585094414520263,1031,499
43,42,68,24.68539734916687,2223,505
43,43,68,24.591449461746215,981,505
43,44,68,24.672869883346557,1801,515
43,45,68,24.67195626335144,1614,472
43,46,68,24.620178185272216,1111,505
43,47,68,24.590038500595092,1002,511
43,48,68,24.759498081970214,3434,562
43,49,68,24.69022437171936,2414,565
43,50,68,24.629094801712036,1126,499
43,51,68,24.581301651763916,1237,713
43,52,68,24.72201820449829,3071,527
43,53,68,24.683711014556884,2322,470
43,54,68,24.661664686965942,623,68
43,55,68,24.58118101196289,1008,505
43,56,68,24.722704611587524,2479,513
43,57,68,24.84240075187683,3805,481
43,58,68,24.600628577041626,1352,527
43,59,68,24.667743645477294,1513,481
43,60,68,24.577645741271972,915,587
43,61,68,24.68114062385559,2324,505
43,62,68,24.579884491729736,1047,543
43,63,68,24.58451982574463,1030,482
43,64,68,24.822467528152465,3792,510
43,65,68,24.677227936553955,2737,514
43,66,68,0.32586669921875,1195,499
43,67,68,24.672527752685546,1083,585
44,0,81,0.6882927417755127,4004,499
44,1,81,24.7638642414093,2544,499
44,2,81,24.838886223602294,3713,472
44,3,81,0.37818145751953125,1331,499
44,4,81,24.582984886932373,1284,598
44,5,81,24.71753927307129,2315,478
44,6,81,24.651630125808715,1130,478
44,7,81,24.585398636627197,1128,586
44,8,81,24.620799027252197,1205,499
44,9,81,24.669534407424926,1776,472
44,10,81,24.676991186904907,1828,656
44,11,81,0.28645944595336914,224,499
44,12,81,24.886663637924194,4669,709
44,13,81,24.611397944259643,1191,521
44,14,81,24.660817108917236,1441,544
44,15,81,24.65924235420227,1254,524
44,16,81,24.66897388534546,1799,572
44,17,81,24.58459135131836,1166,505
44,18,81,24.680138312149047,1805,515
44,19,81,24.7226581199646,2864,711
44,20,81,24.584324084091186,1134,641
44,21,81,24.689509831237793,2042,499
44,22,81,24.601376734542846,1373,528
44,23,81,24.666390381622314,1488,499
44,24,81,24.679616652297973,1723,711
44,25,81,24.60469242172241,1548,499
44,26,81,24.71400424079895,2501,537
44,27,81,24.70934983329773,1967,765
44,28,81,24.60227795677185,1369,499
44,29,81,24.677537880706787,1945,472
44,30,81,24.617468319702148,1114,568
44,31,81,24.636739931869506,1593,499
44,32,81,24.76112862663269,6205,3803
44,33,81,24.718484364318847,2173,472
44,34,81,24.622365675735473,1341,499
44,35,81,24.640018187332153,2067,509
44,36,81,24.881568871307373,3990,472
44,37,81,24.6223744972229,1136,555
44,38,81,24.713066540527343,2293,499
44,39,81,24.667596779632568,1496,623
44,40,81,24.60021897392273,1161,268
44,41,81,24.583878241348266,1193,733
44,42,81,24.65458007888794,1169,499
44,43,81,24.579354725646972,935,472
44,44,81,24.58083101348877,963,587
44,45,81,24.619751177597045,449,59
44,46,81,24.754843197631835,2750,499
44,47,81,24.66254659729004,1516,501
44,48,81,24.581662140655517,1126,499
44,49,81,24.57839485244751,1081,516
44,50,81,24.61324831085205,1345,567
44,51,81,24.576984606552124,862,470
44,52,81,24.667958460617065,1275,499
44,53,81,0.42648935317993164,1919,499
44,54,81,24.66358347969055,1601,612
44,55,81,24.575118027496337,810,499
44,56,81,24.570672951507568,716,470
44,57,81,24.573723040390014,858,600
44,58,81,24.569886170196533,704,470
44,59,81,0.2849860191345215,680,499
44,60,81,0.28609585762023926,697,499
44,61,81,0.2858140468597412,192,499
44,62,81,0.28611016273498535,671,499
44,63,81,24.576987467575073,733,470
44,64,81,24.575260124969482,849,592
44,65,81,24.57534857826233,761,527
44,66,81,24.571881495285034,732,499
44,67,81,0.28578901290893555,684,499
44,68,81,0.28642773628234863,689,499
44,69,81,24.621300421524047,1225,472
44,70,81,24.578388891983032,776,472
44,71,81,24.57626648979187,776,470
44,72,81,24.57670947151184,773,472
44,73,81,24.574030838775634,723,470
44,74,81,24.57294412689209,713,470
44,75,81,24.575808964538574,806,470
44,76,81,24.573040447998046,723,469
44,77,81,24.574601612854003,706,454
44,78,81,0.34659767150878906,1326,499
44,79,81,24.603157482910156,2194,1438
44,80,81,24.638364277648925,1352,587
45,0,77,0.39119410514831543,1846,499
45,1,77,0.5902481079101562,3252,499
45,2,77,24.81999870376587,2903,472
45,3,77,25.078660927581787,5021,505
45,4,77,24.710441075134277,2538,472
45,5,77,24.672198258209228,2146,504
45,6,77,24.579382620620727,994,504
45,7,77,24.602746449279785,1485,533
45,8,77,24.579557619857788,1140,499
45,9,77,24.68636842803955,2188,528
45,10,77,24.686783037948608,2445,505
45,11,77,24.579229794311523,818,507
45,12,77,24.719063483047485,2460,499
45,13,77,24.58418007926941,1011,470
45,14,77,24.81757851676941,3211,505
45,15,77,24.638782940673828,1559,513
45,16,77,25.387481413650512,8354,508
45,17,77,24.579025231170654,863,505
45,18,77,24.66395755844116,1135,499
45,19,77,24.68072124557495,2376,484
45,20,77,24.61668749885559,1191,505
45,21,77,24.982979737091064,4540,472
45,22,77,24.601563654708862,1120,499
45,23,77,24.75325795249939,2975,525
45,24,77,24.675940953063964,1769,472
45,25,77,24.875826082992553,3662,486
45,26,77,24.579515896606445,886,472
45,27,77,25.01380058364868,5151,471
45,28,77,24.637114725875854,1768,499
45,29,77,24.63716336326599,1721,499
45,30,77,24.67624493675232,2168,499
45,31,77,24.963723622131347,4213,472
45,32,77,24.840974531936645,4098,505
45,33,77,24.80071421699524,3487,472
45,34,77,0.2887864112854004,997,499
45,35,77,0.2857034206390381,692,499
45,36,77,0.28376197814941406,694,499
45,37,77,0.2847418785095215,689,499
45,38,77,0.28555822372436523,692,499
45,39,77,24.571703635025024,721,472
45,40,77,24.57534023361206,776,470
45,41,77,24.576999388504028,778,472
45,42,77,24.575633726882934,771,470
45,43,77,24.582825861740112,912,587
45,44,77,24.57739921646118,824,499
45,45,77,24.575842581558227,830,499
45,46,77,24.57719036178589,841,569
45,47,77,24.573735438156127,723,473
45,48,77,24.57620831565857,999,646
45,49,77,24.57627721862793,995,645
45,50,77,24.574596129226684,714,470
45,51,77,24.57408209877014,737,499
45,52,77,24.57428141670227,293,66
45,53,77,24.574869833755493,680,470
45,54,77,0.28484106063842773,673,499
45,55,77,24.57393404083252,689,470
45,56,77,24.574485264587402,736,470
45,57,77,24.57783766822815,1007,669
45,58,77,0.2903628349304199,687,499
45,59,77,0.2912280559539795,689,499
45,60,77,0.3234131336212158,840,499
45,61,77,24.57499834136963,737,470
45,62,77,24.576410256195068,824,505
45,63,77,24.576610527801513,922,600
45,64,77,24.696241341400146,1369,470
45,65,77,24.57677599029541,805,499
45,66,77,24.576366387176513,776,470
45,67,77,24.57338186340332,773,472
45,68,77,24.574914656448364,800,499
45,69,77,24.573712311553955,695,472
45,70,77,24.573998413848877,705,473
45,71,77,24.571053705978393,734,499
45,72,77,24.58048602180481,905,499
45,73,77,24.57333131866455,722,473
45,74,77,24.57208653526306,715,465
45,75,77,24.573131047058105,716,472
45,76,77,0.4043741226196289,1399,499
46,0,83,24.5743848903656,786,472
46,1,83,24.57486005859375,791,472
46,2,83,24.57419081764221,782,472
46,3,83,24.573284827041626,286,117
46,4,83,24.56995602684021,718,499
46,5,83,0.2852590084075928,685,499
46,6,83,24.57733579711914,771,470
46,7,83,24.5763539894104,772,472
46,8,83,0.28580427169799805,682,499
46,9,83,0.28810906410217285,697,499
46,10,83,24.581643305587768,810,499
46,11,83,24.574530087280273,706,485
46,12,83,0.29413270950317383,674,499
46,13,83,24.578055821228027,705,470
46,14,83,24.57655044631958,701,470
46,15,83,24.60924407081604,699,470
46,16,83,0.31945157051086426,673,499
46,17,83,24.57535334663391,697,470
46,18,83,24.57620831565857,736,473
46,19,83,24.576105080413818,780,540
46,20,83,0.289257287979126,689,499
46,21,83,0.28917670249938965,689,499
46,22,83,24.57529517250061,962,669
46,23,83,24.575981341171264,693,472
46,24,83,24.575258932876586,701,473
46,25,83,24.575772248077392,696,470
46,26,83,24.574693642425537,683,472
46,27,83,24.57666441040039,681,472
46,28,83,0.47666287422180176,2087,499
46,29,83,24.753368101882934,3107,514
46,30,83,24.672493181991577,2152,514
46,31,83,24.577167235183715,1042,499
46,32,83,24.66844507293701,1761,474
46,33,83,24.602675400543212,1283,499
46,34,83,0.28826022148132324,774,499
46,35,83,24.66914077835083,1770,598
46,36,83,0.2856748104095459,724,499
46,37,83,24.614003382492065,1126,472
46,38,83,24.84767123298645,4486,505
46,39,83,24.666593752670288,1827,520
46,40,83,24.592821560668945,922,71
46,41,83,24.60194393234253,1617,523
46,42,83,24.621566973495483,1378,646
46,43,83,24.754018507766723,3522,612
46,44,83,24.58168836669922,1126,600
46,45,83,24.60580440597534,1837,499
46,46,83,24.580564223098754,1050,505
46,47,83,24.66621132926941,1802,466
46,48,83,24.667140684890747,2078,657
46,49,83,24.67101403312683,1797,496
46,50,83,24.580460272598266,1022,501
46,51,83,24.664684258270263,1278,476
46,52,83,24.627547465133667,1388,475
46,53,83,24.626542292404174,584,101
46,54,83,24.581997118759155,1018,495
46,55,83,24.621273718643188,705,66
46,56,83,24.580898247528076,1214,574
46,57,83,24.66643138961792,1530,499
46,58,83,24.582350693511962,1014,495
46,59,83,24.5809344871521,1125,470
46,60,83,24.601255379486084,1453,471
46,61,83,24.574752531814575,833,507
46,62,83,24.623002730178833,680,66
46,63,83,24.550035200881958,577,196
46,64,83,24.59306450920105,2139,499
46,65,83,24.49399634437561,1156,557
46,66,83,24.634861431884765,2770,499
46,67,83,24.488214932250976,841,470
46,68,83,24.66799470024109,3602,512
46,69,83,24.515081845092773,1589,505
46,70,83,24.48675700263977,824,507
46,71,83,24.487061224746704,918,499
46,72,83,24.515060864257812,1733,505
46,73,83,24.49430652694702,1028,530
46,74,83,24.632146321105957,3356,609
46,75,83,24.5252966506958,1285,635
46,76,83,24.4939884765625,1274,499
46,77,83,24.51579948501587,1571,505
46,78,83,24.5337514503479,1553,499
46,79,83,0.20452404022216797,1006,499
46,80,83,0.19782447814941406,833,499
46,81,83,0.22001075744628906,1100,499
46,82,83,24.515957318115234,1963,1240
47,0,77,0.18557977676391602,688,499
47,1,77,0.19954133033752441,679,499
47,2,77,24.491311989593505,693,470
47,3,77,0.19927668571472168,679,499
47,4,77,0.20191025733947754,675,499
47,5,77,0.1996598243713379,673,499
47,6,77,0.19855642318725586,671,499
47,7,77,0.20696330070495605,843,499
47,8,77,24.48564001159668,731,499
47,9,77,0.19942212104797363,899,499
47,10,77,0.19707202911376953,682,499
47,11,77,0.20673513412475586,687,499
47,12,77,0.1994919776916504,834,499
47,13,77,24.488418780136108,687,470
47,14,77,0.19844532012939453,680,499
47,15,77,0.20018577575683594,680,499
47,16,77,0.20293641090393066,849,499
47,17,77,0.19957947731018066,680,499
47,18,77,0.20067524909973145,697,499
47,19,77,0.20498394966125488,690,499
47,20,77,24.48713155822754,687,470
47,21,77,0.1993088722229004,680,499
47,22,77,0.20512604713439941,863,499
47,23,77,24.485696993637085,673,470
47,24,77,0.19691967964172363,670,499
47,25,77,0.18734455108642578,693,499
47,26,77,24.494607888031005,719,499
47,27,77,24.48597928123474,690,472
47,28,77,24.47335024909973,692,470
47,29,77,24.487336121368408,688,472
47,30,77,0.3996138572692871,2886,499
47,31,77,0.520449161529541,3056,499
47,32,77,24.636831007766723,2671,472
47,33,77,24.63871046142578,2518,496
47,34,77,0.2072443962097168,932,499
47,35,77,24.590000353622436,1816,506
47,36,77,24.72933980064392,3739,506
47,37,77,24.722444973754882,3580,604
47,38,77,24.488607369232177,898,470
47,39,77,0.20083856582641602,197,499
47,40,77,24.578753672409057,1397,475
47,41,77,24.675414763259887,2685,472
47,42,77,24.601368151474,2252,499
47,43,77,24.505674324798584,1295,477
47,44,77,24.725547276306152,3267,479
47,45,77,24.55232997970581,1985,472
47,46,77,0.1976454257965088,826,499
47,47,77,24.588461123275756,1973,472
47,48,77,24.49770637588501,534,114
47,49,77,24.590733729171752,1869,480
47,50,77,24.493850909042358,1076,501
47,51,77,24.751907788085937,3395,98
47,52,77,24.492731056976318,1005,501
47,53,77,24.626367293167114,2775,512
47,54,77,24.53488489227295,1115,501
47,55,77,24.747951708602905,3076,508
47,56,77,24.581282578277587,1096,501
47,57,77,24.84183879928589,3858,507
47,58,77,24.581439219284057,1109,501
47,59,77,24.890808306503295,3879,106
47,60,77,24.58200403289795,991,511
47,61,77,24.71115633087158,2325,489
47,62,77,24.583140812683105,1105,599
47,63,77,24.978436194229126,5085,511
47,64,77,24.57625051574707,797,499
47,65,77,24.575302325057983,867,511
47,66,77,0.2853057384490967,773,499
47,67,77,24.75228949623108,3201,496
47,68,77,24.572549067306518,1112,821
47,69,77,24.637538634109497,2712,1543
47,70,77,24.572936974334716,779,501
47,71,77,24.575291596221923,841,505
47,72,77,24.57461544113159,819,501
47,73,77,24.57530828552246,818,489
47,74,77,0.29411792755126953,803,499
47,75,77,24.712684355545044,1477,571
47,76,77,24.63608642654419,1366,524
48,0,92,0.28375816345214844,689,499
48,1,92,0.28453636169433594,690,499
48,2,92,0.2848384380340576,681,499
48,3,92,0.2860112190246582,688,499
48,4,92,24.572293244171142,691,470
48,5,92,0.2833821773529053,674,499
48,6,92,24.572061262893676,681,470
48,7,92,0.28542160987854004,679,499
48,8,92,24.572622261810302,681,470
48,9,92,24.573754034805297,691,470
48,10,92,24.575349531936645,680,470
48,11,92,0.28714942932128906,702,499
48,12,92,0.2889435291290283,190,499
48,13,92,0.29073619842529297,674,499
48,14,92,0.2896909713745117,677,499
48,15,92,24.60942455368042,705,493
48,16,92,0.28688740730285645,687,499
48,17,92,0.2891099452972412,678,499
48,18,92,0.289905309677124,673,499
48,19,92,0.2938408851623535,674,499
48,20,92,0.29070329666137695,680,499
48,21,92,0.2928295135498047,686,499
48,22,92,0.29146695137023926,679,499
48,23,92,0.29027557373046875,822,499
48,24,92,0.29039478302001953,682,499
48,25,92,24.578003369140625,678,472
48,26,92,24.576042376327514,677,470
48,27,92,0.28763699531555176,683,499
48,28,92,0.29189467430114746,176,499
48,29,92,24.57668276863098,822,587
48,30,92,24.576437674331665,681,472
48,31,92,0.2914876937866211,336,499
48,32,92,0.28865957260131836,666,499
48,33,92,0.2875354290008545,897,499
48,34,92,0.2918510437011719,668,499
48,35,92,0.29088664054870605,673,499
48,36,92,0.29060935974121094,676,499
48,37,92,0.29004645347595215,837,499
48,38,92,24.610563479232788,686,472
48,39,92,0.3208789825439453,826,499
48,40,92,24.815249882507324,2697,470
48,41,92,24.679167471694946,1957,472
48,42,92,24.799267016220092,3315,499
48,43,92,24.881836376953125,3637,472
48,44,92,24.96251579360962,4791,515
48,45,92,24.713179550933837,2553,472
48,46,92,0.2864835262298584,868,499
48,47,92,24.575188122558593,858,470
48,48,92,24.578926049041748,818,472
48,49,92,0.28482794761657715,920,499
48,50,92,24.673058710861206,2291,523
48,51,92,24.677177868652343,2501,499
48,52,92,24.578523121643066,1075,607
48,53,92,24.60234185295105,1637,478
48,54,92,24.661133013534545,1360,502
48,55,92,0.2861747741699219,332,499
48,56,92,24.8497013671875,3982,973
48,57,92,24.71860524253845,2490,509
48,58,92,24.579926691818237,876,483
48,59,92,24.57461567955017,853,520
48,60,92,24.591897211837768,1330,499
48,61,92,24.582549773025512,1037,608
48,62,92,24.617838822174072,1175,486
48,63,92,24.57939811782837,837,486
48,64,92,24.68738003807068,2189,504
48,65,92,24.585366688537597,985,514
48,66,92,24.68634983139038,2302,478
48,67,92,24.607838593292236,1281,499
48,68,92,24.683762036132812,2419,510
48,69,92,24.583551607894897,925,470
48,70,92,24.61730071144104,1596,519
48,71,92,24.588673315811157,824,470
48,72,92,24.683024130630493,2240,521
48,73,92,24.589459381866455,946,506
48,74,92,24.592152558135986,942,504
48,75,92,24.669628105926513,1599,479
48,76,92,24.580942831802368,844,506
48,77,92,24.577944241333007,960,594
48,78,92,24.606353245544433,1919,524
48,79,92,24.679209910202026,1620,499
48,80,92,0.2859206199645996,737,499
48,81,92,24.603853426742553,1494,499
48,82,92,24.66767355041504,1046,499
48,83,92,24.67760821418762,2198,493
48,84,92,24.576602898406982,898,524
48,85,92,24.583084545898437,1113,472
48,86,92,24.58023663597107,895,470
48,87,92,24.64683123664856,2444,499
48,88,92,0.20861387252807617,934,499
48,89,92,24.58586236076355,1054,499
48,90,92,24.520622931289672,3103,2271
48,91,92,24.596371851730346,1779,694
49,0,47,0.5529897212982178,3892,499
49,1,47,24.88230773048401,4648,538
49,2,47,24.708668432998657,2877,499
49,3,47,24.534060202407836,1186,499
49,4,47,24.516020499038696,1553,499
49,5,47,24.556229553985595,1927,472
49,6,47,24.85531421737671,4874,475
49,7,47,24.487569533157348,787,499
49,8,47,24.594615898895263,1858,495
49,9,47,24.627113304901123,2670,470
49,10,47,24.58121820526123,1671,499
49,11,47,24.762404166030883,3808,549
49,12,47,0.19972753524780273,397,499
49,13,47,0.20149612426757812,934,499
49,14,47,24.593814097213745,2517,499
49,15,47,0.18737387657165527,698,499
49,16,47,24.75371953086853,3697,479
49,17,47,24.48911329345703,972,587
49,18,47,24.48656102256775,803,499
49,19,47,24.51650258140564,1441,499
49,20,47,24.491916857528686,978,499
49,21,47,24.573310814666748,1514,499
49,22,47,24.551968298721313,2091,532
49,23,47,24.555083714294433,1845,537
49,24,47,24.491320334243774,980,499
49,25,47,0.20359516143798828,876,499
49,26,47,0.20934391021728516,990,499
49,27,47,24.488385878372192,907,471
49,28,47,24.594615660476684,2477,513
49,29,47,0.20029640197753906,766,499
49,30,47,0.20980119705200195,1079,499
49,31,47,24.67640086250305,3300,499
49,32,47,24.49305435256958,531,276
49,33,47,24.495139323043823,905,587
49,34,47,24.633350811767578,2807,499
49,35,47,24.488125763702392,908,585
49,36,47,0.20485591888427734,793,499
49,37,47,24.63620301322937,2430,472
49,38,47,0.19983291625976562,968,499
49,39,47,0.20244240760803223,790,499
49,40,47,24.524042330551147,1469,471
49,41,47,0.20072436332702637,781,499
49,42,47,24.592551670837402,2845,499
49,43,47,0.19913697242736816,782,499
49,44,47,0.230942964553833,792,499
49,45,47,24.719185791778564,1974,754
49,46,47,24.67610117034912,2753,1897
50,0,40,0.564375638961792,2717,499
50,1,40,25.015941820907592,4657,505
50,2,40,24.83821912841797,3094,534
50,3,40,24.61919804649353,1352,537
50,4,40,24.712967119979858,2404,507
50,5,40,24.571971140670776,763,499
50,6,40,24.602045498657226,1240,505
50,7,40,24.714780293273925,2750,483
50,8,40,0.2887837886810303,703,499
50,9,40,24.57895990447998,997,587
50,10,40,0.2869300842285156,286,499
50,11,40,24.6020845993042,1536,474
50,12,40,24.609457455444335,1492,485
50,13,40,0.2905881404876709,744,499
50,14,40,24.611808262634277,1573,495
50,15,40,24.630689822006225,1087,500
50,16,40,24.5834922416687,963,470
50,17,40,24.691276989746093,2148,515
50,18,40,24.579860411453247,890,509
50,19,40,24.584753714370727,1057,594
50,20,40,24.577348194885253,835,507
50,21,40,24.60321994857788,1340,499
50,22,40,24.57642789916992,836,499
50,23,40,24.58444472389221,881,499
50,24,40,24.689034663009643,1778,499
50,25,40,24.67254777984619,1099,502
50,26,40,24.67329903678894,1544,499
50,27,40,24.649109087753295,1874,505
50,28,40,0.2882816791534424,259,499
50,29,40,24.715183459091186,2843,502
50,30,40,24.580585680770874,827,499
50,31,40,24.643180809783935,1672,472
50,32,40,24.604952297973632,1671,509
50,33,40,24.60554739074707,1364,499
50,34,40,24.575081311035156,982,587
50,35,40,24.66680022315979,2042,505
50,36,40,24.606387100982666,1523,484
50,37,40,24.66911932067871,1965,613
50,38,40,0.2866098880767822,975,499
50,39,40,24.665436945724487,1408,566
51,0,38,24.715937338638305,2500,499
51,1,38,24.930033407974243,4790,506
51,2,38,24.920489512252807,4124,499
51,3,38,24.67198773460388,2355,499
51,4,38,24.638170443344116,1812,526
51,5,38,24.660977087783813,1397,480
51,6,38,24.618900023269653,1252,499
51,7,38,24.682336293029785,3091,499
51,8,38,24.721496306228637,2732,499
51,9,38,24.58144661026001,988,470
51,10,38,24.751250468063354,3255,559
51,11,38,24.660649500656127,1337,562
51,12,38,24.638212643432617,1831,472
51,13,38,24.5826754196167,1125,499
51,14,38,24.797902308273315,3607,476
51,15,38,24.66093798713684,1264,509
51,16,38,24.640444718170166,2136,499
51,17,38,24.750653467941284,3207,503
51,18,38,24.581322394180297,1106,538
51,19,38,24.87566991882324,4576,499
51,20,38,24.573531351852417,858,499
51,21,38,24.57436128692627,789,470
51,22,38,24.713529787826538,3071,499
51,23,38,24.581198654937744,1176,510
51,24,38,24.60464759902954,1666,499
51,25,38,24.756026945877075,3689,520
51,26,38,24.58267756538391,574,130
51,27,38,24.666637383270263,1737,499
51,28,38,24.602987013626098,1662,499
51,29,38,24.717506132888794,2915,502
51,30,38,24.572760306167602,737,470
51,31,38,0.28533053398132324,755,499
51,32,38,24.638250075149536,2037,499
51,33,38,24.57433219985962,833,481
51,34,38,24.572529516983032,799,499
51,35,38,24.709480486679077,2267,499
51,36,38,24.680066548156738,2851,499
51,37,38,0.3275773525238037,966,499
52,0,119,0.28563690185546875,674,499
52,1,119,0.2914609909057617,868,499
52,2,119,0.2912309169769287,833,499
52,3,119,0.29062533378601074,850,499
52,4,119,0.2892751693725586,853,499
52,5,119,0.2901887893676758,649,499
52,6,119,24.571413479614257,702,470
52,7,119,0.2906811237335205,339,499
52,8,119,0.2913248538970947,894,499
52,9,119,0.29527878761291504,884,499
52,10,119,24.57370325164795,217,74
52,11,119,0.2926015853881836,896,499
52,12,119,0.2900662422180176,675,499
52,13,119,0.29457736015319824,958,499
52,14,119,0.31139636039733887,984,499
52,15,119,24.586977444458007,708,474
52,16,119,0.3016817569732666,829,499
52,17,119,0.3035001754760742,847,499
52,18,119,24.584149323272705,700,470
52,19,119,0.2930629253387451,708,499
52,20,119,0.29477787017822266,703,499
52,21,119,0.2947511672973633,703,499
52,22,119,0.3011348247528076,830,499
52,23,119,0.29952549934387207,856,499
52,24,119,0.2922086715698242,698,499
52,25,119,0.2900662422180176,689,499
52,26,119,0.28873133659362793,696,499
52,27,119,0.2880439758300781,697,499
52,28,119,0.28751707077026367,682,499
52,29,119,0.2934732437133789,837,499
52,30,119,0.29100728034973145,835,499
52,31,119,0.2951681613922119,908,499
52,32,119,0.2891368865966797,831,499
52,33,119,0.31765007972717285,1145,499
52,34,119,24.581001721191406,688,470
52,35,119,0.29438304901123047,681,499
52,36,119,0.291074275970459,812,499
52,37,119,0.29152989387512207,674,499
52,38,119,0.2906825542449951,666,499
52,39,119,0.29727864265441895,818,499
52,40,119,0.2911567687988281,673,499
52,41,119,0.29366040229797363,668,499
52,42,119,0.2942631244659424,811,499
52,43,119,0.2935328483581543,679,499
52,44,119,25.107465229797363,4415,499
52,45,119,0.30019330978393555,1209,499
52,46,119,24.718916855621337,2431,472
52,47,119,24.682007990646362,2413,499
52,48,119,24.80858441429138,3391,499
52,49,119,24.804162464904785,3607,499
52,50,119,24.625039778518676,1724,499
52,51,119,24.604245863723754,1707,470
52,52,119,24.643743000793457,2020,488
52,53,119,0.28865504264831543,719,499
52,54,119,24.68313618736267,2393,499
52,55,119,24.756302080917358,3392,499
52,56,119,0.2868006229400635,713,499
52,57,119,24.604819498825073,1628,499
52,58,119,24.674189530181884,2121,472
52,59,119,24.604655228424072,1852,499
52,60,119,24.665013037490844,1747,494
52,61,119,0.2854890823364258,728,499
52,62,119,24.66514655189514,1603,499
52,63,119,0.29295802116394043,936,499
52,64,119,24.62001248435974,1281,470
52,65,119,24.66423626976013,1449,499
52,66,119,24.58348723487854,1005,499
52,67,119,24.62032362060547,1079,460
52,68,119,24.583111964035034,1017,587
52,69,119,0.2894906997680664,429,499
52,70,119,24.612466297912597,1300,499
52,71,119,24.67698999481201,1511,263
52,72,119,24.613064490127563,1347,472
52,73,119,0.289233922958374,1051,499
52,74,119,24.637690506744384,2004,472
52,75,119,0.2879064083099365,698,499
52,76,119,24.678653441238403,2072,499
52,77,119,24.602855406570434,1383,499
52,78,119,24.605967961120605,1471,501
52,79,119,24.585771284866333,946,499
52,80,119,24.81283899383545,3519,495
52,81,119,24.644595824050903,1756,498
52,82,119,24.574818812179565,732,470
52,83,119,24.674371920394897,1691,472
52,84,119,24.68203731613159,1960,472
52,85,119,24.57744427757263,880,470
52,86,119,24.727440796661377,2817,499
52,87,119,24.577156983184814,887,507
52,88,119,24.62417408065796,1357,503
52,89,119,24.672743521499633,1586,499
52,90,119,24.57813736038208,960,578
52,91,119,24.64272590713501,1827,507
52,92,119,24.5803606136322,872,507
52,93,119,24.71059461669922,2971,499
52,94,119,24.711184702682495,2914,499
52,95,119,24.672865114974975,1752,499
52,96,119,24.676877938079834,2110,499
52,97,119,24.58153387145996,950,499
52,98,119,24.757563553619384,3347,499
52,99,119,24.639658652114868,2074,499
52,100,119,24.60025831298828,1333,499
52,101,119,0.286151647567749,763,499
52,102,119,24.649294338989257,2019,499
52,103,119,24.580387078094482,1066,472
52,104,119,24.676904879379272,2143,499
52,105,119,24.602005444335937,1465,499
52,106,119,24.62085648612976,1249,499
52,107,119,24.680598460006713,2231,499
52,108,119,24.619743786621093,1112,472
52,109,119,24.660944901275634,997,499
52,110,119,24.885147772598266,3760,472
52,111,119,24.776686154174804,3694,499
52,112,119,24.580971918869018,1026,472
52,113,119,24.60649176673889,1273,499
52,114,119,24.637026511001586,2117,499
52,115,119,24.574731074142456,900,472
52,116,119,0.28654026985168457,835,499
52,117,119,0.2964518070220947,953,499
52,118,119,24.62730809288025,1084,499
53,0,116,24.572780810165405,706,470
53,1,116,0.29134130477905273,833,499
53,2,116,0.2886214256286621,684,499
53,3,116,0.2981297969818115,873,499
53,4,116,0.29038572311401367,705,499
53,5,116,0.2877814769744873,675,499
53,6,116,0.28991198539733887,683,499
53,7,116,0.2936282157897949,826,499
53,8,116,0.3005356788635254,840,499
53,9,116,0.29630208015441895,717,499
53,10,116,0.29557299613952637,693,499
53,11,116,0.2955505847930908,831,499
53,12,116,24.57685037689209,706,486
53,13,116,0.29201388359069824,698,499
53,14,116,0.2933332920074463,679,499
53,15,116,24.594572745132446,846,470
53,16,116,24.580882511901855,685,470
53,17,116,24.578621350097656,679,472
53,18,116,24.57992287712097,683,470
53,19,116,0.29762744903564453,845,499
53,20,116,24.57616277770996,703,491
53,21,116,24.583920441436767,875,499
53,22,116,24.574459992218017,683,472
53,23,116,0.2861661911010742,675,499
53,24,116,0.2922041416168213,830,499
53,25,116,0.28617262840270996,674,499
53,26,116,0.2874598503112793,677,499
53,27,116,0.2855672836303711,676,499
53,28,116,0.28376150131225586,680,499
53,29,116,0.2888467311859131,676,499
53,30,116,0.2862548828125,675,499
53,31,116,0.288546085357666,674,499
53,32,116,0.2881045341491699,686,499
53,33,116,0.2891819477081299,190,499
53,34,116,24.58299895362854,765,472
53,35,116,0.28974270820617676,682,499
53,36,116,24.908269606399536,3994,485
53,37,116,0.38274574279785156,1675,499
53,38,116,24.609873734283447,1595,499
53,39,116,24.718603573608398,2699,499
53,40,116,24.625119410324096,1502,472
53,41,116,24.806284628677368,3722,574
53,42,116,24.620921335983276,1207,499
53,43,116,24.593511782455444,1389,475
53,44,116,24.6376332862854,2153,655
53,45,116,24.665468655395507,1715,517
53,46,116,0.2885110378265381,737,499
53,47,116,24.602156601715087,1339,522
53,48,116,0.33190059661865234,1221,499
53,49,116,0.291489839553833,242,499
53,50,116,24.67514344291687,1730,560
53,51,116,24.601589880752563,1539,525
53,52,116,24.506315909194946,1079,587
53,53,116,24.517533503341674,1486,546
53,54,116,0.20055484771728516,767,499
53,55,116,24.53249379234314,1286,573
53,56,116,24.554207526016235,2013,547
53,57,116,0.20033740997314453,1531,499
53,58,116,24.534789763259887,1170,309
53,59,116,24.575527630615234,1333,517
53,60,116,24.536496125030517,1135,499
53,61,116,24.486647091674804,655,276
53,62,116,24.532152376937866,1200,472
53,63,116,24.517148934173584,1473,511
53,64,116,24.552459440994262,2117,479
53,65,116,24.51822968559265,1456,472
53,66,116,24.593427382278442,2644,486
53,67,116,24.534556351470947,978,305
53,68,116,24.584358177947998,2294,595
53,69,116,0.20023798942565918,761,499
53,70,116,24.512318096923828,1418,499
53,71,116,24.492813311386108,1026,499
53,72,116,24.59127589302063,2436,502
53,73,116,24.52060743408203,1580,552
53,74,116,24.654437027740478,2326,543
53,75,116,24.4898163898468,890,499
53,76,116,24.53191538887024,1290,669
53,77,116,24.491632901000976,1028,550
53,78,116,24.5427264793396,1394,540
53,79,116,24.490987978744506,937,493
53,80,116,24.582864008712768,1824,601
53,81,116,24.59691473083496,1811,636
53,82,116,24.496313772964477,523,66
53,83,116,24.55886646347046,1856,499
53,84,116,24.49809881286621,954,502
53,85,116,24.50473018722534,1091,499
53,86,116,24.54448052482605,982,370
53,87,116,24.50825234489441,955,528
53,88,116,24.593047104644775,1751,524
53,89,116,24.58601566390991,1312,473
53,90,116,24.523205004501342,1405,521
53,91,116,24.726708136367797,2639,475
53,92,116,24.488755904006958,375,99
53,93,116,24.500942669677734,945,499
53,94,116,24.533080778884887,1052,470
53,95,116,24.554918251800537,1496,510
53,96,116,24.492203675079345,605,282
53,97,116,24.768141470718383,3269,610
53,98,116,24.58224817352295,1044,508
53,99,116,24.641028128433227,1839,524
53,100,116,24.59833165245056,1448,551
53,101,116,24.592256985473632,1292,503
53,102,116,24.58550163345337,1017,512
53,103,116,24.689270458984375,2088,541
53,104,116,24.621711693572998,1201,527
53,105,116,24.581962786483764,940,499
53,106,116,24.599777184295654,1427,514
53,107,116,24.659610234069824,1260,503
53,108,116,24.580083094406127,526,93
53,109,116,24.676179610061645,2101,551
53,110,116,24.67643829421997,2601,530
53,111,116,24.63987608985901,2201,594
53,112,116,24.608544550704956,1314,681
53,113,116,24.596449337768554,2402,1472
53,114,116,24.504171572494506,1056,576
53,115,116,24.530772410202026,1139,658
54,0,48,0.5122811794281006,3708,499
54,1,48,24.599864683914184,2169,472
54,2,48,24.629634104537963,2548,472
54,3,48,24.596295080947876,2280,472
54,4,48,24.66918846206665,3180,499
54,5,48,24.715460024642944,3104,470
54,6,48,24.631581984329223,2899,507
54,7,48,24.62777443962097,2801,499
54,8,48,24.717995844650268,3732,505
54,9,48,24.726191006469726,3819,538
54,10,48,24.591753922271728,2007,550
54,11,48,0.1997060775756836,709,499
54,12,48,24.489575825500488,833,470
54,13,48,24.6375112159729,2824,502
54,14,48,0.19862866401672363,294,499
54,15,48,24.7941536529541,4171,471
54,16,48,0.2003798484802246,745,499
54,17,48,24.518106900024414,1671,549
54,18,48,24.82937403755188,4093,601
54,19,48,0.20023059844970703,313,499
54,20,48,24.495180569458007,939,530
54,21,48,24.48455210762024,773,499
54,22,48,0.1981370449066162,797,499
54,23,48,24.55125495033264,1808,557
54,24,48,24.811741791534423,4471,550
54,25,48,24.532483540344238,1067,542
54,26,48,24.71715398864746,3405,514
54,27,48,24.79620762901306,3888,573
54,28,48,24.49551983909607,907,526
54,29,48,24.496287546920776,908,527
54,30,48,24.492721043395996,916,517
54,31,48,24.66271039085388,2931,555
54,32,48,24.492110453414917,1045,662
54,33,48,24.631345473098754,2605,584
54,34,48,24.500666104125976,966,537
54,35,48,24.761702738571167,4562,612
54,36,48,24.495672188568115,560,158
54,37,48,24.53778477745056,1321,605
54,38,48,24.496973000335693,1018,512
54,39,48,24.495380841064453,1172,624
54,40,48,24.497564039993286,1233,652
54,41,48,24.51671238975525,1492,571
54,42,48,24.496930800247192,1189,478
54,43,48,0.20855140686035156,963,499
54,44,48,24.495843849945068,893,488
54,45,48,24.496433220672607,906,523
54,46,48,24.584777556228637,1274,644
54,47,48,24.521633826065063,1049,569
55,0,96,0.19938158988952637,688,499
55,1,96,0.20294761657714844,830,499
55,2,96,0.20540452003479004,852,499
55,3,96,0.20010757446289062,864,499
55,4,96,0.20461559295654297,875,499
55,5,96,0.20434880256652832,889,499
55,6,96,0.19791936874389648,680,499
55,7,96,0.19933533668518066,673,499
55,8,96,0.20095229148864746,826,499
55,9,96,0.19916272163391113,678,499
55,10,96,0.19785547256469727,685,499
55,11,96,0.1970508098602295,681,499
55,12,96,0.19859719276428223,893,499
55,13,96,0.19489002227783203,687,499
55,14,96,0.18497896194458008,841,499
55,15,96,0.19708967208862305,682,499
55,16,96,0.18516278266906738,685,499
55,17,96,0.19763469696044922,697,499
55,18,96,24.490158282089233,470,268
55,19,96,0.19985389709472656,666,499
55,20,96,0.1973400115966797,666,499
55,21,96,0.19988560676574707,704,499
55,22,96,0.18517327308654785,669,499
55,23,96,0.20191216468811035,810,499
55,24,96,0.19883942604064941,673,499
55,25,96,0.19746661186218262,673,499
55,26,96,24.483998499679565,685,470
55,27,96,0.18344736099243164,676,499
55,28,96,0.20476937294006348,1003,499
55,29,96,0.20033025741577148,697,499
55,30,96,0.20631933212280273,873,499
55,31,96,24.634301386642456,2753,499
55,32,96,24.490371905136108,760,470
55,33,96,25.610118590164184,8373,499
55,34,96,24.59679289894104,2192,472
55,35,96,24.493613444137573,953,587
55,36,96,24.63110776977539,2454,499
55,37,96,24.640508375930786,2806,499
55,38,96,0.18616271018981934,569,499
55,39,96,24.51111551361084,1522,472
55,40,96,24.505787335205078,1302,466
55,41,96,0.19833660125732422,726,499
55,42,96,24.52407356338501,1266,499
55,43,96,0.2780437469482422,524,499
55,44,96,0.20072221755981445,219,499
55,45,96,24.560236178207397,2040,499
55,46,96,24.49711152153015,757,499
55,47,96,0.2034008502960205,847,499
55,48,96,24.531235180664062,1251,499
55,49,96,24.556524954605102,2234,499
55,50,96,0.2033393383026123,1005,499
55,51,96,24.518903456497192,1385,492
55,52,96,0.2547626495361328,1555,499
55,53,96,24.563992224502563,1883,499
55,54,96,24.62624856071472,2304,470
55,55,96,24.600788317489624,1847,465
55,56,96,24.497802696990966,776,470
55,57,96,0.19855117797851562,490,499
55,58,96,24.578198872375488,2145,1247
55,59,96,24.49434109764099,1031,499
55,60,96,24.493625603485107,1210,669
55,61,96,24.490749560165405,853,485
55,62,96,24.49599953727722,533,66
55,63,96,24.495780192184448,869,499
55,64,96,24.49672146873474,1114,470
55,65,96,24.52812858657837,1464,499
55,66,96,24.493528567123413,205,66
55,67,96,0.1970529556274414,373,499
55,68,96,24.497944317626953,839,470
55,69,96,24.500090323257446,952,472
55,70,96,24.597531042861938,2227,542
55,71,96,0.2044069766998291,862,499
55,72,96,24.49573489265442,931,470
55,73,96,0.21195077896118164,972,499
55,74,96,24.49565740661621,840,499
55,75,96,0.20255708694458008,714,499
55,76,96,24.576731406021118,1245,499
55,77,96,24.520152054595947,1325,499
55,78,96,24.59730526046753,1666,499
55,79,96,24.49960347251892,700,470
55,80,96,24.53945990638733,1256,499
55,81,96,0.200455904006958,765,499
55,82,96,24.58631607131958,1595,499
55,83,96,24.552951775360107,1901,499
55,84,96,24.5277700050354,1106,529
55,85,96,0.18634939193725586,700,499
55,86,96,24.493193350601196,967,470
55,87,96,24.52172180252075,1502,499
55,88,96,24.495582304763794,1120,499
55,89,96,24.548045359420776,1089,499
55,90,96,24.581605158615112,1040,498
55,91,96,0.2949700355529785,1037,499
55,92,96,24.762574158477783,1859,497
55,93,96,24.60220070915222,1291,508
55,94,96,24.57935234146118,849,499
55,95,96,24.6813344581604,1789,499
56,0,99,25.169598065185546,5071,472
56,1,99,24.89002700881958,3683,505
56,2,99,24.717601738739013,2438,507
56,3,99,24.582208596038818,1218,499
56,4,99,24.604015074539184,1468,505
56,5,99,24.574818812179565,867,474
56,6,99,24.712790928649902,2416,532
56,7,99,24.576139889526367,850,472
56,8,99,0.28468990325927734,434,499
56,9,99,24.68126317100525,2482,520
56,10,99,24.575076781082153,838,506
56,11,99,24.75883575515747,2834,504
56,12,99,24.578651152420044,849,478
56,13,99,24.63518687324524,1786,505
56,14,99,24.67471119003296,1674,519
56,15,99,24.578570328521728,798,503
56,16,99,24.657481394577026,2139,520
56,17,99,24.57503768043518,841,506
56,18,99,24.679254732894897,2054,506
56,19,99,24.58141203956604,860,516
56,20,99,24.75641842918396,3091,499
56,21,99,24.58398028450012,991,529
56,22,99,24.583568297195434,888,514
56,23,99,24.67863055305481,2171,512
56,24,99,24.585793934631347,1017,588
56,25,99,24.580429278182983,1252,499
56,26,99,24.624133311080932,1071,499
56,27,99,24.579077683258056,839,499
56,28,99,24.621741257476806,1159,499
56,29,99,24.579009733963012,862,499
56,30,99,24.57570644454956,838,502
56,31,99,24.59940167503357,1336,460
56,32,99,24.602364502716064,1117,499
56,33,99,24.619982920455932,1117,499
56,34,99,24.580381356048584,1101,587
56,35,99,0.2861976623535156,787,499
56,36,99,24.577499590682983,959,587
56,37,99,24.64224287109375,1640,488
56,38,99,24.58077784614563,1131,499
56,39,99,24.679570637512207,1987,497
56,40,99,24.576975785064697,874,470
56,41,99,24.666129313278198,1671,497
56,42,99,24.71840377883911,2590,501
56,43,99,24.578114472198486,856,486
56,44,99,24.583716116714477,1118,587
56,45,99,24.64955111579895,1821,472
56,46,99,24.66903205947876,1088,282
56,47,99,24.672519408035278,1327,465
56,48,99,24.68684335784912,2211,482
56,49,99,24.574650965499877,859,508
56,50,99,24.6703219039917,1776,576
56,51,99,24.582978926467895,968,594
56,52,99,24.611740074920654,1706,499
56,53,99,24.583701573181152,1197,499
56,54,99,24.628105841445922,1615,472
56,55,99,24.758496962356567,2968,598
56,56,99,24.57877727584839,916,587
56,57,99,24.58327790336609,795,470
56,58,99,24.577443562316894,777,472
56,59,99,24.576243601608276,719,471
56,60,99,24.576129399108886,716,472
56,61,99,0.28587865829467773,717,499
56,62,99,0.28624486923217773,706,499
56,63,99,0.2860414981842041,702,499
56,64,99,24.578750811386108,924,587
56,65,99,0.2883293628692627,689,499
56,66,99,0.2868218421936035,702,499
56,67,99,0.2928156852722168,714,499
56,68,99,0.290590763092041,870,499
56,69,99,24.574983320999145,692,470
56,70,99,0.2880527973175049,693,499
56,71,99,0.29020071029663086,705,499
56,72,99,24.574447594451904,709,476
56,73,99,24.580665312576294,719,470
56,74,99,24.582105837631225,700,470
56,75,99,24.57722731666565,730,476
56,76,99,24.583175860214233,713,470
56,77,99,24.58443995552063,712,499
56,78,99,24.586519442367553,692,470
56,79,99,24.574675761032104,714,472
56,80,99,24.580270252990722,698,470
56,81,99,24.583454809951782,690,470
56,82,99,24.575397454071044,769,536
56,83,99,24.57443257408142,702,473
56,84,99,24.581054888534545,745,512
56,85,99,0.29282045364379883,711,499
56,86,99,0.28704333305358887,672,499
56,87,99,0.2868518829345703,684,499
56,88,99,24.572515927124023,699,470
56,89,99,0.2886478900909424,704,499
56,90,99,24.581189595031738,955,470
56,91,99,24.584578476715087,687,470
56,92,99,24.58299919204712,689,470
56,93,99,0.2909836769104004,689,499
56,94,99,24.573889456558227,831,587
56,95,99,24.57298680381775,711,470
56,96,99,0.28655481338500977,684,499
56,97,99,0.29428577423095703,846,499
56,98,99,24.62098117904663,1061,601
57,0,88,24.571127377319335,685,470
57,1,88,24.569988690185546,698,472
57,2,88,24.57163306312561,686,470
57,3,88,24.573341332244873,717,499
57,4,88,24.5725276096344,688,472
57,5,88,0.28691744804382324,676,499
57,6,88,0.28758692741394043,679,499
57,7,88,0.2890815734863281,683,499
57,8,88,24.57726164894104,695,474
57,9,88,0.2875652313232422,678,499
57,10,88,24.576698265838623,731,499
57,11,88,0.2877669334411621,678,499
57,12,88,0.28881120681762695,683,499
57,13,88,0.29074907302856445,679,499
57,14,88,0.28739285469055176,182,499
57,15,88,24.575399361419677,690,474
57,16,88,24.57459755973816,692,475
57,17,88,24.573723278808593,690,470
57,18,88,24.576045237350463,695,470
57,19,88,24.57270523147583,677,470
57,20,88,24.57449861602783,683,472
57,21,88,24.575028143692016,681,472
57,22,88,24.81346007423401,3014,470
57,23,88,24.68266626434326,2411,472
57,24,88,24.7512328250885,2650,470
57,25,88,24.676888428497314,2365,499
57,26,88,24.6637243850708,1467,472
57,27,88,24.75137849884033,3019,499
57,28,88,24.672008000183105,1981,499
57,29,88,24.669670306015014,1680,499
57,30,88,24.582424841690063,1275,501
57,31,88,24.675545893478393,2312,527
57,32,88,0.28775882720947266,760,499
57,33,88,24.671798430252075,1658,505
57,34,88,0.28673338890075684,812,499
57,35,88,24.580876551437377,1171,472
57,36,88,24.61846800880432,1140,472
57,37,88,24.752741299438476,3250,520
57,38,88,24.581854544448852,1014,470
57,39,88,24.606479607391357,1625,518
57,40,88,24.618873081970214,1239,481
57,41,88,24.58075138168335,1073,499
57,42,88,24.878925047683715,4228,678
57,43,88,24.638003073501586,1899,499
57,44,88,0.29282140731811523,959,499
57,45,88,24.66433998184204,1760,499
57,46,88,24.581903420257568,1291,587
57,47,88,24.677164040374755,2322,546
57,48,88,24.581304751205444,2049,1452
57,49,88,24.618909798431396,1210,515
57,50,88,24.57384105758667,809,494
57,51,88,24.619469605255127,1093,499
57,52,88,24.580832444000244,546,66
57,53,88,24.640580616760253,2281,499
57,54,88,24.712760411071777,2524,524
57,55,88,24.620964489746093,1169,574
57,56,88,24.623846255111694,1368,540
57,57,88,24.762228213119506,3049,499
57,58,88,24.620748959350585,2841,1993
57,59,88,24.61886139945984,1404,499
57,60,88,24.573154412078857,966,587
57,61,88,24.677734337615966,1642,68
57,62,88,24.576827011871337,1013,637
57,63,88,24.57329937057495,842,486
57,64,88,24.578586302566528,959,582
57,65,88,24.672350130844116,1833,558
57,66,88,24.66929241256714,1573,529
57,67,88,24.681405268478393,2082,499
57,68,88,24.573759280014038,780,483
57,69,88,24.66514988975525,1577,499
57,70,88,24.580539665985107,1071,602
57,71,88,24.71035762863159,2092,559
57,72,88,24.57334967689514,799,499
57,73,88,24.57290907936096,856,499
57,74,88,24.57559462623596,968,596
57,75,88,24.674694023895263,2033,492
57,76,88,24.58187099533081,1041,472
57,77,88,24.6400005443573,1844,513
57,78,88,24.579014979171752,907,505
57,79,88,24.678419075775146,2058,530
57,80,88,24.58095570640564,1007,587
57,81,88,24.60659309463501,1978,499
57,82,88,24.58222099380493,1157,472
57,83,88,24.65955015258789,1404,517
57,84,88,24.61805125312805,1372,499
57,85,88,24.603768072891235,1913,499
57,86,88,0.28835082054138184,262,499
57,87,88,24.67145749168396,1084,546
58,0,73,0.28634142875671387,681,499
58,1,73,24.572903118896484,685,470
58,2,73,0.28322291374206543,678,499
58,3,73,0.28511953353881836,689,499
58,4,73,24.576931677627563,684,470
58,5,73,0.2871873378753662,678,499
58,6,73,0.28670620918273926,677,499
58,7,73,24.575484238433837,705,490
58,8,73,24.57195683555603,683,470
58,9,73,24.57587405281067,684,464
58,10,73,24.575423203277587,724,499
58,11,73,0.29599499702453613,338,499
58,12,73,24.572601042556762,683,472
58,13,73,24.571753702926635,681,472
58,14,73,0.28930187225341797,673,499
58,15,73,0.28649210929870605,676,499
58,16,73,0.2856636047363281,702,499
58,17,73,0.2876863479614258,435,499
58,18,73,0.28723883628845215,671,499
58,19,73,0.5231380462646484,2705,499
58,20,73,24.92516442375183,4036,478
58,21,73,24.87482663230896,3897,499
58,22,73,24.619294844436645,1406,477
58,23,73,24.580784760284423,1043,470
58,24,73,24.70973726348877,2639,545
58,25,73,0.28508424758911133,294,499
58,26,73,0.2871227264404297,207,499
58,27,73,24.664416514205932,1332,472
58,28,73,24.58504482345581,965,484
58,29,73,24.674589358139038,2081,499
58,30,73,0.2863304615020752,203,499
58,31,73,0.2868692874908447,374,499
58,32,73,24.683050356674194,2143,499
58,33,73,24.59859748916626,1396,627
58,34,73,0.2866697311401367,719,499
58,35,73,24.61813660697937,1161,474
58,36,73,24.83937545852661,3779,640
58,37,73,24.686491690444946,2278,509
58,38,73,24.685440741348266,2578,680
58,39,73,24.66972228126526,1848,655
58,40,73,24.66870018081665,1760,499
58,41,73,24.612079344558715,1303,499
58,42,73,24.599719010162353,1506,516
58,43,73,24.576367817687988,1122,669
58,44,73,24.571116410064697,721,472
58,45,73,24.575460873413085,733,472
58,46,73,24.57738848762512,863,587
58,47,73,24.584919415283203,1081,499
58,48,73,24.575882397460937,957,505
58,49,73,24.657494746017456,2219,564
58,50,73,24.667647801208496,1015,66
58,51,73,24.67246028022766,1644,506
58,52,73,24.599386893081665,1583,499
58,53,73,24.722902737426757,2654,490
58,54,73,24.5839280708313,833,499
58,55,73,24.579301319885253,1068,691
58,56,73,24.722916327285766,2763,555
58,57,73,24.581128798294067,912,499
58,58,73,24.669133387374877,1709,639
58,59,73,24.72220965461731,3172,598
58,60,73,24.64130827026367,1936,499
58,61,73,0.2860126495361328,738,499
58,62,73,24.584332667160034,1306,624
58,63,73,24.653967581558227,1277,499
58,64,73,24.581473551559448,1167,488
58,65,73,24.58473130302429,1408,669
58,66,73,24.622376166152954,1338,499
58,67,73,24.6207294090271,1345,499
58,68,73,0.28999757766723633,940,499
58,69,73,24.63070484237671,1681,1057
58,70,73,24.62231298522949,1194,578
58,71,73,24.798868380355835,4437,1931
58,72,73,24.582458697128295,850,499
59,0,80,24.577849589157104,730,499
59,1,80,24.57344814376831,687,460
59,2,80,24.571568690109252,758,499
59,3,80,24.57110258178711,685,470
59,4,80,24.572730980682373,731,499
59,5,80,0.2858102321624756,673,499
59,6,80,24.573499642181396,715,470
59,7,80,24.572607956695556,717,472
59,8,80,0.2871413230895996,672,499
59,9,80,24.57479926185608,724,499
59,10,80,24.573720656204223,685,478
59,11,80,24.575936756896972,679,470
59,12,80,24.578743181991577,691,470
59,13,80,0.29073214530944824,687,499
59,14,80,0.29176783561706543,673,499
59,15,80,24.58336540298462,730,499
59,16,80,0.3106708526611328,679,499
59,17,80,0.2921459674835205,687,499
59,18,80,24.577053509521484,714,470
59,19,80,0.28751397132873535,713,499
59,20,80,24.57162543373108,719,470
59,21,80,0.2887105941772461,679,499
59,22,80,24.57344266014099,692,472
59,23,80,24.594506703186035,691,472
59,24,80,24.575039110946655,698,472
59,25,80,0.28641390800476074,728,499
59,26,80,0.2925872802734375,692,499
59,27,80,0.2928473949432373,674,499
59,28,80,0.28870129585266113,702,499
59,29,80,0.2899026870727539,179,499
59,30,80,0.292025089263916,675,499
59,31,80,0.2935609817504883,675,499
59,32,80,0.2951498031616211,672,499
59,33,80,0.3249473571777344,820,499
59,34,80,0.29361414909362793,701,499
59,35,80,24.71771427230835,1815,499
59,36,80,24.78169246749878,3157,472
59,37,80,24.865993462371826,3457,558
59,38,80,0.285672664642334,767,499
59,39,80,24.601063690948486,1288,476
59,40,80,24.595234118270874,1296,494
59,41,80,24.585200033950805,1265,505
59,42,80,24.752393685150146,2844,577
59,43,80,0.29070544242858887,314,499
59,44,80,24.743179760742187,2693,531
59,45,80,24.58800669746399,916,470
59,46,80,24.64444776611328,1929,505
59,47,80,24.582303009796142,928,503
59,48,80,24.613105736541748,1097,502
59,49,80,24.68932481842041,2008,472
59,50,80,24.58948727684021,754,303
59,51,80,24.671538554000854,1947,505
59,52,80,24.577748738098144,850,507
59,53,80,24.752378664779663,3273,505
59,54,80,24.579831085968017,967,505
59,55,80,24.580444060134887,716,303
59,56,80,24.64378424720764,1860,513
59,57,80,24.722752056884765,2930,511
59,58,80,24.59097810821533,1130,620
59,59,80,24.671649418640136,1385,505
59,60,80,24.64044352607727,1610,502
59,61,80,24.670381508636474,1536,505
59,62,80,24.724917612838745,3066,466
59,63,80,24.583971939849853,1131,490
59,64,80,24.681601248550415,2249,505
59,65,80,24.583459578323364,1008,587
59,66,80,24.716651402282714,2692,499
59,67,80,24.57362075881958,838,499
59,68,80,24.595478020477294,1300,499
59,69,80,24.575659237670898,949,587
59,70,80,24.763694248962402,2817,480
59,71,80,24.605972729492187,1356,499
59,72,80,24.612844191360473,1589,499
59,73,80,24.683109246063232,2295,502
59,74,80,0.28748488426208496,764,499
59,75,80,24.6692232711792,2197,505
59,76,80,0.2892286777496338,833,499
59,77,80,0.30251097679138184,915,499
59,78,80,24.845464907455444,5876,3359
59,79,80,24.606632195281982,1444,735
60,0,71,24.57392831878662,706,470
60,1,71,0.28882908821105957,705,499
60,2,71,24.57358642654419,703,472
60,3,71,24.57453366355896,725,497
60,4,71,24.574815474319458,199,66
60,5,71,0.2865476608276367,678,499
60,6,71,24.581888161468505,714,470
60,7,71,24.57745762901306,876,593
60,8,71,0.28879451751708984,694,499
60,9,71,0.29355716705322266,689,499
60,10,71,0.28471946716308594,675,499
60,11,71,24.576307020950317,728,492
60,12,71,24.576137505340576,246,88
60,13,71,24.5843147857666,821,566
60,14,71,24.578507624435424,254,88
60,15,71,24.579491577911377,703,470
60,16,71,24.578186951446533,733,499
60,17,71,24.584314547348022,716,464
60,18,71,0.29200243949890137,671,499
60,19,71,24.575473509597778,730,499
60,20,71,0.2890965938568115,718,499
60,21,71,0.28935766220092773,691,499
60,22,71,0.2876625061035156,682,499
60,23,71,24.57334467010498,694,470
60,24,71,24.57371135787964,699,470
60,25,71,24.576036415863037,684,471
60,26,71,24.575733385849,732,499
60,27,71,0.29026103019714355,673,499
60,28,71,0.29104042053222656,673,499
60,29,71,0.5155270099639893,2715,499
60,30,71,24.71709819869995,2751,499
60,31,71,24.66998454170227,1496,499
60,32,71,24.71608754234314,2756,517
60,33,71,24.715769491958618,2670,574
60,34,71,24.57569547729492,796,470
60,35,71,24.71639534072876,2550,514
60,36,71,24.57501145439148,778,499
60,37,71,0.2930943965911865,877,499
60,38,71,24.678250275421142,1699,505
60,39,71,24.57604118423462,837,496
60,40,71,24.624331436920166,911,66
60,41,71,24.654480896759033,1726,472
60,42,71,24.686618767547607,1352,283
60,43,71,24.58403392868042,836,489
60,44,71,24.648747645187377,1863,526
60,45,71,24.621764860916137,1263,503
60,46,71,24.761321030426025,3013,478
60,47,71,24.668070040512085,1493,297
60,48,71,24.574750386047363,777,505
60,49,71,24.613151989746093,1456,505
60,50,71,24.609675131607055,1443,479
60,51,71,24.57888003425598,811,470
60,52,71,24.718465767669677,2301,468
60,53,71,24.68167158203125,2412,535
60,54,71,24.611586056518554,1543,523
60,55,71,24.58800669746399,1043,531
60,56,71,24.60790916519165,1571,505
60,57,71,24.58894344406128,1038,511
60,58,71,24.626196823883056,1117,471
60,59,71,24.576447687911987,825,506
60,60,71,24.536560974884033,1058,469
60,61,71,24.58620425300598,1499,476
60,62,71,24.539993725585937,1314,505
60,63,71,24.731739960479736,3406,502
60,64,71,24.58028408126831,1465,476
60,65,71,0.20220470428466797,780,499
60,66,71,24.539392672348022,1140,499
60,67,71,24.516498289871215,2173,685
60,68,71,0.19970035552978516,835,499
60,69,71,0.20169639587402344,765,499
60,70,71,24.54280038909912,1120,660
61,0,76,24.487634621429443,686,472
61,1,76,0.1983933448791504,698,499
61,2,76,0.19982385635375977,693,499
61,3,76,0.20209240913391113,841,499
61,4,76,0.20184636116027832,696,499
61,5,76,0.19784951210021973,702,499
61,6,76,24.485296212005615,758,494
61,7,76,24.487106762695312,702,471
61,8,76,0.2043166160583496,687,499
61,9,76,0.20226621627807617,1103,499
61,10,76,24.484523258972168,764,502
61,11,76,0.20231056213378906,672,499
61,12,76,24.48981662826538,870,593
61,13,76,0.19948244094848633,695,499
61,14,76,0.1998734474182129,709,499
61,15,76,24.48511167602539,718,498
61,16,76,24.486434899139404,699,470
61,17,76,0.20467305183410645,682,499
61,18,76,0.19994187355041504,689,499
61,19,76,0.1998739242553711,694,499
61,20,76,24.485802374649047,718,472
61,21,76,0.19965291023254395,727,499
61,22,76,24.490283213424682,718,470
61,23,76,0.20973801612854004,713,499
61,24,76,24.484243355560302,684,472
61,25,76,24.48726650314331,679,470
61,26,76,24.4867965801239,691,474
61,27,76,0.20241022109985352,873,499
61,28,76,0.19803595542907715,684,499
61,29,76,0.19945812225341797,691,499
61,30,76,24.486755333709716,684,470
61,31,76,0.20042133331298828,705,499
61,32,76,24.483921728897094,688,472
61,33,76,24.492633782196044,709,465
61,34,76,24.48867817955017,722,472
61,35,76,0.20264720916748047,681,499
61,36,76,24.485327921676635,681,472
61,37,76,0.5076069831848145,3437,499
61,38,76,24.72742672996521,3035,475
61,39,76,24.885686598587036,4832,535
61,40,76,24.59883376197815,2197,472
61,41,76,24.490921459960937,852,476
61,42,76,24.567223988342285,2031,517
61,43,76,24.516806088256835,1142,350
61,44,76,24.58362551765442,1682,569
61,45,76,0.19887518882751465,732,499
61,46,76,24.75745030479431,3733,524
61,47,76,0.19892120361328125,750,499
61,48,76,24.715879402923584,5071,2041
61,49,76,24.59693356590271,2367,798
61,50,76,24.592237911987304,2023,578
61,51,76,24.53800817565918,780,184
61,52,76,24.671140156555175,3351,493
61,53,76,24.496535025405883,1053,495
61,54,76,24.66955419616699,2926,499
61,55,76,24.536738835144043,1157,484
61,56,76,24.583438359069824,1782,544
61,57,76,24.518608771133422,1312,525
61,58,76,24.58098479347229,1740,515
61,59,76,24.55338331298828,1750,501
61,60,76,24.50123830871582,1081,601
61,61,76,24.525260649490356,1670,499
61,62,76,24.541793547439575,1186,528
61,63,76,24.602990589904785,2633,506
61,64,76,24.583114825057983,1281,508
61,65,76,24.533726177978515,1167,472
61,66,76,24.499102793502807,959,499
61,67,76,24.522644005584716,1777,505
61,68,76,24.563814602661132,1887,525
61,69,76,0.20531344413757324,801,499
61,70,76,24.55627914505005,1782,491
61,71,76,24.497762881088256,840,470
61,72,76,24.59055110054016,2582,523
61,73,76,0.3472907543182373,1948,499
61,74,76,24.561407528686523,1469,578
61,75,76,24.74378892021179,2651,986
62,0,43,24.717879734802246,2255,519
62,1,43,24.8939067943573,3395,530
62,2,43,24.67715998725891,2039,505
62,3,43,24.812524996566772,2503,127
62,4,43,24.675054512786865,2001,646
62,5,43,24.583655319976806,1198,519
62,6,43,24.764537297058105,3044,584
62,7,43,24.673655949401855,1078,499
62,8,43,0.2839689254760742,316,499
62,9,43,0.29788899421691895,301,499
62,10,43,24.678443632888794,1823,534
62,11,43,24.58052846031189,1068,499
62,12,43,24.680034838485717,1751,519
62,13,43,24.575661860275268,766,499
62,14,43,24.831719122695922,3619,498
62,15,43,0.3015155792236328,758,499
62,16,43,0.2911694049835205,738,499
62,17,43,0.302640438079834,742,499
62,18,43,24.74941798286438,2793,499
62,19,43,24.583023510742187,802,516
62,20,43,24.715467415618896,3015,499
62,21,43,24.573934517669677,821,516
62,22,43,24.882866106796264,4061,505
62,23,43,24.58718415336609,827,522
62,24,43,0.29650187492370605,874,499
62,25,43,24.79788490371704,3211,505
62,26,43,24.582109175491333,992,607
62,27,43,24.65402813987732,1251,499
62,28,43,25.08069273071289,6131,482
62,29,43,24.573515377807617,798,512
62,30,43,24.57465787963867,757,478
62,31,43,24.57972689704895,854,516
62,32,43,24.582353077697753,853,512
62,33,43,24.606196127700805,1734,510
62,34,43,24.571420155334472,746,503
62,35,43,24.682166300582885,2167,497
62,36,43,24.67857762413025,2231,508
62,37,43,24.60365792350769,1260,185
62,38,43,0.2829289436340332,729,499
62,39,43,24.688965044784545,4101,1542
62,40,43,0.29218173027038574,911,499
62,41,43,24.607889376449585,2788,1949
62,42,43,24.670756064224243,1015,477
63,0,179,0.3102226257324219,776,499
63,1,179,0.2958106994628906,681,499
63,2,179,24.57239218788147,725,472
63,3,179,0.2890613079071045,734,499
63,4,179,0.28911423683166504,695,499
63,5,179,0.29205775260925293,682,499
63,6,179,24.597537718582153,866,587
63,7,179,0.29869604110717773,863,499
63,8,179,0.2944979667663574,758,499
63,9,179,24.580973587799072,719,470
63,10,179,0.2941474914550781,721,499
63,11,179,0.21504759788513184,713,499
63,12,179,24.487353049087524,757,470
63,13,179,24.484818421173095,703,470
63,14,179,24.490951262283325,767,472
63,15,179,24.49107953147888,801,470
63,16,179,24.487240992355346,738,481
63,17,179,0.20542311668395996,837,499
63,18,179,24.48921199874878,760,470
63,19,179,0.18554997444152832,695,499
63,20,179,24.484879933166503,693,470
63,21,179,24.48652645187378,742,472
63,22,179,24.48643299179077,762,518
63,23,179,0.18728995323181152,722,499
63,24,179,24.485474549102783,704,472
63,25,179,0.19777846336364746,684,499
63,26,179,0.1852567195892334,672,499
63,27,179,0.1979377269744873,684,499
63,28,179,24.48679157333374,848,598
63,29,179,24.48614426689148,734,472
63,30,179,24.486153803634643,721,470
63,31,179,0.18591570854187012,918,499
63,32,179,24.485150538253784,724,470
63,33,179,24.4857880695343,775,499
63,34,179,24.48577233390808,760,472
63,35,179,24.4865524394989,769,472
63,36,179,0.19937515258789062,688,499
63,37,179,24.485966883468627,731,472
63,38,179,24.48549099998474,1004,669
63,39,179,0.18711256980895996,688,499
63,40,179,24.487883768844604,723,470
63,41,179,0.20827198028564453,885,499
63,42,179,0.20012378692626953,210,499
63,43,179,0.19895672798156738,707,499
63,44,179,0.19888567924499512,711,499
63,45,179,24.47052165107727,206,66
63,46,179,24.48515196876526,952,587
63,47,179,24.474965773391723,924,587
63,48,179,24.490771256256103,818,470
63,49,179,24.48870488243103,684,470
63,50,179,24.48772045211792,793,499
63,51,179,24.485625944900512,470,271
63,52,179,24.489529572296142,807,470
63,53,179,0.20189976692199707,685,499
63,54,179,24.486433945465087,709,470
63,55,179,24.48824592666626,860,587
63,56,179,24.487832270431518,695,470
63,57,179,0.1873764991760254,691,499
63,58,179,24.491266451644897,706,470
63,59,179,24.488978825378418,697,470
63,60,179,0.18471264839172363,719,499
63,61,179,24.48738356666565,765,499
63,62,179,24.48620768623352,705,472
63,63,179,0.20033693313598633,766,499
63,64,179,24.487995348739624,682,470
63,65,179,24.49294324951172,729,470
63,66,179,24.473183832931518,731,470
63,67,179,24.483345471191406,717,472
63,68,179,0.184309720993042,690,499
63,69,179,0.19972443580627441,673,499
63,70,179,0.20088720321655273,683,499
63,71,179,0.2003481388092041,707,499
63,72,179,0.20020556449890137,667,499
63,73,179,24.4890417678833,708,472
63,74,179,0.19846105575561523,683,499
63,75,179,0.19863343238830566,674,499
63,76,179,24.487212143707275,711,470
63,77,179,0.18378067016601562,680,499
63,78,179,24.484670363235473,726,472
63,79,179,0.19933342933654785,683,499
63,80,179,0.20095133781433105,707,499
63,81,179,0.4859941005706787,3026,499
63,82,179,24.518207274246215,1471,499
63,83,179,24.596815787124633,2479,510
63,84,179,24.715476237106323,2903,495
63,85,179,24.637730799484252,3099,470
63,86,179,24.48424120979309,787,470
63,87,179,24.489367686080932,852,470
63,88,179,24.489626608657836,892,469
63,89,179,24.495298348236084,877,503
63,90,179,24.751766882705688,3395,285
63,91,179,24.592611513900756,2320,519
63,92,179,24.55513735847473,1794,501
63,93,179,24.59625383453369,2384,505
63,94,179,24.59093638496399,2645,505
63,95,179,24.513469897079467,1461,505
63,96,179,24.55683847503662,2029,499
63,97,179,0.19989705085754395,776,499
63,98,179,24.51689239578247,1573,540
63,99,179,24.580368243026733,1713,533
63,100,179,24.540483198928833,1377,499
63,101,179,24.59489532546997,1888,470
63,102,179,24.625083409118652,2535,505
63,103,179,24.58493896560669,2136,499
63,104,179,24.5829195602417,1683,499
63,105,179,24.520601712036132,1395,499
63,106,179,24.597540341186523,2251,499
63,107,179,24.49398346977234,1215,505
63,108,179,24.550543032455444,1753,472
63,109,179,24.516457997131347,1488,506
63,110,179,24.520908556747436,1412,499
63,111,179,24.51634617881775,1406,504
63,112,179,24.55665012435913,1874,510
63,113,179,24.513172589111328,1108,472
63,114,179,24.636372052001953,2405,503
63,115,179,24.495794974136352,1141,518
63,116,179,24.57460518913269,1474,499
63,117,179,24.510622940826416,1267,499
63,118,179,24.579402409362793,1655,484
63,119,179,0.2090606689453125,1070,499
63,120,179,24.586462698745727,2414,482
63,121,179,24.49697085456848,1124,499
63,122,179,24.49446292953491,1128,499
63,123,179,24.495224200057983,1171,474
63,124,179,24.58895131187439,2050,491
63,125,179,24.583942137527465,1923,487
63,126,179,24.60797568397522,1932,462
63,127,179,24.49186512069702,882,499
63,128,179,24.57970782356262,1309,472
63,129,179,24.517409048843383,1483,503
63,130,179,24.582474432754516,1591,499
63,131,179,24.49555679397583,805,267
63,132,179,0.20637941360473633,973,499
63,133,179,24.51953002052307,1285,498
63,134,179,24.59186788635254,1215,499
63,135,179,24.535764418411254,1210,499
63,136,179,24.54993077354431,1440,499
63,137,179,24.59144326286316,1931,474
63,138,179,24.587140761184692,2202,523
63,139,179,24.595310650634765,1883,499
63,140,179,24.553668938446044,1747,472
63,141,179,24.49506875114441,603,66
63,142,179,24.535881005096435,1420,533
63,143,179,24.494137726593017,653,66
63,144,179,24.484218560028076,196,66
63,145,179,24.494904480743408,961,499
63,146,179,24.58457227783203,1537,472
63,147,179,24.581784926223754,1547,470
63,148,179,24.490247450637817,869,470
63,149,179,24.486569128799438,718,499
63,150,179,24.520285092163085,1002,66
63,151,179,24.516622744369506,1278,499
63,152,179,24.55090805130005,1808,499
63,153,179,24.512642107772827,1107,500
63,154,179,24.531910858917236,1201,587
63,155,179,24.595549546051025,2101,499
63,156,179,24.593041859436035,2179,499
63,157,179,24.5554799659729,1868,499
63,158,179,24.60235472755432,1593,499
63,159,179,24.58639522628784,2133,593
63,160,179,24.500052891540527,789,74
63,161,179,0.20169758796691895,976,499
63,162,179,0.2344653606414795,1531,499
63,163,179,24.4942326171875,864,472
63,164,179,24.647898875045776,2142,499
63,165,179,24.573364220428466,2343,470
63,166,179,24.629934035110473,2660,499
63,167,179,24.489835940170288,1038,587
63,168,179,24.54539295272827,1178,499
63,169,179,24.541310034561157,1329,636
63,170,179,0.21880483627319336,912,499
63,171,179,0.2004702091217041,827,499
63,172,179,0.2274010181427002,828,499
63,173,179,0.2178816795349121,686,499
63,174,179,0.300260066986084,827,499
63,175,179,0.2850172519683838,454,499
63,176,179,0.3036665916442871,875,499
63,177,179,0.29883718490600586,803,499
63,178,179,24.62686415748596,1813,1209
64,0,67,24.63929148750305,1708,534
64,1,67,24.770319901275634,3147,472
64,2,67,24.7709123714447,2760,499
64,3,67,24.79768844680786,3145,499
64,4,67,24.588861428070068,1169,470
64,5,67,24.684634171295166,2025,478
64,6,67,24.580803118515014,769,470
64,7,67,24.642798624801635,1986,499
64,8,67,24.685795985031127,2009,475
64,9,67,24.806324921417236,3185,535
64,10,67,0.2855515480041504,442,499
64,11,67,0.2876005172729492,735,499
64,12,67,24.583745442199707,1117,669
64,13,67,24.582196436691284,894,499
64,14,67,24.60296007232666,1430,464
64,15,67,24.60303445892334,1308,495
64,16,67,24.57494207458496,897,499
64,17,67,24.57405086593628,336,66
64,18,67,24.57703872756958,779,468
64,19,67,24.623554907608032,365,3
64,20,67,24.539463244247436,279,68
64,21,67,24.536980353164672,497,112
64,22,67,24.485233031082153,768,466
64,23,67,24.47254081802368,717,470
64,24,67,24.573616467285156,1359,580
64,25,67,24.67034050064087,2397,499
64,26,67,24.49139066772461,774,499
64,27,67,24.556395970153808,1497,219
64,28,67,24.489831410217285,970,587
64,29,67,24.517533503341674,1318,505
64,30,67,24.49450894432068,990,657
64,31,67,24.587888203430175,1558,472
64,32,67,24.726330004501342,2777,504
64,33,67,24.52126308517456,1453,638
64,34,67,24.552601300048828,1809,512
64,35,67,24.496765337753295,1026,504
64,36,67,24.586807690429687,1361,503
64,37,67,24.494901858139038,1012,636
64,38,67,24.515858851242065,857,264
64,39,67,24.492909394073486,973,469
64,40,67,24.49110146598816,306,66
64,41,67,24.526967726516723,1072,475
64,42,67,24.53762551383972,1119,497
64,43,67,24.553591929244995,1971,535
64,44,67,24.495901070404052,1048,471
64,45,67,24.62911745147705,2345,500
64,46,67,24.489884100723266,909,484
64,47,67,24.493132077026367,940,503
64,48,67,24.597991429138183,2091,499
64,49,67,0.20296549797058105,231,499
64,50,67,24.55999966697693,1789,479
64,51,67,24.495194874572753,941,564
64,52,67,24.536446533966064,1249,487
64,53,67,24.49557515220642,371,132
64,54,67,24.559490881729126,1469,499
64,55,67,0.20265769958496094,860,499
64,56,67,24.557630978393554,2388,587
64,57,67,24.497235022354126,1194,564
64,58,67,24.49619384841919,1011,504
64,59,67,24.488745890426635,857,503
64,60,67,24.488283835220336,829,470
64,61,67,24.488754711914062,930,504
64,62,67,24.53095170097351,1399,564
64,63,67,0.21082615852355957,1133,499
64,64,67,0.20197582244873047,833,499
64,65,67,0.20683598518371582,877,499
64,66,67,24.584159813690185,1332,667
65,0,25,24.601761065292358,1899,472
65,1,25,25.04358883934021,5846,505
65,2,25,24.494260750579834,904,494
65,3,25,24.501481734085083,863,488
65,4,25,24.520914755630493,1851,474
65,5,25,24.753322563934326,3995,497
65,6,25,0.20162367820739746,779,499
65,7,25,24.535034857559204,1338,470
65,8,25,0.19737958908081055,417,499
65,9,25,24.6278516872406,2451,499
65,10,25,24.62813278274536,2564,470
65,11,25,24.486460409927368,850,505
65,12,25,24.593070946502685,2166,499
65,13,25,24.5360068901062,1232,508
65,14,25,24.795877180862426,3566,505
65,15,25,24.48769875602722,900,514
65,16,25,24.67039295272827,2914,474
65,17,25,24.523750506210327,1019,531
65,18,25,24.496869765090942,1137,499
65,19,25,24.51413246231079,1684,505
65,20,25,0.20098328590393066,1056,499
65,21,25,0.20831680297851562,890,499
65,22,25,0.21031665802001953,907,499
65,23,25,0.19933342933654785,482,499
65,24,25,24.53606530265808,1014,577
66,0,30,25.163023196029663,7342,499
66,1,30,24.72519489364624,3848,472
66,2,30,24.575386009979248,1506,499
66,3,30,24.76316114501953,3874,570
66,4,30,0.20600295066833496,939,499
66,5,30,24.535514078903198,1249,499
66,6,30,0.18726706504821777,317,499
66,7,30,25.0273398979187,6174,536
66,8,30,24.588421068954467,1705,762
66,9,30,24.86023613052368,4808,505
66,10,30,24.543306551742553,1207,559
66,11,30,24.534055195617675,777,72
66,12,30,24.494492016601562,465,176
66,13,30,24.51682611541748,1329,498
66,14,30,24.517207585144043,1505,499
66,15,30,24.981809817123413,5561,499
66,16,30,24.592401705551147,2123,499
66,17,30,24.494912348556518,539,158
66,18,30,24.97454687194824,5257,493
66,19,30,24.51509090499878,1382,499
66,20,30,24.627877198028564,2840,471
66,21,30,24.487742625045776,790,499
66,22,30,25.0302753074646,6609,547
66,23,30,24.51860638694763,1363,567
66,24,30,24.57760687904358,1984,539
66,25,30,24.581826887893676,1997,529
66,26,30,0.2128887176513672,1104,499
66,27,30,0.19947004318237305,835,499
66,28,30,0.20768070220947266,877,499
66,29,30,24.51414104537964,1584,932
67,0,45,0.24724102020263672,1428,499
67,1,45,0.27309370040893555,1662,499
67,2,45,24.846831045913696,3774,499
67,3,45,24.5904502494812,1926,499
67,4,45,24.585545740890502,1720,511
67,5,45,24.48711224632263,738,470
67,6,45,24.48273917274475,726,470
67,7,45,24.492241345214843,1056,606
67,8,45,24.485840521621704,781,472
67,9,45,24.49366756515503,1157,499
67,10,45,24.517969332504272,1491,499
67,11,45,24.52558561401367,1228,511
67,12,45,24.53897090988159,1186,506
67,13,45,24.55400224761963,1856,521
67,14,45,0.20538711547851562,785,499
67,15,45,24.48480435447693,725,470
67,16,45,24.51277896003723,1326,599
67,17,45,24.486750565338134,753,466
67,18,45,0.19887733459472656,985,499
67,19,45,24.505596838760376,962,280
67,20,45,24.487726412582397,802,505
67,21,45,24.580155573654174,1676,465
67,22,45,24.576750956344604,1562,497
67,23,45,0.19736886024475098,871,499
67,24,45,24.586548767852783,1660,499
67,25,45,24.54992838935852,1859,499
67,26,45,24.48878189163208,772,470
67,27,45,0.20046448707580566,747,499
67,28,45,24.486879788208007,784,472
67,29,45,24.491758309173584,1084,499
67,30,45,24.591720543670654,2278,519
67,31,45,24.488779745864868,875,587
67,32,45,24.49460168914795,962,497
67,33,45,24.494485817718505,1002,285
67,34,45,24.497927628326416,1193,587
67,35,45,24.495456419754028,922,470
67,36,45,24.492752514648437,931,499
67,37,45,0.20380616188049316,835,499
67,38,45,0.20278406143188477,758,499
67,39,45,24.49422164993286,1077,499
67,40,45,24.4870247467041,280,66
67,41,45,24.59146162109375,2552,472
67,42,45,0.2064523696899414,867,499
67,43,45,24.494166813659668,1006,605
67,44,45,24.519956789779663,1267,594
68,0,122,24.51526089744568,1297,472
68,1,122,24.59485837059021,2297,501
68,2,122,24.488087616729736,873,472
68,3,122,24.537119589614868,1105,470
68,4,122,24.495558224487304,999,501
68,5,122,24.49586721496582,1155,499
68,6,122,24.634763203430175,2245,472
68,7,122,0.20033001899719238,866,499
68,8,122,24.497131548690795,995,501
68,9,122,24.640471421051025,2168,511
68,10,122,24.537125788497924,1014,476
68,11,122,24.5336773021698,1123,476
68,12,122,24.533596239852905,1057,511
68,13,122,24.581673107910156,1192,503
68,14,122,24.49157353477478,992,568
68,15,122,24.538590632247924,1084,499
68,16,122,24.50250931816101,1070,472
68,17,122,24.63282176094055,2331,472
68,18,122,0.20272374153137207,405,499
68,19,122,24.492176972198486,837,517
68,20,122,24.494111977386474,808,488
68,21,122,24.49452682571411,1041,545
68,22,122,24.49900671081543,1146,499
68,23,122,24.505909882354736,1262,476
68,24,122,0.20162034034729004,766,499
68,25,122,24.58181568222046,1252,499
68,26,122,24.48680444793701,775,470
68,27,122,24.58286043243408,1720,522
68,28,122,0.1983165740966797,702,499
68,29,122,24.518602333831787,1647,732
68,30,122,0.20141983032226562,286,499
68,31,122,24.516129217910766,1522,499
68,32,122,24.534518919754028,1109,518
68,33,122,24.48777648048401,791,499
68,34,122,24.496412478256225,1093,510
68,35,122,0.19820427894592285,706,499
68,36,122,24.552290879058837,1705,472
68,37,122,0.1971757411956787,768,499
68,38,122,24.514594994354248,1331,499
68,39,122,24.495148621368408,844,499
68,40,122,24.506570063400268,1499,499
68,41,122,24.534660778808593,1124,460
68,42,122,24.500066958236694,837,472
68,43,122,24.493909798431396,841,470
68,44,122,24.49372311668396,509,72
68,45,122,24.581822357940673,1793,499
68,46,122,24.500894985961914,944,508
68,47,122,24.543590031433105,1334,499
68,48,122,24.59879919128418,2245,499
68,49,122,24.504439554977417,1421,520
68,50,122,24.59343072013855,2223,499
68,51,122,24.495059691238403,974,587
68,52,122,0.1993882656097412,332,499
68,53,122,24.487533293533325,748,499
68,54,122,24.47329183654785,719,470
68,55,122,24.536942444610595,1250,499
68,56,122,24.57639094429016,1017,499
68,57,122,24.499647341537475,915,472
68,58,122,24.487950049209594,801,470
68,59,122,24.495228253173828,1123,499
68,60,122,24.588692389297485,1735,499
68,61,122,24.489051781463623,896,587
68,62,122,24.489573918151855,888,566
68,63,122,24.49207516746521,981,470
68,64,122,24.53651352958679,1211,499
68,65,122,24.49013253288269,818,499
68,66,122,24.50953408317566,1255,472
68,67,122,24.52064724998474,1504,499
68,68,122,24.48897834854126,938,587
68,69,122,24.632711611557006,2718,499
68,70,122,24.533781252670288,1334,499
68,71,122,24.4951874835968,748,66
68,72,122,24.6304413898468,2842,494
68,73,122,0.2023632526397705,709,499
68,74,122,0.20083308219909668,675,499
68,75,122,0.20032739639282227,709,499
68,76,122,0.19904875755310059,851,499
68,77,122,24.48672791557312,700,470
68,78,122,0.19903039932250977,675,499
68,79,122,0.19791102409362793,696,499
68,80,122,0.19827580451965332,678,499
68,81,122,24.48522826271057,699,472
68,82,122,0.18805289268493652,688,499
68,83,122,0.20086216926574707,672,499
68,84,122,24.48359676437378,687,472
68,85,122,0.19797945022583008,670,499
68,86,122,0.1980600357055664,675,499
68,87,122,24.487677298355102,786,472
68,88,122,0.20308971405029297,932,499
68,89,122,0.20014524459838867,709,499
68,90,122,24.489217959213256,715,470
68,91,122,24.489040575790405,686,470
68,92,122,24.496269427108764,690,472
68,93,122,24.490735970306396,718,470
68,94,122,24.485641442108154,696,470
68,95,122,24.484508238601684,723,472
68,96,122,0.1993091106414795,713,499
68,97,122,0.20228147506713867,682,499
68,98,122,24.49423500137329,723,499
68,99,122,24.484409533309936,430,269
68,100,122,0.20650410652160645,686,499
68,101,122,24.48847647743225,717,472
68,102,122,24.473967991638183,681,472
68,103,122,0.19898176193237305,684,499
68,104,122,0.19687271118164062,666,499
68,105,122,24.48332019882202,752,499
68,106,122,24.48623677330017,728,499
68,107,122,24.484782181549072,724,499
68,108,122,0.1864776611328125,669,499
68,109,122,0.19945955276489258,676,499
68,110,122,24.488244734573364,752,499
68,111,122,0.19863200187683105,353,499
68,112,122,24.489063940811157,729,466
68,113,122,24.484409294891357,722,467
68,114,122,24.484749756622314,739,493
68,115,122,24.485321484375,728,476
68,116,122,0.2115941047668457,975,499
68,117,122,0.22078371047973633,288,499
68,118,122,24.632680617141723,1792,499
68,119,122,24.538341723251342,1241,641
68,120,122,24.67135616378784,2596,518
68,121,122,24.582703076171875,1130,499
69,0,63,0.3421931266784668,2342,499
69,1,63,24.672809086608886,2505,499
69,2,63,24.760026179122924,3806,499
69,3,63,24.49382110671997,1049,520
69,4,63,24.55485626296997,2004,505
69,5,63,24.488630018997192,864,470
69,6,63,24.556492529678344,2220,498
69,7,63,24.536730967330932,1170,499
69,8,63,24.495049200820922,1194,499
69,9,63,24.515988074111938,1378,546
69,10,63,24.514795504379272,1324,473
69,11,63,0.1983165740966797,231,499
69,12,63,24.487069330978393,750,441
69,13,63,24.488651238250732,887,493
69,14,63,24.546883784103393,1294,550
69,15,63,24.589688025283813,1586,472
69,16,63,24.62796875076294,2334,852
69,17,63,24.72726460533142,7502,4984
69,18,63,24.69605203704834,2849,546
69,19,63,24.63022419052124,2153,498
69,20,63,24.57826205329895,1517,499
69,21,63,24.515561066436767,1308,499
69,22,63,24.589201651382446,1507,512
69,23,63,24.56135221557617,1872,499
69,24,63,24.590528927612304,1972,499
69,25,63,24.51886983947754,1608,499
69,26,63,24.599864445495605,2007,504
69,27,63,24.539688311386108,1056,548
69,28,63,24.59701868133545,2503,556
69,29,63,24.63221713142395,2355,505
69,30,63,24.575885020065307,1169,562
69,31,63,24.6359722240448,2890,627
69,32,63,24.508728228378295,1385,485
69,33,63,24.53691741065979,676,251
69,34,63,24.59977265434265,2395,499
69,35,63,24.55397029953003,2060,499
69,36,63,24.539455614852905,643,226
69,37,63,24.51574345664978,1496,517
69,38,63,24.57356520729065,1094,522
69,39,63,24.795296154785156,3802,534
69,40,63,24.540005646514892,736,264
69,41,63,24.537717543411254,952,501
69,42,63,24.588623486328125,2251,499
69,43,63,24.519565783309936,1679,566
69,44,63,24.597739420700073,2455,499
69,45,63,24.486679278182983,798,499
69,46,63,24.879898510742187,4522,472
69,47,63,24.49513240890503,997,484
69,48,63,24.53876467781067,1144,610
69,49,63,24.583006106185913,1233,472
69,50,63,24.498021088409423,955,549
69,51,63,24.496839962768554,939,523
69,52,63,24.488430939483642,793,499
69,53,63,24.539600573349,1303,499
69,54,63,24.48929139213562,815,499
69,55,63,24.508587322998046,1470,603
69,56,63,24.498415432739257,1113,472
69,57,63,24.51553937034607,1582,499
69,58,63,24.487060032653808,1108,587
69,59,63,24.57506199913025,1185,499
69,60,63,0.21928048133850098,1127,499
69,61,63,24.532664976882934,1022,596
69,62,63,24.507805071640014,1202,499
70,0,59,24.484354458618164,792,544
70,1,59,24.48537751274109,750,502
70,2,59,24.484930716323852,734,499
70,3,59,24.4727961643219,711,472
70,4,59,24.483804903793335,710,472
70,5,59,24.472717247772216,706,470
70,6,59,24.48490997390747,726,499
70,7,59,24.484709702301025,729,499
70,8,59,24.47172351913452,751,514
70,9,59,24.48264332847595,771,538
70,10,59,0.18428993225097656,693,499
70,11,59,0.19709229469299316,698,499
70,12,59,0.19841480255126953,217,499
70,13,59,0.19872021675109863,694,499
70,14,59,0.20084238052368164,697,499
70,15,59,0.1849830150604248,705,499
70,16,59,24.48473259048462,731,499
70,17,59,24.473824940490722,745,499
70,18,59,24.487341843414306,709,470
70,19,59,24.48389597969055,708,470
70,20,59,24.47324987487793,700,470
70,21,59,24.485004626083374,699,470
70,22,59,0.7465121746063232,4382,499
70,23,59,24.9397892578125,4567,499
70,24,59,24.587968073654174,1965,522
70,25,59,24.59392114715576,2200,575
70,26,59,0.19875168800354004,310,499
70,27,59,24.582641325759887,1731,483
70,28,59,24.486801586914062,738,470
70,29,59,24.586161337661743,1749,502
70,30,59,24.491266928482055,855,470
70,31,59,24.70781322555542,3311,499
70,32,59,24.49377842979431,1080,682
70,33,59,24.492838822174072,918,549
70,34,59,24.837062798309326,4778,488
70,35,59,24.489306412506103,859,470
70,36,59,24.675630770492553,3324,546
70,37,59,24.49488230781555,1225,587
70,38,59,24.890733919906616,5126,608
70,39,59,24.49676366882324,815,273
70,40,59,24.59761258201599,2387,620
70,41,59,24.58796878890991,1810,519
70,42,59,24.530687771606445,1198,470
70,43,59,24.730827532577514,3661,533
70,44,59,0.19857192039489746,763,499
70,45,59,24.58377929763794,1981,538
70,46,59,0.19894957542419434,753,499
70,47,59,24.795821867752075,4192,498
70,48,59,0.20332121849060059,884,499
70,49,59,24.64130898551941,2553,486
70,50,59,0.19991111755371094,756,499
70,51,59,0.198272705078125,788,499
70,52,59,24.62490316467285,2401,504
70,53,59,24.62749358253479,3408,575
70,54,59,0.21189332008361816,478,499
70,55,59,0.2023155689239502,986,499
70,56,59,0.20047545433044434,789,499
70,57,59,24.580854140090942,1543,808
70,58,59,24.790251932907104,3212,950
71,0,67,0.6449189186096191,4293,499
71,1,67,24.487413607406616,873,499
71,2,67,24.492378435897827,982,497
71,3,67,24.49378939704895,992,508
71,4,67,24.490361414718627,767,472
71,5,67,24.488266192245483,760,470
71,6,67,24.5111627204895,1524,472
71,7,67,24.580858193206787,1601,499
71,8,67,24.597566328811645,1713,504
71,9,67,24.631923638153076,2405,524
71,10,67,24.51972957687378,1536,502
71,11,67,24.515156231689453,1556,503
71,12,67,24.578199826049804,1511,499
71,13,67,24.59579011039734,2166,555
71,14,67,24.601717196273803,1925,540
71,15,67,0.2278292179107666,1370,499
71,16,67,24.491359196472168,835,499
71,17,67,0.18488621711730957,718,499
71,18,67,0.1968369483947754,221,499
71,19,67,24.48683949546814,784,491
71,20,67,24.55042978363037,1711,469
71,21,67,24.591800413894653,1731,470
71,22,67,24.59205337600708,1953,276
71,23,67,24.574825964736938,1286,504
71,24,67,24.638569079208374,2414,499
71,25,67,24.578072987365722,1620,505
71,26,67,24.552555046844482,1806,509
71,27,67,24.519187413024902,1324,499
71,28,67,0.22151827812194824,1578,499
71,29,67,24.55850812034607,1859,519
71,30,67,24.579478226470947,1622,499
71,31,67,24.49370404319763,1072,470
71,32,67,24.534887991714477,1222,469
71,33,67,24.591375075149536,1830,472
71,34,67,24.750763855743408,2916,517
71,35,67,24.53288122253418,1284,593
71,36,67,24.630523167419433,2099,509
71,37,67,24.494575939941406,1154,587
71,38,67,24.553981266784668,1783,499
71,39,67,24.552217922973632,1760,535
71,40,67,24.625958166885376,4291,2443
71,41,67,0.29100561141967773,1003,499
71,42,67,24.496601067352294,1165,499
71,43,67,24.57946654396057,1401,499
71,44,67,24.56053825454712,1151,66
71,45,67,24.49330349998474,893,471
71,46,67,24.53072901802063,1125,495
71,47,67,24.532126150894165,1125,495
71,48,67,24.549484215545654,1742,511
71,49,67,24.62441559867859,2247,760
71,50,67,24.493238411712646,1004,472
71,51,67,24.58160539703369,1640,504
71,52,67,24.53201075630188,1058,490
71,53,67,24.497476301956176,1121,470
71,54,67,24.500968418884277,1359,587
71,55,67,24.499122343826294,1228,587
71,56,67,24.893990956115722,4416,471
71,57,67,0.2004683017730713,729,499
71,58,67,26.66591664390564,14177,7037
71,59,67,0.24872255325317383,982,499
71,60,67,0.18610429763793945,700,499
71,61,67,0.1998291015625,899,499
71,62,67,24.756077252197265,5796,3102
71,63,67,0.20795249938964844,920,499
71,64,67,0.22634577751159668,1076,499
71,65,67,24.922239027786254,4494,469
71,66,67,25.9174606426239,19619,11962
72,0,49,24.594927750396728,2202,472
72,1,49,24.877434216308593,4445,548
72,2,49,24.52603169517517,1048,470
72,3,49,24.66628833847046,2832,472
72,4,49,24.592653952407836,1892,556
72,5,49,24.519085131454467,1438,470
72,6,49,24.674854479599,3293,500
72,7,49,0.2271876335144043,868,499
72,8,49,24.767215214538574,4093,870
72,9,49,0.19909262657165527,759,499
72,10,49,0.19933342933654785,313,499
72,11,49,24.588889084625244,1772,528
72,12,49,24.53649016456604,1087,499
72,13,49,24.590079508590698,2146,557
72,14,49,0.2019333839416504,790,499
72,15,49,24.630023442077636,2720,472
72,16,49,0.21440625190734863,926,499
72,17,49,24.759696446228027,3912,552
72,18,49,24.493602000045776,1180,499
72,19,49,24.63088270263672,3100,559
72,20,49,24.49621220664978,1105,499
72,21,49,24.55504199104309,1864,498
72,22,49,24.599196396636962,2590,502
72,23,49,24.583584509658813,1626,488
72,24,49,24.51592942314148,1197,492
72,25,49,24.623800478744506,2223,523
72,26,49,0.19983720779418945,801,499
72,27,49,24.628455363082885,2776,499
72,28,49,24.49623032646179,1021,499
72,29,49,24.495256148147583,1049,499
72,30,49,24.59077402191162,1976,499
72,31,49,24.58163782196045,1871,499
72,32,49,24.532996617126464,1285,501
72,33,49,24.58010645942688,1491,499
72,34,49,24.632008753585815,2898,499
72,35,49,24.494031391906738,1091,499
72,36,49,24.52503415184021,718,269
72,37,49,24.591325245666503,1897,499
72,38,49,24.514240465927124,1455,501
72,39,49,24.494771681594848,842,470
72,40,49,24.58085700111389,1639,560
72,41,49,24.517641983795166,1534,538
72,42,49,24.498596630859375,932,470
72,43,49,24.637135945129394,3087,472
72,44,49,24.492668591308593,811,470
72,45,49,24.75193043785095,4585,660
72,46,49,0.1989421844482422,835,499
72,47,49,0.20741629600524902,900,499
72,48,49,24.588455639648437,1698,997
73,0,113,0.19658255577087402,682,499
73,1,113,0.1979823112487793,694,499
73,2,113,0.20192885398864746,684,499
73,3,113,0.1984691619873047,680,499
73,4,113,0.1973400115966797,684,499
73,5,113,24.485302172470092,681,472
73,6,113,24.47307153778076,684,470
73,7,113,0.20183157920837402,831,499
73,8,113,24.48515935974121,694,470
73,9,113,0.184661865234375,686,499
73,10,113,0.198136568069458,698,499
73,11,113,0.19841384887695312,687,499
73,12,113,0.19568777084350586,679,499
73,13,113,0.18547487258911133,687,499
73,14,113,0.20272016525268555,845,499
73,15,113,0.2100389003753662,836,499
73,16,113,24.485952101516723,706,499
73,17,113,0.18638253211975098,673,499
73,18,113,0.1988544464111328,682,499
73,19,113,0.19739890098571777,675,499
73,20,113,0.19655656814575195,895,499
73,21,113,24.483208142089843,433,269
73,22,113,0.18405485153198242,673,499
73,23,113,24.48378463821411,820,587
73,24,113,0.18371200561523438,678,499
73,25,113,0.19626665115356445,672,499
73,26,113,24.484163246917724,191,66
73,27,113,0.183579683303833,821,499
73,28,113,0.2978498935699463,1753,499
73,29,113,24.492821894454956,1275,551
73,30,113,24.497425518798828,1031,512
73,31,113,24.519704781341552,1681,511
73,32,113,24.49418755607605,1119,604
73,33,113,24.536087475585937,1071,470
73,34,113,24.710481844711303,3949,649
73,35,113,24.591736040878295,2433,499
73,36,113,24.552718840408325,2194,529
73,37,113,24.58536025123596,1971,475
73,38,113,24.577897749710083,1570,493
73,39,113,24.486373863983154,829,470
73,40,113,24.57832070426941,1761,680
73,41,113,24.518611155319213,1468,467
73,42,113,24.578911267089843,1784,499
73,43,113,24.577039681243896,1539,481
73,44,113,0.1973400115966797,464,499
73,45,113,24.533408604431152,1331,565
73,46,113,24.592132054138183,2164,499
73,47,113,0.18630623817443848,715,499
73,48,113,24.532058916854858,1314,470
73,49,113,24.579794369506835,1931,594
73,50,113,0.24236440658569336,1119,499
73,51,113,24.48816057281494,993,586
73,52,113,24.49839635925293,1141,587
73,53,113,24.49058362083435,913,508
73,54,113,24.506876431274414,1420,573
73,55,113,24.51852699356079,1579,527
73,56,113,24.53454490737915,1234,478
73,57,113,24.532499514389038,2826,1999
73,58,113,24.53858133392334,1280,544
73,59,113,24.520585022735595,1444,498
73,60,113,24.535408221054077,1160,485
73,61,113,24.49640341835022,1127,508
73,62,113,24.489749155807495,863,515
73,63,113,24.507001601028442,1344,499
73,64,113,24.495776377487182,897,508
73,65,113,24.489367209243774,365,101
73,66,113,24.493605099487304,962,499
73,67,113,24.580283366012573,1826,540
73,68,113,24.495575390625,1075,474
73,69,113,24.496539793777465,487,68
73,70,113,24.489871941375732,827,499
73,71,113,24.488656245040893,799,505
73,72,113,24.492736302185058,930,499
73,73,113,24.516280375289917,1239,316
73,74,113,24.49502821998596,1120,500
73,75,113,24.49488493041992,901,325
73,76,113,24.51879521446228,1702,683
73,77,113,24.576595984268188,1531,529
73,78,113,24.491027556228637,888,522
73,79,113,24.530613385009765,1065,508
73,80,113,24.492150269317627,886,500
73,81,113,24.593279801177978,1939,530
73,82,113,24.520349226760864,1427,516
73,83,113,24.49317904548645,1101,517
73,84,113,24.574580155181884,1176,516
73,85,113,24.49136134223938,859,475
73,86,113,24.49118634300232,873,473
73,87,113,24.494648419189453,1109,499
73,88,113,24.49247332649231,975,470
73,89,113,24.494941674041748,1040,499
73,90,113,24.504718266296386,1236,472
73,91,113,24.534320793914794,1369,472
73,92,113,24.57440348701477,1235,499
73,93,113,24.492614470291137,923,499
73,94,113,24.533981285858154,1429,499
73,95,113,24.52356382446289,1035,508
73,96,113,24.493787728118896,882,508
73,97,113,0.20896553993225098,996,499
73,98,113,24.52144046859741,1229,306
73,99,113,24.52004476623535,1681,544
73,100,113,24.488783798980712,930,508
73,101,113,24.58888741569519,2585,584
73,102,113,24.49674554901123,1113,472
73,103,113,24.494422159957885,518,95
73,104,113,24.49224515991211,910,538
73,105,113,24.496837101745605,1048,528
73,106,113,24.494032583999633,1092,528
73,107,113,0.20148038864135742,870,499
73,108,113,0.20125484466552734,943,499
73,109,113,0.2043616771697998,1021,499
73,110,113,0.2068479061126709,1072,499
73,111,113,24.551899395751953,1595,727
73,112,113,24.550738297271728,1574,897
74,0,37,0.30552005767822266,2153,499
74,1,37,0.5451149940490723,3902,499
74,2,37,24.755485020446777,3925,472
74,3,37,24.67390366630554,2842,472
74,4,37,24.51358028488159,1373,505
74,5,37,24.51580973701477,1361,564
74,6,37,24.844535074996948,4455,477
74,7,37,24.535474978256225,1156,488
74,8,37,24.52124997215271,1515,489
74,9,37,24.55026813583374,1767,472
74,10,37,24.62492748336792,2301,573
74,11,37,24.499263249206543,1031,504
74,12,37,24.63559242324829,2547,522
74,13,37,24.520653687286377,1562,591
74,14,37,24.53507324295044,1314,587
74,15,37,24.599978409576416,1939,522
74,16,37,24.55628892021179,1709,317
74,17,37,24.59390564994812,2309,499
74,18,37,24.49606104927063,1108,499
74,19,37,24.518331251907348,1585,499
74,20,37,24.49349709587097,994,499
74,21,37,0.20677542686462402,982,499
74,22,37,24.633733235168457,2674,488
74,23,37,24.496996126937866,1142,499
74,24,37,24.517996989059448,1644,585
74,25,37,24.485131703186035,803,499
74,26,37,24.755969010162353,3902,296
74,27,37,24.493066988754272,931,472
74,28,37,24.589050017166137,1793,545
74,29,37,24.489494763183593,867,491
74,30,37,24.593037329483032,2674,499
74,31,37,0.19886398315429688,403,499
74,32,37,24.499926052856445,980,470
74,33,37,0.22948956489562988,992,499
74,34,37,24.51734586791992,2818,1911
74,35,37,24.579914055633544,1011,499
74,36,37,24.514086685943603,1408,561
75,0,30,0.31543684005737305,2067,499
75,1,30,24.629262409973144,2198,470
75,2,30,24.518950424957275,1422,499
75,3,30,24.632613144683837,2627,486
75,4,30,24.495112858581543,930,470
75,5,30,24.53222056465149,590,66
75,6,30,24.494927368927,1008,503
75,7,30,24.51575704650879,1448,499
75,8,30,24.555823765563964,1911,499
75,9,30,24.552702151107788,1518,278
75,10,30,24.592879257965087,1716,472
75,11,30,24.49602624015808,1265,587
75,12,30,24.664921961593627,2746,499
75,13,30,24.520512781906127,1663,499
75,14,30,24.489531479644775,772,470
75,15,30,24.515679322052,1415,469
75,16,30,24.585542164611816,965,66
75,17,30,0.20059657096862793,872,499
75,18,30,0.19839811325073242,691,499
75,19,30,0.20059704780578613,691,499
75,20,30,24.53645511703491,1397,498
75,21,30,0.2656898498535156,1580,499
75,22,30,0.1997067928314209,945,499
75,23,30,0.20002007484436035,691,499
75,24,30,0.19861936569213867,691,499
75,25,30,0.1972827911376953,826,499
75,26,30,24.52644010620117,1384,499
75,27,30,0.19879698753356934,754,499
75,28,30,24.579006396102905,1062,499
75,29,30,24.531579218673706,470,66
76,0,27,25.12028070526123,6149,470
76,1,27,24.767615280914306,3489,472
76,2,27,24.594872914123535,2363,477
76,3,27,24.523105345535278,1464,472
76,4,27,24.62792082862854,2598,499
76,5,27,24.798797093200683,3347,472
76,6,27,0.26717090606689453,1155,499
76,7,27,24.81398769454956,4012,472
76,8,27,24.495910607147216,964,499
76,9,27,24.581877671051025,1588,472
76,10,27,24.494502268600463,864,469
76,11,27,24.522274933624267,1444,587
76,12,27,24.67217417793274,2568,499
76,13,27,24.557092867660522,1454,472
76,14,27,24.837801180648803,4451,470
76,15,27,24.565135680007934,1453,66
76,16,27,24.721887074279785,2847,472
76,17,27,0.1999819278717041,522,499
76,18,27,24.83883925514221,4874,472
76,19,27,0.2472074031829834,1157,499
76,20,27,24.58151050643921,1789,471
76,21,27,24.53347250061035,1167,499
76,22,27,24.555479012298584,2020,504
76,23,27,0.24556207656860352,1262,499
76,24,27,0.19681501388549805,833,499
76,25,27,24.582822047042846,1048,66
76,26,27,24.67582293586731,2023,499
