0.1147 Pa s    ,0.1147                      
10−3 Pa s      ,0.001                       
30 mPa s       ,0.03                      
various        ,N/A                       
1.04 mPa s     ,0.00104                   
0.019 mPa s    ,0.000019                  
40 mPa s       ,0.04                      
μ a            ,N/A                         
"['8 × 10−1 Pa·s', '2 × 10−4 Pa·s'] ","[0.8, 0.0002] "
"['7.72 × 10−3 Pa·s', '9.09 × 10−3 Pa·s'] ","[0.00772, 0.00909] "
1.20 Pa·s ,1.20 
'μ' ,'N/A' 
'ν' ,'N/A' 
"['1.0 mPa s', '1.95 mPa s'] ","[0.001, 0.00195] "
η ,N/A 
'1.0 mPa s' ,0.001 
'1.95 mPa s' ,0.00195 
"['6.35 mPa s', '9.34 mPa s', '1.5 mPa s'] ","[0.00635, 0.00934, 0.0015] "
"['ηm', 'ηp'] ",N/A 
low ,N/A 
6.92 mPa s     ,0.00692                     
lower          ,N/A                         
μc             ,N/A                         
μc             ,N/A                         
μc             ,N/A                         
μc             ,N/A                         
"['0.0173 mPa s', '0.37 mPa s'] ","[1.73e-05, 0.00037] "
'μd' ,'N/A' 
'μd' ,'N/A' 
'μd' ,'N/A' 
'μd' ,'N/A' 
"['0.90 mPa·s', '2.82 mPa·s', '5.98 mPa·s'] ","[0.0009, 0.00282, 0.00598] "
2.82 mPa·s ,0.00282 
2.82 mPa·s ,0.00282 
2.82 mPa·s ,0.00282 
"liquid, mPa·s       ",N/A                   
Investigated        ,N/A                          
μ=αwμw+(1−αw)μo     ,N/A                          
listed in Table 1   ,N/A                          
μc                  ,N/A                          
sufficiently strong ,N/A                          
"[0.01, 0.048, 0.1]  ","[0.00001, 0.000048, 0.0001]  "
"[0.01, 0.0208, 0.1] ","[0.00001, 0.0000208, 0.0001] "
μd ,N/A 
mPa·s               ,N/A                   
142.20 mPa·s        ,0.1422                
mPa·s               ,N/A                   
0.89 mPa·s          ,0.00089               
6.92 mPa s     ,0.00692                     
lower          ,N/A                         
μc             ,N/A                         
μc             ,N/A                         
μc             ,N/A                         
μc             ,N/A                         
"['0.0173 mPa s', '0.37 mPa s'] ","[0.0000173, 0.00037] "
μd             ,N/A                       
μd             ,N/A                       
μd             ,N/A                       
μd             ,N/A                       
μc             ,N/A                         
low            ,N/A                         
1.02           ,0.00102                     
μM             ,N/A                       
1.90           ,0.0019                    
varied              ,N/A                   
1.002 mPa.s ,0.001002 
20 mPa.s ,0.02 
η              ,N/A                         
35.2 ± 0.2 mPa s    ,0.0352                
μc = 50 mPa.s       ,0.05                  
2 mPa s             ,0.002                 
μd = 6 mPa.s        ,0.006                 
23.8 mPa s          ,0.0238                
1 mPa s ,0.001 
μc             ,N/A                        
10 mPa·s       ,0.01                       
μc             ,N/A                        
high           ,N/A                        
6.65           ,6.65                       
"['6.65', '3.13–10.74', '251.76', '10–30', '10–30'] ","['6.65', '6.935', '251.76', '20', '20'] "
10–251.76 mPa·s     ,0.13088                      
μd                  ,N/A                          
almost unchanged    ,N/A                          
"['0.7884', '0.8126', '0.8340', '0.8478', '0.8557'] ","['0.0007884', '0.0008126', '0.000834', '0.0008478', '0.0008557'] "
"['0.85', '0.85–0.92', '0.88–2.10', '1', '1'] ","['0.00085', '0.000885', '0.00149', '0.001', '0.001'] "
varied              ,N/A                   
8.90 × 10−4 Pa·s    ,0.00089               
7.97 × 10−2 Pa·s    ,0.0797                
"['more viscous', 'less viscous'] ","['N/A', 'N/A'] "
Volume-fraction-averaged based on gas (μg) and liquid (μl) phases ,N/A 
1.81x10^-5 Pa s ,1.81e-05 
1.01x10^-3 Pa s     ,0.00101               
moderate            ,N/A                   
3.6 × 10−2 Pa s          ,0.036               
μc                       ,N/A                 
μ_c                      ,N/A                 
μc                       ,N/A                 
μc                       ,N/A                 
2 × 10−3 Pa s       ,0.002                 
μd                  ,N/A                   
Pa·s−1 ,N/A 
μc ,N/A 
μc ,N/A 
251.76 ,0.25176 
"viscosity of dispersed phase,Pa·s−1 ",N/A 
"['viscosity of dispersed phase', 'effects of the viscosity of dispersed phase on critical capillary number'] ","[N/A, N/A] "
μd                  ,N/A                          
increases           ,N/A                          
decreases with increase of viscosity ,N/A 
increases           ,N/A                          
μd                  ,N/A                          
increases with the viscosity of the dispersed phase ,N/A 
provided ,N/A 
characterized by an Ubbelohde capillary viscometer ,N/A 
μ ,N/A 
provided ,N/A 
increased ,N/A 
varied ,N/A 
increases ,N/A 
varying ,N/A 
viscosity of the continuous phase ,N/A 
viscosity ,N/A 
significant impact compared to velocity ,N/A 
increases ,N/A 
viscosity of the continuous phase ,N/A 
1.002 mPa·s ,0.001002 
'Varied' ,'N/A' 
"['1.5 mPa s', '19 mPa s'] ","[0.0015, 0.019] "
"['1.5 mPa s', '3 mPa s', '7 mPa s'] ","[0.0015, 0.003, 0.007] "
"['1.5 mPa s', '7 mPa s'] ","[0.0015, 0.007] "
'19.2 mPa s' ,0.0192 
'19.2 mPa s' ,0.0192 
'from 1.5 to 7 mPa s' ,0.00425 
"['1.5 mPa s', '3 mPa s', '7 mPa s'] ","[0.0015, 0.003, 0.007] "
"[1.5, 3.0, 7.0, 19.2] ","[0.0015, 0.003, 0.007, 0.0192] "
"[1.5, 3, 7] ","[0.0015, 0.003, 0.007] "
'varies' ,'N/A' 
'solvent viscosity' ,'N/A' 
'μ' ,'N/A' 
'μ' ,'N/A' 
'5 mPa·s' ,0.005 
'5 mPa·s' ,0.005 
'increases' ,'N/A' 
intrinsic viscosity ,N/A                          
high viscosity      ,N/A                          
various viscosities ,N/A                          
"['low viscosity', 'viscoelastic'] ","[N/A, N/A] "
similar shear viscosity to Newtonian ,N/A      
solvent viscosity   ,N/A                          
high-viscosity      ,N/A                          
5 mPa·s             ,0.005                        
increases           ,N/A                          
similar shear viscosity ,N/A                    
high ,N/A 
low                 ,N/A                           
high                ,N/A                           
50–200 mPa s        ,0.125                         
50 mPa s            ,0.05                          
50 mPa s            ,0.05                          
50 mPa s            ,0.05                          
increases           ,N/A                           
50 mPa·s            ,0.05                          
increases           ,N/A                           
['50 mPa·s']        ,[0.05]                        
50 mPa·s            ,0.05                          
50 mPa·s            ,0.05                          
increases           ,N/A                           
increases           ,N/A                           
50 mPa·s            ,0.05                          
μc                  ,N/A                           
cannot be ignored   ,N/A                           
high                ,N/A                           
high                ,N/A                           
1 mPa·s             ,0.001                         
"['low', 'high']     ",N/A                          
high                ,N/A                          
high                ,N/A                          
high-viscosity      ,N/A                          
high/low            ,N/A                          
153.7 mPa s         ,0.1537                       
153.7 mPa s         ,0.1537                       
depends only on the viscosity of the dispersed phase ,N/A 
153.7 mPa s         ,0.1537                       
153.7 mPa·s         ,0.1537                       
['153.7 mPa·s']     ,[0.1537]                     
153.7 mPa·s         ,0.1537                       
high                ,N/A                          
153.7 mPa·s         ,0.1537                       
high                ,N/A                          
153.7 mPa·s         ,0.1537                       
variation affected by viscous stresses ,N/A      
high                ,N/A                          
high                ,N/A                          
"['10 mPa·s', '5 mPa·s'] ","[0.01, 0.005]            "
non-Newtonian or Newtonian ,N/A 
"[{'K': 0.34, 'n': 0.49}, {'K': 1.05, 'n': 0.41}, {'K': 2.87, 'n': 0.35}] ",N/A 
increased viscosity reduces coalescence efficiency ,N/A 
Characterized using an Ubbelohde capillary viscometer ,N/A 
volume-averaged values ,N/A 
μ ,N/A 
"['1.41 mPa s', '2.51 mPa s'] ","[0.00141, 0.00251] "
low ,N/A 
μ ,N/A 
μ ,N/A 
1.83 mPa s ,0.00183 
"['1.01 mPa s', '6.14 mPa s', '1.83 mPa s', '2.10 mPa s'] ","[0.00101, 0.00614, 0.00183, 0.00210] "
"['1.01 mPa s', '1.83 mPa s', '2.10 mPa s', '6.14 mPa s'] ","[0.00101, 0.00183, 0.00210, 0.00614] "
"[1.16, 6.14] ","[0.00116, 0.00614] "
"['1.16 mPa s', '6.14 mPa s', '1.83 mPa s', '2.51 mPa s'] ","[0.00116, 0.00614, 0.00183, 0.00251] "
"['1.16 mPa s', '1.83 mPa s', '2.10 mPa s', '2.51 mPa s', '6.14 mPa s'] ","[0.00116, 0.00183, 0.00210, 0.00251, 0.00614] "
"liquid velocity, liquid viscosity ",N/A                          
volume-averaged values ,N/A                          
"[1.0, 2.5]          ","[0.001, 0.0025]              "
lower than droplets ,N/A                          
ηc                  ,N/A                   
High                ,N/A                   
0.53           ,0.00053                    
increases from 0.12 to 0.78 ,0.00045 
increases from 0.01 to 1 ,0.005 
"varies, λ = 1.0–3.83 ",0.02415 
Increases with viscosity ratio from 1 to 3.83 ,0.02415 
0.53 ,0.00053 
2.03 ,0.00203 
given          ,N/A                         
100 mPa s      ,0.1                         
µc             ,N/A                         
λ = 0.01       ,N/A                         
µc ,N/A 
Listed in Table 1 ,N/A 
"['less viscous', 'more viscous', 'increasing internal viscosity'] ","['N/A', 'N/A', 'N/A'] "
fixed               ,N/A                          
1/6                 ,N/A                          
"higher viscous fluid, multiple Reynolds numbers [25, 125] ",N/A 
dominant            ,N/A                          
"['increase', 'increase'] ","['N/A', 'N/A']             "
dominant at the junction ,N/A                      
0.001 kg/m.s   ,0.001                     
0.03 kg/m.s    ,0.03                      
μ              ,N/A                       
high           ,N/A                       
1 cP ,0.001 
μ ,N/A 
10 cP ,0.01 
['different viscosities'] ,'N/A' 
"['20 cP', '1000 cP'] ","[0.02, 1] "
'20 cP' ,0.02 
'20 cP' ,0.02 
'1' ,1 
"['20 cP', '100 cP', '1000 cP'] ","[0.02, 0.1, 1] "
"['20 cP', '1000 cP'] ","[0.02, 1.0] "
'20 cP' ,0.02 
'20 cP' ,0.02 
"['20 cP', '1000 cP'] ","[0.02, 1.0] "
'1 cP' ,0.001 
"['20', '100', '1000'] ","[0.02, 0.1, 1.0] "
μc                  ,N/A                          
fixed               ,N/A                          
"['1.27', '2.64', '5.40', '20.45'] ","[0.00127, 0.00264, 0.0054, 0.02045] "
"['20 mPa·s', '100 mPa·s', '251.76 mPa·s'] ","[0.02, 0.1, 0.25176] "
0.92                ,0.00092                      
higher viscosity    ,N/A                          
μd                  ,N/A                          
"[μd1, μd2]          ","[N/A, N/A]                   "
increases           ,N/A                          
251.76              ,0.25176                      
6.14 mPa·s     ,0.00614                    
μc             ,N/A                        
0.88           ,0.00088                    
μd                  ,N/A                          
251.76              ,0.25176                      
"['33.9 cp', '1.35 cp'] ","[0.0339, 0.00135] "
varies with glycerol concentration ,N/A 
varies with glycerol concentration ,N/A 
aqueous viscosity ,N/A 
1 cP ,0.001 
10 cP               ,0.01                  
'0.00001 Pa.s'      ,0.00001               
'μ_L'               ,'N/A'                 
0.001 Pa.s          ,0.001                 
μ ,N/A 
Dynamic viscosity not specified ,N/A 
η1 ,N/A 
"['0.02 wt%', '0.40 wt%', '1.20 wt%'] ",N/A 
"{'below 0.40 wt%': 'not considerable', 'above 0.40 wt%': 'increased, shear-thinning effect, entanglement increases viscosity'} ",N/A 
dynamic viscosity of the dispersed phase is not provided ,N/A 
shear-dependent ,N/A 
"[{'zero shear viscosity': 'ηo'}, {'infinite shear viscosity': 'η∞'}, {'Carreau-Yasuda model fitting': 'ηγ˙=η∞+ηo-η∞/(1+λCYγ˙an-1)'}] ",N/A 
η2 ,N/A 
increasing with the increase of Na-CMC concentration ,N/A 
"['increases with increasing polymer molecular weight', 'increases with polymer concentration'] ",N/A 
"['0.02 wt%', '0.40 wt%'] ",N/A 
shear-thinning ,N/A 
0.11468 Pa*s        ,0.11468               
1.003x10^-3 Pa*s    ,0.001003              
Multiple values   ,N/A                         
0.68-10.84 mPa s  ,0.00576                     
μc                ,N/A                         
different viscosities ,N/A                 
high                ,N/A                   
350 cSt             ,350                   
more viscous        ,N/A                   
different viscosities ,N/A                 
high                ,N/A                          
more viscous        ,N/A                          
different viscosities ,N/A                      
21.5 mPa·s       ,0.0215                       
1.002 mPa.s      ,0.001002                     
"['1.29 mPa·s', '21.6 mPa·s']        ","[0.00129, 0.0216]         "
'lower viscosity'                   ,'N/A'                     
8.4 × 10−3         ,0.0084                        
0.6 × 10−3     ,0.0006                    
μ_C            ,N/A                       
53.5 mPa.s     ,0.0535                    
μ_D ,N/A 
1 mPa.s ,0.001 
205 mPa s for 0.5 g/L and 460 mPa s for 1 g/L ,"[0.205, 0.46] "
μc                  ,N/A                          
"20–10,000 mPas      ",0.005                        
0.5–1000 mPas       ,0.00075                      
increased           ,N/A                          
high                ,N/A                          
high                ,N/A                          
increasing          ,N/A                          
low and similar to dispersed phase ,N/A          
μc                  ,N/A                          
highly viscous      ,N/A                          
unaffected          ,N/A                          
varies significantly,N/A                          
μc                  ,N/A                          
absolute viscosity value ,N/A                    
large               ,N/A                          
μd                       ,N/A                      
possibly >100 mPas       ,0.1                      
5mPa⋅s                  ,0.005                    
higher                   ,N/A                      
high                     ,N/A                      
increasing               ,N/A                      
high                     ,N/A                      
provided       ,N/A                         
23 times that of water ,N/A                   
increases with cyclohexanone oxime concentration ,N/A                   
μc             ,N/A                            
μc             ,N/A                            
μc             ,N/A                            
μc             ,N/A                            
0.65 mPa.s     ,0.00065                        
μd ,N/A 
μd ,N/A 
μd ,N/A 
1 mPa.s ,0.001 
6.92 mPa·s ,0.00692 
6.92 mPa·s ,0.00692 
0.37 mPa·s ,0.00037 
0.37 mPa·s ,0.00037 
'20 cP'        ,0.02                      
'1 cP'         ,0.001                     
'1 cP'         ,0.001                     
'0.89 mPa·s'   ,0.00089                   
"['1.0 cP', '15.3 cP'] ","[0.001, 0.0153] "
'1 cP' ,0.001 
'10 cP' ,0.01 
'1.2 cP' ,0.0012 
"['20 mPa·s', '50 mPa·s'] ","[0.02, 0.05] "
'10 cP' ,0.01 
liquid viscosity    ,N/A                         
0.92 mPa s          ,0.00092                     
μ                   ,N/A                         
μc                  ,N/A                          
1.3 mPa ∙ s         ,0.0013                       
0.02 mPa ∙ s        ,0.00002               
12×10−3 Pa s        ,0.012                 
"['4.85 mPa s', '485.5 mPa s'] ","[0.00485, 0.4855] "
"['48.5 mPa s', '4.85 mPa s', '192.4 mPa s', '485.5 mPa s'] ","[0.0485, 0.00485, 0.1924, 0.4855] "
μl                  ,N/A                          
μl                  ,N/A                          
higher viscosities  ,N/A                          
"['48.5 mPa s', '4.85 mPa s', '192.4 mPa s', '485.5 mPa s'] ","[0.0485, 0.00485, 0.1924, 0.4855] "
'μ_l' ,'N/A' 
'48.5 mPa s' ,0.0485 
['increasing'] ,['N/A'] 
"various, depending on chitosan concentration ",N/A 
μc ,N/A 
μc ,N/A 
μc ,N/A 
μc ,N/A 
known ,N/A 
μc ,N/A 
μc ,N/A 
different systems ,N/A 
"['0.9 mPa·s', '10 mPa·s'] ","[0.0009, 0.01] "
high                ,N/A                          
μd                  ,N/A                          
μd                  ,N/A                          
μd                  ,N/A                          
high                ,N/A                          
increases with concentration ,N/A                  
"['0.21 Pa·sn', '0.55 Pa·sn', '0.94 Pa·sn'] ","[0.21, 0.55, 0.94] "
"measured by a rheometer (Discovery HR-2, TA Instruments, USA) ",N/A 
higher with higher concentration of CMC solution ,N/A 
decreases with the increase of flow rate of the liquid phase ,N/A 
increases with bubble surface area ,N/A 
μ                   ,N/A                   
μ_c                 ,N/A                   
μc                  ,N/A                   
μc                  ,N/A                   
μc                  ,N/A                   
25.13 mPa·s         ,0.02513               
η_d                 ,N/A                          
μd                  ,N/A                          
μd                  ,N/A                          
μd                  ,N/A                          
0.00124 Pa s        ,0.00124               
μ ,N/A 
492.875 mPa s ,0.492875 
η_out ,N/A 
19.07 mPa s ,0.01907 
μ from Equation [4] ,N/A                   
μc                  ,N/A                   
measured by Ubbelohde viscometer (refer to Table 1) ,N/A 
μc                  ,N/A                   
1.13                ,0.00113               
measured by Ubbelohde viscometer (refer to Table 1) ,N/A 
52.43 mPa·s ,0.05243 
"['52.43 mPa·s', 'lower viscosity', 'higher viscosity'] ","['0.05243', 'N/A', 'N/A'] "
52.43 mPa·s ,0.05243 
52.43 mPa·s ,0.05243 
increases ,N/A 
52.43 mPa·s ,0.05243 
increases ,N/A 
higher ,N/A 
52.43 mPa·s ,0.05243 
mentioned but value not provided ,N/A 
52.43 mPa·s ,0.05243 
changes with the viscosity ratio of the two phases ,N/A 
increasing ,N/A 
52.43 mPa·s ,0.05243 
52.43 mPa·s ,0.05243 
52.43 mPa·s ,0.05243 
mentioned but value not provided ,N/A 
47.2 mPa∙s ,0.0472 
1.01 mPa∙s     ,0.00101                     
high                ,N/A                          
Calculated using Hagen-Poiseuille law ,N/A   
5 to 26 mPa s       ,0.0155                       
Calculated using Hagen-Poiseuille law ,N/A 
0.020 to 0.074 mPa s ,0.000047 
increases with concentration of CO2 in [Emim][BF4] ,N/A 
[Emim][BF4] at _T_ = 308.2–343.2 K and _p_ = 0.1–15 MPa ,N/A 
approximately 23 times that of water ,N/A 
higher              ,N/A                           
high ,N/A 
"['10.16 mPa·s', '54.70 mPa·s', '98.90 mPa·s'] ","[0.01016, 0.0547, 0.0989] "
increases           ,N/A                          
increase            ,N/A                          
"['μc (e)', 'μc (f)'] ",N/A                          
increases           ,N/A                          
More viscous than dispersed phase ,N/A                          
10.16 mPa·s         ,0.01016                      
10.16 mPa·s         ,0.01016                      
increases           ,N/A                          
high                ,N/A                          
0.95 mPa·s          ,0.00095                      
"['μd (g)', 'μd (h)']",N/A                          
little influenced   ,N/A                          
Less viscous than continuous phase ,N/A          
average viscosity in rear cavity ,N/A            
0.95 mPa·s          ,0.00095                      
0.95 mPa·s          ,0.00095                      
"['10 cSt', '50 cSt'] ","[0.001, 0.005] "
"['50 cSt', '10 cSt'] ","[0.005, 0.001] "
'increased' ,'N/A' 
50 cSt              ,0.05                  
μ1                  ,N/A                          
μβu                 ,N/A                          
μc                  ,N/A                          
1.95 × 10−3 Pa.s    ,0.00195                      
1.95 mPa s          ,0.00195                      
'μ2'                ,'N/A'                        
'μd'                ,'N/A'                        
'6.71 × 10−3 Pa.s'  ,0.00671                      
'Viscosity ratio λ = 3.44' ,'N/A'                
'μd'                ,'N/A'                        
"['low viscosity fluid', 'high viscosity ratio fluid'] ","['N/A', 'N/A'] "
"['low', 'high']     ","['N/A', 'N/A']               "
'6.71 mPa s'        ,0.00671                      
μ                   ,N/A                   
25.13 mPa•s         ,0.02513               
25.13 mPa•s         ,0.02513               
"Low viscosity, High viscosity ",N/A                  
"['low(0.04-0.19)', 'high(0.47-1.41)'] ","[0.115, 0.94] "
increases           ,N/A                          
"['0.04', '1.41']    ","[0.04, 1.41]                 "
"['0.04-0.19', '0.47'] ","[0.115, 0.47]              "
less viscous        ,N/A                          
viscous             ,N/A                   
10^-3 mPa s         ,1e-06                 
0.028 Pa s     ,0.028                         
0.028 Pa s     ,0.028                         
10^-3 Pa s ,0.001 
μ                       ,N/A              
70 mPa s       ,0.07                          
70             ,70                            
2.7            ,0.0027                     
0.06 Pa.s      ,0.06                      
shear-thinning ,N/A                       
mentioned in table 1,N/A                          
shear-thinning      ,N/A                          
shear-thinning      ,N/A                          
μc ,N/A 
μc ,N/A 
μc ,N/A 
"['1', '10'] ","[0.001, 0.01] "
μd ,N/A 
μd ,N/A 
μc                  ,N/A                          
very low            ,N/A                          
"['10 cSt', '20 cSt', '100 cSt'] ","[0.001, 0.002, 0.01] "
1 cP                ,0.001                        
increasing          ,N/A                          
various             ,N/A                          
100 cSt             ,0.01                         
different           ,N/A                          
10 cP               ,0.01                         
"{'lambda': ['1/20', '1/3.6']} ",N/A              
high                ,N/A                          
"['20 cSt', '100 cSt'] ","[N/A, N/A]                 "
1.2 mPa.s           ,0.0012                
μL                  ,N/A                   
"['influence droplet volume when in same order of magnitude as continuous phase', 'Droplet size independent if at least 50 times smaller than continuous phase'] ","[N/A, N/A] "
20 mPa.s            ,0.02                         
mentioned     ,N/A                         
['increases'] ,['N/A']                     
"high viscosity, 20 cs ",0.02                       
60 cs               ,0.06                         
mentioned           ,N/A                          
"['20 cs', '60 cs']  ","[0.02, 0.06]                 "
increases           ,N/A                          
['different viscosities'] ,N/A                  
['increases']       ,N/A                          
20 cs               ,0.02                         
high-viscosity fluids ,N/A                        
"changing the dispersed phase viscosity affects the flow pattern transition processes of annular flow to slug flow and slug flow to droplet flow, but has little effect on slug properties and droplet length ",N/A 
xμg+(1−x)μl         ,N/A                          
"['1 mPa·s', '2.32 mPa·s', '6.53 mPa·s'] ","[0.001, 0.00232, 0.00653] "
'0.017 cP' ,0.000017 
'2.32 mPa·s' ,0.00232 
'increases the droplet velocity' ,'N/A' 
'increase of liquid viscosity' ,'N/A' 
'increases' ,'N/A' 
"['1', '2.32', '6.53'] ","[1, 2.32, 6.53] "
2.32 mPa·s          ,0.00232                      
decreases the droplet velocity ,N/A              
more obvious effect under constant-pressure ,N/A  
0.89 to 1.61 cp      ,0.00125               
"['780 mPa s', '780 mPa s', '100 mPa s'] ","[0.78, 0.78, 0.1] "
'μc' ,'N/A' 
'0.65 cp' ,0.00065 
'μ_c = 1 mPa.s' ,0.001 
various             ,N/A                          
extremely low       ,N/A                          
μ_d = 10 mPa.s      ,0.01                         
1 cP                ,0.001                        
μd                  ,N/A                          
decreases low enough to become spherical form at high temperatures ,N/A                   
remains unchanged in initial 50 min                        ,N/A                   
unchanged                                                  ,N/A                   
0.001          ,0.001                       
866 mPa*s      ,0.866                       
"dynamic viscosity, Pa s ",N/A 
much lower than continuous phase ,N/A 
0.894 mPa*s ,0.000894 
viscosity of the continuous phase ,N/A 
"Variable, can be adjusted through dilution ",N/A 
1.5 to 100 mPa s ,0.0505 
μ_l ,N/A 
10.8 mPa s ,0.0108 
"['1.15 mPa s', '60 mPa s'] ","[0.00115, 0.06] "
10.8 mPa s ,0.0108 
"['1.8 mPa s', '60 mPa s'] ","[0.0018, 0.06] "
"['1.76 mPgmin', '10.8 mPgmin', '22.5 mPgmin', '60 mPgmin'] ",N/A 
['increases'] ,N/A 
"['15.2 mPa s', '60 mPa s'] ","[0.0152, 0.06] "
"['15.2 mPa s', '60 mPa s'] ","[0.0152, 0.06] "
three different liquid viscosities ,N/A 
three different viscosities ,N/A 
increasing ,N/A 
μ_g ,N/A 
"['4.85 mPa s', '48.5 mPa s'] ","[0.00485, 0.0485] "
μa ,N/A 
μc ,N/A 
μl             ,N/A                           
μd             ,N/A                           
'1.2 mPa s' ,0.0012 
"['higher for glucose solution and kerosene', 'similar for water and ethanol'] ","['N/A', 'N/A'] "
μ                   ,N/A                          
μ                   ,N/A                          
μl                  ,N/A                          
high                ,N/A                          
"[1.01, 1.2, 2.65, 2.5] ","[0.00101, 0.0012, 0.00265, 0.0025] "
various sets        ,N/A                   
negligible impact   ,N/A                   
0.0176         ,0.0000176                   
['1.6 ± 0.25']      ,[0.0016]              
μ ,N/A 
1.79×10-5 ,1.79e-8 
1.17×10-3           ,1.17E-06              
μ              ,N/A                         
μ1             ,N/A                         
μc             ,N/A                         
"['0.29', '0.29', '0.29', '10', '0.29', '0.29', '0.29'] ","['0.00029', '0.00029', '0.00029', '0.01', '0.00029', '0.00029', '0.00029'] "
'μ2'          ,'N/A'        
'μd'          ,'N/A'        
"'benchmark values, μr = 10' ",0.01       
'Smaller droplets form with an increase in viscosity ratio' ,'N/A'  
μc                  ,N/A                          
μd ,N/A 
"['8-70 mPa.s', '6-100 mPa.s'] ","[0.000039, 0.000053] "
different viscosities ,N/A 
"['different in case 1', 'different in case 2'] ",N/A 
increasing ,N/A 
"['high viscosity in dextran 30 wt% solution', 'lower viscosity in water/hexane'] ",N/A 
"['high', 'higher'] ",N/A 
"['higher for dextran solution', 'lower for water'] ",N/A 
μ_c ,N/A 
μ_d ,N/A 
μ1             ,N/A                         
μ2 ,N/A 
μc ,N/A 
μd                  ,N/A                          
"['varies with temperature and time', 'increases with temperature', 'sudden rise at 40 ℃'] ","[N/A, N/A, N/A] "
['Variation with temperature'] ,[N/A] 
μ_silicone oil      ,N/A                          
49.2 mPa·s     ,0.0492                    
0.89 mPa·s ,0.00089 
high           ,N/A                       
66.4 mPa⋅s     ,0.0664                    
High           ,N/A                       
high           ,N/A                       
high           ,N/A                       
0.1 and 800 s−1     ,0.0001 and 0.8        
"['34.5 cSt', '2.93 cSt'] ","[0.0345, 0.00293] "
"['higher with MO', 'lower with Hex'] ","['N/A', 'N/A'] "
high ,N/A 
high compared to gas,N/A                   
very low ,N/A 
μL: liquid viscosity (kg m–1 s–1) ,N/A 
μL: liquid viscosity (kg m–1 s–1) ,N/A 
2.10 × 10–5 ,2.10e-5 
"['9.78 × 10–4', '3.17 × 10–3', '1.71 × 10–2'] ","[0.000978, 0.00317, 0.0171] "
'1.2 mPa s' ,0.0012 
μ_L            ,N/A                       
0.000018       ,0.000018                  
μ ,N/A 
0.0012 ,0.0000012 
5 cSt               ,0.005                        
low                 ,N/A                          
related to pressure drop and Darcy friction factor ,N/A 
low                 ,N/A                          
"['larger than DI water', 'lower'] ",N/A 
increased viscous shearing rate due to accelerating continuous fluid ,N/A 
expressed in terms of αc ,N/A 
"['0.005 Pa s', '0.05 Pa s'] ","[0.005, 0.05] "
0.1 ,0.0001 
"['50 times of the corresponding feature of water', '0.2 times of the corresponding feature of water'] ",N/A 
expressed in terms of αd ,N/A 
0.001 Pa s ,0.001 
0.1 ,0.1 
0.02-0.2 ,0.11 
higher than water   ,N/A                   
higher than water ,N/A 
increased ,N/A 
"['0.89 mPa s', '9.90 ± 0.08 mPa s'] ","[0.00089, 0.0099] "
physicochemical properties of alginate ,N/A 
different viscosities ,N/A 
"['54.4 mPa s', '163 mPa s'] ","[0.0544, 0.163] "
lower ,N/A 
increases ,N/A 
"['5.7 mPa s', '54.4 mPa s', '163.0 mPa s'] ","[0.0057, 0.0544, 0.163] "
"['5 mPa s', '160 mPa s'] ","[0.005, 0.16] "
"['5.7 mPa s', '163 mPa s'] ","[0.0057, 0.163] "
"['200 mPa s', '1400 mPa s'] ","[0.2, 1.4] "
"['54.4 mPa s', '163 mPa s'] ","[0.0544, 0.163] "
"['54.4 mPa s', '163 mPa s'] ","[0.0544, 0.163] "
viscous liquids around 70 mPa s ,0.07 
inviscid ,N/A 
µc                  ,N/A                          
viscoelastic        ,N/A                          
"['μ from concentric cylinder measurement', 'μ from cone-and-disk measurement'] ","[N/A, N/A] "
larger              ,N/A                          
increased with surfactant concentration ,N/A   
within the same range as CTAC/NaSal solution ,N/A 
"['zero-shear viscosity', 'low-shear viscosity for 1,000 ppm CTAC/NaSal'] ","['N/A', 'N/A'] "
extensional viscosity is much larger than shear viscosity ,N/A 
dependent on flow rate ratio and viscoelasticity ,N/A 
insufficient for droplet production ,N/A 
low viscoelastic fluids ,N/A                      
3.35-4.56 mPa·s     ,0.003955                     
low-viscosity Boger fluids ,N/A                  
high                ,N/A                          
"viscoelastic fluids, Newtonian fluids ",N/A        
"[3.7, 3.7, 3.07, 2.08] ","[0.0037, 0.0037, 0.00307, 0.00208] "
increasing molecular weight of PEO ,N/A 
varied              ,N/A                          
increases           ,N/A                          
high                ,N/A                          
varied         ,N/A                        
0.5            ,0.0005                     
low            ,N/A                        
higher viscosity compared to water ,N/A 
μ ,N/A 
μ1 ,N/A 
μc ,N/A 
0.009 Pa s ,0.009 
μc ,N/A 
μc ,N/A 
μc ,N/A 
μc ,N/A 
greater than dispersed phase ,N/A 
μc ,N/A 
higher than continuous phase         ,N/A                       
μ                                    ,N/A                       
μ2                                   ,N/A                       
μd                                   ,N/A                       
0.001 Pa.s                           ,0.001                     
"['μ_d1', 'μ_d2'] ",'N/A'                     
high                ,N/A                           
Refer to Table 1    ,N/A                           
increased            ,N/A                           
increased with the increase of the liquid viscosity ,N/A 
multiple             ,N/A                           
240.5 mPa·s         ,0.2405                        
low                  ,N/A                           
8.9 mPa·s                                              ,0.0089          
decreased as the liquid viscosity increased            ,N/A             
increased with the increase of liquid viscosity        ,N/A             
high           ,N/A                           
increases with cellulose concentration          ,N/A                   
high           ,N/A                           
"['45.6 mPa·s', '89.8 mPa·s', '151.9 mPa·s']   ","[0.0456, 0.0898, 0.1519]        "
100 mPa s      ,0.1                       
"['viscosity of oil 1', 'viscosity of oil 2', 'viscosity of oil 3'] ","['N/A', 'N/A', 'N/A'] "
viscous                              ,N/A                        
high ,N/A 
μD ,N/A 
['4.6 to 73'] ,[0.0388] 
['low viscosity ratio to continuous phase'] ,N/A 
25.13 mPa·s      ,0.02513                   
25.13            ,0.02513                   
High viscosity in one study; low viscosity in another study ,N/A 
effects of two-phase viscosity mentioned ,N/A 
"['0.89 mPa·s', '1.65 mPa·s', '4.88 mPa·s'] ","[0.00089, 0.00165, 0.00488] "
0.04 < λ < 0.19 ,0.115 
λ ,N/A 
"['0.07', '0.19'] ","[0.00007, 0.00019] "
"['relatively low', 'relatively high'] ",N/A 
Different viscosities  ,N/A                   
μ_c                    ,N/A                   
μ_d ,N/A 
"['1.50 to 2.38 mPa·s', '1.58 to 1.61 mPa·s'] ","[0.00194, 0.001595] "
"['large apparent viscosity', 'lower viscosity for the non-Newtonian than Newtonian at similar viscosities'] ","[N/A, N/A] "
Two different viscosities: Newtonian and non-Newtonian ,N/A 
0.97 mPa s     ,0.00097                      
μW             ,N/A                          
decreases with time                         ,N/A                        
0.001 to 6 Pa s                             ,3.0005                     
increases with chitosan concentration       ,N/A                        
"['0.001 Pa s', '1.5 Pa s']                  ","[0.001, 1.5]               "
high                                        ,N/A                        
non-Newtonian       ,N/A                          
varies with chitosan concentration ,N/A          
4.37 ± 0.13 Pa s    ,4.37                         
μ              ,N/A                        
μ              ,N/A                        
varies with the shear rate and the flow rate ,N/A 
relatively small    ,N/A                          
μc                  ,N/A                          
μc                  ,N/A                          
varies with the shear rate and the flow rate ,N/A 
μd = K ·γ̇ n –1 ,N/A 
increases with CMC concentration ,N/A 
μdi ,N/A 
shear-thinning ,N/A 
similar ,N/A 
Increases with CMC concentration ,N/A 
increases with CMC concentration ,N/A 
μd ,N/A 
μd ,N/A 
"relatively small, different, similar, shear-thinning property not contributing to droplet size difference ",N/A 
identical during thread deformation ,N/A 
1.002 mPa·s    ,0.001002                   
350 cP         ,0.35                       
μ              ,N/A                        
350 cP         ,0.35                       
10 mPa.s       ,0.01                       
increase       ,N/A                        
10 mPa·s       ,0.01                      
1 mPa.s        ,0.001                     
3 cP                         ,0.003                     
"[4.1 cP (FC40), 1.2 cP (HFE 7500)] ","[0.0041, 0.0012]     "
48 mPa·s                     ,0.048                     
0.9 cP                       ,0.0009                    
"['3 cP', '16 cP'] ","[0.00003, 0.00016] "
'1 mPa·s' ,0.001 
"increases with flow rate, decreases with shear rate, increases with concentration of CMC ",N/A 
10.16 mPa·s ,0.01016 
"high, increases with CMC concentration ",N/A 
μc ,N/A 
μc ,N/A 
μ ,N/A 
μc ,N/A 
0.95 ,0.00095 
changes with the shear rate ,N/A 
increases with CMC concentration ,N/A 
increases with concentration of CMC ,N/A 
"high, increases with CMC concentration ",N/A 
['increases with concentration of CMC'] ,['N/A'] 
increases with flow rate ratio ,N/A 
μd ,N/A 
"['μd', 'K(Qd/2W3)n-1'] ","['N/A', 'N/A'] "
ranges from 0.65 to 3.57 ,2.11 
μd ,N/A 
decreases as CMC is added ,N/A 
higher concentrations of shear-thinning non-Newtonian fluids tend to have higher viscosities ,N/A 
10.16 ,0.01016 
"['3.6 mPa s', '5.5 mPa s'] ","[0.0036, 0.0055] "
1.5 times viscosity of dispersed phase ,N/A 
1.5                 ,1.5                          
"['less viscous', 'more viscous'] ",N/A 
O(1)                ,N/A                          
'3.3 mPa s'                             ,0.0033                     
'almost equal to continuous phase'       ,'N/A'                      
12 mPa.s       ,0.012                      
low            ,N/A                        
high           ,N/A                        
high           ,N/A                        
0.894          ,0.894                      
low ,N/A 
low ,N/A 
lower than castor oil ,N/A 
"['0.820', '110', '650'] ","['0.00082', '0.11', '0.65'] "
"Measured, but specific values not provided ",N/A 
μ                                              ,N/A                   
increases with particle concentration         ,N/A                   
μG                  ,N/A                   
μO                   ,N/A                   
μo                   ,N/A                   
μ ,N/A 
highly viscous ,N/A 
"['8.9 mPa·s', '240.5 mPa·s'] ","[0.0089, 0.2405] "
increased ,N/A 
provided ,N/A 
same ,N/A 
"['0.92 to 10.18 mPa·s', '1 to 1000 mPa·s', '0.73 mPa·s', '1.2 to 30 mPa·s', '1172 mPa·s'] ","[0.0055, 0.5, 0.00073, 0.0156, 1.172] "
constant ,N/A 
"['8.9 mPa·s', '17.5 mPa·s', '45.6 mPa·s'] ","[0.0089, 0.0175, 0.0456] "
fixed ,N/A 
"['1 mPa·s', '6.53 mPa·s', '240.5 mPa·s'] ","[0.001, 0.00653, 0.2405] "
"['8.9 mPa.s', '17.5 mPa.s'] ","[0.0089, 0.0175] "
increases ,N/A 
increased viscosity ,N/A 
"[8.9, 17.5, 45.6, 89.8, 151.9, 240.5] ","[0.0089, 0.0175, 0.0456, 0.0898, 0.1519, 0.2405] "
high viscosity                ,N/A                        
viscosity studied             ,N/A                        
low                           ,N/A                        
highly viscous                ,N/A                        
high                          ,N/A                        
dominating viscous force      ,N/A                        
high viscosity ,N/A 
low ,N/A 
highly viscous ,N/A 
"['24.63', '2.439'] ","[0.02463, 0.002439] "
high ,N/A 
increases; higher viscosity requires greater shear stress for transition to jetting ,N/A 
important in pinching-off ,N/A 
viscous force ,N/A 
μ_c            ,N/A                        
increases           ,N/A                          
varied              ,N/A                          
dispersed viscosity influence is negligible ,N/A 
influenced by the viscosity due to the different viscous resistance stresses ,N/A 
"['influenced by', 'larger'] ","['N/A', 'N/A'] "
dynamic viscosity provided but no numeric value ,N/A 
ηc ,N/A 
constant ,N/A 
"['1.95 mPa s', '100 mPa s'] ","[0.00195, 0.1] "
100 mPa s ,0.1 
100 mPa s ,0.1 
1.95 mPa s ,0.00195 
η c ,N/A 
η c ,N/A 
constant            ,N/A                          
1 mPa s             ,0.001                        
1 mPa s             ,0.001                        
6.7 mPa s           ,0.0067                       
η d                 ,N/A                          
η d                 ,N/A                          
increases with BSA concentration ,N/A 
constant ,N/A 
"['1.21 ± 2.12', '1.43 ± 0.78', '1.64 ± 1.20', '1.43 ± 0.82', '1.44 ± 0.64', '1.45 ± 0.78', '1.46 ± 0.83', '1.46 ± 0.73', '1.48 ± 0.86'] ","[0.00121, 0.00143, 0.00164, 0.00143, 0.00144, 0.00145, 0.00146, 0.00146, 0.00148] "
material viscosities,N/A                          
1 cP                                                                        ,0.001               
1 cP                                                                        ,0.001               
higher in 50% (v/v) ferrofluid than 10% (v/v) ferrofluid                     ,N/A                 
less viscous                                                                ,N/A                 
1 cP                                                                        ,0.001               
η                                                                           ,N/A                 
"['6.927 cP', '30.5 cP'] ","[0.006927, 0.0305] "
10 cP ,0.01 
10 cP ,0.01 
26 mPa s            ,0.026                        
5 mPa s             ,0.005                        
"solvent, mPa s ",N/A 
ηd ,N/A 
5.2 × 10−4 Pa.s ,5.2e-4 
"[5.1, 5.26, 5.28, 5.24] ","[0.0051, 0.00526, 0.00528, 0.00524] "
μL                  ,N/A                          
μL                  ,N/A                          
"['0.81 mPa.s', '0.82 mPa.s', '0.87 mPa.s', '0.85 mPa.s'] ","[0.00081, 0.00082, 0.00087, 0.00085] "
μL                  ,N/A                   
μL                  ,N/A                   
high viscosity                                                       ,N/A                        
Low                                                                  ,N/A                        
Uμ                                                                   ,N/A                        
μc                                                                   ,N/A                        
μc                                                                   ,N/A                        
"μe,c                                                                 ",N/A                        
larger τc leads to more likely jetting regime                        ,N/A                        
low                                                                  ,N/A                        
0.0010                                                               ,0.0010                     
Herschel-Bulkley (H-B) constitutive equation ,N/A 
"['increased dispersed phase viscosity', 'high viscosity'] ",N/A 
"['ΔP sq', 'τ μ'] ",N/A 
"μe,d ",N/A 
"['48 Pa', '114 Pa'] ",N/A 
"high when resistance is high, low when resistance is low ",N/A 
"['0.0009', '0.4298', '3.2910', '4.9010'] ","['0.0000009', '0.0004298', '0.003291', '0.004901'] "
μ_c = 0.001 Pa.s    ,0.001                 
μ_d = 0.005 Pa.s      ,0.005               
N∙s/m2         ,N/A                        
250 mPa s−1          ,0.25                        
1.24 mPa·s      ,0.00124         
7.00 mPa·s     ,0.007                       
μ              ,N/A                         
['0.2']        ,[0.0002]                    
"['1', '5', '10'] ","[0.001, 0.005, 0.01]      "
higher ,N/A 
increased due to phosphate acid          ,N/A                        
increase leads to augmentation of bubble formation period ,N/A 
"['increases', 'decreases with increase of liquid flow rate and viscosity'] ","['N/A', 'N/A'] "
increases affects bubble volume negatively for monodispersity ,N/A 
increases           ,N/A                           
low                 ,N/A                           
increases with the concentration of glycerol    ,N/A                        
increases with time                             ,N/A                        
minor compared to liquid                        ,N/A                        
23.1 mPa s      ,0.0231                      
low to medium  ,N/A                           
8.74 mPa s     ,0.00874                       
35 mPa s       ,0.035                       
2 mPa s ,0.002 
less than 5.0 mPa·s ,0.0025 
1.0 mPa·s ,0.001 
"['45.6 mPa·s', '240.5 mPa·s'] ","[0.0456, 0.2405] "
highly viscous liquid ,N/A 
high ,N/A 
high ,N/A 
"['45.6 mPa·s', '89.8 mPa·s'] ","[0.0456, 0.0898] "
"increases with flow rate, significantly increases with viscosity ",N/A 
"['45.6', '89.8', '240.5'] ","[0.0456, 0.0898, 0.2405] "
"['1.38-4.82', '1.51-3.04', '1.00'] ","[0.0031, 0.002275, 0.001] "
1.0 mPa·s                     ,0.001                 
negligible for water          ,N/A                   
"['1.0 mPa·s', '240.5 mPa·s', '8.9 mPa·s'] ","[0.001, 0.2405, 0.0089] "
"['114.7 mPa∙s at 20 °C', '85.1 mPa∙s at 25 °C'] ","[0.1147, 0.0851]     "
μ                                         ,N/A                   
1cP                                       ,0.001                 
10cP           ,0.01                       
"['1.426', '1.0274', '0.963']      ","[0.001426, 0.0010274, 0.000963] "
"['3.364', '0.734', '0.584']        ","[0.003364, 0.000734, 0.000584]"
'μC'           ,'N/A'                 
low            ,N/A                        
high           ,N/A                        
low            ,N/A                        
1.8            ,0.0018                     
"['η1', 'η2'] ",N/A 
high ,N/A 
"['1', '0.9'] ","['0.001', '0.0009'] "
ηoil             ,N/A                          
26.06 mPa s      ,0.02606                      
0.91 mPa s      ,0.00091                     
1.005 mPa s                              ,0.001005            
2                                        ,0.002               
0.167                                    ,0.000167            
μ_c                                      ,N/A                 
0.167                                    ,0.000167            
2                                        ,0.002               
2                                        ,0.002               
2                                        ,0.002               
Variable; the ratio μc/μd is 2           ,N/A                 
2                                        ,0.002               
1                                        ,0.001               
1                    ,N/A                  
μ_d                  ,N/A                  
μc / μd =2           ,N/A                  
higher               ,N/A                  
high                ,N/A                          
high                ,N/A                          
liquid phase viscosity ,N/A                    
increases           ,N/A                          
highly viscous fluids ,N/A                      
"['45.6 mPa·s', '89.8 mPa·s', '151.9 mPa·s', '240.5 mPa·s'] ","[0.0456, 0.0898, 0.1519, 0.2405] "
highly viscous fluids ,N/A                      
"['45.6 mPa·s', '240.5 mPa·s'] ","[0.0456, 0.2405]  "
151.9 mPa·s        ,0.1519                      
'2-pentOH has the highest kinematic viscosity and EtAc the lowest'                                     ,N/A                   
"['4.90 x 10–7', '4.27 x 10–6', '7.29 x 10–7', '1.00 x 10–6']                                           ","['4.9e-10', '4.27e-09', '7.29e-10', '1e-09'] "
1 cP           ,0.001                       
0.89           ,0.00089                     
"['50 cP', '500 cP'] ","[0.05, 0.5] "
30.30 ,30.30 
adjustable                  ,N/A                       
Water viscosity (η0)        ,N/A                       
adjustable                                         ,N/A                      
increases with concentration                       ,N/A                      
"['13.2 mPa s', '24 mPa s']                         ","[0.0132, 0.024]          "
"['13.2 mPa s for DCM', '24 mPa s for chloroform']  ","[0.0132, 0.024]          "
"['higher for chloroform', 'lower for DCM']         ",N/A                      
Calculated through noted equations                 ,N/A                      
higher for chloroform compared to DCM              ,N/A                      
"['13.2', '1.3', '0.8', '24', '4.9', '1.2']         ","[0.0132, 0.0013, 0.0008, 0.024, 0.0049, 0.0012] "
1.004 mPa s    ,0.001004                   
7.36 mPa s ,0.00736 
μ1             ,N/A                         
0.01Pa•s       ,0.01                        
0.01Pa•s       ,0.01                        
0.01Pa•s       ,0.01                        
0.01Pa•s       ,0.01                        
0.01           ,0.01                        
viscosity of dispersed phase                                        ,N/A                             
μ2                                                                  ,N/A                             
0.001Pa•s                                                           ,0.001                           
0.001Pa•s                                                           ,0.001                           
"['0.001Pa•s', '0.0016Pa•s', '0.0022Pa•s', '0.0029Pa•s', '0.0036Pa•s'] ","[0.001, 0.0016, 0.0022, 0.0029, 0.0036] "
different viscosities                                               ,N/A                             
different viscosities                                               ,N/A                             
['different viscosities']                                           ,['N/A']                         
"['0.001Pa•s', '0.0016Pa•s', '0.0022Pa•s', '0.0029Pa•s', '0.0036Pa•s'] ","[0.001, 0.0016, 0.0022, 0.0029, 0.0036] "
0.001Pa•s                                                           ,0.001                           
higher viscosity makes internal circulation of the droplet difficult,N/A                             
increases                                                          ,N/A                             
0.001                                                              ,0.001                           
7-35 mPa s                                                           ,0.021                      
ηC                                                                   ,N/A                        
ηC                                                                   ,N/A                        
higher viscosity yields shorter interval to restore stable state     ,N/A                        
higher                                                               ,N/A                        
"['7.2 mPa s', '35−40 mPa s']                      ","[0.0072, 0.0375]      "
['more viscous oil leads to longer thread']       ,N/A                   
'7 < μ < 35 mPa s'                                ,0.021                  
"['7.2 mPa s', '35-40 mPa s']                      ","[0.0072, 0.0375]      "
"['7 mPa s', '35 mPa s']                           ","[0.007, 0.035]        "
μ              ,N/A                        
heavy phase                                 ,N/A                        
kinematic viscosity of light phase          ,N/A                        
0.125                                       ,0.000125                   
μc             ,N/A                         
μd             ,N/A                   
μ_c            ,N/A                           
μ_{1}          ,N/A                           
μ_d              ,N/A             
μ_{2}             ,N/A             
increased         ,N/A             
low to high       ,N/A             
0.65 cP         ,0.00065                   
1 cP ,0.001 
μ                   ,N/A                         
5.9 × 10–4          ,5.9e-07                      
μ              ,N/A                        
10–3           ,0.0015                     
10^-3 Pa s     ,0.001                       
η              ,N/A                         
'10^-3 Pa s'        ,0.001                        
'η'                 ,'N/A'                        
'10−3 Pa s'         ,0.001                        
'η d/ η c = 1/2'    ,'N/A'                        
'1/2'               ,'N/A'                        
'1/2'               ,'N/A'                        
"['9.3 ± 0.2', '9.5 ± 0.2', '10 ± 0.3', '13 ± 1']  ","[0.0093, 0.0095, 0.01, 0.013]     "
(0.9–1.5) ×10−3 Pa s,0.0012                
lower               ,N/A                   
under investigation ,N/A                   
10^-5 Pa.s        ,1e-05                 
1.815e-05 Pa.s    ,1.815e-05             
10^-2 Pa.s     ,0.01                        
0.1 Pa.s       ,0.1                         
small               ,N/A                   
ηc                  ,N/A                   
1mPas               ,0.001                 
2.2 mPa s           ,0.0022                
ηd ,N/A 
1mPas ,0.001 
1 mPa s ,0.001 
0.001 Pa.s          ,0.001                 
0.048 Pa.s          ,0.048                 
0.001Pa.s           ,0.001                 
0.001 Pa.s          ,0.001                 
0.001 Pa.s          ,0.001                 
μ(ϕ)=μoil+(μwat−μoil)ϕ ,N/A                       
μ                   ,N/A                         
μ wat               ,N/A                         
8.9e-04             ,0.00089                     
μ oil               ,N/A                          
0.007               ,0.007                        
μ_c                 ,N/A                          
μc                  ,N/A                          
μc                  ,N/A                          
"['7.143 × 10−3', '7.143 × 10−1'] ","[0.007143, 0.7143] "
'Pa.s'              ,'N/A'                 
'μd'                ,'N/A'                 
'μ_d'               ,'N/A'                 
'μd'                ,'N/A'                 
'μd'                ,'N/A'                 
'10−3 Pa.s'         ,0.001                 
η              ,N/A                       
variable       ,N/A                       
η              ,N/A                       
range provided      ,N/A                   
µ ,N/A 
μc             ,N/A                           
higher         ,N/A                       
1.3 mPa·s      ,0.0013                     
36 mPa·s       ,0.036                      
increases      ,N/A                        
1.17 mPa·s     ,0.00117                    
μ=μ1+(μ2−μ1)φ       ,N/A                 
0.075 Pa·s          ,0.075               
0.001 Pa·s      ,0.001                       
low                 ,N/A                 
μ                   ,N/A                 
1 cP                ,0.001               
10^-6 m2s^-1        ,N/A                 
0.01 Pa·s           ,0.01                
μg             ,N/A                    
5 cP           ,0.005                  
0.05 Pa·s      ,0.05                   
μ               ,N/A                        
26 mPa s       ,0.026                      
ηc              ,N/A                        
2 mPa·s ,0.002 
shear rate dependent ,N/A 
multiple viscosities ,N/A 
varies from 2.7 to 1312 s−1 ,N/A 
"['high for G3', 'varied for others'] ","['N/A', 'N/A'] "
"non-Newtonian, shear-thinning ",N/A 
calculated using a power-law model ,N/A 
effective viscosity based on average shear rate ,N/A 
shear rate dependent                                                                      ,N/A                 
shear-thinning                                                                            ,N/A                 
decreased at low shear rates                                                              ,N/A                 
low                                                                                       ,N/A                 
"['high for XG at low rates', 'varies for CMC 0.5% and CMC 1.5%']                          ","['N/A', 'N/A']      "
μ                                                                                         ,N/A                 
"non-Newtonian, shear-thinning                                                             ",N/A                 
high at small flow rates                                                                  ,N/A                 
effective dynamic viscosity                                                               ,N/A                 
['different viscosities']                                                                 ,['N/A']             
effective viscosity based on the average shear rate in a microchannel                     ,N/A                 
6.92 mPas           ,0.00692               
0.37 mPas ,0.00037 
μc             ,N/A                           
μw             ,N/A                           
μw             ,N/A                           
1.005 mPa s    ,0.001005                       
μo                  ,N/A                   
8.93 mPa s          ,0.00893               
['increases with the concentration of TOP'] ,N/A 
μ ,N/A 
"[1.49, 2.41, 3.12] ","[0.00149, 0.00241, 0.00312] "
'constant'          ,'N/A'                        
'μc'                ,'N/A'                        
'10 m Pas'          ,0.01                         
'1.2 mPa.s'         ,0.0012                       
constant            ,N/A                          
μd                  ,N/A                          
1 m Pas             ,0.001                        
10 mPa.s            ,0.01                         
different viscosities ,N/A 
same as dispersed phase or varies ,N/A 
10.11 × 10−3 Pa s ,0.01011 
more viscous liquid ,N/A 
list of significantly dissimilar viscosities ,N/A 
10 times higher than that of water for glycerol solution ,N/A 
same as continuous phase or varies ,N/A 
higher viscosities produce smaller droplets ,N/A 
0.89 × 10−3 Pa s ,0.00089 
higher viscosity ,N/A 
higher ,N/A 
η              ,N/A                         
0.1 Pa s       ,0.1                         
increased by about 30%     ,N/A                        
proprietary    ,N/A                         
μ              ,N/A                         
increased ,N/A 
increased ,N/A 
"['highest in system 2 compared to system 1 and 3', 'higher viscosity leads to droplets of higher volume', 'viscosity difference of the order of 103 between system 1 and system 3'] ","['N/A', 'N/A', 'N/A'] "
effective viscosity refers to Rhodes report                 ,N/A                   
increases with solution concentration                       ,N/A                   
1 cP                                                         ,0.001                 
10 cP          ,0.01                        
35 cp          ,0.035                      
35 cp          ,0.035                      
μc                                                        ,N/A                   
"['77.20', '74.80']                                        ","[0.0772, 0.0748]      "
μd             ,N/A                         
"['1.94', '1.90'] ","['0.00194', '0.00190'] "
μ              ,N/A                          
negligible     ,N/A                         
increasing     ,N/A                         
μ              ,N/A                        
1.0·10-3       ,0.001                      
1.0·10-2 ,0.001 
used in Ca calculation ,N/A 
1.900·10-5 m2/s       ,N/A                 
8.788·10-7 m2/s        ,N/A                 
1 mPa s ,0.001 
0.54 mPa s ,0.00054 
μC ,N/A 
0.54 mPa s ,0.00054 
μC ,N/A 
1.0 mPa s      ,0.001                       
1.0 mPa s      ,0.001                       
"as the viscosity of the continuous phase increase, the droplet length decrease and the frequency increase ",N/A 
μc ,N/A 
μc ,N/A 
μc ,N/A 
0.89 mPa.s ,0.00089 
"['1.3', '9.4'] ","['0.0013', '0.0094'] "
1.0 ,0.001 
μd                         ,N/A                       
μd                         ,N/A                       
μd                         ,N/A                       
"['λ=1.34', 'λ=9.4']        ","['N/A', 'N/A']            "
"['1.34', '9.4']            ","['N/A', 'N/A']            "
"['15 m Pa.s', '1000 m Pa.s'] ","[0.015, 1.000]               "
'λ'                        ,'N/A'                             
higher                            ,N/A                        
"['lowest', 'highest']             ","['N/A', 'N/A']             "
higher for higher oil viscosities ,N/A                        
higher oil viscosities associated with higher Ca             ,N/A                      
μ              ,N/A                         
10 cP          ,0.01                          
1 cP          ,0.001                      
10−2–10−3 Pa s                          ,0.00055                
"['<0.001 Pa s', '>0.1 Pa s']            ","[0.0005, 0.1]          "
low                                     ,N/A                    
low                                     ,N/A                    
"['a few Pa s', 'up to 3.5 Pa s']          ","['N/A', '3.5']             "
≈3.5 Pa s                                 ,3.5                        
3.5 Pa s                                  ,3.5                        
>10−1 Pa s                                ,0.1                        
ultraviscous                              ,N/A                        
ultrahigh                                 ,N/A                        
a few Pa s                                ,N/A                        
high                                      ,N/A                        
['increased at higher temperature']       ,['N/A']                    
High                                 ,N/A                        
1.5393 × 10−3 kg m−1 s−1             ,N/A                        
lower                                ,N/A                        
high                                 ,N/A                        
39.2 × 10−3 kg m−1 s−1                  ,N/A                        
three times as viscous as water ,N/A              
viscous liquid      ,N/A                          
estimated                   ,N/A                          
"['3 mPa s', '>50 mPa s']    ","[0.003, 0.05]                "
low            ,N/A                         
μ1 ,N/A 
"['1.95 × 10−3 Pa s', '0.5 × 10−3 Pa s to 4 × 10−3 Pa s', '1.95 × 10−3 Pa s'] ","[0.00195, 0.00225, 0.00195] "
"['0.5 × 10−3 Pa s', '4 × 10−3 Pa s'] ","[0.0005, 0.004] "
['Different viscosities'] ,[N/A] 
different viscosities ,N/A 
increases ,N/A 
increases ,N/A 
1.95 × 10−3 Pa s ,0.00195 
μ2                  ,N/A                   
6.71 × 10−3 Pa s    ,0.00671               
6.71 × 10−3 Pa s    ,0.00671               
reduced        ,N/A                         
"['10 cP', '50 cP', '200 cP'] ","[0.001, 0.005, 0.02] "
different ,N/A 
50 cP ,0.005 
50 cP ,0.005 
"['10 cP', '200 cP'] ","[0.001, 0.02] "
various ,N/A 
"['10 cP', '200 cP'] ","[0.001, 0.02] "
"['10 cP', '200 cP'] ","[0.001, 0.02] "
"['10', '50', '200'] ","[0.01, 0.05, 0.2] "
"['10', '50', '200'] ","[0.01, 0.05, 0.2] "
various                ,N/A                 
1 cP                   ,0.001               
different viscosity    ,N/A                 
1 cP                   ,0.001               
1 cP                   ,0.001               
1 cP                   ,0.001               
1 cP                   ,0.001               
1                      ,N/A                 
"[1, 1, 1]              ","['N/A', 'N/A', 'N/A'] "
"['10 mPa s', '100 mPa s']                ","[0.01, 0.1]         "
0.01 Pa s                                ,0.01                
"['10 mPa s', '100 mPa s']                ","[0.01, 0.1]         "
"['10 mPa s', '100 mPa s']                ","[0.01, 0.1]         "
0.001 Pa s        ,0.001                       
μc                  ,N/A                          
"affected by power-law index, n, and consistency coefficient, K, and yield stress ",N/A 
depends on the rate of strain tensor ,N/A 
5000 ppm            ,N/A                          
higher apparent viscosity ,N/A 
large apparent viscosity ,N/A 
highly shear-thinning behaviour ,N/A 
calculated by Equation ([11](https://www.mdpi.com/2073-4360/13/12/1915#FD11-polymers-13-01915))                                                                         ,N/A                          
modeled by power-law                                                                                                                                                    ,N/A                          
"['proportional to shear rate', 'larger compared to Newtonian fluid']                                                                                                    ","['N/A', 'N/A']               "
influences droplet size                                                                                                                                                 ,N/A                          
high                                                                                                                                                                    ,N/A                          
power-law                                                                                                                                                               ,N/A                          
['varies with Ca']                                                                                                                                                      ,['N/A']                      
higher apparent viscosity with increasing xanthan concentration                                                                                                         ,N/A                          
"['increases with concentration', 'shear-thinning']                                                                                                                      ","['N/A', 'N/A']               "
high apparent viscosity                                                                                                                                                 ,N/A                          
high                                                                                                                                                                    ,N/A                          
shear-thinning behaviour                                                                                                                                                ,N/A                          
μc              ,N/A                      
24.1 mPa-s       ,0.0241                   
μd ,N/A 
1 mPa-s ,0.001 
16 mPa.s ,0.016 
μ_L                                                          ,N/A                   
1e-5 Pa s                                                    ,1e-05                 
linear interpolation based on phase fraction C               ,N/A                   
μ_G                 ,N/A                         
0.001 Pa s          ,0.001                       
linear interpolation based on phase fraction C ,N/A 
μ1                    ,N/A                        
η1                    ,N/A                        
1.95×10−3 Pa s        ,0.00195                    
η2                  ,N/A                          
6.71×10−3 Pa s      ,0.00671                      
μc                              ,N/A                   
μc                              ,N/A                   
10mPas                          ,0.01                  
2.5                             ,0.0025                
1.144mPas                       ,0.001144              
"[10mPas, 10mPas, 10mPas]        ","[0.01, 0.01, 0.01]    "
μd                  ,N/A                   
μd                  ,N/A                   
0.9mPas             ,0.0009                
1.0mPas             ,0.001                 
0.0182mPas          ,0.0000182             
μc                  ,N/A                          
0.001 Pa.s          ,0.001                        
μL                  ,N/A                          
0.00001 Pa.s        ,0.00001                     
Pa s                ,N/A                          
constant            ,N/A                          
μ1                  ,N/A                          
μcp                 ,N/A                          
0.001 Pa s          ,0.001                        
constant            ,N/A                          
μ2                  ,N/A                          
μdp                 ,N/A                          
μdp                 ,N/A                          
"['λ = 3', 'λ = 0.75'] ",N/A                          
"['0.00075 Pa s', '0.0015 Pa s', '0.003 Pa s'] ","[0.00075, 0.0015, 0.003] "
20 cP          ,0.02                      
1 cP           ,0.001                       
"['10 cP', '100 cP'] ","[0.001, 0.01] "
'μ' ,'N/A' 
"['10 cP', '100 cP'] ","[0.001, 0.01] "
'different viscosities μc' ,'N/A' 
'10 cP' ,0.001 
1 cP ,0.001 
1 cP ,0.001 
0.0712         ,0.0000712                 
0.0712         ,0.0000712                 
µc             ,N/A                       
varies         ,N/A                       
0.3            ,0.0003                     
"['0.3', '0.0712'] ","[0.0003, 0.0000712]       "
μ2             ,N/A                        
µd             ,N/A                        
varies         ,N/A                        
νc ,N/A 
0.08 ,0.00008 
ν ,N/A 
νd ,N/A 
0.08 ,0.00008 
ν ,N/A 
112.38 mPa·s        ,0.11238                    
μc                  ,N/A                        
112.38 mPa·s        ,0.11238                    
6.48 mPa·s ,0.00648 
high ,N/A 
high ,N/A 
6.48 mPa·s ,0.00648 
high ,N/A 
1.0 mPa.s ,0.001 
26 mPa.s       ,0.026                       
μc             ,N/A                         
μc             ,N/A                         
μc             ,N/A                         
5.0 mPa.s      ,0.005                      
small range    ,N/A                        
μd             ,N/A                        
μd             ,N/A                        
high ,N/A 
1 cP ,0.001 
500 mPa s           ,0.5                          
500 times higher than the DI water viscosity ,N/A 
uncommon viscous    ,N/A                          
10 cP               ,0.01                         
μl             ,N/A                         
1 cP           ,0.001                       
1.3 mPa s      ,0.0013                      
"['6 mPa s', '15 mPa s', '36 mPa s'] ","[0.006, 0.015, 0.036] "
1.3 to 36 mPa s,0.01865                     
μl             ,N/A                         
μl             ,N/A                        
"['5 cP', '10 cP'] ","[0.005, 0.01]             "
0.0691 Pa.s ,0.0691 
"['λ = 3', 'λ = 20'] ","['N/A', 'N/A'] "
1.95 mPa s     ,0.00195                       
very low ,N/A 
viscosity ratio 1 < λ < 20 ,N/A 
"['ability to capture the effects of viscosity', 'ratio on pressure is described'] ","['N/A', 'N/A'] "
"adjustable via the viscosity ratio, increases ",N/A 
6.71 mPa s ,0.00671 
dynamic viscosity of liquid phase ,N/A 
increases with addition of glycerin ,N/A          
"['90 wt%', 'pure water'] ",N/A                  
varied              ,N/A                          
high                ,N/A                          
"['low', 'high']     ","['N/A', 'N/A']              "
far lower than liquid ,N/A                          
"['1.00 mPa·s', '10.8 mPa·s'] ","[0.001, 0.0108]              "
1.0 mPa·s           ,0.001                        
1.0 mPa·s           ,0.001                        
tunable by changing water-glycerol volume ratio ,N/A 
1 mPa·s             ,0.001                        
decreases with temperature ,N/A                  
increases with PVA concentration ,N/A            
decreasing with temperature from 25 to 45 °C ,N/A 
"['14', '28', '42']  ","['0.0014', '0.0028', '0.0042'] "
250                 ,0.25                  
μC                  ,N/A                          
μC                  ,N/A                          
µ C                 ,N/A                          
fixed here (μ_C)    ,N/A                          
µ_C                 ,N/A                          
μC                  ,N/A                          
µC                  ,N/A                          
0.023               ,0.000023                     
μD             ,N/A                        
0.0012         ,0.0000012                  
dynamic             ,N/A                   
μC                  ,N/A                   
3.6mPas             ,0.0036                
μc                  ,N/A                   
μC                  ,N/A                   
4.1mPas ,0.0041 
50 mPa.s       ,0.05                        
μ                    ,N/A                           
4.77 × 10−4          ,0.000477                      
1.04 × 10−5               ,N/A                        
85 cP          ,0.085                      
μ              ,N/A                        
μc             ,N/A                         
2.33           ,0.00233                     
"['43.75–57.15', '0.12', '0.10', '0.23', '0.28', '0.50', '0.89']    ","[0.05045, 0.00012, 0.0001, 0.00023, 0.00028, 0.0005, 0.00089] "
ηc             ,N/A                         
17.2 mPa s     ,0.0172                      
['800 mPa s']                 ,[0.8]                     
"['16.6 mPa s', '3.15 mPa s']  ","[0.0166, 0.00315]         "
'16.8 mPa s'                  ,0.0168                    
4.6 mPa s ,0.0046 
6.8 mPa s      ,0.0068                      
1.0 mPa.s      ,0.001                       
"['4.0 mPa.s', '10 mPa.s', '1000 mPa.s']                 ","[0.004, 0.01, 1.0]    "
gas-like            ,N/A                          
can be manipulated by temperature and pressure ,N/A 
Low                 ,N/A                          
Higher than continuous phase    ,N/A                    
Kγ˙n−1              ,N/A                          
μ=μ01+λγ˙2n−1/2     ,N/A                          
μ=μ∞+μ0−μ∞1+λγ˙2n−1/2 ,N/A                        
2                   ,0.002                        
polymeric           ,N/A                          
2                   ,0.002                        
lower for higher MFI,N/A                          
μ0 = μ1 + μ2        ,N/A                          
constant        ,N/A                       
0.1 cP                ,0.0001                     
"['1.8 mPa.s', '2.0 mPa.s'] ","[0.0018, 0.002] "
μ                    ,N/A                 
0.049 kg m−1s−1      ,N/A                 
1.003 × 10−3 kg m−1s−1         ,0.001003                   
dynamic viscosity of the most viscous fluid      ,N/A                        
8 m Pa·S                                         ,0.008                      
10−3 Pa·s      ,0.001                      
low            ,N/A                          
39 cst         ,0.039                      
"['0.0002 kg m−1 s−1', '0.005 kg m−1 s−1']      ","['0.0002', '0.005']    "
ηC                  ,N/A                          
μc                  ,N/A                          
μc                  ,N/A                          
ηD             ,N/A                        
μC             ,N/A                         
μG             ,N/A                         
0.01808        ,0.01808                     
μD             ,N/A                         
μG             ,N/A                         
1.002          ,0.001002                    
μc             ,N/A                           
fixed          ,N/A                           
μd             ,N/A                        
"['8.9 mPa·s', '45.6 mPa·s', '240.5 mPa·s'] ","[0.0089, 0.0456, 0.2405] "
"['89.8 mPa·s', '151.9 mPa·s'] ","[0.0898, 0.1519] "
"['8.9 mPa·s', '1.0 mPa·s'] ","[0.0089, 0.001] "
higher viscosity    ,N/A                          
higher liquid phase viscosity ,N/A                  
"['8.9 mPa·s', '0.89 mPa·s'] ","[0.0089, 0.00089] "
increases           ,N/A                          
higher              ,N/A                          
higher              ,N/A                          
"['8.9', '45.6', '89.8', '151.9', '240.5'] ","[0.0089, 0.0456, 0.0898, 0.1519, 0.2405] "
"['45.6 mPa·s', '240.5 mPa·s'] ","[0.0456, 0.2405]             "
provided in Table 1         ,N/A                          
"['1.0 mPa·s', '2.32 mPa·s', '6.53 mPa·s'] ","[0.001, 0.00232, 0.00653] "
8.9 mPa·s                   ,0.0089                       
"['45.6 mPa·s', '240.5 mPa·s'] ","[0.0456, 0.2405]             "
μc             ,N/A                        
1.01           ,0.00101                    
"['increasing viscosity leads to forming satellite droplets', 'viscoelasticity influences droplet formation'] ","['N/A', 'N/A'] "
slightly viscous    ,N/A                         
35.21               ,0.03521                     
μL             ,N/A                    
low            ,N/A                    
increases      ,N/A                    
μ              ,N/A                    
increases      ,N/A                         
increases      ,N/A                         
5 to 50 mPa s       ,0.0275                       
low (case A)        ,N/A                          
low (case B)        ,N/A                          
high (case C)       ,N/A                          
high (case D)       ,N/A                          
increased           ,N/A                          
2.3 mPa s           ,0.0023                       
0.018 Pa s          ,0.018                        
μc                  ,N/A                          
μc                  ,N/A                          
μc                  ,N/A                          
μc                  ,N/A                          
0.003               ,0.003                        
0.007               ,0.007                        
0.005–0.050         ,0.0275                       
0.68–10.84          ,5.76                         
0.006–0.35          ,0.178                        
1 to 6 mPa s     ,0.0035                       
"['low (case A)', 'high (case B)', 'low (case C)', 'high (case D)'] ","['N/A', 'N/A', 'N/A', 'N/A'] "
increased        ,N/A                          
2.7 mPa s        ,0.0027                       
0.019 Pa s       ,0.019                        
μd               ,N/A                          
μd               ,N/A                          
μd               ,N/A                          
"['0.001', '0.002', '0.001–0.006', '0.001'] ","['0.0005', '0.001', '0.0035', '0.0005'] "
"Measured using a modular compact rheometer (Physica MCR101; Anton Paar Japan K.K., Tokyo, Japan) and a cone plate (CP50-0,5; Anton Paar Japan K.K.) at 27 °C ",N/A 
μc                  ,N/A                          
changed             ,N/A                           
Calculated from the literature ,N/A                 
depends on the concentration of glycerin ,N/A       
"['0.9 mPa⋅s', '90.0 mPa⋅s'] ","[0.0009, 0.09]        "
90.0 mPa⋅s          ,0.09                          
9.0 mPa⋅s           ,0.009                         
μd                  ,N/A                           
9.0 mPa⋅s           ,0.009                         
μd                  ,N/A                           
"['0.9 mPa⋅s', '9.0 mPa⋅s', '90.0 mPa⋅s'] ","[0.0009, 0.009, 0.09] "
"['0.9 mPa⋅s', '9.0 mPa⋅s', '90.0 mPa·s'] ","[0.0009, 0.009, 0.09] "
"['0.9 mPa⋅s', '9.0 mPa⋅s', '90.0 mPa⋅s'] ","[0.0009, 0.009, 0.09] "
"['0.9 mPa⋅s', '9.0 mPa⋅s', '90.0 mPa⋅s'] ","[0.0009, 0.009, 0.09] "
90.0 mPa⋅s          ,0.09                          
['9.0 mPa⋅s']       ,[0.009]                       
90.0 mPa⋅s          ,0.09                          
μ_c ,N/A 
τc ,N/A 
μ_d                 ,N/A                   
increases           ,N/A                   
increases with viscosity ratio ,N/A   
increased           ,N/A                   
varies with different liquids ,N/A       
τd                  ,N/A                   
μd                  ,N/A                   
3.7 mPa s           ,0.0037                
7.7 mPa s           ,0.0077                
ML−1T−1 ,N/A 
μc ,N/A 
increases with monomer concentration ,N/A 
increases with monomer concentration ,N/A 
increased ,N/A 
1.131 ± 0.001        ,0.001131                   
dynamic viscosity noted as ηo          ,N/A                          
20.27 ± 0.01                           ,0.02027                      
1.0 mPa·s              ,0.001               
increasing             ,N/A                 
increasing             ,N/A                 
lower in CO2-MT        ,N/A                 
0.890                  ,0.00089             
"['0.546', '1.099', '1.942', '1.154', '1.574'] ","[0.000546, 0.001099, 0.001942, 0.001154, 0.001574] "
"['9.414 × 10−4', '1.229 × 10−3', '1.431 × 10−3', '1.505 × 10−3', '1.488 × 10−3', '1.479 × 10−3'] ","[0.0009414, 0.001229, 0.001431, 0.001505, 0.001488, 0.001479] "
strong                                   ,N/A                   
increase in viscous shearing force       ,N/A                   
insufficient viscous forces              ,N/A                   
μc                       ,N/A                        
μc                       ,N/A                        
10.58 x 10^-3 Pa.s       ,0.01058                    
7 x 10^-3 Pa s           ,0.007                      
μd                  ,N/A                 
68.6 x 10^-3 Pa.s   ,0.0686              
ηc                  ,N/A                          
"['higher viscosity with Ca=0.08', 'lower viscosity with Ca=0.01'] ","['N/A', 'N/A'] "
10-fold greater than that of the dispersed phase ,N/A 
"['low', 'high']                                                                           ","['N/A', 'N/A']      "
"['λ=0.1', 'λ=0.8']                                                                        ","['N/A', 'N/A']      "
"[{'value': 'higher', 'viscosity ratio λ': '0.8'}, {'value': 'lower', 'viscosity ratio λ': '0.1'}] ","['N/A', 'N/A']      "
"[1.0, 1.34, 9.4]                                                                          ","[0.001, 0.00134, 0.0094] "
μc                   ,N/A                       
24.1 mPa-s           ,0.0241                    
24.1 mPa-s           ,0.0241                    
μd               ,N/A                         
0.8 and 0.1      ,"[0.0008, 0.0001]            "
1 mPa-s          ,0.001                       
μ_c            ,N/A                        
α1μ1           ,N/A                        
68.6 mPa s     ,0.0686                     
μc             ,N/A                        
μvd            ,N/A                        
μ_d             ,N/A                 
α2μ2            ,N/A                 
10.58 mPa s     ,0.01058             
1 mPa s ,0.001 
varies              ,N/A                          
Predicted using the Carreau–Yasuda model ,N/A 
specified by Carreau–Yasuda model ,N/A   
50 mPa s            ,0.05                         
Predicted using the Carreau–Yasuda model ,N/A 
μc                     ,N/A                 
8.9 ⋅ 10−4 ± 1%       ,0.00089             
μd                  ,N/A                          
0.07 ± 1%           ,0.00007                      
'1.0 cP' ,0.001 
'1 cP' ,0.001 
'1 cP' ,0.001 
'1 cP' ,0.001 
'1 cP' ,0.001 
'1 mPa.s' ,0.001 
"'1.0 cP, 1.5 cP, 2.0 cP' ","[0.001, 0.0015, 0.002] "
'1 mPa·s' ,0.001 
"['0.12 Pa.s', '0.15 Pa.s', '0.17 Pa.s', '0.19 Pa.s', '0.2 Pa.s'] ","[0.12, 0.15, 0.17, 0.19, 0.2] "
'1 cP' ,0.001 
'30 mPa.s' ,0.03 
'1 cP' ,0.001 
"['10 cP', '20 cP'] ","[0.001, 0.002] "
10 cP ,0.001 
10 cP ,0.001 
10 cP ,0.001 
"['10 mPa.s', '1000 mPa.s'] ","[0.01, 1] "
10 mPa·s ,0.01 
0.65 Pa.s ,0.65 
10 cP ,0.001 
1 mPa.s ,0.001 
10 cP ,0.001 
"['25% wt glycerol', '50% wt glycerol', '62% wt glycerol'] ",N/A 
,N/A                          
0.92 mPa s          ,0.00092                      
μ                   ,N/A                          
"['0.92', '0.92', '0.92', '0.92', '2.32', '6.53', '10.18'] ","['0.00092', '0.00092', '0.00092', '0.00092', '0.00232', '0.00653', '0.01018'] "
_μ_                 ,N/A                          
,N/A                   
μ                   ,N/A                   
_μ_                 ,N/A                   
1.20 × 10–3 Pa·s         ,0.0012              
μL                       ,N/A                 
1.00 mPa·s               ,0.001               
1.005 × 10–3 Pa·s        ,0.001005            
μL                       ,N/A                 
1.96 × 10–5 Pa·s    ,1.96e-05                     
μL                  ,N/A                          
100 m Pa s     ,0.1                       
η              ,N/A                       
1100 m Pa s    ,1.1                        
0.89 mPa s          ,0.00089                      
Pa s                ,N/A                          
higher for soybean oil ,N/A                      
51 mPa s            ,0.051                        
low relative viscosity ,N/A                      
lower               ,N/A                          
low                 ,N/A                          
high                ,N/A                          
3 mPa s ,0.003 
high ,N/A 
low ,N/A 
effective viscosity (Pa.s)                                        ,N/A                  
αoηo+(1-αw)ηw                                                     ,N/A                  
"['power–law index (n)', 'consistency index (K)']                  ",N/A                  
ηeff                                                              ,N/A                  
0.001 Pa.s                                                        ,0.001                
0.001 Pa.s                                                        ,0.001                
increases with increasing power-law index                         ,N/A                  
0.001 Pa.s                                                        ,0.001                
Effective viscosity increases or decreases depending on whether the fluid is shear thinning or thickening ,N/A                  
0.001Pa.s                                                         ,0.001                
0.001669 Pa.s                                                     ,0.001669             
0.001Pa.s                                                         ,0.001                
increases with increasing K                                       ,N/A                  
0.001 Pa.s                                                        ,0.001                
0.001Pa.s                                                         ,0.001                
0.001 Pa.s                                                        ,0.001                
0.001Pa.s                                                         ,0.001                
0.01 Pa.sn                                                        ,N/A                  
0.001Pa.s                                                         ,0.001                
0.001 Pa.s                                                        ,0.001                
0.001Pa.s                                                         ,0.001                
increasing                                                        ,N/A                  
"μ_d=10, 100, 1000 mPa.s                                                       ","[0.01, 0.1, 1]       "
0.01 Pa.sn                                                                    ,0.01                 
Higher inside the droplet for shear thickening liquids compared to shear thinning liquids ,N/A                  
"['0.80', '1.10']                                                              ","[0.8, 1.1]           "
"['increases with increasing K for shear thickening liquids', 'variation noted with K for shear thinning liquids'] ",N/A                  
0.01 Pa.sn                                                                    ,0.01                 
0.001Pa.s                                                                     ,0.001                
K=0.01Pa.sn                                                                   ,0.01                 
μc             ,N/A                         
μW             ,N/A                         
decrease       ,N/A                         
μc             ,N/A                         
μc             ,N/A                         
"['3.39', '5.47', '10.21', '3.57', '5.84', '10.50', '4.03', '6.45', '10.94', '1.21', '1.38', '1.54', '1.29', '1.40', '1.54', '1.36', '1.47', '1.68', '3.36', '5.38', '10.08', '3.55', '5.86', '10.59', '4.00', '6.40', '10.97'] ","[0.00339, 0.00547, 0.01021, 0.00357, 0.00584, 0.01050, 0.00403, 0.00645, 0.01094, 0.00121, 0.00138, 0.00154, 0.00129, 0.00140, 0.00154, 0.00136, 0.00147, 0.00168, 0.00336, 0.00538, 0.01008, 0.00355, 0.00586, 0.01059, 0.00400, 0.00640, 0.01097] "
μd                                                                                                     ,N/A                   
high                                                                                                   ,N/A                   
increases with the increase in the addition amount of SiO2 nanoparticles                               ,N/A                   
larger                                                                                                ,N/A                   
increasing                                                                                            ,N/A                   
"['0.5 mL', '0.8 mL', '1.0 mL']                                                                         ",N/A                   
increases                                                                                              ,N/A                   
μd                                                                                                     ,N/A                   
higher viscosity                                                                                       ,N/A                   
μd                                                                                                     ,N/A                   
μd                                                                                                     ,N/A                   
1 cP                                                                          ,0.001                       
non-Newtonian                                                                 ,N/A                         
very different                                                                ,N/A                         
μ                                                                             ,N/A                         
μc                                                                            ,N/A                         
evaluated at the inlet of the junction                                        ,N/A                         
"constant, variation                                                           ",N/A                         
"[18.07, 0.877, 1.009, '861.1γ˙−0.62', '1152.6γ˙−0.66']                        ","[0.01807, 0.000877, 0.001009]"
5 cP                                        ,0.005               
"['larger extensional viscosities', 'low viscosity'] ","['N/A', 'N/A']     "
Newtonian                                   ,N/A                 
20 cSt                                      ,N/A                 
μ                                           ,N/A                 
μd                                          ,N/A                 
varies with shear rate                      ,N/A                 
continuous phase viscosity    ,N/A                 
37 mPa.s                      ,0.037               
μc                            ,N/A                 
μc                            ,N/A                 
μc                            ,N/A                 
2.8 mPa.s      ,0.0028              
more viscous than water                 ,N/A                 
low                                     ,N/A                 
"['high', 'affects critical Ca number']  ","['N/A', 'N/A']      "
varied                                  ,N/A                 
large                                   ,N/A                 
increasing                              ,N/A                 
"0.0127, 0.0086                          ","0.0127, 0.0086      "
low                                     ,N/A                 
more viscous                            ,N/A                 
varied                                  ,N/A                 
increases                               ,N/A                 
λ                                       ,N/A                 
λ                                       ,N/A                 
low to high                                               ,N/A                 
has more profound impact than continuous phase            ,N/A                 
varied                                                    ,N/A                 
viscosity ratio λ                                         ,N/A                 
0.0086                                                    ,0.0086              
{'viscosity ratio': '<0.0086'}                            ,0.0043              
less viscous                                              ,N/A                 
fixed                                                     ,N/A                 
comparable to the continuous phase                        ,N/A                 
viscosity ratio λ                                         ,N/A                 
Pa·s                                                                                                   ,N/A                       
constant                                                                                               ,N/A                       
η1                                                                                                     ,N/A                       
effective viscosity at the flow conditions                                                             ,N/A                       
6.8 × 10−2 Pa·s                                                                                        ,0.068                     
ηc                                                                                                     ,N/A                       
0.068 Pa·s                                                                                             ,0.068                     
increases with the increasing concentration and molecular weight                                       ,N/A                       
increases                                                                                              ,N/A                       
different viscosities                                                                                  ,N/A                       
different viscosities                                                                                  ,N/A                       
"['0.0354 Pa·s', '0.068 Pa·s', '0.0998 Pa·s']                                                            ","[0.0354, 0.068, 0.0998]   "
"['35.40 ± 0.00', '68.10 ± 0.67', '98.80 ± 0.39']                                                        ","['N/A', 'N/A', 'N/A']     "
shear-thinning ,N/A                      
η2             ,N/A                      
computed via Eq. [(9)](https://www.sciencedirect.com/science/article/pii/S0009250917305407#e0045) ,N/A    
9.3 × 10−4 Pa·s,0.00093                  
ηd             ,N/A                      
increases with SCMC concentration ,N/A    
_η d_          ,N/A                      
ηd             ,N/A                      
increases with the increasing concentration and molecular weight ,N/A    
higher viscosity ,N/A                   
increased with SCMC concentration ,N/A   
varied         ,N/A                      
dynamic viscosity                                                ,N/A                  
viscosity of liquid                                              ,N/A                  
increasing                                                       ,N/A                  
low                                                              ,N/A                  
"[0.11, 1.15]                                                     ","[0.11, 1.15]         "
η                                                                ,N/A                  
similar coefficients          ,N/A                 
η                             ,N/A                 
0.12                          ,0.12                
different viscosities                                                         ,N/A                 
effective properties used                                                     ,N/A                 
"depends on shear rate, non-Newtonian                                          ",N/A                 
measured rheogram                                                             ,N/A                 
applies non-Newtonian viscosity from Eq. [3]                                  ,N/A                 
"['0.0015 kg/m s (constant)', 'variable (according to Eq. [3](https://link.springer.com/article/10.1007/s10404-009-0487-5#Equ3))'] ","['0.0015', 'N/A']   "
"['1.5 cP', '1.0 cP']                                                          ","['0.0015', '0.001'] "
non-Newtonian                                                                 ,N/A                 
effective properties used ,N/A 
"depends on shear rate, non-Newtonian ",N/A 
0.026 kg/m s ,0.026   
20 cP                                                ,0.02                 
Decreases with shear rate                            ,N/A                  
apparent viscosity from experimental data            ,N/A                  
μc                                                   ,N/A                  
0.2% to 0.5% in weight                               ,N/A                  
higher values compared to W and W+T                  ,N/A                  
low                                                  ,N/A                  
"['18.07 ± 0.078', '0.877 ± 0.002', '1.009 ± 0.009', '1152.6', '2562.4', '10530.2'] ","[18.07, 0.877, 1.009, 1152.6, 2562.4, 10530.2] "
viscosity ratio                                                               ,N/A                   
"high, pseudoplastic                                                           ",N/A                   
measured at room temperature (23 °C) by using appropriate Cannon-Fenske Viscometers ,N/A                   
μd                                                                            ,N/A                   
variable with the applied shear rate                                          ,N/A                   
large                                                                         ,N/A                   
high                                                                          ,N/A                   
"['0.049', '0.056', '0.2 XG _+_ T', '1.1 < _λ_ < 48.5', '2.8 < _λ_ < 109.2', '7.1 < _λ_ < 472.5'] ","['0.049', '0.056', 'N/A', '24.8', '56.0', '239.8'] "
νc                     ,N/A                 
0.1667                 ,0.1667              
1.95×10-3Pas           ,0.00195             
νc                     ,N/A                 
νd                   ,N/A                 
0.1667               ,0.1667              
6.71×10-3Pas         ,0.00671             
0.04                 ,0.04                
