"['100 μL min−1', '5000 μL min−1'] ","[{'q': 1.6666666666666667e-09}, {'q': 8.333333333333333e-08}] "
high ,'N/A' 
"['1 μL min−1', '20 μL min−1'] ","[{'q': 1.6666666666666667e-11}, {'q': 3.333333333333333e-10}] "
low                 ,'N/A'            
constant ,N/A 
"['0.04 ml h−1', '0.16 ml h−1'] ","[{'q': 1.1111111111111112e-11}, {'q': 4.4444444444444446e-11}] "
"['0.04 ml h−1', '0.08 ml h−1', '0.16 ml h−1'] ","[{'q': 1.1111111111111112e-11}, {'q': 2.2222222222222222e-11}, {'q': 4.4444444444444446e-11}] "
0.02 ml h−1         ,{'q': 5.56e-09}  
270 μL min−1 ,{'q': 0.0000045} 
667 μL over 9 min ,{'q': 0.000001239} 
"['10 to 200 μL min−1', '142.3 ± 2.5 μL min−1'] ","[{'q': 0.00000175}, {'q': 0.000002372}] "
['2 mL']       ,'N/A'            
'Q = (Pm - Po)/(Rm + Ro)' ,'N/A' 
'250 μL/min' ,{'q': 4.166666666666667e-09} 
'250 μL/min' ,{'q': 4.166666666666667e-09} 
"['250 μL/min', '500 μL/min', '750 μL/min'] ","[{'q': 4.166666666666667e-09}, {'q': 8.333333333333333e-09}, {'q': 1.25e-08}] "
125 μL/min          ,{'q': 2.0833333333333333e-09} 
125 μL/min          ,{'q': 2.0833333333333333e-09} 
700 μL min−1        ,{'q': 0.00001167}
100 μL min−1        ,{'q': 0.00000167}
400 μL min−1        ,{'q': 6.67e-9}   
25 μL min−1         ,{'q': 4.17e-10}  
QC                  ,N/A              
Q C                 ,N/A              
QD                  ,N/A              
QD/QC               ,N/A              
Q D                 ,N/A              
'0.25 mL h−1' ,{'q': 6.94e-11} 
"['3 mL h−1', '8 mL h−1', '2 mL h−1', '12 mL h−1'] ","[{'q': 8.33e-10}, {'q': 2.22e-9}, {'q': 5.56e-10}, {'q': 3.33e-9}] "
"['1 mL h−1', '2 mL h−1', '3 mL h−1', '10 mL h−1'] ","[{'q': 2.78e-10}, {'q': 5.56e-10}, {'q': 8.33e-10}, {'q': 2.78e-9}] "
'0.9 mL h−1' ,{'q': 2.5e-10} 
'constant rates of flow' ,'N/A' 
"['0.25 mL/h', '0.25 mL/h'] ","[{'q': 6.94e-11}, {'q': 6.94e-11}] "
'constant rates' ,'N/A' 
limited allowed rates of flow ,'N/A' 
0.03 mL h−1         ,{'q': 8.33e-12}  
lower flow rate     ,'N/A'            
"['148 μL/min at 4 kV', '118 μL/min at 4 kV', '94 μL/min at 4 kV', '68 μL/min at 4 kV'] ","[{'q': 0.00000247}, {'q': 0.00000197}, {'q': 0.00000157}, {'q': 0.00000113}] "
Q_c ,'N/A' 
"['9.57 μL/min', '9.57 μL/min', '82.98 μL/min', '51.06 μL/min'] ","[{'q': 0.0000001595}, {'q': 0.0000001595}, {'q': 0.000001383}, {'q': 0.000000851}] "
"['10.64 μL/min', '27.70 μL/min'] ","[{'q': 0.0000001773}, {'q': 0.0000004617}] "
"['10.64 μL/min', '27.70 μL/min', '51.06 μL/min', '80.85 μL/min'] ","[{'q': 0.0000001773}, {'q': 0.0000004617}, {'q': 0.000000851}, {'q': 0.0000013475}] "
higher Qc ,'N/A' 
10 µL ,'N/A' 
Q_d ,'N/A' 
"['7.45 μL/min', '77.66 μL/min', '7.45 μL/min', '10.64 μL/min'] ","[{'q': 1.2416666666666667e-10}, {'q': 1.2943333333333333e-9}, {'q': 1.2416666666666667e-10}, {'q': 1.7733333333333334e-10}] "
10.64 μL/min ,{'q': 1.7733333333333334e-10} 
"['1.56 pl/min', '216 ml/min'] ","[{'q': 2.6e-11}, {'q': 0.0036}] "
'Qc' ,'N/A' 
"['1 ml/min', '2 ml/min', '3 ml/min'] ","[{'q': 0.000016666666666666667}, {'q': 0.00003333333333333333}, {'q': 0.00005}] "
'Q' ,'N/A' 
"['1 ml/min', '2 ml/min', '3 ml/min'] ","[{'q': 0.000016666666666666667}, {'q': 0.00003333333333333333}, {'q': 0.00005}] "
'2 ml/s' ,{'q': 0.002} 
'2 ml/min' ,{'q': 0.00003333333333333333} 
'1 mm/s' ,{'v': 0.001} 
Qd                  ,'N/A'            
2.6 ml/min          ,{'q': 0.0000433} 
'Qc' ,'N/A' 
'2.0 mL h−1' ,{'q': 5.56e-10} 
"['too low', 'too high', '~ 1.0–2.0 mL h−1'] ","['N/A', 'N/A', {'q': 1.39e-9}] "
'Qc' ,'N/A' 
"'0.4, 0.25, 0.1' ","[{'v': 0.4}, {'v': 0.25}, {'v': 0.1}] "
"['1.25 mL h−1', '2.5 mL h−1'] ","[{'q': 3.47e-10}, {'q': 6.94e-10}] "
'Qd = Qm + Qs' ,'N/A' 
'sum of the flow rates of the two organic streams' ,'N/A' 
'Qd' ,'N/A' 
"['0.2 mL h−1', '0.4 mL h−1'] ","[{'q': 5.56e-11}, {'q': 1.11e-10}] "
"'0.1, 0.25, 0.4' ",'N/A' 
'equal' ,'N/A' 
"['1.25 mL h−1', '2.5 mL h−1'] ","[{'q': 3.47e-10}, {'q': 6.94e-10}] "
'<2.1 mL h−1' ,{'q': 5.83e-10} 
'100 μl/h' ,{'q': 2.77778e-8} 
"['20 μl/h', '40 μl/h', '60 μl/h', '80 μl/h', '100 μl/h'] ","[{'q': 5.55556e-9}, {'q': 1.11111e-8}, {'q': 1.66667e-8}, {'q': 2.22222e-8}, {'q': 2.77778e-8}] "
"['50 μl/h', '250 μl/h', '50 μl/h'] ","[{'q': 1.38889e-8}, {'q': 6.94444e-8}, {'q': 1.38889e-8}] "
"['50 μl/h', '50 μl/h'] ","[{'q': 1.38889e-8}, {'q': 1.38889e-8}] "
'50 μl/h' ,{'q': 1.38889e-8} 
'50 μl/h' ,{'q': 1.38889e-8} 
"['50 μl/h', '100 μl/h', '150 μl/h', '200 μl/h'] ","[{'q': 1.38889e-8}, {'q': 2.77778e-8}, {'q': 4.16667e-8}, {'q': 5.55556e-8}] "
"['250 μl/h', '500 μl/h', '750 μl/h', '1000 μl/h'] ","[{'q': 6.94444e-8}, {'q': 1.38889e-7}, {'q': 2.08333e-7}, {'q': 2.77778e-7}] "
'sheath flow rate' ,'N/A' 
"['250 μl/h', '50 μl/h'] ","[{'q': 0.00000006944444444444}, {'q': 0.00000001388888888889}] "
"['250 μl/h', '50 μl/h'] ","[{'q': 0.00000006944444444444}, {'q': 0.00000001388888888889}] "
'250 μl/h' ,{'q': 0.00000006944444444444} 
"['210 μl/h', '230 μl/h', '250 μl/h', '270 μl/h', '290 μl/h', '310 μl/h'] ","[{'q': 0.00000005833333333333}, {'q': 0.00000006388888888889}, {'q': 0.00000006944444444444}, {'q': 0.000000075}, {'q': 0.00000008055555555556}, {'q': 0.00000008611111111111}] "
"['210 μl/h', '230 μl/h', '250 μl/h', '270 μl/h', '290 μl/h', '310 μl/h'] ","[{'q': 0.00000005833333333333}, {'q': 0.00000006388888888889}, {'q': 0.00000006944444444444}, {'q': 0.000000075}, {'q': 0.00000008055555555556}, {'q': 0.00000008611111111111}] "
"['250 μl/h', '500 μl/h', '750 μl/h', '1000 μl/h'] ","[{'q': 0.00000006944444444444}, {'q': 0.00000013888888888889}, {'q': 0.00000020833333333333}, {'q': 0.00000027777777777778}] "
"['50 μl/h', '100 μl/h', '150 μl/h', '200 μl/h'] ","[{'q': 0.00000001388888888889}, {'q': 0.00000002777777777778}, {'q': 0.00000004166666666667}, {'q': 0.00000005555555555556}] "
'sample flow rate' ,'N/A' 
ultra-high volume flow rate ratios ,'N/A' 
Qc ,'N/A' 
"['100–1200 μL/min', '1000–6000 μL/min'] ","[{'q': 0.00001}, {'q': 0.00005}] "
"['100–1200 μL/min', '1000 μL/min'] ","[{'q': 0.00001}, {'q': 0.000016666666666666666}] "
100–1200 μL/min ,{'q': 0.00001} 
2200 μL/min ,{'q': 0.00003666666666666667} 
different flow rates ,'N/A' 
2200 μL/min ,{'q': 0.00003666666666666667} 
"['2 ml/min', '100 μL/min'] ","[{'q': 0.00003333333333333333}, {'q': 0.0000016666666666666668}] "
"['0.5 to 10 μL/min', '100 to 1000 μL/min'] ","[{'q': 0.0000002916666666666667}, {'q': 0.000009583333333333334}] "
"['2–10 μL/min', '0.5 μL/min'] ","[{'q': 0.0000003333333333333333}, {'q': 0.000000008333333333333333}] "
'2–10 μL/min' ,{'q': 0.0000003333333333333333} 
'100 μL/min at STP' ,{'q': 0.0000016666666666666668} 
'Qd' ,'N/A' 
'Qd' ,'N/A' 
'Qd' ,'N/A' 
"0.2-1.0 for Tiwari et al., 6-12 for Guo et al. ","[{'v': 0.6}, {'v': 9}] "
controlled by mass flow controller ,'N/A' 
increases ,'N/A' 
0.6 mL/min ,{'q': 0.00001} 
QL values ,'N/A' 
0.4 mL/min ,{'q': 0.00000666667} 
Q_G ,'N/A' 
QG/QL ,'N/A' 
mL/min ,{'q': 'N/A'} 
"flow rate of the liquid phase, mL/min ",{'q': 'N/A'} 
controlled by syringe pump ,'N/A' 
0.4 mL/min ,{'q': 0.00000666667} 
given gas volumetric flow rate ,'N/A' 
0.4 mL/min ,{'q': 0.00000666667} 
0.4 mL/min ,{'q': 0.00000666667} 
Q_L ,'N/A' 
0.0014 μl/h to 26.56 ml/min ,{'q': 7.8e-9} 
Qc                  ,N/A              
high                ,N/A              
low velocity        ,N/A              
Qd                  ,'N/A'            
lower ,'N/A' 
smaller ,'N/A' 
increasing ,'N/A' 
"['400 μL/min', '450 μL/min'] ","[{'q': 0.000006666666666666667}, {'q': 0.0000075}] "
2300 μL/min ,{'q': 0.00003833333333333333} 
increased ,'N/A' 
volumetric flow rate of the dispersed phase (μL/min) ,N/A 
0.02 to 2.50 ,{'q': 0.0125} 
larger ,N/A 
fixed/increasing ,N/A 
50 μL/min ,{'q': 0.000000833} 
12.5 μL/min ,{'q': 0.000000208} 
"['3 μL/min', '5 μL/min', '10 μL/min', '50 μL/min', '80 μL/min'] ","[{'q': 0.00000005}, {'q': 0.000000083}, {'q': 0.000000167}, {'q': 0.000000833}, {'q': 0.000001333}] "
increased ,N/A 
ultra-high volume flow rate ratios ,'N/A' 
Qc ,'N/A' 
"['100–1200 μL/min', '1000–6000 μL/min'] ","[{'q': 0.00001}, {'q': 0.00005}] "
"['100–1200 μL/min', '1000 μL/min'] ","[{'q': 0.00001}, {'q': 0.0000166667}] "
100–1200 μL/min ,{'q': 0.00001} 
2200 μL/min ,{'q': 0.0000366667} 
different flow rates ,'N/A' 
2200 μL/min ,{'q': 0.0000366667} 
"['2 ml/min', '100 μL/min'] ","[{'q': 0.00003333333333333333}, {'q': 0.0000016666666666666668}] "
"['0.5 to 10 μL/min', '100 to 1000 μL/min'] ","[{'q': 0.0000002916666666666667}, {'q': 0.000016666666666666666}] "
"['2–10 μL/min', '0.5 μL/min'] ","[{'q': 0.0000006666666666666666}, {'q': 0.000000008333333333333333}] "
'2–10 μL/min' ,{'q': 0.0000006666666666666666} 
'100 μL/min at STP' ,{'q': 0.0000016666666666666668} 
'Qd' ,'N/A' 
'Qd' ,'N/A' 
'Qd' ,'N/A' 
increases ,'N/A' 
uc ,'N/A' 
same flow rate ,'N/A' 
1/10 of the continuous phase flow rate ,'N/A' 
0.3 mL/min ,{'q': 5e-9} 
1/10 of the continuous phase flow rate ,'N/A' 
"1/40 of the continuous phase flow rate for sampling outlet 1, 1/10 of the continuous phase flow rate for sampling outlets 2 and 3 ",'N/A' 
"['0.08 mL/min', '0.10 mL/min', '0.12 mL/min', '0.14 mL/min'] ","[{'q': 1.33e-9}, {'q': 1.67e-9}, {'q': 2e-9}, {'q': 2.33e-9}] "
increases ,'N/A' 
usc = QC/Src ,'N/A' 
"['0.28', '0.32', '0.36', '0.40', '0.35', '0.40', '0.45', '0.5', '0.36', '0.42', '0.48', '0.54', '0.42', '0.49', '0.56', '0.63'] ","[{'v': 0.28}, {'v': 0.32}, {'v': 0.36}, {'v': 0.4}, {'v': 0.35}, {'v': 0.4}, {'v': 0.45}, {'v': 0.5}, {'v': 0.36}, {'v': 0.42}, {'v': 0.48}, {'v': 0.54}, {'v': 0.42}, {'v': 0.49}, {'v': 0.56}, {'v': 0.63}] "
increases           ,'N/A'            
ud                  ,'N/A'            
0.1 mL/min          ,{'q': 1.66667e-9}
increases           ,'N/A'            
uM                  ,'N/A'            
"['constant', 'variable'] ",'N/A'            
constant            ,'N/A'            
V_o                 ,'N/A'            
0.18 m/s            ,{'v': 0.18}      
0.12 m/s            ,{'v': 0.12}      
0.18 m/s            ,{'v': 0.18}      
"['0.01 m/s', '0.10 m/s'] ","[{'v': 0.01}, {'v': 0.10}] "
constant            ,'N/A'            
0.01 m/s            ,{'v': 0.01}      
0.02 m/s            ,{'v': 0.02}      
0.01 m/s            ,{'v': 0.01}      
0.18 m/s            ,{'v': 0.18}      
0.10 m/s            ,{'v': 0.10}      
'varied'            ,'N/A'            
'V_w'               ,'N/A'            
'0.04 m/s'          ,{'v': 0.04}      
'0.18 m/s'          ,{'v': 0.18}      
'0.01 m/s'          ,{'v': 0.01}      
'0.10 m/s'          ,{'v': 0.10}      
'0.18 m/s'          ,{'v': 0.18}      
'0.18 m/s'          ,{'v': 0.18}      
'0.04 m/s'          ,{'v': 0.04}      
'0.08 m/s'          ,{'v': 0.08}      
high rates ,'N/A' 
"['35.0 kPa', '20.0 kPa', '19.1 kPa'] ",'N/A' 
low ,'N/A' 
0.1 ml/h ,{'q': 2.777777777777778e-11} 
"low to mid velocity, up to several mm s−1 ",{'v': 0.0015} 
28.2 kPa            ,'N/A'            
0.2 ml/h            ,{'q': 5.56e-11}  
constant pressure ,'N/A' 
slow ,'N/A' 
constant flow rate ,'N/A' 
Qc/2                ,'N/A'            
Qc = 1000-3500 μL/h ,{'q': 1.388889e-9} 
relatively small    ,'N/A'            
Qd                  ,'N/A'            
Qd = 100-300 μL/h   ,{'q': 0.000000139} 
few μl/s           ,{'q': N/A}       
50 μl/h             ,{'q': 1.388888888888889e-11} 
'ml/min' ,'N/A' 
'Qc' ,'N/A' 
"['45 μl/min', '60 μl/min', '45 μl/min', '155 μl/min', '130 μl/min', '135 μl/min', '120 μl/min'] ","[{'q': 0.00000075}, {'q': 0.000001}, {'q': 0.00000075}, {'q': 0.000002583333333333333}, {'q': 0.0000021666666666666665}, {'q': 0.00000225}, {'q': 0.000002}] "
'6.25 mm/s' ,{'v': 0.00625} 
'60 μl/min' ,{'q': 0.000001} 
'9 mm/s' ,{'v': 0.009} 
'0–15' ,'N/A' 
ml/min ,'N/A' 
Qd ,'N/A' 
"['45 μl/min', '30 μl/min', '45 μl/min', '65 μl/min', '80 μl/min', '135 μl/min', '150 μl/min'] ","[{'q': 0.00000075}, {'q': 0.0000005}, {'q': 0.00000075}, {'q': 0.0000010833333333333333}, {'q': 0.0000013333333333333333}, {'q': 0.00000225}, {'q': 0.0000025}] "
30 μl/min ,{'q': 0.0000005} 
superficial velocity ,'N/A' 
['0.06 mm/s'] ,[{'v': 0.00006}] 
'high' ,'N/A' 
"['0.055 mm/s', '0.15 mm/s'] ","[{'v': 0.000055}, {'v': 0.00015}] "
'Qexp' ,'N/A' 
low ,'N/A' 
"['0.008 mm/s', '0.06 mm/s', '0.004 mm/s', '0.12 mm/s'] ","[{'v': 0.000008}, {'v': 0.00006}, {'v': 0.000004}, {'v': 0.00012}] "
velocity distributions suggest two ends of the bubble have the maximum velocity and the neck has the minimum velocity ,'N/A' 
w_0 ,'N/A' 
Q_c ,'N/A' 
"['1 ml/h', '1.25 ml/h', '4 ml/h'] ","[{'q': 2.777777777777778e-10}, {'q': 3.472222222222222e-10}, {'q': 1.1111111111111112e-09}] "
"['0.5 ml/h', '4 ml/h'] ","[{'q': 1.388888888888889e-10}, {'q': 1.1111111111111112e-09}] "
16 ml/h ,{'q': 4.4444444444444446e-09} 
superficial velocity u ,'N/A' 
"['2 ml/h', '4 ml/h'] ","[{'q': 5.555555555555556e-10}, {'q': 1.1111111111111112e-09}] "
"['2 ml/h', '4 ml/h', '16 ml/h'] ","[{'q': 5.555555555555556e-10}, {'q': 1.1111111111111112e-09}, {'q': 4.4444444444444446e-09}] "
16 ml/h ,{'q': 4.4444444444444446e-09} 
"['2 ml/h', '4 ml/h', '16 ml/h'] ","[{'q': 5.555555555555556e-10}, {'q': 1.1111111111111112e-09}, {'q': 4.4444444444444446e-09}] "
0.5 ml/h ,{'q': 1.388888888888889e-10} 
0.5 ml/h ,{'q': 1.388888888888889e-10} 
4 ml/h ,{'q': 1.1111111111111112e-09} 
Qc ,'N/A' 
Q_d ,'N/A' 
"['1 ml/h', '0.25 ml/h', '0.5 ml/h'] ","[{'q': 2.777777777777778e-10}, {'q': 6.944444444444444e-11}, {'q': 1.388888888888889e-10}] "
"['0.5 ml/h', '1 ml/h'] ","[{'q': 1.388888888888889e-10}, {'q': 2.777777777777778e-10}] "
'2 ml/h' ,{'q': 5.555555555555556e-10} 
"['2 ml/h', '1 ml/h'] ","[{'q': 5.555555555555556e-10}, {'q': 2.777777777777778e-10}] "
'2 ml/h' ,{'q': 5.555555555555556e-10} 
'2 ml/h' ,{'q': 5.555555555555556e-10} 
"['2 ml/h', '1 ml/h', '2 ml/h'] ","[{'q': 5.555555555555556e-10}, {'q': 2.777777777777778e-10}, {'q': 5.555555555555556e-10}] "
'0.5 ml/h' ,{'q': 1.388888888888889e-10} 
'0.5 ml/h' ,{'q': 1.388888888888889e-10} 
'1 ml/h' ,{'q': 2.777777777777778e-10} 
Qd ,'N/A' 
m3·s−1 ,'N/A' 
Qc ,'N/A' 
0.5 < Qc < 3.0 ml/h ,{'q': 0.0000010416666666666667} 
1.0 ml/h ,{'q': 0.0000002777777777777778} 
higher ,'N/A' 
"['1.0 ml/h', '1.0 ml/h', '1.0 ml/h', '1.0 ml/h', '2.5 ml/h'] ","[{'q': 0.0000002777777777777778}, {'q': 0.0000002777777777777778}, {'q': 0.0000002777777777777778}, {'q': 0.0000002777777777777778}, {'q': 0.0000006944444444444444}] "
'm3·s−1' ,'N/A' 
"'superficial velocity of liquid, m·s−1' ",'N/A' 
'two-phase flow rate' ,'N/A' 
'Qd' ,'N/A' 
'0.1 < Qd < 3.0 ml/h' ,{'q': 0.0000010416666666666667} 
'0.2 ml/h' ,{'q': 0.000000055555555555555556} 
'higher' ,'N/A' 
"['0.2 ml/h', '0.2 ml/h', '0.2 ml/h', '0.2 ml/h', '2.0 ml/h'] ","[{'q': 0.000000055555555555555556}, {'q': 0.000000055555555555555556}, {'q': 0.000000055555555555555556}, {'q': 0.000000055555555555555556}, {'q': 0.000000027777777777777778}] "
'increasing superficial velocity of droplets' ,'N/A' 
'increases with superficial velocity of droplets' ,'N/A' 
'superficial velocity' ,'N/A' 
'superficial velocity' ,'N/A' 
"['2 mL h−1', '60 mL h−1'] ","[{'q': 5.56e-10}, {'q': 1.67e-8}] "
'0.05 m/s' ,{'v': 0.05} 
'superficial velocity' ,'N/A' 
'superficial velocity' ,'N/A' 
'superficial velocity' ,'N/A' 
'superficial velocity' ,'N/A' 
'superficial velocity of the fluid flowing into the T-junction' ,'N/A' 
'superficial velocity' ,'N/A' 
'superficial velocity flowing into the T-junction' ,'N/A' 
'0.05 m/s' ,{'v': 0.05} 
'superficial velocity' ,'N/A' 
'superficial velocity of the fluid flowing into the T-junction' ,'N/A' 
'0.1 mL/min' ,{'q': 1.67e-9} 
'2 mL/h' ,{'q': 5.56e-10} 
controlled by a high precision micrometering valve and measured by a soap-film flowmeter ,'N/A' 
"['2 mL h−1', '90 mL h−1'] ","[{'q': 5.56e-10}, {'q': 2.5e-8}] "
increases ,'N/A' 
0.2 mL/min ,{'q': 3.33e-9} 
1 mL/h ,{'q': 2.78e-10} 
200 μl/min          ,{'q': 3.33e-9}   
"['400 μl/min', '700 μl/min'] ","[{'q': 6.67e-9}, {'q': 1.17e-8}] "
pressure controlled  ,'N/A'            
200 μl/min          ,{'q': 0.00000333}
70 kPa              ,'N/A'            
'm3·s−1' ,'N/A' 
'Qc' ,'N/A' 
['0.5 to 3 mL·h−1'] ,[{'q': 0.00000125}] 
'small flow rate' ,'N/A' 
'0.8 mL·h−1' ,{'q': 0.000000222} 
'0.8 mL·h−1' ,{'q': 0.000000222} 
'0.8 mL·h−1' ,{'q': 0.000000222} 
'0.8 mL·h−1' ,{'q': 0.000000222} 
'0.8 mL·h−1' ,{'q': 0.000000222} 
'0.5 mL·h−1' ,{'q': 0.000000139} 
"'0.8 mL·h−1, 0.5 mL·h−1' ","[{'q': 0.000000222}, {'q': 0.000000139}] "
'0.8 mL·h−1' ,{'q': 0.000000222} 
volumetric flow rate ,N/A 
"superficial velocity of the fluid in the microchannel, m·s−1 ",N/A 
same two-phase flow rates ,N/A 
Qd ,N/A 
['0.1 to 2 mL·h−1'] ,[{'q': 1.388888888888889e-09}] 
low flow rates ,N/A 
0.5 mL·h−1 ,{'q': 1.388888888888889e-10} 
0.5 mL·h−1 ,{'q': 1.388888888888889e-10} 
0.5 mL·h−1 ,{'q': 1.388888888888889e-10} 
0.5 mL·h−1 ,{'q': 1.388888888888889e-10} 
0.5 mL·h−1 ,{'q': 1.388888888888889e-10} 
0.3 mL·h−1 ,{'q': 8.333333333333333e-11} 
"0.5 mL·h−1, 0.35 mL·h−1 ","[{'q': 1.388888888888889e-10}, {'q': 9.722222222222222e-11}] "
0.5 mL·h−1 ,{'q': 1.388888888888889e-10} 
two-phase flow rate ,N/A 
1.5 mL              ,{'q': 0.0000015} 
"['200 μL/min', '1000 μL/min'] ","[{'q': 0.00000000333}, {'q': 0.00000001667}] "
800 μL/min          ,{'q': 0.00000001333} 
"['20 μL/min', '100 μL/min'] ","[{'q': 3.33e-10}, {'q': 1.67e-8}] "
60 μL/min           ,{'q': 1e-8}      
![urn:x-wiley:00011541:media:aic15043:aic15043-math-0026](https://aiche.onlinelibrary.wiley.com/cms/asset/2af04482-babd-4971-966b-90091347ffe5/aic15043-math-0026.png) ,'N/A' 
"['3.33 μL/min to 100 μL/min', '1.67 μL/min to 50 μL/min', '1.67 μL/min to 25 μL/min'] ","[{'q': 2.777777777777778e-11}, {'q': 1.388888888888889e-11}, {'q': 9.722222222222222e-12}] "
"['8.33 μL/min', '66.7 μL/min'] ","[{'q': 1.388888888888889e-11}, {'q': 1.1111111111111112e-10}] "
"['8.33 μL/min', '66.7 μL/min'] ","[{'q': 1.388888888888889e-11}, {'q': 1.1111111111111112e-10}] "
"['3.33 μL/min', '16.7 μL/min'] ","[{'q': 5.555555555555556e-12}, {'q': 2.777777777777778e-11}] "
increases ,'N/A' 
['3.33 μL/min'] ,[{'q': 5.555555555555556e-12}] 
increases ,'N/A' 
['16.7 μL/min'] ,[{'q': 2.777777777777778e-11}] 
"['8.33 μL/min', '33.3 μL/min'] ","[{'q': 1.388888888888889e-11}, {'q': 5.555555555555556e-11}] "
"['8.33 μL/min', '33.3 μL/min'] ","[{'q': 1.388888888888889e-11}, {'q': 5.555555555555556e-11}] "
increases ,'N/A' 
increases ,'N/A' 
"['3.33 μL/min', '8.33 μL/min', '50.0 μL/min', '100 μL/min'] ","[{'q': 5.555555555555556e-12}, {'q': 1.388888888888889e-11}, {'q': 8.333333333333333e-11}, {'q': 1.6666666666666667e-10}] "
Q_c ,'N/A' 
low ,'N/A' 
300 µL/h ,{'q': 8.333333333333333e-11} 
![urn:x-wiley:00011541:media:aic15043:aic15043-math-0025](https://aiche.onlinelibrary.wiley.com/cms/asset/dba2bea1-53bb-4483-9932-2dc14fceb2f7/aic15043-math-0025.png) ,'N/A' 
0.83 and 1.67 μL/min ,"[{'q': 1.38e-11}, {'q': 2.78e-11}] "
1.67 μL/min ,{'q': 2.78e-11} 
velocity of the droplet head approaches to the velocity of the dispersed phase ,'N/A' 
1.67 μL/min ,{'q': 2.78e-11} 
0.83 μL/min ,{'q': 1.38e-11} 
[0.83 μL/min] ,[{'q': 1.38e-11}] 
0.83 μL/min ,{'q': 1.38e-11} 
0.83 μL/min ,{'q': 1.38e-11} 
0.83 μL/min ,{'q': 1.38e-11} 
"[200 µL/h, 150 µL/h] ","[{'q': 5.56e-11}, {'q': 4.17e-11}] "
very high flow rates,'N/A'            
1 pL ms−1           ,{'v': 1e-12}     
very high           ,'N/A'            
0.1 < Q_l < 100 μL/min ,{'q': 0.000001} 
0.1 μL/min          ,{'q': 0.0000000016666666666666667} 
10 μL/min           ,{'q': 0.00000016666666666666667} 
controlled liquid and gas volumetric flow rates ,'N/A' 
"['80 < Q_g < 400 μL/min', '400 < Q_g < 2000 μL/min', '2000 < Q_g < 5000 μL/min'] ","[{'q': 0.000004}, {'q': 0.00002}, {'q': 0.00005}] "
124 μL/min ,{'q': 0.0000020666666666666666} 
267 μL/min ,{'q': 0.00000445} 
"['80 mL/h', '210 mL/h'] ","[{'q': 0.000022222222222222223}, {'q': 0.000058333333333333334}] "
0.347 and 0.903 ms−1 ,{'v': 0.625} 
"['0.3472 ms−1', '0.5556 ms−1'] ","[{'v': 0.3472}, {'v': 0.5556}] "
'two-phase superficial velocity increase reduces coalescence efficiency' ,'N/A' 
'Delivered from 60-mL gas-tight syringes by two syringe pumps' ,'N/A' 
"'QG, QL' ",'N/A' 
'3:1' ,'N/A' 
'200 mm∙s−1' ,{'v': 0.2} 
'200 mm/s' ,{'v': 0.2} 
'200 mm/s' ,{'v': 0.2} 
'4 mm∙s−1' ,{'v': 0.004} 
'increases' ,'N/A' 
'4 mm∙s−1' ,{'v': 0.004} 
'4 mm∙s−1' ,{'v': 0.004} 
'low velocities' ,'N/A' 
'0.5–35 mm·s−1' ,{'v': 0.0175} 
'0.5–35 mm∙s−1' ,{'v': 0.0175} 
'low volume flow' ,'N/A' 
'0.5–30 mm∙s−1' ,{'v': 0.015} 
'high' ,'N/A' 
'0.5–30 mm∙s−1' ,{'v': 0.015} 
average hydrodynamic velocity at the inlet ,'N/A' 
['increasing flow rates in main and side channels leads to integrity'] ,['N/A'] 
['increases with side and main channels'] ,['N/A'] 
'investigated' ,'N/A' 
['increasing flow rates in main and side channels leads to integrity'] ,['N/A'] 
'increases with main channel' ,'N/A' 
'low' ,'N/A' 
'low' ,'N/A' 
'60 Ml h−1' ,{'q': 1.67e-8} 
"['30 mL.h−1', '140 mL.h−1'] ","[{'q': 8.33e-9}, {'q': 3.89e-8}] "
'high' ,'N/A' 
'100 mL h−1' ,{'q': 2.78e-8} 
'10 mL h−1' ,{'q': 2.78e-9} 
affected by density difference ,'N/A' 
low ,'N/A' 
30 Ml h−1 ,{'q': 0.000008333} 
increasing ,'N/A' 
high ,'N/A' 
70 mL h−1 ,{'q': 0.000019444} 
fixed ,'N/A' 
10 mL h−1 ,{'q': 0.000002778} 
0.3 mL/min          ,{'q': 0.000005}  
_Q_(_y_)            ,'N/A'            
0.3                 ,'N/A'            
0.1 mL/min          ,{'q': 1.66667e-9}
0.1                 ,'N/A'            
"['100 μl min−1', '200 μl min−1'] ","[{'q': 1.6666666666666667e-09}, {'q': 3.3333333333333335e-09}] "
"['100 μl min−1', '200 μl min−1'] ","[{'q': 1.6666666666666667e-09}, {'q': 3.3333333333333335e-09}] "
"['100 μl min−1', '200 μl min−1'] ","[{'q': 1.6666666666666667e-09}, {'q': 3.3333333333333335e-09}] "
"['200 μl min−1', '100 μl min−1'] ","[{'q': 3.3333333333333335e-09}, {'q': 1.6666666666666667e-09}] "
'100 μl min−1' ,{'q': 1.6666666666666667e-09} 
"['100 μl min−1', '200 μl min−1'] ","[{'q': 1.6666666666666667e-09}, {'q': 3.3333333333333335e-09}] "
'100 μl min−1' ,{'q': 1.6666666666666667e-09} 
"['100 μl min−1', '200 μl min−1', '200 μl min−1'] ","[{'q': 1.6666666666666667e-09}, {'q': 3.3333333333333335e-09}, {'q': 3.3333333333333335e-09}] "
['200 μl min−1'] ,[{'q': 3.3333333333333335e-09}] 
"['130 kPa', '190 kPa'] ",'N/A' 
0.5 to 500 µl/h ,{'q': 0.0000001388888888888889} 
constant inlet volumetric flow rates ,'N/A' 
0.5 to 500 µl/h     ,{'q': 0.000000139} 
U                   ,'N/A'            
low                 ,'N/A'            
increases           ,'N/A'            
Increases           ,'N/A'            
'constant Q r' ,'N/A' 
'Vo' ,'N/A' 
"['increased progressively', 'Qr = 0.5', 'Qr = 1', 'Qr ≈ 5', 'Qr ≈ 10'] ","['N/A', {'q': 0.0005}, {'q': 0.001}, {'q': 0.005}, {'q': 0.01}] "
"['0.1–0.5', '>0.5', '1', '5'] ","[{'v': 0.3}, {'v': 0.5}, {'v': 1}, {'v': 5}] "
'0.1' ,{'v': 0.1} 
"['0.5', '1', '5', '10'] ","[{'v': 0.5}, {'v': 1}, {'v': 5}, {'v': 10}] "
'< 1' ,{'v': 0.5} 
constant Q r ,'N/A' 
Vw ,'N/A' 
"['increased progressively', 'Qr = 0.5', 'Qr = 1', 'Qr ≈ 5', 'Qr ≈ 10'] ","['N/A', {'q': 0.5}, {'q': 1}, {'q': 5}, {'q': 10}] "
"['0.1–0.5', '>0.5', '1', '5'] ","[{'v': 0.3}, {'v': 0.5}, {'v': 1}, {'v': 5}] "
0.1 ,{'v': 0.1} 
0.1 ,{'v': 0.1} 
0.1 ,{'v': 0.1} 
"['0.10 mL/min', '0.30 mL/min'] ","[{'q': 1.6666666666666667e-09}, {'q': 5e-09}] "
"decreases fast, reaches steady state ",'N/A' 
0.67 mL/min ,{'q': 1.1166666666666667e-08} 
"['0.67 mL/min', '0.20 mL/min'] ","[{'q': 1.1166666666666667e-08}, {'q': 3.3333333333333333e-09}] "
0.40 mL/min ,{'q': 6.666666666666667e-09} 
Q G2 ,'N/A' 
"['0.10 mL/min', '0.10 mL/min'] ","[{'q': 1.6666666666666667e-09}, {'q': 1.6666666666666667e-09}] "
0.40 mL/min ,{'q': 6.666666666666667e-09} 
0.40 mL/min ,{'q': 6.666666666666667e-09} 
0.10 mL/min ,{'q': 1.6666666666666667e-09} 
"['0.13 mL/min', '1.5 mL/min'] ","[{'q': 2.1666666666666667e-09}, {'q': 2.5e-08}] "
"['0.20 mL/min', '0.10 mL/min'] ","[{'q': 3.3333333333333335e-09}, {'q': 1.6666666666666667e-09}] "
'0.10 mL/min' ,{'q': 1.6666666666666667e-09} 
"['0.10 mL/min', '0.10 mL/min'] ","[{'q': 1.6666666666666667e-09}, {'q': 1.6666666666666667e-09}] "
'Q_W' ,'N/A' 
'0.40 mL/min' ,{'q': 6.666666666666667e-09} 
"['0.10 mL/min', '0.10 mL/min'] ","[{'q': 1.6666666666666667e-09}, {'q': 1.6666666666666667e-09}] "
"['0.10 mL/min', '0.10 mL/min'] ","[{'q': 1.6666666666666667e-09}, {'q': 1.6666666666666667e-09}] "
'0.20 mL/min' ,{'q': 3.3333333333333335e-09} 
'See Table 2'       ,'N/A'            
"['0.5 mL/h', '0.8 mL/h'] ","[{'q': 1.39e-10}, {'q': 2.22e-10}] "
'low'               ,'N/A'            
'q_c'               ,'N/A'            
'increasing'        ,'N/A'            
'15 μL/min'         ,{'q': 2.5e-10}   
'15 μL/min'         ,{'q': 2.5e-10}   
'See Table 2'       ,'N/A'            
'0.2 mL/h'          ,{'q': 5.56e-11}  
'q_d'               ,'N/A'            
"['flow rate ratio', 'total flow rate'] ","['N/A', 'N/A'] "
'5 μL/min'          ,{'q': 8.33e-11}  
'5 μL/min'          ,{'q': 8.33e-11}  
0.005 ml/min        ,{'q': 8.33e-11}  
Qc                  ,'N/A'            
[]                  ,'N/A'            
"['0.0025 ml/min', '0.015 ml/min'] ","[{'q': 4.166666666666667e-11}, {'q': 2.5e-10}] "
['increases from 0.5 to 3.0 (ratio Qd/Qc)'] ,'N/A' 
"['0.5', '3.0'] ","[{'v': 0.5}, {'v': 3.0}] "
'0.5 to 3.0' ,{'v': 1.75} 
'Qd' ,'N/A' 
"['Qd/Qc = 1.0 to 2.0', 'Qd/Qc = 2.0 to 1.0', 'Qd/Qc = 2.0 to 3.0', 'Qd/Qc = 3.0 to 2.0'] ",'N/A' 
[] ,'N/A' 
Qc ,'N/A' 
"['1.6 ml/h', '2 ml/h', '2 ml/h', '1.2 ml/h'] ","[{'q': 4.44e-10}, {'q': 5.56e-10}, {'q': 5.56e-10}, {'q': 3.33e-10}] "
much smaller than the dispersed phase ,'N/A' 
"['2 ml⋅h−1', '2 ml⋅h−1'] ","[{'q': 5.56e-10}, {'q': 5.56e-10}] "
Qc ,'N/A' 
"['2 ml·h−1', '1.2 ml·h−1', '1.2 ml·h−1'] ","[{'q': 5.56e-10}, {'q': 3.33e-10}, {'q': 3.33e-10}] "
Qd ,'N/A' 
"['0.2 ml/h', '0.6 ml/h', '1 ml/h', '3.4 ml/h'] ","[{'q': 5.56e-11}, {'q': 1.67e-10}, {'q': 2.78e-10}, {'q': 9.44e-10}] "
increases ,'N/A' 
much larger than the continuous phase ,'N/A' 
"['0.6 ml⋅h−1', '1 ml⋅h−1'] ","[{'q': 1.67e-10}, {'q': 2.78e-10}] "
Qd ,'N/A' 
"['0.4 ml·h−1', '1.2 ml·h−1', '3.0 ml·h−1'] ","[{'q': 1.11e-10}, {'q': 3.33e-10}, {'q': 8.33e-10}] "
smaller flow rate ,'N/A' 
'Qc' ,'N/A' 
'1 < Qc < 10 mL/h' ,{'q': 1.5277777777777777e-09} 
'larger' ,'N/A' 
'0.5(Qc + Qd)' ,'N/A' 
'Qc' ,'N/A' 
"'3 ~ 4 mL/h, 4 ~ 5 mL/h, > 5 mL/h' ","[{'q': 2.4305555555555554e-09}, {'q': 3.472222222222222e-09}, {'q': 1.3888888888888888e-09}] "
"['3 < Qc < 4 mL/h', '4 < Qc < 4.5 mL/h', 'Qc > 4.5 mL/h'] ","[{'q': 2.4305555555555554e-09}, {'q': 3.472222222222222e-09}, {'q': 1.9722222222222222e-09}] "
"'3 < Qc < 4 mL/h, 4 ~ 4.5 mL/h, greater than 4.5 mL/h' ","[{'q': 2.4305555555555554e-09}, {'q': 3.472222222222222e-09}, {'q': 1.9722222222222222e-09}] "
"['4 mL/h', '3.5 mL/h', '4.5 mL/h', '5 mL/h'] ","[{'q': 1.1111111111111112e-09}, {'q': 9.722222222222222e-10}, {'q': 1.25e-09}, {'q': 1.3888888888888888e-09}] "
'Qd' ,'N/A' 
'1 < Qd < 10 mL/h' ,{'q': 0.0000020833333333333333} 
'larger' ,'N/A' 
'Qd' ,'N/A' 
"'3 ~ 4 mL/h, 4 ~ 5 mL/h, > 5 mL/h' ","[{'q': 0.00000014583333333333334}, {'q': 0.0000001875}, {'q': 0.000001388888888888889}] "
"['3 < Qd < 4 mL/h', '4 < Qd < 5 mL/h', 'Qd > 5 mL/h'] ","[{'q': 0.00000014583333333333334}, {'q': 0.0000001875}, {'q': 0.000001388888888888889}] "
"'3 < Qd < 4 mL/h, 4 ~ 4.5 mL/h, greater than 4.5 mL/h' ","[{'q': 0.00000014583333333333334}, {'q': 0.00000016666666666666666}, {'q': 0.00000125}] "
5.0 ml/min ,{'q': 0.00008333333333333333} 
"['Qc', 'Qc - Qgutter'] ",'N/A' 
1 ml/min            ,{'q': 1.66667e-8}
constant            ,'N/A'            
'0.10–0.30 mL/min' ,{'q': 0.0000033333333333333335} 
'0.10 mL/min' ,{'q': 0.0000016666666666666668} 
"['Q_O + Q_G', 'Q_O + Q_G + Q_W'] ",'N/A' 
'relatively small compared with _Q_ up' ,'N/A' 
'0.10–0.78–0.20' ,'N/A' 
"['0.35 mL/min', '0.30 mL/min'] ","[{'q': 0.000005833333333333334}, {'q': 0.000005}] "
"'0.35, 0.82, 1.54 mL/min' ","[{'q': 0.000005833333333333334}, {'q': 0.000013666666666666667}, {'q': 0.000025666666666666668}] "
'0.40 mL/min' ,{'q': 0.000006666666666666667} 
'very large [only noted for BTO mode with extremely long bubbles]' ,'N/A' 
"['0.23 mL/min', '0.64 mL/min', '0.37 mL/min', '0.68 mL/min'] ","[{'q': 0.000003833333333333333}, {'q': 0.000010666666666666667}, {'q': 0.000006166666666666667}, {'q': 0.000011333333333333334}] "
'1 mL/h' ,{'q': 0.0000002777777777777778} 
velocity much smaller than the bubble velocity ,'N/A' 
"['0.20–1.60 mL/min', '0.10–0.50 mL/min'] ","[{'q': 1.6666666666666667e-08}, {'q': 8.333333333333333e-09}] "
0.20 mL/min ,{'q': 3.3333333333333335e-09} 
_Q_ EW ,'N/A' 
0.10 mL/min ,{'q': 1.6666666666666667e-09} 
0.20 mL/min ,{'q': 3.3333333333333335e-09} 
0.2 mL/h ,{'q': 5.555555555555556e-11} 
'Q_G'               ,'N/A'            
'0.17 m/s'          ,{'v': 0.17}     
'0.5 m/s'           ,{'v': 0.5}      
'0.059 m/s'         ,{'v': 0.059}    
'Q_L' ,'N/A' 
'gas superficial velocities' ,'N/A' 
"['0.47 m/s', '0.5 m/s'] ","[{'v': 0.47}, {'v': 0.5}] "
"['1.09 m/s', '0.17 m/s', '0.14 m/s'] ","[{'v': 1.09}, {'v': 0.17}, {'v': 0.14}] "
'superficial velocity' ,'N/A' 
'superficial velocity' ,'N/A' 
['0.072 m/s'] ,[{'v': 0.072}] 
'higher in TJ-B configuration' ,'N/A' 
'gas flow rates' ,'N/A' 
decrease ,'N/A' 
"['0.3 mL/min', '0.1 mL/min', '0.075 mL/min'] ","[{'q': 0.000005}, {'q': 0.00000166667}, {'q': 0.00000125}] "
0.48 × 10–6 kg/s ,'N/A' 
"106 microbubbles/s, 108 bubbles/s ",N/A 
increase ,N/A 
"['6 m/s', '4-5 m/s'] ","[{'v':6}, {'v':4.5}] "
v_g ,N/A 
increases with ultrasonic power ,N/A 
up to ∼6 m/s ,{'v':6} 
6.5 ± 1.2 × 106 bubble/s ,N/A 
0.5 × 10–6 kg/s ,N/A 
'ml/hr' ,{'q': 2.77778e-10} 
'Qc' ,'N/A' 
"['0.04', '0.05', '0.0675', '0.1', '0.125'] ","[{'v': 0.04}, {'v': 0.05}, {'v': 0.0675}, {'v': 0.1}, {'v': 0.125}] "
'2.00 ml/hr' ,{'q': 5.55556e-10} 
'between 0.04 and 0.1' ,{'v': 0.07} 
'0.05' ,{'v': 0.05} 
'0.05' ,{'v': 0.05} 
'0.05' ,{'v': 0.05} 
'prescribed' ,'N/A' 
'_Q_ d/ _Q_ c = 0.05' ,'N/A' 
'low' ,'N/A' 
ml/hr ,'N/A' 
Qd ,'N/A' 
"['0.08 ml/hr', '0.125 ml/hr'] ","[{'q': 2.222222222222222e-08}, {'q': 3.472222222222222e-08}] "
_Q_ d/ _Q_ c = 0.05 ,'N/A' 
0.05 ,'N/A' 
prescribed ,'N/A' 
_Q_ d/ _Q_ c = 0.05 ,'N/A' 
0.05 ,'N/A' 
0.05 (Qd/Qc) ,'N/A' 
"['Q_{w}^{R}', 'Q_{w}^{B}'] ",'N/A' 
0.08 mL/h ,{'q': 2.222222222222222e-11} 
"['0.04 mL/h', '0.08 mL/h'] ","[{'q': 1.111111111111111e-11}, {'q': 2.222222222222222e-11}] "
0.02 mL/h ,{'q': 5.555555555555555e-12} 
Q ,'N/A' 
Different flow rates with the same flow rate ratio ,'N/A' 
0.04 mL/h                                                       ,{'q': 1.1111111111111112e-08}           
"['0.02 mL/h', '0.04 mL/h']                                      ","[{'q': 5.555555555555556e-09}, {'q': 1.1111111111111112e-08}] "
0.04 mL/h                                                       ,{'q': 1.1111111111111112e-08}           
Q                                                               ,'N/A'                                   
Different flow rates with the same flow rate ratio              ,'N/A'                                   
Multiple values     ,N/A              
0.001-0.1 m/s       ,{'v': 0.0505}    
Qc                  ,N/A              
0.001-0.1 m/s       ,{'v': 0.0505}    
Qw                  ,'N/A'            
Qd                  ,'N/A'            
200 μL min−1        ,{'q': 3.3333e-9}     
"['10 μL min−1', '50 μL min−1'] ","[{'q': 1.6666666666666667e-10}, {'q': 8.333333333333333e-10}] "
constant            ,'N/A'            
large               ,'N/A'            
'Qc'                                    ,'N/A'            
'0.1 * Qc (gutter flow rate portion)'   ,'N/A'            
Qd                  ,'N/A'            
fixed ,'N/A' 
"['0.4-4.0 ml h−1', '0.4-4.0 ml h−1', '1.0-10.0 ml h−1'] ","[{'q': 1.11e-10}, {'q': 1.11e-10}, {'q': 2.78e-10}] "
"['100 μl/min', '200 μl/min', '300 μl/min'] ","[{'q': 1.67e-9}, {'q': 3.33e-9}, {'q': 5e-9}] "
varied at a constant rate ,'N/A' 
"['0.4 ml h−1', '0.8 ml h−1', '2.0 ml h−1'] ","[{'q': 1.11e-10}, {'q': 2.22e-10}, {'q': 5.56e-10}] "
Qd ,'N/A' 
Qd ,'N/A' 
50 μl/min ,{'q': 8.33e-10} 
_Q c_ ,'N/A' 
"['5.3 μL/min', '9.6 μL/min', '17.0 μL/min', '28.7 μL/min'] ","[{'q': 8.833333333333333e-11}, {'q': 1.6e-10}, {'q': 2.833333333333333e-10}, {'q': 4.783333333333333e-10}] "
10.6 μL/min ,{'q': 1.7666666666666666e-10} 
"['10.6 μL/min', '5.3 μL/min'] ","[{'q': 1.7666666666666666e-10}, {'q': 8.833333333333333e-11}] "
"['4.3 μL/min', '28.7 μL/min'] ","[{'q': 7.166666666666667e-11}, {'q': 4.783333333333333e-10}] "
"['4.3 μL/min', '28.7 μL/min', '10.6 μL/min', '8.51 μL/min'] ","[{'q': 7.166666666666667e-11}, {'q': 4.783333333333333e-10}, {'q': 1.7666666666666666e-10}, {'q': 1.4183333333333333e-10}] "
Vc ,'N/A' 
'5 μL' ,{'q': 5e-9} 
'_Q d_' ,'N/A' 
"['3.5 μL/min', '7.2 μL/min', '10.8 μL/min', '19.7 μL/min'] ","[{'q': 5.833333333333333e-11}, {'q': 1.2e-10}, {'q': 1.8e-10}, {'q': 3.283333333333333e-10}] "
'3.5 μL/min' ,{'q': 5.833333333333333e-11} 
"['3.5 μL/min', '19.7 μL/min'] ","[{'q': 5.833333333333333e-11}, {'q': 3.283333333333333e-10}] "
"['3.5 μL/min', '19.7 μL/min'] ","[{'q': 5.833333333333333e-11}, {'q': 3.283333333333333e-10}] "
"['11.3 μL/min', '10.6 μL/min', '3.5 μL/min', '19.7 μL/min'] ","[{'q': 1.8833333333333333e-10}, {'q': 1.7666666666666666e-10}, {'q': 5.833333333333333e-11}, {'q': 3.283333333333333e-10}] "
'Vd' ,'N/A' 
0.1 ml/min ,{'q': 1.6666666666666667e-09} 
Qc ,'N/A' 
increased to reduce droplet size ,'N/A' 
0.1 ml/min ,{'q': 1.6666666666666667e-09} 
"['0.1 ml/min', '0.11 ml/min', '0.12 ml/min', '0.13 ml/min', '0.14 ml/min', '0.15 ml/min', '0.16 ml/min', '0.17 ml/min', '0.18 ml/min', '0.19 ml/min', '0.2 ml/min'] ","[{'q': 1.6666666666666667e-09}, {'q': 1.8333333333333333e-09}, {'q': 2e-09}, {'q': 2.1666666666666667e-09}, {'q': 2.3333333333333333e-09}, {'q': 2.5e-09}, {'q': 2.6666666666666667e-09}, {'q': 2.8333333333333335e-09}, {'q': 3e-09}, {'q': 3.1666666666666665e-09}, {'q': 3.3333333333333335e-09}] "
"['0.11 ml/min', '0.15 ml/min', '0.17 ml/min', '0.19 ml/min'] ","[{'q': 1.8333333333333333e-09}, {'q': 2.5e-09}, {'q': 2.8333333333333335e-09}, {'q': 3.1666666666666665e-09}] "
"['0.11 ml/min', '0.19 ml/min'] ","[{'q': 1.8333333333333333e-09}, {'q': 3.1666666666666665e-09}] "
"['0.1 ml/min', '0.19 ml/min'] ","[{'q': 1.6666666666666667e-09}, {'q': 3.1666666666666665e-09}] "
increasing ,'N/A' 
constant ,'N/A' 
0.1 ml/min ,{'q': 0.0000016666666666666668} 
Qd ,'N/A' 
"increases in the convergence region, decreases in the divergence region ",'N/A' 
0.1 ml/min ,{'q': 0.0000016666666666666668} 
0.1 ml/min ,{'q': 0.0000016666666666666668} 
"['80 mm/s', '5 mm/s', '10 mm/s']      ","[{'v': 0.08}, {'v': 0.005}, {'v': 0.01}] "
5 mm/s                                ,{'v': 0.005}               
5 mm/s                                ,{'v': 0.005}               
5 mm/s                                ,{'v': 0.005}               
"['80 mm/s', '40 mm/s', '10 mm/s', '5 mm/s'] ","[{'v': 0.08}, {'v': 0.04}, {'v': 0.01}, {'v': 0.005}] "
Q_C                 ,N/A              
constant            ,N/A              
150 μL/h            ,{'q': 4.166666666666667e-8} 
Q_D                 ,N/A              
constant            ,N/A              
30 μL/h             ,{'q': 8.33e-9}   
Qc                  ,'N/A'            
"['1 μL/min', '500 μL/min'] ","[{'q': 1.6666666666666667e-11}, {'q': 8.333333333333333e-09}] "
Qc                  ,'N/A'            
Qc                  ,'N/A'            
increasing          ,'N/A'            
Qd ,'N/A' 
"['5 μL/min', '10 μL/min', '20 μL/min', '30 μL/min'] ","[{'q': 8.333333333333333e-11}, {'q': 1.6666666666666667e-10}, {'q': 3.333333333333333e-10}, {'q': 5e-10}] "
Qd ,'N/A' 
Qd ,'N/A' 
fixed ,'N/A' 
"['3.0 mL/min', '10.5 mL/min'] ","[{'q': 0.00005}, {'q': 0.000175}] "
'10 mL/min' ,{'q': 0.00016666666666666666} 
"['3 mL/min', '9 mL/min'] ","[{'q': 0.00005}, {'q': 0.00015}] "
"['3 mL/min', '10.5 mL/min', '4 mL/min', '12 mL/min'] ","[{'q': 0.00005}, {'q': 0.000175}, {'q': 0.00006666666666666667}, {'q': 0.0002}] "
3 mL/min            ,{'q': 0.00005}   
3 mL/min            ,{'q': 0.00005}   
3 mL/min            ,{'q': 0.00005}   
3 mL/min            ,{'q': 0.00005}   
mean velocity of the carrier fluid            ,N/A              
0.1 ml/h                                      ,{'q': 2.77778e-8} 
U                   ,'N/A'            
0.01 ml/h           ,{'q': 2.77778e-12} 
< 1000 μL/min ,{'q': 0.0005} 
"['1000-2000 μL/min', '1500-5000 μL/min'] ","[{'q': 0.0015}, {'q': 0.00325}] "
higher than the upper limit for dripping regime ,'N/A' 
_Q_ c ,'N/A' 
varied to maintain constant droplet generation frequency ,'N/A' 
higher in jetting regime ,'N/A' 
Qc ,'N/A' 
6–15 mL/min ,{'q': 0.000175} 
higher than upper limit for dripping ,'N/A' 
6–15 mL/min ,{'q': 0.000175} 
_Q_ d ,'N/A' 
varied to maintain constant droplet generation frequency ,'N/A' 
volume flow rate is fixed ,'N/A' 
"['500 µL/h', '1000 µL/h']               ","[{'q': 1.3888888888888888e-07}, {'q': 2.7777777777777776e-07}] "
'10 ml/h'                               ,{'q': 2.7777777777777776e-06}   
'0.15 ml/hr'                            ,{'q': 4.1666666666666665e-08}   
"['3', '0.3', '0.6']                     ","['N/A', 'N/A', 'N/A']           "
"['2', '0.3']                            ","['N/A', 'N/A']                  "
'10 mL/h'                               ,{'q': 2.7777777777777776e-06}   
"['0.3 ml/min', '0.5 ml/min', '1.0 ml/min'] ","[{'q': 5.0e-06}, {'q': 8.333333333333333e-06}, {'q': 1.6666666666666666e-05}] "
"['200 µL/h', '400 µL/h'] ","[{'q': 5.56e-8}, {'q': 1.11e-7}] "
'5 ml/h' ,{'q': 1.39e-6} 
"['0.1 ml/hr', '0.15 ml/hr'] ","[{'q': 2.78e-8}, {'q': 4.17e-8}] "
'0.1' ,{'v': 0.1} 
'5 mL/h' ,{'q': 1.39e-6} 
"['0.1 ml/min', '0.2 ml/min', '0.4 ml/min'] ","[{'q': 1.67e-6}, {'q': 3.33e-6}, {'q': 6.67e-6}] "
superficial velocity  ,'N/A' 
"['0.15–0.73 ml h−1', '0.4–35 ml h−1'] ","[{'q' : 4.6305555555555557e-09}, {'q' : 1.9791666666666667e-07}] "
0.06 m/s ,{'v' : 0.06} 
m3 s−1 ,'N/A' 
'Calculated as Vb / Tf' ,'N/A' 
'0.06 m/s' ,{'v': 0.06} 
'0.32 u' ,'N/A' 
'superficial velocity _u_' ,'N/A' 
"['increases', 'larger at lower superficial velocity'] ","['N/A', 'N/A'] "
'm3 s−1' ,'N/A' 
'controlled by a gas flow meter' ,'N/A' 
'0.2 mL/min' ,{'q': 3.33e-9} 
'variable' ,'N/A' 
'300 μL/min' ,{'q': 5e-9} 
"['100–600 μL/min', '450 μL/min', '250 μL/min'] ","[{'q': 5.83e-9}, {'q': 7.5e-9}, {'q': 4.17e-9}] "
"['0.02 m/s', '0.26 m/s', '0.95 m/s'] ","[{'v': 0.02}, {'v': 0.26}, {'v': 0.95}] "
'300 μL/min' ,{'q': 5e-9} 
'variable' ,'N/A' 
"['20 to 500 μL/min', 'up to 3760 μL/min'] ","[{'q': 4.33e-9}, {'q': 6.27e-8}] "
'300 μL/min' ,{'q': 5e-9} 
['Qc'] ,'N/A' 
'100–500' ,'N/A' 
'low' ,'N/A' 
'Qc' ,'N/A' 
'300 μL/min' ,{'q': 5e-9} 
'_Q_ c' ,'N/A' 
'high liquid-phase flux' ,'N/A' 
'250–400 μL/min' ,{'q': 5.42e-9} 
"['250 μL/min', '300 μL/min', '400 μL/min'] ","[{'q': 4.17e-9}, {'q': 5e-9}, {'q': 6.67e-9}] "
'300 μL/min' ,{'q': 5e-9} 
'controlled by a chromatography pump' ,'N/A' 
'90 μL/min' ,{'q': 1.5e-9} 
'90 μL/min' ,{'q': 1.5e-9} 
'90 μL/min' ,{'q': 1.5e-9} 
'90 μL/min' ,{'q': 1.5e-9} 
'Qd' ,'N/A' 
'Qd ranges from 20 to 500 μL/min' ,{'q': 4.3e-9} 
'90 μL/min' ,{'q': 1.5e-9} 
['Qd'] ,['N/A'] 
'20–500 μL/min' ,{'q': 4.3e-9} 
'Qd' ,'N/A' 
'90 μL/min' ,{'q': 1.5e-9} 
'_Q_ d' ,'N/A' 
'Qd: Qc = 3:10' ,'N/A' 
"['Q_d/Q_c = 3', 'Q_d/Q_c = 1', 'Q_d/Q_c = 0.3', 'Q_d/Q_c = 0.07'] ","['N/A', 'N/A', 'N/A', 'N/A'] "
50 μL/hr            ,{'q': 1.388888888888889e-11} 
0.01 μL/s           ,{'q': 1e-11}     
reduced             ,'N/A'            
constant            ,'N/A'            
22.6×10−6 A m2      ,'N/A'            
'P_g (constant pressure)'  ,'N/A'            
'Q_l'                 ,'N/A'            
'Ql'                  ,'N/A'            
'Q_l' ,'N/A' 
"['0.11', '0.19', '0.09', '0.50', '0.07', '0.91', '0.63', '0.03', '0.08', '0.09', '0.02', '0.03', '2.04'] ","[{'v': 0.11}, {'v': 0.19}, {'v': 0.09}, {'v': 0.50}, {'v': 0.07}, {'v': 0.91}, {'v': 0.63}, {'v': 0.03}, {'v': 0.08}, {'v': 0.09}, {'v': 0.02}, {'v': 0.03}, {'v': 2.04}] "
"['1.66 × 10-10 to 8.33 × 10-8 m3/s', '0.083 mL/s'] ","[{'q': 4.165e-9}, {'q': 8.3e-8}] "
'0.194' ,{'v': 0.194} 
'2.6 × 10-2 to 10.6' ,{'v': 5.33} 
'same as continuous phase' ,'N/A' 
'Qg' ,'N/A' 
"['0.11', '0.19', '0.09', '0.50', '0.07', '0.91', '0.63', '0.03', '0.08', '0.09', '0.02', '0.03', '2.04'] ","[{'v': 0.11}, {'v': 0.19}, {'v': 0.09}, {'v': 0.50}, {'v': 0.07}, {'v': 0.91}, {'v': 0.63}, {'v': 0.03}, {'v': 0.08}, {'v': 0.09}, {'v': 0.02}, {'v': 0.03}, {'v': 2.04}] "
m3·s−1                    ,N/A              
5 < Qc < 45 μL/min        ,{'q': 4.166666666666667e-07}  
15 μL/min                 ,{'q': 2.5e-07}   
7.5 μL/min                ,{'q': 1.25e-07}  
15 μL/min                 ,{'q': 2.5e-07}   
varied in experiment      ,N/A              
15 μL/min                 ,{'q': 2.5e-07}   
15 μL/min                 ,{'q': 2.5e-07}   
increases                 ,N/A              
varies                    ,N/A              
m3·s−1 ,'N/A' 
m3·s−1 ,'N/A' 
5 < Qd < 15 μL/min ,{'q': 0.00000016666666666666666} 
controlled by the syringe pump ,'N/A' 
10 μL/min ,{'q': 0.00000016666666666666666} 
"['5 μL/min', '7.5 μL/min'] ","[{'q': 0.00000008333333333333333}, {'q': 0.000000125}] "
10 μL/min ,{'q': 0.00000016666666666666666} 
"['5 μL/min', '10 μL/min', '12.5 μL/min', '15 μL/min'] ","[{'q': 0.00000008333333333333333}, {'q': 0.00000016666666666666666}, {'q': 0.00000020833333333333334}, {'q': 0.00000025}] "
Qf = 1:1 ,'N/A' 
10 μL/min ,{'q': 0.00000016666666666666666} 
increases ,'N/A' 
5 μL/min ,{'q': 0.00000008333333333333333} 
'μl·min−1' ,'N/A' 
"'superficial velocity of the continuous phase, m·s−1' ",'N/A' 
'Qc' ,'N/A' 
'Qc' ,'N/A' 
'50-1400 μl·min−1' ,{'q': 0.001225} 
'100 μl·min−1' ,{'q': 0.00000166667} 
'100 μl·min−1' ,{'q': 0.00000166667} 
'Varies' ,'N/A' 
['50 to 800 μl·min−1'] ,[{'q': 0.00000708333}] 
'different rates' ,'N/A' 
'varied' ,'N/A' 
'μl·min−1' ,'N/A' 
"'superficial velocity of the dispersed phase, m·s−1' ",'N/A' 
'Qd' ,'N/A' 
'Qd' ,'N/A' 
'5-50 μl·min−1' ,{'q': 0.0000000275} 
'10 μl·min−1' ,{'q': 0.00000016666666666666666} 
'10 μl·min−1' ,{'q': 0.00000016666666666666666} 
'5 μl·min−1' ,{'q': 0.00000008333333333333333} 
'5 μl/min' ,{'q': 0.00000008333333333333333} 
'5 μl·min−1' ,{'q': 0.00000008333333333333333} 
'5 μl/min' ,{'q': 0.00000008333333333333333} 
'5 μl·min−1' ,{'q': 0.00000008333333333333333} 
'5 μl·min−1' ,{'q': 0.00000008333333333333333} 
"['10 mL·h−1', '9 mL·h−1'] ","[{'q': 2.777777777777778e-09}, {'q': 2.5e-09}] "
"['10 mL/h', '8 mL/h'] ","[{'q': 2.777777777777778e-09}, {'q': 2.222222222222222e-09}] "
"constant gas flow rate, changes in liquid phase flow rate ",'N/A' 
"['10 mL·h−1', '8 mL·h−1'] ","[{'q': 2.777777777777778e-09}, {'q': 2.222222222222222e-09}] "
"['10 mL·h−1', '8 mL·h−1'] ","[{'q': 2.777777777777778e-09}, {'q': 2.222222222222222e-09}] "
Q_g: 10 mL·h−1 ,{'q': 2.777777777777778e-09} 
increases ,'N/A' 
increases with the increase of flow rate of the liquid phase ,'N/A' 
Qg/ Ql ,'N/A' 
Qg/Ql ,'N/A' 
"['10 mL·h−1', '8 mL·h−1'] ","[{'q': 2.777777777777778e-09}, {'q': 2.222222222222222e-09}] "
'μL/min' ,'N/A' 
'Q2' ,'N/A' 
'100 μL/min' ,{'q': 0.0000016666666666666668} 
'unchanged' ,'N/A' 
'Q_c' ,'N/A' 
'Q_2' ,'N/A' 
"['400 μL/min', '100 μL/min', '200 μL/min', '300 μL/min', '400 μL/min'] ","[{'q': 0.000006666666666666667}, {'q': 0.0000016666666666666668}, {'q': 0.0000033333333333333335}, {'q': 0.000005}, {'q': 0.000006666666666666667}] "
'15.63–26.04 mm/s' ,{'v': 0.020835} 
['10.42–20.83 mm/s'] ,[{'v': 0.015625}] 
"['0.3232–0.1422Δρu2', '0.5510–0.1260Δρu2', '0.6910–0.0402Δρu2', '0.7680 + 0.0366Δρu2'] ",'N/A' 
'_Q_2' ,'N/A' 
'_u_ sc' ,'N/A' 
'μL/min' ,'N/A' 
'Q1' ,'N/A' 
'increases' ,'N/A' 
"['10 μL/min', '20 μL/min', '60 μL/min', '100 μL/min', '140 μL/min', '200 μL/min'] ","[{'q': 1.67e-7}, {'q': 3.33e-7}, {'q': 1e-6}, {'q': 1.67e-6}, {'q': 2.33e-6}, {'q': 3.33e-6}] "
['increased'] ,['N/A'] 
'Q_d' ,'N/A' 
'Q_1' ,'N/A' 
'increases' ,'N/A' 
"['30 μL/min', '40 μL/min', '50 μL/min', '60 μL/min', '20 μL/min', '60 μL/min', '80 μL/min', '100 μL/min', '120 μL/min', '100 μL/min'] ","[{'q': 5e-7}, {'q': 6.67e-7}, {'q': 8.33e-7}, {'q': 1e-6}, {'q': 3.33e-7}, {'q': 1e-6}, {'q': 1.33e-6}, {'q': 1.67e-6}, {'q': 2e-6}, {'q': 1.67e-6}] "
"['2.08–4.17 mm/s', '2.08–3.65 mm/s'] ","[{'v': 0.003125}, {'v': 0.002865}] "
['2.60–4.17 mm/s'] ,[{'v': 0.003385}] 
"['0.2397–0.2820Δρu2', '0.4895–0.2713Δρu2', '0.7097–0.1201Δρu2', '0.8789–0.0609Δρu2'] ","['N/A', 'N/A', 'N/A', 'N/A'] "
'_Q_1' ,'N/A' 
'_u_ sd' ,'N/A' 
['0.1 to 10 μL/min'] ,[{'q': 0.0000000055}] 
'below 30 μL/min' ,{'q': 0.000000015} 
"['0.5 μL/min', '0.5 μL/min'] ","[{'q': 0.00000000833}, {'q': 0.00000000833}] "
'increasing' ,'N/A' 
"['0.6 μL/min', '4.8 μL/min', '66 μL/min'] ","[{'q': 0.00000001}, {'q': 0.00000008}, {'q': 0.0000011}] "
'0.8 μL/min' ,{'q': 0.0000000133} 
'0.1 μL/min' ,{'q': 0.00000000167} 
'0.6 μL/min' ,{'q': 0.00000001} 
'0.6 μL/min' ,{'q': 0.00000001} 
'50.68 μL/min' ,{'q': 0.0000008447} 
'50.68 μL/min' ,{'q': 0.0000008447} 
'lower flow rate' ,'N/A' 
'6 μL/min' ,{'q': 0.0000001} 
"['0.06 μL/min', '0.6 μL/min'] ","[{'q': 0.000000001}, {'q': 0.00000001}] "
['0.06 μL/min'] ,[{'q': 0.000000001}] 
"['Q_extra/Q_oil = 1', 'Q_extra/Q_oil = 2.5'] ","['N/A', 'N/A'] "
"['0.8 μL/min', '0.4 μL/min', '0.6 μL/min'] ","[{'q': 0.0000000133}, {'q': 0.00000000667}, {'q': 0.00000001}] "
['0.01 to 5 μL/min'] ,[{'q': 2.777777777777778e-11}] 
'0.4 μL/min' ,{'q': 6.666666666666667e-12} 
'0.1 μL/min' ,{'q': 1.6666666666666667e-12} 
'0.8 μL/min' ,{'q': 1.3333333333333333e-11} 
'6 μL/min' ,{'q': 1e-10} 
"['0.06 μL/min', '0.1 μL/min'] ","[{'q': 1e-12}, {'q': 1.6666666666666667e-12}] "
"['0.4 μL/min', '0.6 μL/min', '0.8 μL/min'] ","[{'q': 6.666666666666667e-12}, {'q': 1e-11}, {'q': 1.3333333333333333e-11}] "
"['Q extra/Q oil = 1', 'Q extra/Q oil = 2.5', 'Q extra/Q oil = 4', 'Q extra/Q oil = 4.5'] ",'N/A' 
Q_out          ,N/A               
Q_out          ,N/A               
1 mL h−1       ,{'q': 2.7778e-7}  
1 mL h-1       ,{'q': 2.7778e-7}  
1 mL h-1       ,{'q': 2.7778e-7}  
Q_out          ,N/A               
Q_out          ,N/A               
1 mL h−1       ,{'q': 2.7778e-7}  
'Q_in' ,'N/A' 
"['Q_in', 'Q_in(t)'] ","['N/A', 'N/A'] "
'estimation of the transient flow rate' ,'N/A' 
'80 μL h−1' ,{'q': 2.222222222222222e-11} 
'constant average flow rate Q' ,'N/A' 
'80 μL h−1' ,{'q': 2.222222222222222e-11} 
'80 μL h-1' ,{'q': 2.222222222222222e-11} 
'80 μL h-1' ,{'q': 2.222222222222222e-11} 
'Q_in' ,'N/A' 
'Q_in' ,'N/A' 
'1.3 mL h−1' ,{'q': 3.611111111111111e-10} 
'Q_in' ,'N/A' 
"['0.12 m/s', '0.22 m/s']                                            ","[{'v': 0.12}, {'v': 0.22}] "
'0.16 m/s'                                                          ,{'v': 0.16}         
'0.16 m/s'                                                          ,{'v': 0.16}         
'0.18 m/s'                                                          ,{'v': 0.18}         
'0.19 to 0.44 with a constant phase between 0.19 to 0.31'           ,{'v': 0.315}       
"['0.22 m/s', '0.19 m/s', '0.16 m/s', '0.13 m/s']                   ","[{'v': 0.22}, {'v': 0.19}, {'v': 0.16}, {'v': 0.13}] "
"['0.13 m/s', '0.16 m/s', '0.19 m/s', '0.22 m/s']                   ","[{'v': 0.13}, {'v': 0.16}, {'v': 0.19}, {'v': 0.22}] "
'0.1 ml/min'                                                        ,{'q': 1.6667e-6}    
"['V_o = 0.13 m/s', 'V_o = 0.16 m/s', 'V_o = 0.19 m/s', 'V_o = 0.22 m/s'] ","[{'v': 0.13}, {'v': 0.16}, {'v': 0.19}, {'v': 0.22}] "
'V_o' ,'N/A' 
"['0.002 m/s', '0.10 m/s'] ","[{'v': 0.002}, {'v': 0.1}] "
"['0.002 m/s', '0.05 m/s'] ","[{'v': 0.002}, {'v': 0.05}] "
'0.05 m/s' ,{'v': 0.05} 
"['0.12-0.31', '0.38', '0.44'] ","[{'v': 0.215}, {'v': 0.38}, {'v': 0.44}] "
"['0.03–0.07 m/s', '0.02–0.06 m/s', '0.01–0.03 m/s', '0.08–0.1 m/s', '0.07–0.1 m/s', '0.04–0.1 m/s', '0.02 m/s', '0.01 m/s'] ","[{'v': 0.05}, {'v': 0.04}, {'v': 0.02}, {'v': 0.09}, {'v': 0.085}, {'v': 0.07}, {'v': 0.02}, {'v': 0.01}] "
"['0.13 m/s', '0.16 m/s', '0.19 m/s', '0.22 m/s'] ","[{'v': 0.13}, {'v': 0.16}, {'v': 0.19}, {'v': 0.22}] "
"['0.01 ml/min', '0.1 ml/min', '1 ml/min'] ","[{'q': 1.6666666666666667e-10}, {'q': 1.6666666666666666e-9}, {'q': 1.6666666666666666e-8}] "
Q_c                                                                            ,N/A                       
increases                                                                      ,N/A                       
increased from previous experiments                                            ,N/A                       
"['40 μL·min−1', '100 μL·min−1', '200 μL·min−1']                                ","[{'q': 6.66667e-08}, {'q': 1.66667e-07}, {'q': 3.33333e-07}] "
increases                                                                      ,N/A                       
increase leads to transition in droplet formation pattern                      ,N/A                       
120 μL/min                                                                     ,{'q': 2.0e-07}            
120 μL/min                                                                     ,{'q': 2.0e-07}            
120 μL·min−1                                                                   ,{'q': 2.0e-07}            
120 μL·min−1                                                                   ,{'q': 2.0e-07}            
low to high                                                                    ,N/A                       
low to high                                                                    ,N/A                       
160 μL·min−1                                                                   ,{'q': 2.66667e-07}        
"low continuous phase flow rate, increase of continuous phase flow rate         ",N/A                       
"['40 μL·min−1', '160 μL·min−1', '250 μL·min−1']                                ","[{'q': 6.66667e-08}, {'q': 2.66667e-07}, {'q': 4.16667e-07}] "
'0.1 mL/hr'         ,{'q': 2.77778e-11} 
'Q_d'               ,'N/A'            
'35 μL·min−1'       ,{'q': 5.83333e-10} 
'fixed'             ,'N/A'            
'20 μL·min−1'       ,{'q': 3.33333e-10} 
'20 μL/min'         ,{'q': 3.33333e-10} 
'20 μL/min'         ,{'q': 3.33333e-10} 
'20 μL·min−1'       ,{'q': 3.33333e-10} 
'20 μL·min−1'       ,{'q': 3.33333e-10} 
'20 μL·min−1'       ,{'q': 3.33333e-10} 
'20 μL·min−1'       ,{'q': 3.33333e-10} 
q3                  ,N/A              
q2                  ,N/A              
constant            ,N/A              
q4                  ,N/A              
q1                  ,N/A              
different volumes   ,N/A              
0.5 to 24 μl/min ,{'q': 0.000000012} 
Low to high varying rates (specific values not provided) ,'N/A' 
"['8 μl/min', '1 μl/min'] ","[{'q': 0.000000133}, {'q': 0.000000017}] "
tunable ,'N/A' 
"['3.5 μl/min', '6 μl/min'] ","[{'q': 0.000000058}, {'q': 0.0000001}] "
6 μl/min ,{'q': 0.0000001} 
'0.5 to 24 μl/min' ,{'q': 0.00000020833333333333333} 
'Low to high varying rates (specific values not provided)' ,'N/A' 
"['4 μl/min', '0.5 μl/min'] ","[{'q': 0.00000006666666666666667}, {'q': 0.000000008333333333333333}] "
'low' ,'N/A' 
"['3.2 mm/s', '6 mm/s'] ","[{'v': 0.0032}, {'v': 0.006}] "
'tunable' ,'N/A' 
"['3.5 μl/min', '1 μl/min'] ","[{'q': 0.000000058333333333333334}, {'q': 0.000000016666666666666666}] "
metering piston pump (Xingda PB-10) ,'N/A' 
"['1.0 mL/min', '2.0 mL/min', '3.0 mL/min', '4.0 mL/min'] ","[{'q': 1.67e-8}, {'q': 3.33e-8}, {'q': 5e-8}, {'q': 6.67e-8}] "
QIL ,'N/A' 
cooling metering pump (SSI SFC-24) ,'N/A' 
"['0.5 mL/min', '1.0 mL/min', '1.5 mL/min', '2.0 mL/min'] ","[{'q': 8.33e-9}, {'q': 1.67e-8}, {'q': 2.5e-8}, {'q': 3.33e-8}] "
QCO2 ,'N/A' 
QCO2 ,'N/A' 
increased ,'N/A' 
"['50 μL/min', '400 μL/min', '900 μL/min'] ","[{'q': 8.33e-10}, {'q': 6.67e-9}, {'q': 1.5e-8}] "
"['10 μL/min', '200 μL/min'] ","[{'q': 1.67e-10}, {'q': 3.33e-9}] "
low ,'N/A' 
small ,'N/A' 
'constant' ,'N/A' 
['different flow rates'] ,'N/A' 
'50 μL/min' ,{'q': 8.33e-10} 
"['10 μL/min', '100 μL/min'] ","[{'q': 1.67e-10}, {'q': 1.67e-9}] "
"['10 μL/min', '100 μL/min'] ","[{'q': 1.67e-10}, {'q': 1.67e-9}] "
"['10 μL/min', '50 μL/min'] ","[{'q': 1.67e-10}, {'q': 8.33e-10}] "
'low' ,'N/A' 
'60 µL/min' ,{'q': 1e-9} 
'small' ,'N/A' 
Qc                  ,'N/A'            
increase            ,'N/A'            
"['Qc (a)', 'Qc (b)']","['N/A', 'N/A']   "
increases           ,'N/A'            
Increases           ,'N/A'            
500 μL·min−1        ,{'q': 8.33e-9}   
500 μL·min−1        ,{'q': 8.33e-9}   
increases           ,'N/A'            
low                 ,'N/A'            
Qd                  ,N/A              
same                ,N/A              
"['Qd (c)', 'Qd (d)']","[N/A, N/A]      "
increases           ,N/A              
"['V', 'f']          ","[N/A, N/A]      "
Increases           ,N/A              
high Qd             ,N/A              
high Qd             ,N/A              
500 μL·min−1        ,{'q': 8.33e-9}  
500 μL·min−1        ,{'q': 8.33e-9}  
high                ,N/A              
'40 ml/h' ,{'q': 1.1111111111111112e-08} 
['varied'] ,'N/A' 
'40 ml/h' ,{'q': 1.1111111111111112e-08} 
'30 ml/h' ,{'q': 8.333333333333333e-09} 
"['40 ml/h', '30 ml/h'] ","[{'q': 1.1111111111111112e-08}, {'q': 8.333333333333333e-09}] "
'30 ml/h' ,{'q': 8.333333333333333e-09} 
'30 ml/h' ,{'q': 8.333333333333333e-09} 
'various' ,'N/A' 
'35 ml/h' ,{'q': 9.722222222222221e-09} 
'35 ml/h' ,{'q': 9.722222222222221e-09} 
"['increases with increasing alginate flow rate', 'increases with increasing dispersed phase flow rate'] ",'N/A' 
different rates ,'N/A' 
2 ml/h ,{'q': 0.0000005555555555555556} 
2 ml/h ,{'q': 0.0000005555555555555556} 
"[{'alginate': ['2 ml/h', '1 ml/h'], 'outer oil': ['30 ml/h', '35 ml/h'], 'inner oil': ['1 ml/h', '0.12 ml/h']}] ","[{'q': 0.0000005555555555555556}, {'q': 0.0000002777777777777778}, {'q': 0.000008333333333333333}, {'q': 0.000009722222222222222}, {'q': 0.0000002777777777777778}, {'q': 0.00000003333333333333333}] "
"['2 ml/h', '1 ml/h'] ","[{'q': 0.0000005555555555555556}, {'q': 0.0000002777777777777778}] "
"['2 ml/h', '1 ml/h'] ","[{'q': 0.0000005555555555555556}, {'q': 0.0000002777777777777778}] "
1 ml/h ,{'q': 0.0000002777777777777778} 
"['1 ml/h', '0.12 ml/h'] ","[{'q': 0.0000002777777777777778}, {'q': 0.00000003333333333333333}] "
'Qc'                ,'N/A'            
'1 ml/h'            ,{'q': 2.78e-10}  
'0.16 - 0.5'        ,{'v': 0.33}      
'0.5'               ,{'v': 0.5}       
"['0.2', '0.4']      ","[{'v': 0.2}, {'v': 0.4}] "
"['0.2 ml/hr', '4 ml/hr'] ","[{'q': 5.56e-11}, {'q': 1.11e-9}] "
'0.5'               ,{'v': 0.5}       
'0.5'               ,{'v': 0.5}       
'0.2'               ,{'v': 0.2}       
'0.33'              ,{'v': 0.33}      
'0.33'              ,{'v': 0.33}      
'decrease'          ,'N/A'            
'0.33'              ,{'v': 0.33}      
'0.33'              ,{'v': 0.33}      
'0.33'              ,{'v': 0.33}      
increases with flow rate ratio ,'N/A' 
Qd ,'N/A' 
0.2 ml/h ,{'q': 5.56e-11} 
0.1 ml/hr ,{'q': 2.78e-11} 
0.5 ,'N/A' 
0.5 ,'N/A' 
0.1 ml/hr ,{'q': 2.78e-11} 
0.2 ml/hr ,{'q': 5.56e-11} 
flow rate ratio ,'N/A' 
increase ,'N/A' 
μL/s ,'N/A' 
Q3 ,'N/A' 
"['0.83 μL/s', '1.50 μL/s', '2.17 μL/s'] ","[{'q': 0.00000083}, {'q': 0.0000015}, {'q': 0.00000217}] "
Q3 ,'N/A' 
Q3 ,'N/A' 
1.00 μL/s ,{'q': 0.000001} 
"['1.50 μL/s', '0.50 μL/s', '0.83 μL/s'] ","[{'q': 0.0000015}, {'q': 0.0000005}, {'q': 0.00000083}] "
Q3 ,'N/A' 
Q3 ,'N/A' 
Q3 ,'N/A' 
"['1.00 µL/s', '2.17 µL/s'] ","[{'q': 0.000001}, {'q': 0.00000217}] "
"['0.83 μL/s', '0.33 μL/s', '2.17 μL/s'] ","[{'q': 0.00000083}, {'q': 0.00000033}, {'q': 0.00000217}] "
1.00 μL/s ,{'q': 0.000001} 
"['1.33 μL/s', '1.50 μL/s'] ","[{'q': 0.00000133}, {'q': 0.0000015}] "
Q3 ,'N/A' 
"['1.17 μL/s', '1.13 μL/s', '1.50 μL/s', '1.67 μL/s'] ","[{'q': 0.00000117}, {'q': 0.00000113}, {'q': 0.0000015}, {'q': 0.00000167}] "
"['1.00 μL/s', '0.33 μL/s', '1.67 μL/s'] ","[{'q': 0.000001}, {'q': 0.00000033}, {'q': 0.00000167}] "
1.00 μL/s ,{'q': 0.000001} 
"['Q1', 'Q2'] ","['N/A', 'N/A'] "
'μL/s' ,'N/A' 
'Q2' ,'N/A' 
'0.33 μL/s' ,{'q': 3.3e-10} 
"['Q_d ≈ Q_1 + Q_2', 'Q_3'] ","['N/A', 'N/A'] "
"['Q1', 'Q2'] ","['N/A', 'N/A'] "
"['0.33 μL/s', '1.33 μL/s'] ","[{'q': 3.3e-10}, {'q': 1.33e-9}] "
"'Q1, Q2' ",'N/A' 
'0.33 µL/s' ,{'q': 3.3e-10} 
'0.33 μL/s' ,{'q': 3.3e-10} 
"['1.33 μL/s', '0.67 μL/s'] ","[{'q': 1.33e-9}, {'q': 6.7e-10}] "
"['1.00 μL/s', '0.33 μL/s'] ","[{'q': 1e-9}, {'q': 3.3e-10}] "
'0.33 μL/s' ,{'q': 3.3e-10} 
'Q3' ,'N/A' 
11 μL/min ,{'q': 1.8333333333333333e-10} 
Q_{\rm{C}} ,'N/A' 
10.5 μL/min ,{'q': 1.75e-7} 
"['0.2', '0.05', '1.21', '0.04'] ","[{'v': 0.2}, {'v': 0.05}, {'v': 1.21}, {'v': 0.04}] "
"['0.5 Q_D/(WH)', '0.97 (Q_C+Q_D)/(WH)'] ",'N/A' 
Q_{\rm{D}} ,'N/A' 
Q_{\rm{D}} ,'N/A' 
0.01 to 0.15 ms−1 ,{'v': 0.08} 
controlled by pneumatic membrane ,'N/A' 
300 μl/h ,{'q': 8.333333333333333e-08} 
300 μl/h ,{'q': 8.333333333333333e-08} 
100 μl/h ,{'q': 2.777777777777778e-08} 
"['1475.4 μm/s', '1579.9 μm/s', '3529.4 μm/s', '4090.9 μm/s', '5000.0 μm/s', '6666.7 μm/s', '1153.8 μm/s', '1417.3 μm/s', '1935.5 μm/s', '2903.2 μm/s', '4186.0 μm/s', '5714.3 μm/s'] ","[{'v': 0.0014754}, {'v': 0.0015799}, {'v': 0.0035294}, {'v': 0.0040909}, {'v': 0.005}, {'v': 0.0066667}, {'v': 0.0011538}, {'v': 0.0014173}, {'v': 0.0019355}, {'v': 0.0029032}, {'v': 0.004186}, {'v': 0.0057143}] "
lower than a critical dispersed-phase velocity ,'N/A' 
100 μl/h ,{'q': 2.777777777777778e-11} 
100 μl/h ,{'q': 2.777777777777778e-11} 
100 μl/h ,{'q': 2.777777777777778e-11} 
constant            ,'N/A'            
0.2 m/s             ,{'v': 0.2}       
0.2 m/s             ,{'v': 0.2}       
0.2 m/s             ,{'v': 0.2}       
0.2 m/s             ,{'v': 0.2}       
superficial velocity (m·s−1) ,N/A 
"qv, g ",N/A 
0.2 m/s ,{'v': 0.2} 
0.2 m/s ,{'v': 0.2} 
'constant' ,'N/A' 
'0.045 mL/min' ,{'q': 7.5e-7} 
"['increases with Q Aq/Q oil from 0 to 5', 'steady beyond 5'] ",'N/A' 
"['low for Q Aq/Q Oil < 1', 'high for Q Aq/Q Oil >= 5'] ",'N/A' 
'_Q_ oil' ,'N/A' 
"'Q Aq/Q Oil < 1, 15–40 bubbles/sec; Q Aq/Q Oil between 2 to 5, decreased sharply and became constant at Q Aq/Q Oil greater than 5' ",'N/A' 
'_Q_ oil' ,'N/A' 
'constant' ,'N/A' 
"['0.075 mL/min', 'varied'] ","[{'q': 0.00000125}, 'N/A'] "
"['increases with Q Aq/Q oil from 0 to 5', 'steady beyond 5'] ",'N/A' 
'constant (for a constant gas pressure)' ,'N/A' 
'_Q_ Aq' ,'N/A' 
'_Q_ Aq' ,'N/A' 
"['3 μl min−1 at 7 MPa', '7 μl min−1 at 10 MPa', '13 μl min−1 at 18 MPa'] ","[{'q': 5e-11}, {'q': 1.1666666666666666e-10}, {'q': 2.1666666666666667e-10}] "
0.17 ml/hr          ,{'q': 4.72222e-8}
0.17 ml/hr          ,{'q': 4.72222e-8}
high and constant   ,'N/A'            
'0.22 ml/hr' ,{'q': 6.111111111111111e-8} 
'0.16 ml/hr' ,{'q': 4.444444444444444e-8} 
"['low and constant', 'gradually increased', 'further increased'] ",'N/A' 
"['0.8', '1.2'] ","[{'v': 0.8}, {'v': 1.2}] "
'Uc' ,'N/A' 
"['1/4', '1/8'] ","[{'v': 0.0625}, {'v': 0.03125}] "
"['1/4', '1/8'] ","[{'v': 0.0625}, {'v': 0.03125}] "
'fixed' ,'N/A' 
'Qc' ,'N/A' 
'0.01–10' ,{'q': 5.005} 
'1/10' ,{'v': 0.1} 
Qd ,N/A 
Ud ,N/A 
increased ,N/A 
Qd ,N/A 
different flow rates ,N/A 
['300 μL/min'] ,[{'q': 0.000005}] 
"['100 to 9,000 μL/h'] ",[{'q': 0.000001388888888888889}] 
'0.1 mL/min' ,{'q': 0.0000016666666666666668} 
'increases with increased cross-sectional area' ,'N/A' 
'increased' ,'N/A' 
'0.5' ,'N/A' 
'0.5' ,'N/A' 
"['<200 μL/h', '2700 μL/h'] ","[{'q': 0.000000055555555555555556}, {'q': 0.00000075}] "
'Q > 1' ,{'q': 1} 
higher              ,'N/A'            
0.05 mL/min         ,{'q': 8.33e-10}  
increased           ,'N/A'            
decreased           ,'N/A'            
'Qcont' ,'N/A' 
'0.1 < Q_water < 6.7 (relative to Q_air)' ,{'q': 3.4} 
'Q_cont' ,'N/A' 
'100 μl/min' ,{'q': 0.0000016666666666666668} 
'constant' ,'N/A' 
'_Q_ air' ,'N/A' 
'0.4–2.6 ml/min' ,{'q': 0.0000015} 
'Qdisp' ,'N/A' 
'Q_disp' ,'N/A' 
'150 μl/min' ,{'q': 0.0000025} 
"['extremely low', '0.1 < Q air/ Q water < 0.2', 'Q air/ Q water > 5.0'] ","['N/A', {'q': 0.15}, {'q': 5.0}] "
'Q air/ Q water = 6.7' ,{'q': 6.7} 
'0.1' ,{'v': 0.1} 
['fixed Q air/Q water'] ,['N/A'] 
"['Q_air,act=Q_air*t_cycle/(t_fill+t_squeeze)', 'Q_air'] ","['N/A', 'N/A'] "
"'ranges in [Q_air/Q_water < 0.2, 0.2 < Q_air/Q_water < 2.0, Q_air/Q_water > 2.0]' ","[{'q': 0.1}, {'q': 1.1}, {'q': 2.0}] "
"['Q air/ Q water < 0.2', 'Q air/ Q water > 2.0'] ","[{'q': 0.1}, {'q': 2.0}] "
'actual air flow rate increases during the pressure build-up stage' ,'N/A' 
'_Q_ water' ,'N/A' 
'0.4–1.3 ml/min' ,{'q': 0.00000085} 
5-200 mL/h                       ,{'q': 0.00003472222222222222}   
comparable to dispersed phase    ,N/A                             
high                             ,N/A                             
increases                        ,N/A                             
5–200 mL /h                      ,{'q': 0.00003472222222222222}   
increases                        ,N/A                             
lower                            ,N/A                             
"['higher for jet droplets', 'lower for droplets'] ",N/A        
"['5 mL/h', '100 mL/h', '175 mL/h'] ","[{'q': 1.388888888888889e-06}, {'q': 2.777777777777778e-05}, {'q': 4.861111111111111e-05}] "
low                              ,N/A                             
70 mL/h                          ,{'q': 1.944444444444444e-05}    
1-10 mL/h ,{'q': 0.0000020833333333333333} 
large (ratio of dispersed phase flow rate to continuous phase flow rate) ,'N/A' 
comparable to continuous phase ,'N/A' 
small ,'N/A' 
1–10 mL/h ,{'q': 0.0000020833333333333333} 
increases ,'N/A' 
higher ,'N/A' 
low ,'N/A' 
3 mL/h ,{'q': 0.0000008333333333333333} 
high ,'N/A' 
0.001~0.1m/s ,{'v': 0.0505} 
"'0.6 ml/min, 0.8 ml/min' ","[{'q': 0.00001}, {'q': 0.0000133333}] "
['0.1 to 10 ml/min'] ,[{'q': 0.0000916667}] 
'8 ml/min' ,{'q': 0.000133333} 
'5 ml/min' ,{'q': 0.0000833333} 
'5 ml/min' ,{'q': 0.0000833333} 
'increases result in decreased slug length' ,'N/A' 
'12 ml/min' ,{'q': 0.0002} 
'0.5 ml/min' ,{'q': 0.00000833333} 
'0.5 ml/min' ,{'q': 0.00000833333} 
'Q_g' ,'N/A' 
'0.5 kg/s m2' ,'N/A' 
"['3 ml/min', '8 ml/min', '10 ml/min', '14 ml/min'] ","[{'q': 0.00005}, {'q': 0.000133333}, {'q': 0.000166667}, {'q': 0.000233333}] "
'5 ml/min' ,{'q': 0.0000833333} 
'0.5 ml/min' ,{'q': 0.00000833333} 
'0.5 ml/min' ,{'q': 0.00000833333} 
'0.5 ml/min' ,{'q': 0.00000833333} 
"'4.1–1.4, 0.2–2.46, 0.1–0.4' ","[{'q': 0.0000291667}, {'q': 0.0000221667}, {'q': 0.00000416667}] "
"'0.1 ml/min, 0.15 ml/min' ","[{'q': 1.6666666666666667e-09}, {'q': 2.5e-09}] "
['2–30 ml/min'] ,[{'q': 2.6666666666666667e-08}] 
'0.5 ml/min' ,{'q': 8.333333333333333e-09} 
'0.5 ml/min' ,{'q': 8.333333333333333e-09} 
'0.5 ml/min' ,{'q': 8.333333333333333e-09} 
'increases result in increased slug length' ,'N/A' 
'5 ml/min' ,{'q': 8.333333333333334e-08} 
'5 ml/min' ,{'q': 8.333333333333334e-08} 
'Q_l' ,'N/A' 
'52 kg/s m2' ,'N/A' 
'0.5 ml/min' ,{'q': 8.333333333333333e-09} 
"'0.06–0.2, 0.01–0.12, 0.02–0.14' ","[{'q': 1.4333333333333333e-08}, {'q': 6.833333333333333e-09}, {'q': 8.666666666666666e-09}] "
"['20 mL/h', '30 mL/h', '40 mL/h'] ","[{'q': 5.555555555555556e-09}, {'q': 8.333333333333333e-09}, {'q': 1.1111111111111112e-08}] "
increases ,'N/A' 
12 mL/h ,{'q': 3.3333333333333335e-09} 
30 mL/h ,{'q': 8.333333333333333e-09} 
varies with increasing pressure or flow rate for liquid ,'N/A' 
_Q_ c ,'N/A' 
Q_l ,'N/A' 
"['20 mL/h', '100 mL/h'] ","[{'q': 5.555555555555556e-09}, {'q': 2.777777777777778e-08}] "
"['20 mL/h', '100 mL/h'] ","[{'q': 5.555555555555556e-09}, {'q': 2.777777777777778e-08}] "
'increases' ,'N/A' 
"['constant-flow-rate injection', 'constant-pressure injection'] ","['N/A', 'N/A'] "
'decreased with the decrease of the gas–liquid flow rate ratio' ,'N/A' 
'constant pressure' ,'N/A' 
'30 mL/h' ,{'q': 8.333333333333333e-09} 
"['10 mL/h', '12 mL/h', '14 mL/h'] ","[{'q': 2.777777777777778e-09}, {'q': 3.3333333333333335e-09}, {'q': 3.888888888888889e-09}] "
'decrease of gas volumetric flow rate' ,'N/A' 
'varies with increasing gas inlet flow rate or pressure' ,'N/A' 
"['Q_g', 'Q_l'] ","['N/A', 'N/A'] "
'_Q_ d' ,'N/A' 
"'mentioned, normalized as ratio Qg/Ql' ",'N/A' 
'Q_g' ,'N/A' 
"['constant-pressure feed', 'constant-volumetric-flow-rate feed'] ","['N/A', 'N/A'] "
"['constant-pressure', 'constant-volumetric-flow-rate'] ","['N/A', 'N/A'] "
"['20 ml/min', '80 ml/min'] ","[{'q': 0.000333}, {'q': 0.001333}] "
"['32 ml/min', '80 ml/min'] ","[{'q': 0.000533}, {'q': 0.001333}] "
'80 ml/min'         ,{'q': 0.001333}  
0.3 ml/min          ,{'q': 0.000005}  
"['1 ml/min', '5 ml/min'] ","[{'q': 0.0000166667}, {'q': 0.0000833333}] "
5 ml/min            ,{'q': 0.0000833333} 
gradually reduced   ,'N/A'            
"['r_c = 0.2 mL/h', 'Q_c = 0.05 mL/min'] ","[{'q': 5.555555555555556e-11}, {'q': 8.333333333333333e-07}] "
'Qc' ,'N/A' 
'Qc' ,'N/A' 
"['1 ml/min', '0.5 ml/min'] ","[{'q': 1.6666666666666667e-06}, {'q': 8.333333333333333e-07}] "
'0' ,'N/A' 
'νd' ,'N/A' 
'Q_d = 0.01 mL/min' ,{'q': 1.6666666666666667e-10} 
'20-30000 μL min−1' ,{'q': 0.000010000000000000002} 
'Qd' ,'N/A' 
'0.1 ml/min' ,{'q': 1.6666666666666667e-09} 
'< 10 μL min−1' ,{'q': 8.333333333333333e-11} 
'βd = Qd/(Qc + Qd)' ,'N/A' 
increases ,'N/A' 
['different flow rates'] ,'N/A' 
fixed ,'N/A' 
1000 mL/h ,{'q': 0.0002777777777777778} 
"['1000', '1000', '1000', '1000', '1000', '500', '500', '500', '500', '500'] ","[{'q': 0.0002777777777777778}, {'q': 0.0002777777777777778}, {'q': 0.0002777777777777778}, {'q': 0.0002777777777777778}, {'q': 0.0002777777777777778}, {'q': 0.0001388888888888889}, {'q': 0.0001388888888888889}, {'q': 0.0001388888888888889}, {'q': 0.0001388888888888889}, {'q': 0.0001388888888888889}] "
increases           ,'N/A'            
different flow rates,'N/A'            
increasing          ,'N/A'            
5 mL/h              ,{'q': 1.39e-9}   
8 mL/h              ,{'q': 2.22e-9}   
10 mL/h             ,{'q': 2.78e-9}   
varied              ,'N/A'            
10                  ,'N/A'            
8                   ,'N/A'            
5                   ,'N/A'            
4                   ,'N/A'            
2                   ,'N/A'            
10                  ,'N/A'            
8                   ,'N/A'            
5                   ,'N/A'            
4                   ,'N/A'            
2                   ,'N/A'            
"['0.06 mm/s < uc < 1.8 mm/s', '2.5 mm/s < uc < 6 mm/s'] ","[{'v': 0.00093}, {'v': 0.00425}] "
Qc ,'N/A' 
Qc ,'N/A' 
0.5 µl/min ,{'q': 8.33e-12} 
0.5 µl/min ,{'q': 8.33e-12} 
0.75 µl/min ,{'q': 1.25e-11} 
1.5 µl/min ,{'q': 2.5e-11} 
3 µl/min ,{'q': 5e-11} 
0.75 µl/min ,{'q': 1.25e-11} 
1.5 µl/min ,{'q': 2.5e-11} 
5 µl/min ,{'q': 8.33e-11} 
"['0.75 µl/min', '1.5 µl/min', '3 µl/min'] ","[{'q': 1.25e-11}, {'q': 2.5e-11}, {'q': 5e-11}] "
0.75 µl/min ,{'q': 1.25e-11} 
1.5 µl/min ,{'q': 2.5e-11} 
"['0.03 mm/s < ud < 0.8 mm/s', '0.3 mm/s < ud < 3 mm/s', '300 mm/s < ud < 600 mm/s'] ","[{'v': 0.000415}, {'v': 0.00165}, {'v': 0.45}] "
Qd ,'N/A' 
Qd ,'N/A' 
"['0.1 µl/min', '5 µl/min'] ","[{'q': 1.66667e-12}, {'q': 8.33333e-11}] "
"['0.1 µl/min', '0.25 µl/min', '0.5 µl/min', '0.75 µl/min', '1 µl/min', '1.5 µl/min', '5 µl/min'] ","[{'q': 1.66667e-12}, {'q': 4.16667e-12}, {'q': 8.33333e-12}, {'q': 1.25e-11}, {'q': 1.66667e-11}, {'q': 2.5e-11}, {'q': 8.33333e-11}] "
increasing ,'N/A' 
"[""multiple values due to 'several flow rates of water'""] ",'N/A' 
"['0.1 µl/min', '0.25 µl/min', '0.5 µl/min', '0.75 µl/min', '1 µl/min'] ","[{'q': 1.66667e-12}, {'q': 4.16667e-12}, {'q': 8.33333e-12}, {'q': 1.25e-11}, {'q': 1.66667e-11}] "
"['0.5 µl/min', '0.8 µl/min', '1 µl/min', '1.25 µl/min', '1.5 µl/min'] ","[{'q': 8.33333e-12}, {'q': 1.33333e-11}, {'q': 1.66667e-11}, {'q': 2.08333e-11}, {'q': 2.5e-11}] "
0.25 µl/min ,{'q': 4.16667e-12} 
"['1 µl/min', '1.5 µl/min', '1.75 µl/min'] ","[{'q': 1.66667e-11}, {'q': 2.5e-11}, {'q': 2.91667e-11}] "
Qd/Qc ,'N/A' 
0.1 µl/min ,{'q': 1.66667e-12} 
1 µl/min ,{'q': 1.66667e-11} 
highest dispersed phase flow rates ,'N/A' 
gas: liquid flow rates ,N/A 
"['0.07 ml/min', '0.4 ml/min'] ","[{'q': 1.1666666666666667e-09}, {'q': 6.666666666666667e-09}] "
Q_l ,N/A 
constant ,N/A 
0.01 ml/min ,{'q': 1.6666666666666667e-10} 
0.1 ml/min ,{'q': 1.6666666666666667e-09} 
0.1 ml/min ,{'q': 1.6666666666666667e-09} 
0.01 ml/min ,{'q': 1.6666666666666667e-10} 
Q_l ,N/A 
0.1 ml/min ,{'q': 1.6666666666666667e-09} 
['increases'] ,N/A 
increasing ,N/A 
'Ql' ,'N/A' 
'Q_g' ,'N/A' 
'variable' ,'N/A' 
'varied' ,'N/A' 
'varies with gas inlet pressure' ,'N/A' 
"['150 kPa', '170 kPa'] ",'N/A' 
['increases'] ,'N/A' 
'different ranges of liquid to gas flow ratio' ,'N/A' 
'increasing' ,'N/A' 
"['1 mL h−1', '2 mL h−1', '4 mL h−1'] ","[{'q': 2.777777777777778e-10}, {'q': 5.555555555555556e-10}, {'q': 1.1111111111111112e-09}] "
"['0.2 mL h−1', '4 mL h−1'] ","[{'q': 5.555555555555556e-11}, {'q': 1.1111111111111112e-09}] "
'200 μL h−1' ,{'q': 5.555555555555556e-11} 
0.2 mL h−1          ,{'q': 5.56e-8}   
0.2 mL h−1          ,{'q': 5.56e-8}   
'various' ,'N/A' 
['0.05 to 5 mL/min'] ,[{'q': 4.375e-8}] 
"['0.2 mL/min', '2 mL/min'] ","[{'q': 3.3333333333333333e-9}, {'q': 3.3333333333333335e-8}] "
'different flow rates' ,'N/A' 
"['0.5 mL/min', '5 to 0.2 mL/min'] ","[{'q': 8.333333333333333e-9}, {'q': 4.583333333333333e-8}] "
'Higher Q_l' ,'N/A' 
'constant' ,'N/A' 
'0.5 mL/min' ,{'q': 8.333333333333333e-9} 
"['0.5 mL/min', '0.5 mL/min'] ","[{'q': 8.333333333333333e-9}, {'q': 8.333333333333333e-9}] "
"['0.5 mL/min', '0.4 mL/min'] ","[{'q': 8.333333333333333e-9}, {'q': 6.666666666666667e-9}] "
'0.5 mL/min' ,{'q': 8.333333333333333e-9} 
'Q_l' ,'N/A' 
'lower Ql' ,'N/A' 
'0.4 mL/min' ,{'q': 6.666666666666667e-9} 
'2–5 mL/min' ,{'q': 5.833333333333333e-8} 
'0.5 mL/min' ,{'q': 8.333333333333333e-9} 
'0.5 mL/min' ,{'q': 8.333333333333333e-9} 
'higher Ql' ,'N/A' 
'different' ,'N/A' 
['0.2 to 2 mL/min'] ,[{'q': 0.000001}] 
'0.5 mL/min' ,{'q': 0.00000000833} 
'0.5 mL/min' ,{'q': 0.00000000833} 
'Sensitive to pressure variation' ,'N/A' 
"['0.2 mL/min', '2 mL/min'] ","[{'q': 0.00000000333}, {'q': 0.0000000333}] "
'0.5 mL/min' ,{'q': 0.00000000833} 
"['0.5 mL/min', '0.4 mL/min'] ","[{'q': 0.00000000833}, {'q': 0.00000000667}] "
'0.5 mL/min' ,{'q': 0.00000000833} 
"['0.5 mL/min', '0.4 mL/min'] ","[{'q': 0.00000000833}, {'q': 0.00000000667}] "
'Q_g' ,'N/A' 
'ΔQg/Ql' ,'N/A' 
'0.5 mL/min' ,{'q': 0.00000000833} 
r'0 ,'N/A' 
'Ql' ,'N/A' 
'volumetric flow rate of gas phase (m3/s)' ,'N/A' 
'm3/s' ,'N/A' 
higher total flow rate                             ,N/A                
Qc                                                 ,N/A                
Qc                                                 ,N/A                
"constant, specific value not provided              ",N/A                
"['0.5 µL/min', '3 µL/min']                         ","[{'q': 8.33e-9}, {'q': 5e-8}] "
"Part of total flow rate Qtot, varies with Qd/Qc    ",N/A                
Qd                                                                                        ,N/A                
Qd                                                                                        ,N/A                
Qd                                                                                        ,N/A                
"increased until parallel flow pattern was established, specific range not provided       ",N/A                
"['0.5 µL/min', '6 µL/min']                                                                ","[{'q': 8.33e-9}, {'q': 1e-7}] "
3 µL/min                                                                                  ,{'q': 5e-8}        
"Part of total flow rate Qtot, varies with Qd/Qc                                           ",N/A                
"['0.053 m/s', '0.049 m/s'] ","[{'v': 0.053}, {'v': 0.049}] "
"'0.053 m/s, 0.159 m/s' ","[{'v': 0.053}, {'v': 0.159}] "
"['0.053 m/s', '0.079 m/s', '0.053 m/s'] ","[{'v': 0.053}, {'v': 0.079}, {'v': 0.053}] "
"'higher gas to liquid velocity ratios, lower gas/liquid velocity ratios' ",'N/A' 
'0.053 m/s' ,{'v': 0.053} 
'0.053 m/s' ,{'v': 0.053} 
'0.140 m/s' ,{'v': 0.140} 
'0.159 m/s' ,{'v': 0.159} 
"['0.027 m/s', '0.079 m/s', '0.103 m/s', '0.159 m/s'] ","[{'v': 0.027}, {'v': 0.079}, {'v': 0.103}, {'v': 0.159}] "
'0.049 m/s' ,{'v': 0.049} 
"['0.159 m/s', '0.53 m/s'] ","[{'v': 0.159}, {'v': 0.53}] "
'0.159 m/s' ,{'v': 0.159} 
'0.053 m/s' ,{'v': 0.053} 
"['0.159 m/s', '0.53 m/s'] ","[{'v': 0.159}, {'v': 0.53}] "
'superficial gas velocity (U_SG)' ,'N/A' 
'0.049 m/s' ,{'v': 0.049} 
"['0.027 m/s', '0.049 m/s', '0.067 m/s'] ","[{'v': 0.027}, {'v': 0.049}, {'v': 0.067}] "
'0.027 m/s' ,{'v': 0.027} 
'0.049 m/s' ,{'v': 0.049} 
'0.053 m/s' ,{'v': 0.053} 
'0.049 m/s' ,{'v': 0.049} 
'constant' ,'N/A' 
"['0.027 m/s', '0.05 m/s', '0.13 m/s', '0.159 m/s'] ","[{'v': 0.027}, {'v': 0.05}, {'v': 0.13}, {'v': 0.159}] "
"['0.027 m/s', '0.069 m/s', '0.074 m/s', '0.14 m/s'] ","[{'v': 0.027}, {'v': 0.069}, {'v': 0.074}, {'v': 0.14}] "
"['0.49 m/s', '0.14 m/s'] ","[{'v': 0.49}, {'v': 0.14}] "
"['constant', '0.074 m/s', 'increased'] ","['N/A', {'v': 0.074}, 'N/A'] "
'0.049 m/s' ,{'v': 0.049} 
"['0.027 m/s', '0.069 m/s', '0.074 m/s', '0.14 m/s'] ","[{'v': 0.027}, {'v': 0.069}, {'v': 0.074}, {'v': 0.14}] "
"['0.49 m/s', '0.14 m/s'] ","[{'v': 0.49}, {'v': 0.14}] "
"['3 ml/min', '6 ml/min', '8 ml/min', '10 ml/min', '12 ml/min', '16 ml/min'] ","[{'q': 0.00005}, {'q': 0.0001}, {'q': 0.000133}, {'q': 0.000167}, {'q': 0.0002}, {'q': 0.000267}] "
'3 ml/min' ,{'q': 0.00005} 
"[3, 6, 8, 10, 12, 16] ","[{'q': 0.00005}, {'q': 0.0001}, {'q': 0.000133}, {'q': 0.000167}, {'q': 0.0002}, {'q': 0.000267}] "
'3 ml/min' ,{'q': 0.00005} 
"['3 ml/min', '12 ml/min'] ","[{'q': 0.00005}, {'q': 0.0002}] "
'3 ml/min' ,{'q': 0.00005} 
"['3 ml/min', '6 ml/min', '8 ml/min', '10 ml/min', '12 ml/min', '16 ml/min'] ","[{'q': 0.00005}, {'q': 0.0001}, {'q': 0.000133}, {'q': 0.000167}, {'q': 0.0002}, {'q': 0.000267}] "
"['6 ml/min', '12 ml/min', '16 ml/min'] ","[{'q': 0.0001}, {'q': 0.0002}, {'q': 0.000267}] "
"'12 ml/min, 16 ml/min' ","[{'q': 0.0002}, {'q': 0.000267}] "
"['3 ml/min', '6 ml/min', '8 ml/min', '10 ml/min', '12 ml/min', '16 ml/min'] ","[{'q': 0.00005}, {'q': 0.0001}, {'q': 0.000133}, {'q': 0.000167}, {'q': 0.0002}, {'q': 0.000267}] "
'6 ml/min' ,{'q': 0.0001} 
'12 ml/min' ,{'q': 0.0002} 
"['3-16 ml/min', '0.0023-0.0074 for CaBlock-I'] ","[{'q': 0.0001585}, 'N/A'] "
"['3 ml/min', '6 ml/min', '8 ml/min', '10 ml/min', '12 ml/min', '16 ml/min'] ","[{'q': 0.00005}, {'q': 0.0001}, {'q': 0.000133}, {'q': 0.000167}, {'q': 0.0002}, {'q': 0.000267}] "
'3 ml/min' ,{'q': 0.00005} 
"['3 ml/min', '6 ml/min', '8 ml/min', '10 ml/min', '12 ml/min', '16 ml/min'] ","[{'q': 0.00005}, {'q': 0.0001}, {'q': 0.000133}, {'q': 0.000167}, {'q': 0.0002}, {'q': 0.000267}] "
'3 ml/min' ,{'q': 0.00005} 
'3 ml/min' ,{'q': 0.00005} 
"['3 ml/min', '6 ml/min', '8 ml/min', '10 ml/min', '12 ml/min', '16 ml/min'] ","[{'q': 0.00005}, {'q': 0.0001}, {'q': 0.000133}, {'q': 0.000167}, {'q': 0.0002}, {'q': 0.000267}] "
'> 16 ml/min' ,{'q': 0.000267} 
'≥10 ml/min' ,{'q': 0.000167} 
"['8 ml/min', '10 ml/min', '12 ml/min', '16 ml/min', '3 ml/min', '6 ml/min'] ","[{'q': 0.000133}, {'q': 0.000167}, {'q': 0.0002}, {'q': 0.000267}, {'q': 0.00005}, {'q': 0.0001}] "
"['3 ml/min', '6 ml/min', '8 ml/min', '10 ml/min', '16 ml/min'] ","[{'q': 0.00005}, {'q': 0.0001}, {'q': 0.000133}, {'q': 0.000167}, {'q': 0.000267}] "
'3 ml/min' ,{'q': 0.00005} 
"['low average superficial gas velocity', 'increased average superficial gas velocity'] ",'N/A' 
'3 ml/min' ,{'q': 0.00005} 
"['3 ml/min', '16 ml/min'] ","[{'q': 0.00005}, {'q': 0.00027}] "
3 ,'N/A' 
"['3 ml/min', '6 ml/min', '8 ml/min', '10 ml/min', '12 ml/min', '16 ml/min'] ","[{'q': 0.00005}, {'q': 0.0001}, {'q': 0.00013}, {'q': 0.00017}, {'q': 0.0002}, {'q': 0.00027}] "
'3 ml/min' ,{'q': 0.00005} 
"['3 ml/min', '6 ml/min', '8 ml/min', '10 ml/min', '12 ml/min', '16 ml/min'] ","[{'q': 0.00005}, {'q': 0.0001}, {'q': 0.00013}, {'q': 0.00017}, {'q': 0.0002}, {'q': 0.00027}] "
'3 ml/min' ,{'q': 0.00005} 
'3 ml/min' ,{'q': 0.00005} 
'3 ml/min' ,{'q': 0.00005} 
'3 ml/min' ,{'q': 0.00005} 
'3 ml/min' ,{'q': 0.00005} 
"['3 ml/min', '6 ml/min', '8 ml/min', '10 ml/min', '12 ml/min', '16 ml/min'] ","[{'q': 0.00005}, {'q': 0.0001}, {'q': 0.00013}, {'q': 0.00017}, {'q': 0.0002}, {'q': 0.00027}] "
'3 ml/min' ,{'q': 0.00005} 
"['8 ml/min', '10 ml/min', '12 ml/min'] ","[{'q': 0.00013}, {'q': 0.00017}, {'q': 0.0002}] "
"['3 ml/min', '6 ml/min', '8 ml/min', '10 ml/min', '12 ml/min', '16 ml/min'] ","[{'q': 0.00005}, {'q': 0.0001}, {'q': 0.00013}, {'q': 0.00017}, {'q': 0.0002}, {'q': 0.00027}] "
"['3 ml/min', '6 ml/min', '8 ml/min', '10 ml/min', '12 ml/min', '16 ml/min'] ","[{'q': 0.00005}, {'q': 0.0001}, {'q': 0.00013}, {'q': 0.00017}, {'q': 0.0002}, {'q': 0.00027}] "
"['3 ml/min', '6 ml/min', '8 ml/min', '10 ml/min', '12 ml/min', '16 ml/min'] ","[{'q': 0.00005}, {'q': 0.0001}, {'q': 0.00013}, {'q': 0.00017}, {'q': 0.0002}, {'q': 0.00027}] "
2 mL/h ,{'q': 5.56e-10} 
higher than cases 1 and 2 ,'N/A' 
high ,'N/A' 
proportional to the flow rate of the continuous fluids ,'N/A' 
"Higher main streamflow rate ratio (continuous phase divided by to be dispersed phase) leads to smaller droplet diameters. With the increase of continuous phase at a fixed velocity of the to-be-dispersed phase, the detachment point of the droplet moved from the corner of T-junction to the downstream of the corner ",'N/A' 
"['10', '5', '20', '5', '5', '5', '5'] ","[{'v': 10}, {'v': 5}, {'v': 20}, {'v': 5}, {'v': 5}, {'v': 5}, {'v': 5}] "
0.2 mL/h ,{'q': 5.56e-8} 
constant ,'N/A' 
proportional to dispersed phase flow rate ,'N/A' 
'Qc' ,'N/A' 
"['0.1 to 0.2 ml/min', '0.55 to 0.75 ml/min'] ","[{'q': 0.0000016666666666666668}, {'q': 0.000010416666666666667}] "
'same in all experiments' ,'N/A' 
'0.55 ml/min' ,{'q': 0.000009166666666666667} 
'increasing' ,'N/A' 
"['0.1 ml/min', '0.2 ml/min'] ","[{'q': 0.0000016666666666666668}, {'q': 0.0000033333333333333335}] "
'0.1 to 0.2 ml/min' ,{'q': 0.0000016666666666666668} 
'0.1 ml/min' ,{'q': 0.0000016666666666666668} 
'varied' ,'N/A' 
'decreases with increasing φ' ,'N/A' 
'increasing' ,'N/A' 
'0.1 ml/min' ,{'q': 0.0000016666666666666668} 
Qd                  ,N/A              
0.002 ml/min        ,{'q': 3.33e-11}  
0.002 ml/min        ,{'q': 3.33e-11}  
0.002 ml/min        ,{'q': 3.33e-11}  
constant            ,N/A              
0.002 ml/min        ,{'q': 3.33e-11}  
0.002 ml/min        ,{'q': 3.33e-11}  
constant            ,N/A              
same                ,N/A              
Q_c            ,N/A              
Q_d                 ,'N/A'            
4 × 10−7 m3/h  ,{'q': 1.11111e-10}
"['4 × 10−7 m3/h', '10 × 10−7 m3/h'] ","[{'q': 1.11111e-10}, {'q': 2.77778e-10}] "
"['4 × 10−7 m3/h', '6 × 10−7 m3/h', '8 × 10−7 m3/h', '10 × 10−7 m3/h'] ","[{'q': 1.11111e-10}, {'q': 1.66667e-10}, {'q': 2.22222e-10}, {'q': 2.77778e-10}] "
2 × 10−7 m3/h       ,{'q': 5.56e-11}  
Qc ,'N/A' 
constant ,'N/A' 
20 different combinations of Qc/Qd ratios ,'N/A' 
constant ,'N/A' 
Qd                  ,'N/A'            
varied              ,'N/A'            
varied              ,'N/A'            
"['100 μL/min', '200 μL/min', '300 μL/min', '400 μL/min', '500 μL/min', '600 μL/min'] ","[{'q': 1.6666666666666667e-09}, {'q': 3.3333333333333333e-09}, {'q': 5e-09}, {'q': 6.666666666666667e-09}, {'q': 8.333333333333333e-09}, {'q': 1e-08}] "
"['100 μL/min', '600 μL/min'] ","[{'q': 1.6666666666666667e-09}, {'q': 1e-08}] "
'high' ,'N/A' 
'600 μL/min' ,{'q': 1e-08} 
'_e_ = 2–12' ,'N/A' 
50 μL/min           ,{'q': 8.33e-10}  
50 μL/min           ,{'q': 8.33e-10}  
"['1', '5', '10', '50'] ","[{'v': 1}, {'v': 5}, {'v': 10}, {'v': 50}] "
"['10', '20'] ","[{'v': 10}, {'v': 20}] "
'10 μL/min' ,{'q': 1.6666666666666667e-10} 
"'20 μL/min, 5 μL/min, 10 μL/min' ","[{'q': 3.333333333333333e-10}, {'q': 8.333333333333333e-11}, {'q': 1.6666666666666667e-10}] "
'different flow rate condition' ,'N/A' 
'10 μL/min' ,{'q': 1.6666666666666667e-10} 
"['1', '1', '3', '3'] ","[{'v': 1}, {'v': 1}, {'v': 3}, {'v': 3}] "
"['2', '20'] ","[{'v': 2}, {'v': 20}] "
"['1', '3'] ","[{'v': 1}, {'v': 3}] "
'1 μL/min' ,{'q': 1.6666666666666667e-11} 
'5 μL/min' ,{'q': 8.333333333333333e-11} 
'proper flow rate condition' ,'N/A' 
'3 μL/min' ,{'q': 5e-11} 
"['0.6 mL/h', '0.06 mL/h']        ","[{'q':1.6666666666666667e-07}, {'q':1.6666666666666667e-08}] "
"['0.04 mL/h', '0.2 mL/h'] ","[{'q': 1.1111111111111112e-11}, {'q': 5.555555555555556e-11}] "
controlled by a microsyringe pump with an accuracy of 0.35% ,'N/A' 
Q_G ,'N/A' 
Q_G ,'N/A' 
Q_G + Q_L ,'N/A' 
"['1 ml/min', '2 ml/min'] ","[{'q': 1.6666666666666667e-08}, {'q': 3.3333333333333335e-08}] "
"['1 ml/min', '2 ml/min', '3 ml/min'] ","[{'q': 1.6666666666666667e-08}, {'q': 3.3333333333333335e-08}, {'q': 5e-08}] "
'1 to 3 ml/min' ,{'q': 3.3333333333333335e-08} 
controlled by a constant flow pump with an accuracy of 0.5% ,'N/A' 
(_QL + _QG)/_w^2 ,'N/A' 
Q_L ,'N/A' 
Q_L ,'N/A' 
"['4 ml/min', '1 ml/min'] ","[{'q': 0.00006666666666666667}, {'q': 0.000016666666666666666}] "
"['1 ml/min', '2 ml/min', '3 ml/min'] ","[{'q': 0.000016666666666666666}, {'q': 0.00003333333333333333}, {'q': 0.00005}] "
1.34 times the liquid phase ,'N/A' 
"['1 ml/min', '2 ml/min'] ","[{'q': 0.000016666666666666666}, {'q': 0.00003333333333333333}] "
'0.10 < U_TP < 0.53 m/s' ,{'v': 0.315} 
'0.42 m s–1' ,{'v': 0.42} 
'0.21 m/s' ,{'v': 0.21} 
'negligible' ,'N/A' 
"['0.10 m s–1', '0.53 m s–1'] ","[{'v': 0.10}, {'v': 0.53}] "
0.42 m/s ,{'v': 0.42} 
"['Q_L (used in Ca L,M calculation)'] ",'N/A' 
high ,N/A 
varied to maintain a specific flow rate ratio with liquid ,N/A 
"['0.54 mL/min', '2.16 mL/min'] ","[{'q': 9e-06}, {'q': 3.6e-05}] "
"['Q_G1', 'Q_G2'] ",N/A 
1.62 mL/min ,{'q': 2.7e-05} 
0.067 mL/min to 8.64 mL/min ,{'q': 0.000002375} 
higher than that of the dispersed phase ,N/A 
['0.25 ≤ Q_G/Q_L ≤ 6'] ,N/A 
U_L ,N/A 
"['0.07', '2.16', '0.27', '4.32', '0.20', '6.56', '0.27', '8.64'] ","[{'q': 0.07}, {'q': 2.16}, {'q': 0.27}, {'q': 4.32}, {'q': 0.2}, {'q': 6.56}, {'q': 0.27}, {'q': 8.64}] "
'varied with gas flow rate' ,'N/A' 
"['0.27 mL/min', '6.56 mL/min'] ","[{'q': 4.5e-9}, {'q': 1.0933333333333333e-7}] "
"['Q_L1', 'Q_L2'] ","['N/A', 'N/A'] "
'1.62 mL/min' ,{'q': 2.7e-8} 
'0.54 mL/min to 2.16 mL/min' ,{'q': 4.5e-8} 
'much lower than that of the continuous phase' ,'N/A' 
'U_G' ,'N/A' 
"['0.54', '1.08', '1.62', '2.16'] ","[{'v': 0.54}, {'v': 1.08}, {'v': 1.62}, {'v': 2.16}] "
"low, constant ",'N/A' 
Q_w ,'N/A' 
varied ,'N/A' 
increases ,'N/A' 
higher flow rates ,'N/A' 
high ,'N/A' 
increasing ,'N/A' 
increased flow rate reduces secondary droplet size and frequency ,'N/A' 
low ,'N/A' 
increases ,'N/A' 
higher flow rates ,'N/A' 
increases ,'N/A' 
varied              ,'N/A'            
Q_o                 ,'N/A'            
"constant, low       ",'N/A'            
increasing          ,'N/A'            
"['0.0116 m s−1', '0.232 m s−1'] ","[{'v': 0.0116}, {'v': 0.232}] "
0.25 ,{'v': 0.25} 
varies from 0.1 to 0.4 ,{'v': 0.25} 
1/5 of the flow with λ=0.1 ,'N/A' 
"['2 μL min−1', '60 μL min−1'] ","[{'q': 3.33e-11}, {'q': 1e-9}] "
"['2 μL min−1', '128 μL min−1'] ","[{'q': 3.33e-11}, {'q': 2.13e-9}] "
'10 μL min−1' ,{'q': 1.67e-10} 
'10 μL min−1' ,{'q': 1.67e-10} 
'increasing' ,'N/A' 
"['52 μL.min−1 (total, unstable, CV > 5%)', '14 to 34 μL.min−1 (total, stable monodisperse, simple system)', '12 to 44 μL.min−1 (total, per module, stable monodisperse, double system)'] ","[{'q': 8.67e-10}, {'q': 8e-10}, {'q': 9.33e-10}] "
['6 to 44 μL min−1'] ,[{'q': 8.33e-10}] 
'10 μL min−1' ,{'q': 1.67e-10} 
'14 μL min−1' ,{'q': 2.33e-10} 
"['14 μL min−1', '12 μL min−1'] ","[{'q': 2.33e-10}, {'q': 2e-10}] "
'14 μL min−1' ,{'q': 2.33e-10} 
'14 μL min−1' ,{'q': 2.33e-10} 
'2 μL min−1' ,{'q': 3.33e-11} 
"['0.2 μL min−1', '12.8 μL min−1'] ","[{'q': 1.67e-12}, {'q': 2.13e-10}] "
'2 μL min−1' ,{'q': 3.33e-11} 
'2 μL min−1' ,{'q': 3.33e-11} 
'1 mL/min' ,{'q': 1.67e-5} 
'2 μL min−1' ,{'q': 3.33e-11} 
'2 mL min−1' ,{'q': 3.33e-5} 
'2 μL min−1' ,{'q': 3.33e-11} 
"['1 μL min−1', '2 μL min−1'] ","[{'q': 1.67e-11}, {'q': 3.33e-11}] "
'14 μL min−1' ,{'q': 2.33e-10} 
['higher than in the single system'] ,'N/A' 
'2 μL min−1' ,{'q': 3.33e-11} 
40 mL/h        ,{'q': 1.1111e-8}
40 mL/h        ,{'q': 1.1111e-8}
40 mL/h        ,{'q': 1.1111e-8}
40 mL/h        ,{'q': 1.1111e-8}
40 mL/h ,{'q': 1.1111111111111112e-08} 
40 mL/h ,{'q': 1.1111111111111112e-08} 
40 mL/h ,{'q': 1.1111111111111112e-08} 
Qg ,'N/A' 
40 mL/h ,{'q': 1.1111111111111112e-08} 
40 mL/h ,{'q': 1.1111111111111112e-08} 
"liquid volumetric flow rate, mL h−1 ",'N/A' 
"gas volumetric flow rate, mL h−1 ",'N/A' 
'10 to 260 µL/h' ,{'q': 7.5e-9} 
'70 µL/h' ,{'q': 1.9444444444444444e-8} 
"['216 µL/h', '80 µL/h'] ","[{'q': 6e-8}, {'q': 2.2222222222222222e-8}] "
'40 µL/h' ,{'q': 1.1111111111111112e-8} 
'40 µL/h' ,{'q': 1.1111111111111112e-8} 
"'Qc/A, (Qc + Qd)/A' ",'N/A' 
'low speed' ,'N/A' 
"['20 µL/h', '40 µL/h'] ","[{'q': 5.555555555555555e-9}, {'q': 1.1111111111111112e-8}] "
'Qc' ,'N/A' 
'Qc' ,'N/A' 
'20 µL/h' ,{'q': 5.555555555555555e-9} 
'40 µL/h' ,{'q': 1.1111111111111112e-8} 
'larger relative to continuous phase' ,'N/A' 
'10 to 260 µL/h' ,{'q': 7.5e-9} 
'110 µL/h' ,{'q': 3.06e-8} 
"['108 µL/h', '80 µL/h'] ","[{'q': 3e-8}, {'q': 2.22e-8}] "
'70 µL/h' ,{'q': 1.94e-8} 
'70 µL/h' ,{'q': 1.94e-8} 
"'Qd/A, (Qc + Qd)/A' ",'N/A' 
"['30 µL/h', '40 µL/h'] ","[{'q': 8.33e-9}, {'q': 1.11e-8}] "
'Qd' ,'N/A' 
'Qd' ,'N/A' 
'high' ,'N/A' 
'50 µL/h' ,{'q': 1.39e-8} 
'high' ,'N/A' 
'40 µL/h' ,{'q': 1.11e-8} 
'large' ,'N/A' 
'larger' ,'N/A' 
high ,N/A 
0.1 to 200 mL·min−1 ,{'q': 0.0016666666666666668} 
Qg ,N/A 
"['2.0 mL·min−1', '10.0 mL·min−1', '20.0 mL·min−1'] ","[{'q': 0.00003333333333333333}, {'q': 0.00016666666666666666}, {'q': 0.0003333333333333333}] "
increasing ,N/A 
2 mL·min−1 ,{'q': 0.00003333333333333333} 
"variable, adjusted to change Weissenberg number ",N/A 
1 mL·min−1 ,{'q': 0.000016666666666666666} 
1 mL/min ,{'q': 0.000016666666666666666} 
1 mL·min−1 ,{'q': 0.000016666666666666666} 
high ,N/A 
11 mL·min−1 ,{'q': 0.00018333333333333333} 
high ,N/A 
1.5 mL·min−1 ,{'q': 0.000025} 
1.5 mL/min ,{'q': 0.000025} 
high liquid flow rates ,N/A 
1.5 mL/min ,{'q': 0.000025} 
1.5 mL/min ,{'q': 0.000025} 
1.5 mL/min ,{'q': 0.000025} 
Ql ,N/A 
high flow rates ,N/A 
high ,N/A 
"lower gas flow rates, higher liquid flow rates ",N/A 
"['7.33', '6.67', '8.00'] ","[{'v': 7.33}, {'v': 6.67}, {'v': 8.0}] "
low ,N/A 
0.5 to 20.0 mL·min−1 ,{'q': 0.00016666666666666666} 
Ql ,N/A 
Ql ,N/A 
Q l ,N/A 
1.5 mL·min−1 ,{'q': 0.000025} 
increasing ,N/A 
1 mL·min−1 ,{'q': 0.000016666666666666666} 
1 mL·min−1 ,{'q': 0.000016666666666666666} 
1.5 mL·min−1 ,{'q': 0.000025} 
1.5 mL·min−1 ,{'q': 0.000025} 
various ,N/A 
1.5 mL·min−1 ,{'q': 0.000025} 
high gas flow rates ,N/A 
Qd ,N/A 
Qg ,N/A 
"['lower gas flow rates', 'higher gas flow rates'] ",N/A 
higher gas and liquid flow rates ,N/A 
low                 ,'N/A'            
0.0667              ,{'v': 0.0667}   
0.0667-0.35 (ratio to the continuous flow rate) ,{'v': 0.20835} 
"low, less than 0.35 ",{'v': 0.175} 
"['0.2', '0.1', '0.0667', '0.08'] ","[{'v': 0.2}, {'v': 0.1}, {'v': 0.0667}, {'v': 0.08}] "
0.0667 ,{'v': 0.0667} 
low in ordinary T-junction channel ,'N/A' 
"['0.0667', '0.1'] ","[{'v': 0.0667}, {'v': 0.1}] "
0.0667 ,{'v': 0.0667} 
0.0667 ,{'v': 0.0667} 
Qc                  ,'N/A'            
"['Qs', 'Qns']       ","['N/A', 'N/A']  "
Qcs                 ,'N/A'            
Qc                  ,'N/A'            
Qc                  ,'N/A'            
Qc                  ,'N/A'            
Qc                  ,'N/A'            
2020 μl/min         ,{'q': 0.00003367}
Qd ,'N/A' 
Qd ,'N/A' 
Qd ,'N/A' 
Qd ,'N/A' 
increases ,'N/A' 
different flow rate ratios (φ) at λ = 1/9 ,'N/A' 
generated by micro-syringe pumping     ,N/A              
10 μl                                  ,N/A              
"['Q_oil1', 'Q_oil2'] ",'N/A' 
"['Q_A', 'Q_B', 'Q_out'] ",'N/A' 
'0.6 μL/min' ,{'q': 1e-11} 
'0.3 μL/min' ,{'q': 5e-12} 
"['Q_water1', 'Q_water2'] ","['N/A', 'N/A'] "
"['Q_A', 'Q_B'] ","['N/A', 'N/A'] "
"['0.15 μL/min', '0.2 μL/min', '0.25 μL/min', '0.3 μL/min', '0.35 μL/min', '0.4 μL/min', '0.45 μL/min', '0.5 μL/min', '0.55 μL/min', '0.6 μL/min', '0.65 μL/min', '0.7 μL/min', '0.75 μL/min', '0.8 μL/min', '0.85 μL/min'] ","[{'q': 2.5e-12}, {'q': 3.33e-12}, {'q': 4.17e-12}, {'q': 5e-12}, {'q': 5.83e-12}, {'q': 6.67e-12}, {'q': 7.5e-12}, {'q': 8.33e-12}, {'q': 9.17e-12}, {'q': 1e-11}, {'q': 1.08e-11}, {'q': 1.17e-11}, {'q': 1.25e-11}, {'q': 1.33e-11}, {'q': 1.42e-11}] "
"['0.75 μL/min', '0.75 μL/min'] ","[{'q': 1.25e-11}, {'q': 1.25e-11}] "
increased                                                                             ,N/A                     
increased with the increase of the gas injection pressure                             ,N/A                     
40 μL/min                                                                             ,{'q': 6.666666666666667e-08} 
gas injection pressure ,'N/A' 
varies from 0.94 to 5.69 ,{'v': 3.315} 
increased with the increase of gas injection pressure ,'N/A' 
"increased with the increase of the gas injection pressure, decreased as the liquid viscosity increased ",'N/A' 
'qc' ,'N/A' 
'16.6667mm3/s' ,{'q': 0.0000000166667} 
'vc' ,'N/A' 
'qc' ,'N/A' 
'qc' ,'N/A' 
'qc' ,'N/A' 
'qc' ,'N/A' 
'various conditions' ,'N/A' 
'exceeds a certain level' ,'N/A' 
"['16.6667 mm3/s', '83.3333 mm3/s'] ","[{'q': 0.0000000166667}, {'q': 0.0000000833333}] "
qd                                     ,N/A                   
5.1700mm3/s                            ,{'q': 0.00517}        
vd                                     ,N/A                   
qd                                     ,N/A                   
qd                                     ,N/A                   
"['5.8344 mm3/s', '19.3628 mm3/s']      ","[{'q': 0.0058344}, {'q': 0.0193628}] "
23 μL min−1                                                       ,{'q': 6.388888888888889e-10}      
"['< 6.0 μL min−1', '6.0 μL min−1 < Qc < 10.0 μL min−1', '> 10.0 μL min−1'] ","[{'q': 3.0e-10}, {'q': 8.0e-10}, {'q': 1.0e-9}] "
Qc                                                                 ,'N/A'                             
30 μL min−1                                                       ,{'q': 8.333333333333333e-10}      
limited due to high viscosity                                      ,'N/A'                             
30 μL min−1                                                       ,{'q': 8.333333333333333e-10}      
2.5 mL h−1                                                        ,{'q': 6.944444444444445e-10}      
2.5 mL h−1                                                        ,{'q': 6.944444444444445e-10}      
2.0 μL min−1        ,{'q': 3.33e-11}  
> 1.0 μL min−1      ,{'q': 1.67e-11}  
Qd                  ,'N/A'            
4 μL min−1          ,{'q': 6.67e-11}  
4 μL min−1          ,{'q': 6.67e-11}  
'1.0 μL min−1'       ,{'q': 1.66667e-8} 
'constant'           ,'N/A'             
"['I', 'I1']          ","['N/A', 'N/A']    "
['1.0 µL min−1']     ,[{'q': 1.66667e-8}]
'Q_o'                ,'N/A'             
'1.0 μL min−1'       ,{'q': 1.66667e-8} 
0.2 μL min−1      ,{'q': 3.33e-9}     
I2                ,N/A                
[0.2 µL min−1]    ,[{'q': 3.33e-9}]   
Q_a               ,N/A                
0.2 μL min−1      ,{'q': 3.33e-9}     
40 kPa ,'N/A' 
"['1.39 × 105 μL·min–1', '4.63 × 10–7'] ","[{'q': 0.0023166666666666668}, {'q': 4.63e-07}] "
"['increased to a higher level', 'decreased to a lower level'] ","['N/A', 'N/A'] "
"['constant flow rate', 'constant pressure']                                ",N/A                                       
Q_L                                                                        ,N/A                                       
"['10 μL·min–1', '40 μL·min–1', '150 μL·min–1']                             ","[{'q': 1.66667e-7}, {'q': 6.66667e-7}, {'q': 2.5e-6}] "
"['50 μL·min–1', '2.77 × 10–4']                                             ","[{'q': 8.33333e-7}, {'q': 0.000277}]      "
flow rate ratio of gas–liquid phase = 30                                   ,N/A                                       
"['150 to 170 μL·min–1', 'decreases', 'increases']                          ","[{'q': 4.5e-6}, N/A, N/A]                 "
first injected                                                             ,N/A                                       
different liquid volumetric flow rate change sequences                     ,N/A                                       
wide range ,'N/A' 
higher flow rates in coated channels ,'N/A' 
"['0.25 mL h−1', '200 mL h−1'] ","[{'q': 6.94e-11}, {'q': 5.56e-8}] "
200 mL h−1 ,{'q': 5.56e-8} 
10 mL h−1 ,{'q': 2.78e-9} 
constant ,'N/A' 
up to 200 mL h−1 ,{'q': 5.56e-8} 
200 mL h−1 ,{'q': 5.56e-8} 
"['0.05', '0.5'] ","[{'v': 0.05}, {'v': 0.5}] "
"['0.05', '0.25'] ","[{'v': 0.05}, {'v': 0.25}] "
'varied' ,'N/A' 
"['100 μl/min', '1400 μl/min']        ","[{'q': 1.6667e-07}, {'q': 2.3333e-06}] "
"['200 μl/min', '350 μl/min']         ","[{'q': 3.3333e-07}, {'q': 5.8333e-07}] "
['low consumption']                  ,'N/A'                           
'low cost'                           ,'N/A'                           
Q_D ,'N/A' 
several tens of microliters per min ,{'q': 0.0000005} 
"['50 μl/min', '80 μl/min'] ","[{'q': 0.000000833}, {'q': 0.000001333}] "
50 μl/min ,{'q': 0.000000833} 
"['strong effect in L/L', 'weak effect in G/L'] ","['N/A', 'N/A'] "
"['80 μL/min', '40 μL/min'] ","[{'q': 0.0000013333333333333333}, {'q': 0.0000006666666666666667}] "
low                 ,'N/A'            
40 μL/min           ,{'q': 0.0000006666666666666667} 
"['60 μL/min', '70 μL/min'] ","[{'q': 0.000001}, {'q': 0.0000011666666666666666}] "
"70 μL/min, 90 μL/min ","[{'q': 0.0000011666666666666666}, {'q': 0.0000015}] "
Q3                  ,'N/A'            
80 – 100 μL/min     ,{'q': 0.0000015} 
100                 ,'N/A'            
high enough         ,'N/A'            
"['30 μL/min', '80 μL/min', '120 μL/min', '170 μL/min'] ","[{'q': 5e-10}, {'q': 1.33e-9}, {'q': 2e-9}, {'q': 2.83e-9}] "
"['20 μL/min', '60 μL/min'] ","[{'q': 3.33e-10}, {'q': 1e-9}] "
'20 μL/min' ,{'q': 3.33e-10} 
"['60 μL/min', '20 μL/min'] ","[{'q': 1e-9}, {'q': 3.33e-10}] "
'Q3' ,'N/A' 
"['70', '40', '80'] ",'N/A' 
1 µL/min to 12 µL/min    ,{'q': 1.08333e-7}
0.005 m/s                ,{'v': 0.005}     
12 µL/min                ,{'q': 2e-7}      
20 µL/min                ,{'q': 3.33333e-7}
1.5–12.2 µL/min          ,{'q': 1.15e-7}   
'0.0025 m/s'                ,{'v': 0.0025}          
"['1 µL/min', '12 µL/min']   ","[{'q': 1.6667e-08}, {'q': 2e-07}] "
'4 µL/min'                  ,{'q': 6.6667e-08}      
'Q_d'                       ,'N/A'                  
'variation of Qd'           ,'N/A'                  
"'0.016 m/s, 0.087 m/s'      ","[{'v': 0.016}, {'v': 0.087}]    "
'200 SCCM'     ,'N/A'            
"'jG,d'         ",'N/A'            
200 CCM             ,'N/A'            
"jL,d                ",'N/A'            
"['0.86 m/s', '0.87 m/s'] ","[{'v': 0.86}, {'v': 0.87}] "
55-360 μl/min       ,{'q': 0.00000345}
mean speed          ,'N/A'            
['200 μl/min']      ,[{'q': 0.00000333}]
200 μl/min          ,{'q': 0.00000333}
['F_O'] ,'N/A' 
'<80 μl/min' ,{'q': 0.0000006666666666666667} 
'increased' ,'N/A' 
'200-300 μl/min' ,{'q': 0.000004166666666666667} 
'feeding rate' ,'N/A' 
"[['70 μl/min', '40 μl/min'], ['70 μl/min', '75 μl/min'], ['70 μl/min', '170 μl/min']] ","[{'q': 0.0000009166666666666667}, {'q': 0.0000012083333333333333}, {'q': 0.0000033333333333333335}] "
0.1 to 100 s−1                                 ,{'v': 50.05}                                           
1-100 mL/h                                     ,{'q': 1.3877777777777777e-05}                          
"['50 mL/h to 125 mL/h', '50 mL/h to 125 mL/h'] ","[{'q': 7.256944444444444e-06}, {'q': 7.256944444444444e-06}] "
"['2 mL/h', '25 mL/h']                          ","[{'q': 5.555555555555556e-07}, {'q': 6.9444444444444445e-06}]  "
2.5 mL/h                                       ,{'q': 6.944444444444444e-07}                           
1-100 mL/h ,{'q': 2.777777777777778e-08} 
['10 mL/h to 400 mL/h'] ,[{'q': 5.555555555555556e-08}] 
constant flow rate Q ,'N/A' 
Q ,'N/A' 
25 mL/h ,{'q': 6.944444444444444e-09} 
Qcont ,'N/A' 
Qcont ,'N/A' 
Qcont ,'N/A' 
200 μL/min ,{'q': 0.0000033333333333333333} 
200 μL/min ,{'q': 0.0000033333333333333333} 
identical fluid flow rates ,'N/A' 
up to 1 mL/min NTP ,{'q': 0.000016666666666666666} 
"['200 NμL/min', '300 NμL/min', '400 NμL/min'] ","[{'q': 0.0000000033333333333333333}, {'q': 0.000000005}, {'q': 0.000000006666666666666667}] "
"['low ratio (below 1)', 'intermediate ratio (around 2)', 'high ratio (around 15)'] ",'N/A' 
Q_L ,'N/A' 
_Q_ G ,'N/A' 
Q_L ,'N/A' 
"['200 NμL/min', '300 NμL/min', '400 NμL/min'] ","[{'q': 0.0000000033333333333333333}, {'q': 0.000000005}, {'q': 0.000000006666666666666667}] "
Qdisp ,'N/A' 
Qdisp ,'N/A' 
Qdisp ,'N/A' 
Qdisp ,'N/A' 
Qdisp ,'N/A' 
100 μL/min ,{'q': 1.6666666666666667e-06} 
100 μL/min ,{'q': 1.6666666666666667e-06} 
identical fluid flow rates ,'N/A' 
"['10 μL/min', '20 μL/min', '40 μL/min', '60 μL/min', '80 μL/min', '100 μL/min', '150 μL/min', '200 μL/min'] ","[{'q': 1.6666666666666667e-07}, {'q': 3.3333333333333333e-07}, {'q': 6.666666666666667e-07}, {'q': 1e-06}, {'q': 1.3333333333333333e-06}, {'q': 1.6666666666666667e-06}, {'q': 2.5e-06}, {'q': 3.3333333333333335e-06}] "
Q_G ,'N/A' 
_Q_ L ,'N/A' 
Q_G ,'N/A' 
"['10 μL/min', '20 μL/min', '40 μL/min', '60 μL/min', '80 μL/min', '100 μL/min', '150 μL/min', '200 μL/min'] ","[{'q': 1.6666666666666667e-07}, {'q': 3.3333333333333333e-07}, {'q': 6.666666666666667e-07}, {'q': 1e-06}, {'q': 1.3333333333333333e-06}, {'q': 1.6666666666666667e-06}, {'q': 2.5e-06}, {'q': 3.3333333333333335e-06}] "
'50 to 1300 μL/min' ,{'q': 0.000675} 
'Qc' ,'N/A' 
'increases with CMC concentration' ,'N/A' 
'Qc' ,'N/A' 
'Qc' ,'N/A' 
'low' ,'N/A' 
'increases' ,'N/A' 
'low Qc' ,'N/A' 
'low Qd' ,'N/A' 
'increases' ,'N/A' 
'Qc' ,'N/A' 
'Qc' ,'N/A' 
"['low Q_c', 'increasing Q_c reduces pressure fluctuation', 'low Q_c leads to significant pressure fluctuation'] ","['N/A', 'N/A', 'N/A'] "
'low' ,'N/A' 
'low Qc to high Qc' ,'N/A' 
'20 to 700 μL/min' ,{'q': 0.000006} 
'Qd' ,'N/A' 
'increases' ,'N/A' 
'Qd' ,'N/A' 
'Qd' ,'N/A' 
"['low Q_d', 'increased Q_d'] ","['N/A', 'N/A'] "
'increased Qd' ,'N/A' 
"['Qd1 < Qd2', 'Qd1 ≈ Qd2', 'Qd1 > Qd2'] ","['N/A', 'N/A', 'N/A'] "
'larger Q_d' ,'N/A' 
'Q_d1 < Q_d2' ,'N/A' 
'Qd' ,'N/A' 
'Qd' ,'N/A' 
"['increase of Q_d', 'low Q_d where interface fluctuation is significant'] ","['N/A', 'N/A'] "
"['low', 'increases'] ","['N/A', 'N/A'] "
'increasing Qd' ,'N/A' 
'0.5 ml/min'                                ,{'q': 8.333333333333334e-06}
['Variations in Qc']                        ,['N/A']                     
'Qc'                                        ,'N/A'                       
'2.5 mL/h'                                  ,{'q': 6.944444444444445e-07}
'0.5 mL/h'                                  ,{'q': 1.388888888888889e-07}
'2 mL/h'                                    ,{'q': 5.555555555555556e-07}
'2.5 mL/h'                                  ,{'q': 6.944444444444445e-07}
'varies based on the channel heights'       ,'N/A'                       
"['0.5 mL/h', '2.5 mL/h']                    ","[{'q': 1.388888888888889e-07}, {'q': 6.944444444444445e-07}]"
'0.1 mL/min'                                ,{'q': 1.6666666666666667e-06}
'0.5 to 2.5 mL/h'                           ,{'q': 1.736111111111111e-06}
['0.5 mL/h']                                ,[{'q': 1.388888888888889e-07}]
'2.5 mL/h'                                  ,{'q': 6.944444444444445e-07}
'2.5 mL/h'                                  ,{'q': 6.944444444444445e-07}
'hi1'                                       ,'N/A'                       
'2.5 mL/h'                                  ,{'q': 6.944444444444445e-07}
'2.5 mL/h'                                  ,{'q': 6.944444444444445e-07}
'2.5 mL/hr'                                 ,{'q': 6.944444444444445e-07}
'2.5 mL/h'                                  ,{'q': 6.944444444444445e-07}
'0.2 ml/min' ,{'q': 3.33e-9} 
['Variations in Qd'] ,'N/A' 
'Qd' ,'N/A' 
'0.5 mL/h' ,{'q': 1.39e-10} 
'1 mL/h' ,{'q': 2.78e-10} 
'2.5 mL/h' ,{'q': 6.94e-10} 
'varies based on the channel heights' ,'N/A' 
"['0.5 mL/h', '2.5 mL/h'] ","[{'q': 1.39e-10}, {'q': 6.94e-10}] "
'increase' ,'N/A' 
'varied' ,'N/A' 
'Qd' ,'N/A' 
'increasing' ,'N/A' 
'2.5 mL/hr' ,{'q': 6.94e-10} 
'2.5 mL/h' ,{'q': 6.94e-10} 
0.5 to 20 μL/min         ,{'q': 8.33e-9}    
5 μL/min                 ,{'q': 8.33e-11}   
5 μL/min                 ,{'q': 8.33e-11}   
100 μL/min               ,{'q': 1.67e-9}    
Qc                       ,N/A               
7 μL/min                 ,{'q': 1.17e-10}   
1200 μL/min              ,{'q': 2e-8}       
800 μL/min               ,{'q': 1.33e-8}    
"['5', '7', '8', '10']    ","[{'q': 8.33e-11}, {'q': 1.17e-10}, {'q': 1.33e-10}, {'q': 1.67e-10}]  "
'3 μL/min' ,{'q': 5e-11} 
'1 μL/min' ,{'q': 1.67e-11} 
'150 μL/min' ,{'q': 2.5e-9} 
'Qd' ,'N/A' 
'3 μL/min' ,{'q': 5e-11} 
'10 μL/min' ,{'q': 1.67e-10} 
"['2', '2', '5', '2'] ","[{'v': 2}, {'v': 2}, {'v': 5}, {'v': 2}] "
increases ,'N/A' 
3.33 μL/min to 43.35 mL/min ,{'q': 0.000000375} 
increases ,'N/A' 
Qc ,'N/A' 
Qc ,'N/A' 
Qd(c) ,'N/A' 
'100 to 1000 μL/min' ,{'q': 0.0000085} 
'increases' ,'N/A' 
'_Q_ d' ,'N/A' 
'Qd' ,'N/A' 
'Qd' ,'N/A' 
'Qd/2' ,'N/A' 
'2 to 120 μl/min' ,{'q': 0.00101} 
'increasing values of Qc' ,'N/A' 
'Qc' ,'N/A' 
"['0.3', '0.6'] ","[{'q': 0.3}, {'q': 0.6}] "
'Q_c/Q_l = 0.94' ,'N/A' 
'first value of Qc' ,'N/A' 
'[_Q_ c]' ,'N/A' 
'0 < Qc/Ql < 2.5' ,'N/A' 
'120 μl/min' ,{'q': 0.000002} 
"['381 μl/min', '266 μl/min'] ","[{'q': 0.00000635}, {'q': 0.00000443}] "
'2–40 μl/min' ,{'q': 0.00000035} 
"['Q_c for system 1', 'Q_c for system 2', 'Q_c for system 3'] ","['N/A', 'N/A', 'N/A'] "
'Q_c' ,'N/A' 
'2 to 120 μl/min' ,{'q': 0.001} 
'Ql fixed' ,'N/A' 
'[_Q_ l]' ,'N/A' 
"['Q_l for system 1', 'Q_l for system 2', 'Q_l for system 3'] ","['N/A', 'N/A', 'N/A'] "
'Q_l' ,'N/A' 
1 mL/h              ,{'q': 2.78e-10}  
constant            ,'N/A'            
0.2 mL/h            ,{'q': 5.56e-11}  
varying             ,'N/A'            
moderate ratio of gas–liquid phase flow rate                                  ,N/A                      
0.5 to 9 mL/min                                                               ,{'q': 0.00000425}        
"['1 <= QL <= 5 mL/min', 'QG <= 1.2 mL/min for bubbly flow in specific conditions', 'QG >= 2.4 mL/min for Taylor flow in specific conditions'] ","[{'q': 0.000042}, {'q': 0.000001}, {'q': 0.00004}] "
increasing                                                                    ,N/A                      
>5 mL/min                                                                     ,{'q': 0.0000833}         
moderate ratio of gas-liquid phase flow rate                                  ,N/A                      
0.5 to 9 mL/min                                                               ,{'q': 0.00000425}        
lower than gas-phase flow rate                                                ,N/A                      
0.1 to 3 mL/min ,{'q': 0.00000155} 
"['0.6 <= QG <= 3 mL/min', 'QG <= 1.2 mL/min for bubbly flow in specific conditions', 'QG >= 2.4 mL/min for Taylor flow in specific conditions'] ","[{'q': 0.0000018}, {'q': 0.0000012}, {'q': 0.0000024}] "
"['increasing', 'smaller effect on dispersion size'] ","['N/A', 'N/A'] "
lower than the liquid-phase flow rate ,'N/A' 
0.1 to 3 mL/min ,{'q': 0.00000155} 
lower when ratio of gas injector diameter to main channel size < 0.4 ,'N/A' 
'm3∙s−1' ,'N/A' 
'm3∙s−1' ,'N/A' 
'20 to 100 ml·h–1' ,{'q': 1.6666666666666667e-08} 
'60 ml∙h−1' ,{'q': 1.6666666666666667e-08} 
"['Q_N', 'Q_B'] ","['N/A', 'N/A'] "
"['20 ml∙h−1', '100 ml∙h−1'] ","[{'q': 5.555555555555556e-09}, {'q': 2.777777777777778e-08}] "
"['60 ml/h', '20 ml/h'] ","[{'q': 1.6666666666666667e-08}, {'q': 5.555555555555556e-09}] "
"['20 ml·h−1', '60 ml·h−1'] ","[{'q': 5.555555555555556e-09}, {'q': 1.6666666666666667e-08}] "
'Increases' ,'N/A' 
"['Q_N', 'Q_B'] ","['N/A', 'N/A'] "
'Q_C - Q_B' ,'N/A' 
"['20 ml·h−1', '40 ml·h−1', '60 ml·h−1', '80 ml·h−1', '100 ml·h−1'] ","[{'q': 5.555555555555556e-09}, {'q': 1.1111111111111112e-08}, {'q': 1.6666666666666667e-08}, {'q': 2.2222222222222223e-08}, {'q': 2.777777777777778e-08}] "
"['20 ml·h−1', '40 ml·h−1', '60 ml·h−1', '80 ml·h−1', '100 ml·h−1'] ","[{'q': 5.555555555555556e-09}, {'q': 1.1111111111111112e-08}, {'q': 1.6666666666666667e-08}, {'q': 2.2222222222222223e-08}, {'q': 2.777777777777778e-08}] "
'60 ml/h' ,{'q': 1.6666666666666667e-08} 
'60 ml·h−1' ,{'q': 1.6666666666666667e-08} 
'increasing' ,'N/A' 
'180 ml·h−1' ,{'q': 5e-08} 
'increases' ,'N/A' 
'increases' ,'N/A' 
"'gas phase flow rate, m3∙s−1' ",'N/A' 
'60 to 300 ml·h−1' ,{'q': 0.00005} 
'140 ml∙h−1' ,{'q': 0.00003888888888888889} 
'180 ml·h−1' ,{'q': 0.00005} 
"['Q_N', 'Q_B'] ",'N/A' 
"['QB', 'QG + QN'] ",'N/A' 
'related to development time and flow rate' ,'N/A' 
"['140 ml·h−1', '180 ml·h−1', '260 ml·h−1'] ","[{'q': 0.00003888888888888889}, {'q': 0.00005}, {'q': 0.00007222222222222222}] "
"['decreases', 'tends to the flow rate of aqueous solution when continuous phase flow rate increases'] ",'N/A' 
'increases with the increase of the particle concentration' ,'N/A' 
low                    ,N/A                          
['10 mL/h']            ,[{'q': 2.777777777777778e-9}]
high                   ,N/A                          
10 mL/h                ,{'q': 2.777777777777778e-9}  
low                    ,N/A                          
20 mL/h                ,{'q': 5.555555555555556e-9}  
low                    ,N/A                          
QO                     ,N/A                          
80 mL/h                ,{'q': 2.222222222222222e-8}  
80 mL/h                ,{'q': 2.222222222222222e-8}  
80 mL/h                ,{'q': 2.222222222222222e-8}  
"['10 mL/h', '80 mL/h'] ","[{'q': 2.777777777777778e-9}, {'q': 2.222222222222222e-8}]"
high                   ,N/A                          
Qo                     ,N/A                          
"['low', 'high']        ","[N/A, N/A]                   "
low ,'N/A' 
['10 mL/h'] ,[{'q': 2.777777777777778e-09}] 
low ,'N/A' 
10 mL/h ,{'q': 2.777777777777778e-09} 
10 mL/h ,{'q': 2.777777777777778e-09} 
Qside ,'N/A' 
10 mL/h ,{'q': 2.777777777777778e-09} 
10 mL/h ,{'q': 2.777777777777778e-09} 
10 mL/h ,{'q': 2.777777777777778e-09} 
high ,'N/A' 
low in jetting-like regime compared to squeezing and dripping-like ,'N/A' 
Qa                  ,'N/A'            
_Q_ a               ,'N/A'            
higher              ,'N/A'            
large               ,'N/A'            
8 to 50 mL/min      ,{'q': 0.00048}   
tens of μL/min      ,{'q': 0.0000005} 
Qw                  ,'N/A'            
_Q_ w               ,'N/A'            
higher              ,'N/A'            
2 to 50 μL/min      ,{'q': 0.000000026} 
'superficial velocity' ,'N/A' 
'increased' ,'N/A' 
'13 to 1800 μL/min' ,{'q': 0.0009065} 
'150 μL/min' ,{'q': 0.0000025} 
"['190 μL/min', '230 μL/min'] ","[{'q': 0.0000031666666666666666}, {'q': 0.000003833333333333333}] "
'increased' ,'N/A' 
'lower flow velocity' ,'N/A' 
'increases' ,'N/A' 
'800-3200 μL/min' ,{'q': 0.0025} 
"['2300 μL/min', '2600 μL/min'] ","[{'q': 0.00003833333333333333}, {'q': 0.00004333333333333333}] "
'increases' ,'N/A' 
'increased volumetric flow rate' ,'N/A' 
"volumetric flow rate of the liquid phase, μL/min ",{'q': 1.6666666666666667e-11} 
0.05 to 1.22 ,{'v': 0.635} 
slower ,N/A 
fixed ,N/A 
decreases ,N/A 
superficial velocity ,N/A 
decreases ,N/A 
increased gas pressure ,N/A 
100 to 2000 μL/min                                                                     ,{'q': 1.05e-6}   
100 to 2000 μL/min                                                                     ,{'q': 1.05e-6}   
increasing                                                                             ,N/A              
higher continuous flowrate required for dripping-to-jetting transition                 ,N/A              
increasing                                                                             ,N/A              
increasing                                                                             ,N/A              
1 to 50 μL/min ,{'q': 1.429E-8} 
1 to 50 μL/min ,{'q': 1.429E-8} 
lowering ,N/A 
same ,N/A 
constant ,N/A 
0.3–300 μL/min ,{'q': 0.00000015} 
21 μL/min ,{'q': 0.00000035} 
"['60 μL/min', '12 μL/min'] ","[{'q': 0.000001}, {'q': 0.0000002}] "
different flow rate ratio ,'N/A' 
Q_c ,'N/A' 
0.3–100 μL/min ,{'q': 0.0000335} 
"['1 μL/min', '7 μL/min', '18 μL/min', '20 μL/min'] ","[{'q': 0.000000016666666666666666}, {'q': 0.00000011666666666666667}, {'q': 0.0000003}, {'q': 0.0000003333333333333333}] "
low ,'N/A' 
"['increases for tubing', 'needs sharp decrease for jetting'] ","['N/A', 'N/A'] "
depends on the dispersed flow rate ,'N/A' 
"['1 μL/min', '2 μL/min'] ","[{'q': 0.000000016666666666666666}, {'q': 0.000000033333333333333334}] "
different flow rates ,'N/A' 
Q_d ,'N/A' 
u (average velocity through the neck) ,'N/A' 
different flow rates ,'N/A' 
0.6 mL h−1          ,{'q': 1.67e-10}  
"['low', 'high', 'higher'] ",'N/A'    
increases           ,'N/A'            
φc                  ,'N/A'            
constant            ,'N/A'            
"['1 mL h−1', '0.1 mL h−1'] ","[{'q': 2.78e-10}, {'q': 2.78e-11}] "
0.1 mL h-1          ,{'q': 2.78e-11}  
0.1 mL h−1          ,{'q': 2.78e-11}  
increasing          ,'N/A'            
constant            ,'N/A'            
φ c                 ,'N/A'            
φ c                 ,'N/A'            
2 μL h−1 ,{'q': 5.56e-10} 
fixed ,'N/A' 
increases ,'N/A' 
φd ,'N/A' 
at least three different rates ,'N/A' 
constant ,'N/A' 
φ d ,'N/A' 
φ d ,'N/A' 
'constant liquid flow rate' ,'N/A' 
"['200', '400', '600', '800'] ","[{'v': 200}, {'v': 400}, {'v': 600}, {'v': 800}] "
"['400 μL min–1', 'up to 800 μL min–1'] ","[{'q': 0.00000666667}, {'q': 0.00001333333}] "
'800 μL min–1' ,{'q': 0.00001333333} 
"['200 μL min–1', '800 μL min–1'] ","[{'q': 0.00000333333}, {'q': 0.00001333333}] "
'constant' ,'N/A' 
'800 μL min–1' ,{'q': 0.00001333333} 
'800 μL min–1' ,{'q': 0.00001333333} 
['200 to 800 μL min–1'] ,[{'q': 0.00000833333}] 
"['200 μL min–1', '400 μL min–1', '600 μL min–1', '800 μL min–1'] ","[{'q': 0.00000333333}, {'q': 0.00000666667}, {'q': 0.00001}, {'q': 0.00001333333}] "
'400 μL min–1 to 800 μL min–1' ,{'q': 0.00001} 
"['100', '200'] ","[{'v': 100}, {'v': 200}] "
altered by the gas–liquid flow rate ratio ,'N/A' 
controllable working pressure ,'N/A' 
"['cf', 'cf2'] ",'N/A' 
"['200 μL/min', '100 μL/min'] ","[{'q': 0.0000002}, {'q': 0.0000001}] "
liquid flow rate ,'N/A' 
"['100', '200'] ",'N/A' 
"['100 μL h−1', '200 μL h−1', '300 μL h−1', '400 μL h−1', '500 μL h−1'] ","[{'q': 2.777777777777778e-11}, {'q': 5.555555555555556e-11}, {'q': 8.333333333333333e-11}, {'q': 1.1111111111111112e-10}, {'q': 1.388888888888889e-10}] "
'0.24 ml/min' ,{'q': 4e-06} 
'increasing' ,'N/A' 
"['100 μL h−1', '500 μL h−1'] ","[{'q': 2.777777777777778e-11}, {'q': 1.388888888888889e-10}] "
'400 μL h−1 and 500 μL h−1' ,"[{'q': 1.1111111111111112e-10}, {'q': 1.388888888888889e-10}] "
"['100 μL h−1', '500 μL h−1'] ","[{'q': 2.777777777777778e-11}, {'q': 1.388888888888889e-10}] "
"['100 μL h−1', '200 μL h−1', '500 μL h−1'] ","[{'q': 2.777777777777778e-11}, {'q': 5.555555555555556e-11}, {'q': 1.388888888888889e-10}] "
"['100 μL h−1', '200 μL h−1'] ","[{'q': 2.777777777777778e-11}, {'q': 5.555555555555556e-11}] "
'200 μL h−1' ,{'q': 5.555555555555556e-11} 
'0.2 ml/h' ,{'q': 5.555555555555556e-08} 
'average velocity at the inlet boundary' ,'N/A' 
"['100 μL h−1', '500 μL h−1'] ","[{'q': 2.777777777777778e-11}, {'q': 1.388888888888889e-10}] "
'increases with increase in CP flow rate' ,'N/A' 
'100–500 μL h−1' ,{'q': 8.333333333333333e-11} 
'varies' ,'N/A' 
10 μL h−1           ,{'q': 2.77778e-12} 
0.1 ml/min          ,{'q': 1.66667e-6} 
lower               ,'N/A'            
"['100 μL h−1', '200 μL h−1'] ","[{'q': 2.77778e-11}, {'q': 5.55556e-11}] "
higher flow rates   ,'N/A'            
0.1 ml/h            ,{'q': 2.77778e-8} 
10 μL h−1           ,{'q': 2.77778e-12} 
fixed               ,'N/A'            
"higher, lower       ",'N/A'            
'μL h−1' ,'N/A' 
'Qc' ,'N/A' 
'25 < Qc < 6000 μL h−1' ,{'q': 0.001736111111111111} 
'relatively low to high' ,'N/A' 
"['200 μL h−1', '800 μL h−1', '2400 μL h−1', '800 μL h−1', '400 μL h−1'] ","[{'q': 0.00005555555555555556}, {'q': 0.00022222222222222222}, {'q': 0.0006666666666666666}, {'q': 0.00022222222222222222}, {'q': 0.00011111111111111111}] "
'400 μL h−1' ,{'q': 0.00011111111111111111} 
'>400 μL h−1' ,{'q': 0.00011111111111111111} 
'400 μL h−1' ,{'q': 0.00011111111111111111} 
'400 μL h−1' ,{'q': 0.00011111111111111111} 
'400 μL h−1' ,{'q': 0.00011111111111111111} 
"['400 μL/h', '600 μL/h', '800 μL/h'] ","[{'q': 0.00011111111111111111}, {'q': 0.00016666666666666666}, {'q': 0.00022222222222222222}] "
'400 μL h−1' ,{'q': 0.00011111111111111111} 
'fixed' ,'N/A' 
"'[0.5, 35]' ",{'q': 17.75} 
μL h−1 ,'N/A' 
Qd ,'N/A' 
50 < Qd < 600 μL h−1 ,{'q': 0.000000375} 
increases to a critical value ,'N/A' 
"['100 μL h−1', '400 μL h−1', '100 μL h−1'] ","[{'q': 0.000000028}, {'q': 0.000000111}, {'q': 0.000000028}] "
100 μL h−1 ,{'q': 0.000000028} 
<400 μL h−1 ,{'q': 0.000000056} 
100 μL h−1 ,{'q': 0.000000028} 
100 μL h−1 ,{'q': 0.000000028} 
100 μL h−1 ,{'q': 0.000000028} 
100 μL h−1 ,{'q': 0.000000028} 
100 μL h−1 ,{'q': 0.000000028} 
100 μL h−1 ,{'q': 0.000000028} 
Qd ,'N/A' 
"['20 μL/h', '30 μL/h'] ","[{'q': 5.56e-9}, {'q': 8.33e-9}] "
"['20 μμL/h', '30 μμL/h'] ","[{'q': 5.56e-12}, {'q': 8.33e-12}] "
'20 μL/h'           ,{'q': 5.56e-9}   
'20 μμL/h'          ,{'q': 5.56e-12}  
'1 μL/h' ,{'q': 2.777777777777778e-10} 
"{'period': 'variable', 'duration relative to feed period': 'variable'} ",'N/A' 
"['199–244 μμm/s', '193–277 μμm/s', '215–288 μμm/s'] ","[{'v': 0.0002215}, {'v': 0.000235}, {'v': 0.0002515}] "
'1 μμL/h' ,{'q': 2.777777777777778e-16} 
'1 μμL/h' ,{'q': 2.777777777777778e-10} 
'QG' ,'N/A' 
'4.62×10−2∼23.15 m/s' ,{'v': 11.885} 
'0.093 m/s' ,{'v': 0.093} 
"['0.28 m/s', '0.18 m/s', '0.93 m/s', '1.85 m/s', '3.70 m/s', '3.70 m/s', '2.78 m/s', '9.26 m/s', '5.56 m/s', '9.26 m/s'] ","[{'v': 0.28}, {'v': 0.18}, {'v': 0.93}, {'v': 1.85}, {'v': 3.7}, {'v': 3.7}, {'v': 2.78}, {'v': 9.26}, {'v': 5.56}, {'v': 9.26}] "
'high' ,'N/A' 
['0.093 m/s < j_LS < 0.74 m/s'] ,[{'v': 0.4165}] 
'increase of the gas flow rate' ,'N/A' 
'medium' ,'N/A' 
'increases' ,'N/A' 
'0.74 m/s' ,{'v': 0.74} 
"['1.85 m/s', '1.85 m/s'] ","[{'v': 1.85}, {'v': 1.85}] "
"['3.70 m/s', '3.70 m/s'] ","[{'v': 3.7}, {'v': 3.7}] "
'high' ,'N/A' 
'3.70 m/s' ,{'v': 3.7} 
"['18.52 m/s', '9.26 m/s'] ","[{'v': 18.52}, {'v': 9.26}] "
['9.26 m/s'] ,[{'v': 9.26}] 
"['4.62x10^-2 m/s', '23.15 m/s'] ","[{'v': 0.0462}, {'v': 23.15}] "
±0.002 mL/min ,{'q': 3.3333333333333335e-08} 
QL ,'N/A' 
2.31×10−2∼0.93 m/s ,{'v': 0.4765} 
23.15 m/s ,{'v': 23.15} 
"['0.74 m/s', '0.0926 m/s', '0.19 m/s', '0.74 m/s', '0.19 m/s', '0.0231 m/s', '0.74 m/s', '0.74 m/s', '0.0463 m/s', '0.0463 m/s'] ","[{'v': 0.74}, {'v': 0.0926}, {'v': 0.19}, {'v': 0.74}, {'v': 0.19}, {'v': 0.0231}, {'v': 0.74}, {'v': 0.74}, {'v': 0.0463}, {'v': 0.0463}] "
relatively low ,'N/A' 
['0.046 m/s < j_GS < 1.39 m/s'] ,[{'v': 0.718}] 
extremely low ,'N/A' 
increases ,'N/A' 
0.19 m/s ,{'v': 0.19} 
varies ,'N/A' 
"['0.74 m/s', '0.74 m/s'] ","[{'v': 0.74}, {'v': 0.74}] "
given velocity ,'N/A' 
"['0.19 m/s', '0.19 m/s'] ","[{'v': 0.19}, {'v': 0.19}] "
extremely low ,'N/A' 
2.31e-2 m/s ,{'v': 0.0231} 
"['4.63x10^-2 m/s', '9.26x10^-2 m/s'] ","[{'v': 0.0463}, {'v': 0.0926}] "
['0.74 m/s'] ,[{'v': 0.74}] 
"['2.31x10^-2 m/s', '0.93 m/s'] ","[{'v': 0.0231}, {'v': 0.93}] "
'UL' ,'N/A' 
'UG' ,'N/A' 
"['20 ml·h−1', '40 ml·h−1'] ","[{'q': 5.56e-09}, {'q': 1.11e-08}] "
'20 ml·h−1' ,{'q': 5.56e-09} 
'20 ml·h−1' ,{'q': 5.56e-09} 
"['20 ml·h−1', '40 ml·h−1'] ","[{'q': 5.56e-09}, {'q': 1.11e-08}] "
'decrease of gas rate' ,'N/A' 
'0.8 mol·h−1' ,'N/A' 
"['20 ml·h−1', '40 ml·h−1'] ","[{'q': 5.56e-09}, {'q': 1.11e-08}] "
"['20 ml·h−1', '40 ml·h−1'] ","[{'q': 5.56e-09}, {'q': 1.11e-08}] "
'mean flow velocity' ,'N/A' 
"['20 ml·h−1', '40 ml·h−1'] ","[{'q': 5.56e-09}, {'q': 1.11e-08}] "
"['20 ml/h', '40 ml/h'] ","[{'q': 5.56e-09}, {'q': 1.11e-08}] "
'Q_L' ,'N/A' 
'UG' ,'N/A' 
'UL' ,'N/A' 
'20 < Q G < 280 ml·h−1' ,{'q': 0.00008333333333333333} 
'40 ml·h−1' ,{'q': 0.000011111111111111112} 
'40 ml·h−1' ,{'q': 0.000011111111111111112} 
'40 ml·h−1' ,{'q': 0.000011111111111111112} 
'gas–liquid flow rates' ,'N/A' 
'Q_G' ,'N/A' 
higher flow rate ratios of liquid and gas ,'N/A' 
Qc ,'N/A' 
200 r/min ,'N/A' 
Qc ,'N/A' 
Uc ,'N/A' 
"['2600 μL·min−1', '800 μL·min−1'] ","[{'q': 0.00004333333333333333}, {'q': 0.000013333333333333333}] "
Qc ,'N/A' 
Qc ,'N/A' 
Q c ,'N/A' 
Q c ,'N/A' 
appropriate ,'N/A' 
larger Qc leads to smaller droplet size ,'N/A' 
relatively large ,'N/A' 
Qd ,'N/A' 
Qd ,'N/A' 
Ud ,'N/A' 
40 μL·min−1 ,{'q': 6.67e-10} 
stationary ,'N/A' 
quite large Qd turns flow into jetting ,'N/A' 
"['Q_c = 1.5 ml/min', 'Q_c = 0.75 ml/min'] ","[{'q': 0.000025}, {'q': 0.0000125}] "
Q_d = 0.25 ml/min   ,{'q': 4.166666666666667e-09} 
"['1 wt %', '6 wt %'] ",'N/A' 
"['1 mL min−1', '53 mL min−1'] ","[{'q': 1.6666666666666667e-08}, {'q': 8.833333333333333e-07}] "
'> 10 mL min−1' ,{'q': 1.6666666666666667e-06} 
0.2 mL min−1        ,{'q': 3.33e-9}   
increases           ,'N/A'            
0.006 mL min−1      ,{'q': 1e-10}     
increases           ,'N/A'            
"['10–50 μL/min', '100–1000 μL/min'] ","[{'q': 0.0000005}, {'q': 0.000009166666666666667}] "
'10 and 100 μL/min' ,"[{'q': 0.00000016666666666666666}, {'q': 0.0000016666666666666666}] "
"['40 μL/min', '500 μL/min'] ","[{'q': 0.0000006666666666666666}, {'q': 0.000008333333333333333}] "
"['10 μL/min', '100 μL/min'] ","[{'q': 0.00000016666666666666666}, {'q': 0.0000016666666666666666}] "
"['10 μL/min', '100 μL/min'] ","[{'q': 0.00000016666666666666666}, {'q': 0.0000016666666666666666}] "
uc                  ,'N/A'            
r = 0.01       ,N/A              
10 to 400 µL/min    ,{'q': 0.0000034} 
100 µL/min          ,{'q': 0.00000167}
'1 µL/min'                                  ,{'q': 1.66667e-08}           
'1 µL/min'                                  ,{'q': 1.66667e-08}           
"['0.45', '0.79', '0.93', '0.96']            ","[{'v': 0.45}, {'v': 0.79}, {'v': 0.93}, {'v': 0.96}] "
2.8 × 10−17 m3 s−1 and 3.7 × 10−6 m3 s−1 ,"[{'q': 2.8e-17}, {'q': 3.7e-06}] "
increase results in slight increase in evolution time ,'N/A' 
negligible effect ,'N/A' 
increased with increase of inner phase ,'N/A' 
increase shortens the evolution time ,'N/A' 
increases with time ,'N/A' 
"['increases', 'weakly affected by step width'] ","['N/A', 'N/A'] "
increases ,'N/A' 
constant injection pressure ,'N/A' 
increased by adding more pressure to the syringe ,'N/A' 
QC ,'N/A' 
0.014 cm/s          ,{'v': 0.00014}   
QD                  ,'N/A'            
30 to 800 μL/min ,{'q': 0.00000675} 
"['100 μL/min', '200 μL/min'] ","[{'q': 0.00000167}, {'q': 0.00000333}] "
100 μL/min ,{'q': 0.00000167} 
"['400 μL/min', '400 μL/min'] ","[{'q': 0.00000667}, {'q': 0.00000667}] "
182-512 μL/min ,{'q': 0.00000575} 
'30 to 800 μL/min' ,{'q': 0.0000069} 
"['98 μL/min', '360 μL/min', '371 μL/min'] ","[{'q': 0.00000163}, {'q': 0.000006}, {'q': 0.00000618}] "
'400 μL/min' ,{'q': 0.00000667} 
'low to medium' ,'N/A' 
'high' ,'N/A' 
"[{'octane solution': '400 μL/min', 'air': '88 μL/min'}, {'octane solution': '200 μL/min', 'air': '66 μL/min'}] ","[{'octane solution': {'q': 0.00000667}, 'air': {'q': 0.00000147}}, {'octane solution': {'q': 0.00000333}, 'air': {'q': 0.0000011}}] "
'50-125 μL/min' ,{'q': 0.00000292} 
'rectified flow rates' ,'N/A' 
"['0.4 ml h−1', '30 ml h−1'] ","[{'q': 1.11e-10}, {'q': 8.33e-9}] "
'slower' ,'N/A' 
'20 ml h−1' ,{'q': 5.56e-9} 
'Qc' ,'N/A' 
'2 ml h−1' ,{'q': 5.56e-10} 
'Qc' ,'N/A' 
"['0.5 ml h−1', '1.5 ml h−1'] ","[{'q': 1.388888888888889e-07}, {'q': 4.166666666666667e-07}] "
0.03 < Qd/Qc < 3         ,{'q': 1.515}           
Qd                       ,N/A                    
1 ml h−1                 ,{'q': 2.777777777777778e-07} 
Qd                       ,N/A                    
Qd                       ,N/A                    
'increases' ,'N/A' 
'0.10 to 0.71' ,{'v': 0.405} 
['six different flow rates'] ,'N/A' 
['60 μL/min'] ,[{'q': 1e-9}] 
'0.10-0.71' ,{'v': 0.405} 
gaseous injection pressure of 40 kPa ,'N/A' 
changes with pressure and liquid flow rate ,'N/A' 
constant flow rates ,'N/A'            
3 μL/min            ,{'q': 5e-11}     
Qc                  ,'N/A'            
3 µL/min            ,{'q': 5e-11}     
Q c                 ,'N/A'            
7 μL/min            ,{'q': 1.17e-10}  
"['Qup', 'Qdown']    ","['N/A', 'N/A']   "
0.3 ml/min          ,{'q': 5e-9}      
Q d = V a/ t a      ,'N/A'            
Qd                  ,'N/A'            
"Qb-ΔQb, Qr+ΔQb     ",'N/A'            
"['0.1 ml/min', '0.15 ml/min'] ","[{'q': 1.6666666666666667e-09}, {'q': 2.5e-09}] "
"increase causes reduction in slug size and transitions from slug flow to slug and droplet flow, droplet flow, and parallel flow ",'N/A' 
high ,'N/A' 
high ,'N/A' 
constant ,'N/A' 
"['3.3 mL/min', '0.75 mL/min'] ","[{'q': 5.5e-8}, {'q': 1.25e-8}] "
constant ,'N/A' 
2 mL/min ,{'q': 3.33e-8} 
2 ,'N/A' 
"constant in one scenario, increase causes transition from slug flow to parallel flow ",'N/A' 
low ,'N/A' 
high ,'N/A' 
constant ,'N/A' 
increased ,'N/A' 
"['Q_1', 'Q_2'] ",'N/A' 
minimum flow rate mentioned in experimental setup for transition ,'N/A' 
increased ,'N/A' 
Q_C < 0.25          ,{'q': 0.125}     
Q_C < 0.25          ,{'q': 0.125}     
_Q_ D ,'N/A' 
changes had little effect on interfacial tension ,'N/A' 
little effect ,'N/A' 
important ,'N/A' 
'Q3' ,'N/A' 
"['0 μL/min', '10 μL/min', '50 μL/min'] ","[{'q': 0.0}, {'q': 1.6666666666666667e-07}, {'q': 8.333333333333333e-07}] "
"['low value', 'high values'] ","['N/A', 'N/A'] "
'low' ,'N/A' 
"'Q_2 at first junction, Q_3 at second junction' ",'N/A' 
'low' ,'N/A' 
'high' ,'N/A' 
'low' ,'N/A' 
"['Q1', 'Q2'] ",'N/A' 
'1 μL/min' ,{'q': 1.6666666666666667e-11} 
"['Q1', 'Q2', 'Q3'] ",'N/A' 
"'Q_1 at first junction, Q_1 + Q_2 at second junction' ",'N/A' 
'high' ,'N/A' 
'Q1 = 1' ,'N/A' 
"['24 mL/h', '80 mL/h'] ","[{'q': 6.666666666666667e-09}, {'q': 2.2222222222222222e-08}] "
'125 μL h−1'        ,{'q': 3.472222222222222e-11} 
'125 μL h−1'        ,{'q': 3.472222222222222e-11} 
'10 μL h−1'         ,{'q': 2.777777777777778e-12} 
10 mL/h             ,{'q': 2.77778e-9}
"['10 μL h−1', '20 μL h−1'] ","[{'q': 2.77778e-12}, {'q': 5.55556e-12}] "
"['10 μL h−1', '20 μL h−1'] ","[{'q': 2.77778e-12}, {'q': 5.55556e-12}] "
variable ,'N/A' 
"['0.02 (simulation)', '18 μL/min (experiment)', '0.2 (simulation)', '180 μL/min (experiment)', '0.4 (simulation)', '360 μL/min (experiment)'] ","[{'v': 0.02}, {'q': 0.0000003}, {'v': 0.2}, {'q': 0.000003}, {'v': 0.4}, {'q': 0.000006}] "
max 0.03 ,{'v': 0.03} 
Qc ,'N/A' 
20 ,{'v': 20} 
20 ,{'v': 20} 
4 ,{'v': 4} 
'fixed' ,'N/A' 
"['0.01 (simulation)', '4.5 μL/min (experiment)'] ","[{'v': 0.01}, {'q': 7.5e-8}] "
"['0.01 (simulation)', '4.5 μL/min (experiment)'] ","[{'v': 0.01}, {'q': 7.5e-8}] "
'Qd' ,'N/A' 
'0.01' ,{'v': 0.01} 
'high' ,'N/A' 
various liquid phase volumetric flow rates ,'N/A' 
constant flow rate or constant pressure ,'N/A' 
liquid phase volumetric flow rate ,'N/A' 
higher liquid phase volumetric flow rate ,'N/A' 
220 μL/min ,{'q': 3.67e-9} 
constant flow rate or constant pressure ,'N/A' 
gaseous injection pressure ,'N/A' 
increase in the gaseous injection pressure ,'N/A' 
constant-pressure injection ,'N/A' 
47 μL/min ,{'q': 7.833333333333333e-10} 
10 mL/min ,{'q': 0.00016666666666666666} 
0.3 mL/min ,{'q': 0.000005} 
10 mL/min ,{'q': 0.00016666666666666666} 
fixed ,'N/A' 
0.1 and 3 mL/min ,"[{'q': 0.0000016666666666666668}, {'q': 0.00005}] "
"['0.2 mL/min', '2.0 mL/min'] ","[{'q': 0.0000033333333333333335}, {'q': 0.00003333333333333333}] "
['1 to 5 mL/min'] ,[{'q': 0.00005}] 
"['0.1 mL/min', '1 mL/min', '10 mL/min'] ","[{'q': 0.0000016666666666666668}, {'q': 0.000016666666666666666}, {'q': 0.00016666666666666666}] "
0.1 to 10 mL/min ,{'q': 0.00008333333333333333} 
0.1 to 10 mL/min ,{'q': 0.00008333333333333333} 
0.3 mL/min ,{'q': 0.000005} 
['1 to 5 mL/min'] ,[{'q': 0.00005}] 
'μL/min' ,'N/A' 
'1000 μL/min' ,{'q': 0.000016666666666666667} 
'100 μL/min' ,{'q': 0.0000016666666666666668} 
'fixed' ,'N/A' 
['310 to 320 μL/min'] ,[{'q': 0.000005166666666666667}] 
'varies' ,'N/A' 
'50 μL/min' ,{'q': 8.33e-10} 
'50 μL/min' ,{'q': 8.33e-10} 
'fixed' ,'N/A' 
'small' ,'N/A' 
'increased' ,'N/A' 
"['90 μL/min', '160 μL/min'] ","[{'q': 1.5e-9}, {'q': 2.67e-9}] "
"['90 μL/min', '120 μL/min', '140 μL/min', '160 μL/min'] ","[{'q': 1.5e-9}, {'q': 2e-9}, {'q': 2.33e-9}, {'q': 2.67e-9}] "
'ratio Q_D/Q_C selected as parameter in models' ,'N/A' 
'_u_ C/ _u_ t' ,'N/A' 
"['50 μL/min', '300 μL/min'] ","[{'q': 8.33e-10}, {'q': 5e-9}] "
1 ,{'v': 1} 
"['0.5', '1', '1.5', '2', '2.5', '3'] ","[{'v': 0.5}, {'v': 1}, {'v': 1.5}, {'v': 2}, {'v': 2.5}, {'v': 3}] "
adjustable ,'N/A' 
constant ,'N/A' 
100 μL/min ,{'q': 0.0000016666666666666668} 
"['2 mL/min', '16 mL/min'] ","[{'q': 0.00003333333333333333}, {'q': 0.0002666666666666667}] "
'high' ,'N/A' 
'2 mL/min' ,{'q': 0.00003333333333333333} 
'16 mL/min' ,{'q': 0.0002666666666666667} 
"['2 mL/min', '16 mL/min'] ","[{'q': 0.00003333333333333333}, {'q': 0.0002666666666666667}] "
"['22.6', '56.6', '113.1', '181'] ","[{'v': 22.6}, {'v': 56.6}, {'v': 113.1}, {'v': 181}] "
"['22.6', '56.6', '113.1', '181'] ","[{'v': 22.6}, {'v': 56.6}, {'v': 113.1}, {'v': 181}] "
"['22.6', '56.6', '113.1', '181'] ","[{'v': 22.6}, {'v': 56.6}, {'v': 113.1}, {'v': 181}] "
"['22.6', '56.6', '113.1', '181'] ","[{'v': 22.6}, {'v': 56.6}, {'v': 113.1}, {'v': 181}] "
'2–16 mL/min' ,{'q': 0.00015} 
"['2 mL/min', '16 mL/min'] ","[{'q': 0.00003333333333333333}, {'q': 0.00026666666666666666}] "
high                ,'N/A'            
velocity of continuous phase ,'N/A' 
"['0.01 m/s', '0.02 m/s', '0.03 m/s', '0.04 m/s', '0.05 m/s'] ","[{'v':0.01}, {'v':0.02}, {'v':0.03}, {'v':0.04}, {'v':0.05}] "
different velocities ,'N/A' 
different velocities ,'N/A' 
"['0.01 m/s', '0.02 m/s', '0.03 m/s', '0.04 m/s', '0.05 m/s'] ","[{'v':0.01}, {'v':0.02}, {'v':0.03}, {'v':0.04}, {'v':0.05}] "
0.01 m/s ,{'v':0.01} 
0.01 m/s ,{'v':0.01} 
0.01 m/s ,{'v':0.01} 
"higher the velocity, higher the shear force, causing smaller size droplets ",'N/A' 
Higher velocities lead to smaller droplet sizes ,'N/A' 
0.01 ,'N/A' 
velocity of dispersed phase ,'N/A' 
0.005 m/s ,{'v': 0.005} 
"['0.03 m/s', '0.04 m/s', '0.05 m/s', '0.06 m/s', '0.07 m/s'] ","[{'v': 0.03}, {'v': 0.04}, {'v': 0.05}, {'v': 0.06}, {'v': 0.07}] "
"['0.003 m/s', '0.004 m/s', '0.005 m/s', '0.06 m/s', '0.07 m/s'] ","[{'v': 0.003}, {'v': 0.004}, {'v': 0.005}, {'v': 0.06}, {'v': 0.07}] "
different velocities ,'N/A' 
0.05 m/s ,{'v': 0.05} 
0.05 m/s ,{'v': 0.05} 
increased velocity leads to larger size droplets ,'N/A' 
0.005 ,'N/A' 
0.05 up to 20 μL/min ,{'q': 0.00000001} 
Q_W ,'N/A' 
0.05 < Q_W < 20 μL/min ,{'q': 0.00000001} 
Q_W initially > 10 * Q_O ,'N/A' 
Q_W reduced to 0.1 * Q_O ,'N/A' 
Q_W increased back to initial ,'N/A' 
15 μL/min ,{'q': 0.00000025} 
1 μL/min ,{'q': 0.000000016666666666666666} 
Decreased and increased stepwise ,'N/A' 
Q_W ,'N/A' 
Q_c ,'N/A' 
Q_W was first decreased and subsequently increased ,'N/A' 
0.05 to 20 μL/min ,{'q': 0.00000001} 
Q_W ,'N/A' 
'Q_O'                            ,'N/A'            
'proportional to Q_W'            ,'N/A'            
'0.3 < Q_O < 1 μL/min'           ,{'q': 8.33e-10}  
'Q_O'                            ,'N/A'            
'1 μL/min'                       ,{'q': 1.67e-9}   
'Three fixed values'             ,'N/A'            
'Q_d'                            ,'N/A'            
'Q_O was set to a constant value','N/A'            
'increased'                      ,'N/A'            
'1000 μL/min' ,{'q': 0.000016666666666666667} 
'100 to 1000 μL/min' ,{'q': 0.000008333333333333333} 
'low' ,'N/A' 
'160 μL/min' ,{'q': 0.000002666666666666667} 
'high' ,'N/A' 
'520 μL/min' ,{'q': 0.000008666666666666666} 
"['400 μL/min', '450 μL/min'] ","[{'q': 0.000006666666666666667}, {'q': 0.0000075}] "
"['400 μl/min', '440 μL/min'] ","[{'q': 0.000006666666666666667}, {'q': 0.000007333333333333333}] "
'increased' ,'N/A' 
'820 μL/min' ,{'q': 0.000013666666666666667} 
"['100 μL/min', '700 μL/min'] ","[{'q': 0.0000016666666666666668}, {'q': 0.000011666666666666667}] "
'100–600 μL/min' ,{'q': 0.000005833333333333334} 
"['100 μL/min', '200 μL/min', '300 μL/min', '400 μL/min', '500 μL/min', '600 μL/min', '700 μL/min'] ","[{'q': 0.0000016666666666666668}, {'q': 0.0000033333333333333335}, {'q': 0.000005}, {'q': 0.000006666666666666667}, {'q': 0.000008333333333333333}, {'q': 0.00001}, {'q': 0.000011666666666666667}] "
20 μL/min                               ,{'q': 3.3333e-10}      
"['\\({Q}_{d1}\\)', '\\({Q}_{d2}\\)']    ","['N/A', 'N/A']         "
20 μL/min                               ,{'q': 3.3333e-10}      
50 μL/min                               ,{'q': 8.3333e-10}      
20 μL/min                               ,{'q': 3.3333e-10}      
0.25                ,{'v': 0.25}      
0.25                ,{'v': 0.25}      
0.25                ,{'v': 0.25}      
"['0.5', '1.5']      ","[{'v': 0.5}, {'v': 1.5}] "
"['0.5', '1.5']      ","[{'v': 0.5}, {'v': 1.5}] "
0.5                 ,{'v': 0.5}       
0.25 ,{'v': 0.25} 
higher volumetric flow rate ,'N/A' 
Q = 1.5 ,{'q': 1.5} 
'Uc' ,'N/A' 
'Q = 3' ,{'q': 3} 
'3' ,{'v': 3} 
"['0.32', '0.5', '1'] ","[{'v': 0.32}, {'v': 0.5}, {'v': 1}] "
'3.2' ,{'v': 3.2} 
'2' ,{'v': 2} 
'3' ,{'v': 3} 
Ud                  ,N/A                
1                   ,{'v':1}            
3                   ,{'v':3}            
3.2                 ,{'v':3.2}          
2                   ,{'v':2}            
'U_{1}'             ,'N/A'            
'0.035 m/s'         ,{'v': 0.035}     
'0.125'             ,'N/A'            
'0.5'               ,'N/A'            
"['0.125', '0.5']    ",'N/A'            
"['0.125', '0.5']    ",'N/A'            
"['Q=0.125', 'Q=0.25'] ","[{'q': 0.125}, {'q': 0.25}] "
"['0.125', '0.25']   ",'N/A'            
'0.3276 m/s'        ,{'v': 0.3276}    
'r Relative'        ,'N/A'            
'U_{2}'             ,'N/A'            
'0.09 m/s'          ,{'v': 0.09}      
'0.125'             ,'N/A'            
'0.125'             ,'N/A'            
'0.5'               ,'N/A'            
'increased'         ,'N/A'            
"['Q=0.125', 'Q=0.5']","[{'q': 0.125}, {'q': 0.5}] "
'0.0409 m/s'        ,{'v': 0.0409}    
ultra-low perfusion flow rates ,N/A 
"['μL min−1', 'nL min−1'] ","[{'q': 0.0000016666666666666668}, {'q': 1.6666666666666667e-11}] "
ultralow flows down to a few nL min−1 ,N/A 
300 to 500 mbar ,N/A 
"['5 nL min−1', '20 nL min−1'] ","[{'q': 8.333333333333333e-12}, {'q': 3.3333333333333333e-11}] "
"['20 nL min−1', '5 nL min−1'] ","[{'q': 3.3333333333333333e-11}, {'q': 8.333333333333333e-12}] "
"['5 nL min−1', '20 nL min−1'] ","[{'q': 8.333333333333333e-12}, {'q': 3.3333333333333333e-11}] "
22.5 nL min−1 ,{'q': 3.75e-11} 
500 μm s−1 ,{'v': 0.0005} 
15 nL/min ,{'q': 2.5e-11} 
nL min−1 ,N/A 
2 mL/h ,{'q': 5.555555555555556e-07} 
ultralow nL min−1 ,N/A 
"['adjustable', 'oil to water flow rate ratio range from 0.5 to 3'] ",'N/A' 
10 nL min−1 ,{'q': 1.6666666666666667e-11} 
20 nL min−1 ,{'q': 3.3333333333333333e-11} 
2× faster than that in the flat tip design ,'N/A' 
15 nL min−1 ,{'q': 2.5e-11} 
40 pL ,'N/A' 
pressure varied between 100 and 500 mbar ,'N/A' 
Q ,'N/A' 
1 mL/h ,{'q': 2.777777777777778e-10} 
'0.05-8.0 mL/min' ,{'q': 0.0000020833333333333333} 
"['0.1 mL/min', '12 mL/min'] ","[{'q': 0.0000016666666666666668}, {'q': 0.0002}] "
'0.1 to 0.6 mL/min' ,{'q': 0.000005833333333333334} 
'3–12 mL/min' ,{'q': 0.000125} 
'0.05 to 8.0 mL/min' ,{'q': 0.0000020833333333333333} 
['0.1 to 0.6 mL/min'] ,[{'q': 0.000005833333333333334}] 
'5–10 mL/min' ,{'q': 0.000125} 
"['7 mL/min', '10 mL/min'] ","[{'q': 0.00011666666666666667}, {'q': 0.00016666666666666666}] "
'10 mL/min' ,{'q': 0.00016666666666666666} 
"['3 mL/min', '12 mL/min'] ","[{'q': 0.00005}, {'q': 0.0002}] "
'5 to 10 mL/min' ,{'q': 0.000125} 
'3 to 5 mL/min' ,{'q': 0.00006666666666666667} 
'10 mL/min' ,{'q': 0.00016666666666666666} 
'higher than 10 mL/min' ,{'q': 0.00016666666666666666} 
'F' ,'N/A' 
"['12.5–62.4', '6.2–999', '377–999', '62.4–374', '6.20–62.4', '127–1022', '249–999', '249–749'] ","[{'v': 37.45}, {'v': 502.6}, {'v': 688.0}, {'v': 218.2}, {'v': 34.3}, {'v': 574.5}, {'v': 624.0}, {'v': 499.0}] "
'0.05-8.0 mL/min' ,{'q': 0.0000020833333333333333} 
'1.5–6 mL/min' ,{'q': 0.0000000625} 
"['0.4 m', '2 m'] ",'N/A' 
'F' ,'N/A' 
"['4.20–84.2', '4.20–678', '169.7–678', '4.20–84.8', '4.20–42.4', '25.5–593', '339–678', '169–509'] ",'N/A' 
increasing          ,'N/A'            
fixed               ,'N/A'            
u p                                     ,N/A                                
"['0.04', '0.1', '0.15']                 ","[{'q': 0.00004}, {'q': 0.0001}, {'q': 0.00015}] "
growing                                 ,N/A                                
"['1/6', '1/2', '2/3']                   ","[{'q': 0.0001667}, {'q': 0.0005}, {'q': 0.0006667}] "
"['1/6', '2/3']                          ","[{'q': 0.0001667}, {'q': 0.0006667}] "
'6 ml/min' ,{'q': 0.0001} 
'_Q_ air' ,'N/A' 
'Q_ff/Q_air = 0.50' ,'N/A' 
'higher local flow velocity' ,'N/A' 
'0.50' ,'N/A' 
'0.50' ,'N/A' 
'0 - 6 ml/min' ,{'q': 0.00005} 
"['1.5 ml/min', '3.0 ml/min', '4.5 ml/min', '6 ml/min'] ","[{'q': 2.5e-8}, {'q': 5e-8}, {'q': 7.5e-8}, {'q': 1e-7}] "
_Q_ ff ,'N/A' 
Q_ff/Q_air = 0.25 ,'N/A' 
0.50 ,{'v': 0.5} 
Q_ff/Q_air = 0.50 ,'N/A' 
high ,'N/A' 
0.25 ,{'v': 0.25} 
_Q_ ff/ _Q_ air = 0.50 ,'N/A' 
0.50 ,{'v': 0.5} 
_Q_ ff/ _Q_ air = 0.25 ,'N/A' 
high ,'N/A' 
0.00 to 1.00 mL/min ,{'q': 8.33e-7} 
0.021 m/s ,{'v': 0.021} 
equal to dispersed phase ,'N/A' 
U_L ,'N/A' 
0.021 m/s ,{'v': 0.021} 
0.021 m/s ,{'v': 0.021} 
high liquid flow rates ,'N/A' 
'0.000 to 1.000 mL/min' ,{'q': 0.000008333333333333333} 
'0.0105 m/s' ,{'v': 0.0105} 
'equal to continuous phase' ,'N/A' 
'U_G' ,'N/A' 
'varying' ,'N/A' 
"['0.008 m/s', '0.021 m/s', '0.042 m/s'] ","[{'v': 0.008}, {'v': 0.021}, {'v': 0.042}] "
['varied'] ,['N/A'] 
'Qc' ,'N/A' 
"['Q=0.1', 'Q=0.4'] ","[{'q': 0.1}, {'q': 0.4}] "
'Usqueeze' ,'N/A' 
'Qc' ,'N/A' 
'varied by altering Uc' ,'N/A' 
'0.25' ,{'v': 0.25} 
'0.25' ,{'v': 0.25} 
'0.25' ,{'v': 0.25} 
'0.25' ,{'v': 0.25} 
'fixed' ,'N/A' 
'varied' ,'N/A' 
Ugrowth             ,'N/A'            
Qd                  ,'N/A'            
varied              ,'N/A'            
0.0147 m/s          ,{'v': 0.0147}    
0.0147 m/s          ,{'v': 0.0147}    
'increasing and decreasing' ,'N/A' 
"['5.3 × 10−3 m/s', '0.1 m/s'] ","[{'v': 0.0053}, {'v': 0.1}] "
'3 μL/min' ,{'q': 5e-11} 
'20 times the flow rate of the oil phase' ,'N/A' 
['Values from Fig. 5b'] ,'N/A' 
'constant' ,'N/A' 
"['1', '6', '12', '20'] ",'N/A' 
'changes from 2 to 1' ,'N/A' 
"['Qwat/Qoil = 6', 'Qwat/Qoil = 12'] ",'N/A' 
'increases' ,'N/A' 
'fixed' ,'N/A' 
'6.2 × 10−3 m/s' ,{'v': 0.0062} 
'1 μL/min' ,{'q': 1.6666666666666667e-11} 
'1 µL/min' ,{'q': 1.6666666666666667e-11} 
'1 µL/min' ,{'q': 1.6666666666666667e-11} 
"['20 times of oil flow rate', 'gradually reduces to the same as oil flow rate', 'grows back to 20 times of oil flow rate'] ",'N/A' 
'Qoil' ,'N/A' 
'changing from 2 to 1' ,'N/A' 
['increasing'] ,'N/A' 
"['Q wat/Qoil = 6', 'Q wat/Qoil = 12'] ",'N/A' 
"['Qwat/Qoil >= 4', 'Qwat/Qoil = 2', 'Qwat/Qoil ~ 12', '4 < Qwat/Qoil ≤ 12', '9 < Qwat/Qoil ≤ 15'] ",'N/A' 
'm3/s' ,'N/A' 
'Qc' ,'N/A' 
'Q_c μL/s' ,'N/A' 
'Q_c' ,'N/A' 
'Qc' ,'N/A' 
'0.1' ,{'q': 0.1} 
"['0.483', '0.4143'] ","[{'q': 0.483}, {'q': 0.4143}] "
'Qr' ,'N/A' 
"'0.1 ≤ Qr ≤ 10, Qr ≥ 5, Qr range from 2 to 1/4, Qr ≤ 1∕8' ","[{'q': 5.05}, {'q': 5}, {'q': 1.125}, {'q': 0.0625}] "
'1∕10 ≤ _Q_ r ≤ 10' ,{'q': 5.05} 
'Qr' ,'N/A' 
'0.1 ≤ Qr ≤ 10' ,{'q': 5.05} 
m3/s ,'N/A' 
Q_d μL/s ,'N/A' 
Q_d ,'N/A' 
Qd ,'N/A' 
1 ,'N/A' 
Qd ,'N/A' 
0.14 μL/s ,{'q': 1.4e-10} 
0.1 ≤ Qr ≤ 10 ,{'q': 0.055} 
0.1 ≤ _Q_ r ≤ 10 ,{'q': 0.055} 
0.1 ≤ _Q_ r ≤ 10 ,{'q': 0.055} 
0.1 ≤ _Q_ r ≤ 10 ,{'q': 0.055} 
0.1 ≤ _Q_ r ≤10 ,{'q': 0.055} 
Qr ,'N/A' 
_Q_ r ,'N/A' 
0.1 ≤ Qr ≤ 10 ,{'q': 0.055} 
controlled by syringe pump ,'N/A' 
varied to modulate delivery efficiency ,'N/A' 
Q = ΔP/Rh           ,'N/A'            
Q = ΔP/Rh           ,'N/A'            
['0.014 to 0.44 mL·h−1'] ,[{'q': 3.1875e-9}] 
'various' ,'N/A' 
['0.29 to 13 μL·h−1'] ,[{'q': 4.44e-11}] 
> 30 times higher than dispersing phase ,'N/A' 
much lower than continuous phase ,'N/A' 
"['0.1 ml h−1', '0.2 ml h−1', '0.3 ml h−1'] ","[{'q': 2.777777777777778e-11}, {'q': 5.555555555555556e-11}, {'q': 8.333333333333333e-11}] "
"['low', 'high'] ","['N/A', 'N/A'] "
['increasing flow rate increases microcapsule size'] ,['N/A'] 
'varied' ,'N/A' 
20–50 μL min−1     ,{'q': 1.944e-8}  
low                 ,'N/A'            
Qx/Qy          ,N/A              
100 µL/min     ,{'q': 1.66667e-6}
few μL/min up to several tens of μL/min ,{'q': 0.0000005} 
Qc ,'N/A' 
"['7 μL/min', '10 μL/min', '12 μL/min', '20 μL/min', '30 μL/min', '35 μL/min', '40 μL/min', '15 μL/min', '20 μL/min', '30 μL/min', '40 μL/min', '50 μL/min'] ","[{'q': 0.00000011666666666666667}, {'q': 0.00000016666666666666666}, {'q': 0.0000002}, {'q': 0.0000003333333333333333}, {'q': 0.0000005}, {'q': 0.0000005833333333333334}, {'q': 0.0000006666666666666666}, {'q': 0.00000025}, {'q': 0.0000003333333333333333}, {'q': 0.0000005}, {'q': 0.0000006666666666666666}, {'q': 0.0000008333333333333334}] "
few μL/min up to several tens of μL/min ,{'q': 0.000000025} 
Qd ,'N/A' 
"['0.1·Qc', '0.3·Qc', '0.5·Qc', '0.7·Qc', '1.0·Qc', '1.5·Qc', '2.0·Qc', '0.1·Qc', '0.25·Qc', '0.4·Qc', '0.55·Qc', '0.7·Qc', '0.85·Qc', '1.15·Qc', '1.3·Qc', '1.45·Qc', '1.6·Qc', '1.75·Qc'] ",'N/A' 
"['1 mL/h', '3 mL/h'] ","[{'q': 2.777777777777778e-10}, {'q': 8.333333333333333e-10}] "
"['30 mL/h', '15 mL/h'] ","[{'q': 8.333333333333333e-09}, {'q': 4.166666666666667e-09}] "
"['1.5 mL/h', '1.2 mL/h', '2.4 mL/h'] ","[{'q': 4.166666666666667e-10}, {'q': 3.3333333333333335e-10}, {'q': 6.666666666666667e-10}] "
"['15 mL/h', '3 mL/h'] ","[{'q': 4.166666666666667e-09}, {'q': 8.333333333333333e-10}] "
'2 mL/h' ,{'q': 5.56e-10} 
"['20 mL/h', '7 mL/h'] ","[{'q': 5.56e-9}, {'q': 1.94e-9}] "
'0.5 mL/h' ,{'q': 1.39e-10} 
"['7 mL/h', '2 mL/h'] ","[{'q': 1.94e-9}, {'q': 5.56e-10}] "
0.01 mL/min ,{'q': 1.6666666666666667e-10} 
0.01 mL/min ,{'q': 1.6666666666666667e-10} 
"['continuous feeding', 'pulsatile feeding'] ",'N/A' 
"['0.01 mL/min', '0.03 mL/min', '0.5 mL/min', '0.07 mL/min'] ","[{'q': 1.6666666666666667e-10}, {'q': 5e-10}, {'q': 8.333333333333333e-9}, {'q': 1.1666666666666667e-9}] "
A [mL/min] ,'N/A' 
"['0.01', '0.03', '0.5', '0.07'] ","[{'v': 0.01}, {'v': 0.03}, {'v': 0.5}, {'v': 0.07}] "
0.05 mL/min ,{'q': 8.333333333333333e-10} 
"['0.02 mm/s', '0.04 mm/s'] ","[{'v': 0.00002}, {'v': 0.00004}] "
"['0.03', '0.05', '0.07'] ","[{'q': 0.03}, {'q': 0.05}, {'q': 0.07}] "
'1.67 µL·min−1 to 8333.33 µL·min−1' ,{'q': 0.06958333333333333} 
"'11,035 µm·s−1 to 13,581 µm·s−1' ",{'v': 0.012308} 
'1550 µL·min−1' ,{'q': 0.000025833333333333334} 
'130 µL·min−1' ,{'q': 0.0000021666666666666666} 
'160 µL·min−1' ,{'q': 0.0000026666666666666666} 
'130 µL·min−1' ,{'q': 0.0000021666666666666666} 
'Ql' ,'N/A' 
'1550 µL·min−1' ,{'q': 0.000025833333333333334} 
'Ql' ,'N/A' 
air flow rate       ,'N/A'            
gaseous and liquid phase flow ,'N/A' 
10.88 nL·min−1      ,{'q': 1.81333e-11} 
3.28 nL·min−1       ,{'q': 5.46667e-12} 
0.165 nL·min−1      ,{'q': 2.75e-13}   
Qg                  ,'N/A'            
Qg                  ,'N/A'            
1 ml min−1          ,{'q': 1.66667e-8}
Q_c                 ,'N/A'            
1 μl min−1          ,{'q': 1.66667e-11}
adjusted            ,'N/A'            
Q_d                 ,'N/A'            
0.5 μl min−1        ,{'q': 8.33e-12}  
normal inflow velocity ,'N/A'            
"['0.3 mL/h', '7 mL/h'] ","[{'q': 8.33e-11}, {'q': 1.94e-9}] "
below 0.3 mL/h      ,{'q': 1.39e-11}  
"['1.1-2.3 mL/h', 'above 2 mL/h'] ","[{'q': 1.94e-9}, {'q': 2.78e-9}] "
"['0.3 mL/h', '0.5 mL/h', '0.7 mL/h'] ","[{'q': 8.33e-11}, {'q': 1.39e-10}, {'q': 1.94e-10}] "
0.3 mL/h            ,{'q': 8.33e-11}  
0.3 mL/h ,{'q': 8.333333333333333e-11} 
"['0.3 mL/h', '2.3 mL/h', '7 mL/h', '3.5 mL/h'] ","[{'q': 8.333333333333333e-11}, {'q': 6.388888888888889e-10}, {'q': 1.9444444444444444e-09}, {'q': 9.722222222222221e-10}] "
above 1.1 mL/h ,{'q': 3.0555555555555556e-10} 
"['increases', '4 mL/h', 'maximum rate'] ","['N/A', {'q': 1.1111111111111112e-09}, 'N/A'] "
"['0.3 mL/h', '0.5 mL/h', '0.7 mL/h'] ","[{'q': 8.333333333333333e-11}, {'q': 1.3888888888888888e-10}, {'q': 1.9444444444444444e-10}] "
"['1.1 mL/h', '10 mL/h', '3.5 mL/h', '6 mL/h', '2.3 mL/h', '4.5 mL/h', '4 mL/h', '5 mL/h'] ","[{'q': 3.0555555555555556e-10}, {'q': 2.7777777777777776e-09}, {'q': 9.722222222222221e-10}, {'q': 1.6666666666666666e-09}, {'q': 6.388888888888889e-10}, {'q': 1.25e-09}, {'q': 1.1111111111111112e-09}, {'q': 1.3888888888888888e-09}] "
10 mL/h ,{'q': 2.7777777777777776e-09} 
'Ql' ,'N/A' 
['10^-2 to 1 μL s^-1'] ,[{'q': 5e-9}] 
'Ql' ,'N/A' 
'constant' ,'N/A' 
"['0.2 mL/h', '10 mL/h'] ","[{'q': 5.56e-11}, {'q': 2.78e-9}] "
'extremely low' ,'N/A' 
'determined by measuring the volume of liquid collected at the exit of the device during several minutes' ,'N/A' 
'50 μL/h' ,{'q': 1.39e-11} 
'small' ,'N/A' 
'Qg' ,'N/A' 
'Qg/Ql' ,'N/A' 
['ranges of the gas flow rates'] ,'N/A' 
'Qg' ,'N/A' 
"['0.1 mL/h', '5 mL/h'] ","[{'q': 2.777777777777778e-11}, {'q': 1.388888888888889e-09}] "
'determined as Qg = πd3bω/6' ,'N/A' 
'Qg/Ql < 0.03' ,'N/A' 
'25 μL/h' ,{'q': 6.944444444444444e-09} 
'Qg' ,'N/A' 
'0.25 < Qc < 30 mL h−1' ,{'q': 0.000004375} 
"['1 mL h−1', '6 mL h−1', '12 mL h−1'] ","[{'q': 0.000000278}, {'q': 0.000001667}, {'q': 0.000003333}] "
"'relatively small, increases, further increases' ",'N/A' 
'Q_c' ,'N/A' 
'Qc/wc^2' ,'N/A' 
'4 mL h−1' ,{'q': 0.000001111} 
'4 mL h−1' ,{'q': 0.000001111} 
'increasing' ,'N/A' 
'Qc' ,'N/A' 
'Qc' ,'N/A' 
'0.5 ≤ Qc/Qd ≤ 28' ,'N/A' 
0.5 < Qd < 1.5 mL h−1 ,{'q': 2.777777777777778e-10} 
1 mL h−1            ,{'q': 2.777777777777778e-10} 
Q_d                 ,N/A              
1 mL h−1            ,{'q': 2.777777777777778e-10} 
1 mL h−1            ,{'q': 2.777777777777778e-10} 
fixed               ,N/A              
"['0.5 mL h−1', '1 mL h−1'] ","[{'q': 1.388888888888889e-10}, {'q': 2.777777777777778e-10}] "
Qd                  ,N/A              
Qd                  ,N/A              
2300 µm/s           ,{'v': 0.0023}    
0.278 µL/min        ,{'q': 4.63e-12}  
low                 ,'N/A'            
low                 ,'N/A'            
'29 µm/s' ,{'v': 0.000029} 
'Ud' ,'N/A' 
"['low for non-Newtonian, leading to high viscosity', 'increased rate decreases viscosity for non-Newtonian'] ","['N/A', 'N/A'] "
'bulk velocity' ,'N/A' 
['0.278 µL/min'] ,[{'q': 0.00000000463}] 
'low' ,'N/A' 
'superficial velocities' ,'N/A' 
'low' ,'N/A' 
100 to 6000 μL/min ,{'q': 0.0035} 
lower than 1000 μL/min ,{'q': 0.00025} 
"['750-1250 μL/min', '1500-4500 μL/min'] ","[{'q': 0.001}, {'q': 0.003}] "
higher than dripping regime ,'N/A' 
100 to 6000 μL/min ,{'q': 0.0035} 
lower than 1000 μL/min ,{'q': 0.00025} 
"['750–1250 μL/min with 0.5 wt % SDS', '1500–4500 μL/min with 0.01 wt % SDS'] ","[{'q': 0.001}, {'q': 0.003}] "
'1 to 10 μL/min' ,{'q': 2.777777777777778e-10} 
'1 to 10 μL/min' ,{'q': 2.777777777777778e-10} 
"['1 ml/h', '2 ml/h'] ","[{'q': 2.777777777777778e-10}, {'q': 5.555555555555556e-10}] "
'0.15 ml/min' ,{'q': 2.5e-06} 
'Qc' ,'N/A' 
'120 μL/min' ,{'q': 2e-06} 
"'Qw,max' ",'N/A' 
'60 μL/min' ,{'q': 1e-06} 
'160 μL/min' ,{'q': 2.666666666666667e-06} 
'135 μL/min' ,{'q': 2.25e-06} 
'constant' ,'N/A' 
'30 μL/min' ,{'q': 5e-07} 
'30 μL/min' ,{'q': 5e-07} 
'4Qw/πdcc2' ,'N/A' 
0.1 ml/h ,{'q': 2.777777777777778e-11} 
"['0.01 ml/min', '0.02 ml/min'] ","[{'q': 1.6666666666666667e-10}, {'q': 3.3333333333333335e-10}] "
Qo ,'N/A' 
"['2.4 mL/min', '40 μL/min'] ","[{'q': 4e-8}, {'q': 6.666666666666667e-10}] "
Qo ,'N/A' 
3.2 mL/min ,{'q': 5.333333333333334e-8} 
constant ,'N/A' 
4Qo/πdcc2 ,'N/A' 
'0.1-0.4 mL/min' ,{'q': 0.000004166666666666667} 
"['0.1 mL/min', '0.25 mL/min', '0.35 mL/min'] ","[{'q': 0.0000016666666666666668}, {'q': 0.000004166666666666667}, {'q': 0.000005833333333333334}] "
'small' ,'N/A' 
'fixed' ,'N/A' 
'0.45 mL/min' ,{'q': 0.0000075} 
'Qc' ,'N/A' 
'_u_ c/_u_' ,'N/A' 
'0.40 mL/min' ,{'q': 0.000006666666666666667} 
'0.45 mL/min' ,{'q': 0.0000075} 
'0.01-0.1 mL/min' ,{'q': 0.0000018333333333333333} 
'large' ,'N/A' 
"'large, range 0.5-10 times the liquid flow rate' ",'N/A' 
"['0.2 mL/min', '1.6 mL/min'] ","[{'q': 0.0000033333333333333335}, {'q': 0.00002666666666666667}] "
'greater effect on bubble size than continuous phase' ,'N/A' 
'Qd' ,'N/A' 
'0.01 mL/min' ,{'q': 0.00000016666666666666666} 
"['0.2 mL/min', '1.6 mL/min'] ","[{'q': 0.0000033333333333333335}, {'q': 0.00002666666666666667}] "
"['very high Q', 'higher Q', 'lower Q (0.05)'] ","['N/A', 'N/A', {'q': 0.05}] "
'varies' ,'N/A' 
'0.1' ,{'v': 0.1} 
['0.08–0.1'] ,[{'v': 0.09}] 
'60 µL/min' ,{'q': 1e-9} 
"['2.67 µL/min', '4.8 µL/min', '4.8 µL/min'] ","[{'q': 4.45e-11}, {'q': 8e-11}, {'q': 8e-11}] "
'3.33 µL/min' ,{'q': 5.55e-11} 
'60 µL/min' ,{'q': 1e-9} 
'6 µL/min overall; individual rates N/A' ,{'q': 1e-10} 
"['3 µL/min', '6 µL/min', '9 µL/min'] ","[{'q': 5e-11}, {'q': 1e-10}, {'q': 1.5e-10}] "
"['3 µL/min', '6 µL/min', '9 µL/min'] ","[{'q': 5e-11}, {'q': 1e-10}, {'q': 1.5e-10}] "
"['6 µL/min', '9 µL/min'] ","[{'q': 1e-10}, {'q': 1.5e-10}] "
"['3 µL/min', '6 µL/min', '9 µL/min'] ","[{'q': 5e-11}, {'q': 1e-10}, {'q': 1.5e-10}] "
'60 µL/min' ,{'q': 1e-9} 
"['0.1 mL/min', '0.2 mL/min'] ","[{'q': 1.67e-9}, {'q': 3.33e-9}] "
range of optimised flow parameters from theoretical analysis ,'N/A' 
6 µL/min ,{'q': 1e-7} 
varies ,'N/A' 
6 µL/min ,{'q': 1e-7} 
6 µL/min ,{'q': 1e-7} 
6 µL/min ,{'q': 1e-7} 
1.33 µL/min ,{'q': 2.2166666666666666e-8} 
6 µL/min ,{'q': 1e-7} 
three times higher than other reagent solutions ,'N/A' 
9 µL/min ,{'q': 1.5e-7} 
6 µL/min ,{'q': 1e-7} 
0.02 mL/min ,{'q': 3.333333333333333e-7} 
"['320 mL/h', '2.5 mL/h per junction'] ","[{'q': 8.888888888888889e-08}, {'q': 6.944444444444444e-09}] "
"['2 mL/h', '5 mL/h', '10 mL/h'] ","[{'q': 5.555555555555555e-09}, {'q': 1.3888888888888888e-08}, {'q': 2.7777777777777776e-08}] "
'Q_C' ,'N/A' 
"['55 mL/h', '2 mL/h'] ","[{'q': 1.5277777777777777e-08}, {'q': 5.555555555555555e-09}] "
'higher flow rates' ,'N/A' 
"['Q_NV/(Q_V + Q_NV) = 0', 'Q_NV/(Q_V + Q_NV) = 1/7', 'Q_NV/(Q_V + Q_NV) = 2/7', 'Q_NV/(Q_V + Q_NV) = 3/7', 'Q_NV/(Q_V + Q_NV) = 4/7', 'Q_NV/(Q_V + Q_NV) = 5/7', 'Q_NV/(Q_V + Q_NV) = 6/7', 'Q_NV/(Q_V + Q_NV) = ∞'] ",'N/A' 
"['16 mL/h', '9 mL/h'] ","[{'q': 4.444444444444444e-08}, {'q': 2.5e-08}] "
'larger flow rates' ,'N/A' 
"['9 mL/h', '85 mL/h'] ","[{'q': 2.5e-08}, {'q': 2.361111111111111e-07}] "
"['6 mL/h', '2 mL/h'] ","[{'q': 1.6666666666666666e-08}, {'q': 5.555555555555555e-09}] "
highest rate possible ,N/A 
"['Q_A', 'Q_B'] ",N/A 
"['Controlled by varying the values of the applied pressure (_p_)', 'Preserved a constant ratio (1:1) with continuous phase'] ",N/A 
"['q_{A_{i}}', 'q_{B_{i}}'] ",N/A 
6 mL/h ,{'q': 1.6666666666666667e-09} 
"['6 mL/h', '16 mL/h', '30 mL/h'] ","[{'q': 1.6666666666666667e-09}, {'q': 4.444444444444444e-09}, {'q': 8.333333333333333e-09}] "
Q_D ,N/A 
6 mL/h ,{'q': 1.6666666666666667e-09} 
lower flow rates ,N/A 
"['6', '16', '30'] ",N/A 
"['Q_NV/Q_V = 6/1', 'Q_NV/Q_V = 1/6'] ",N/A 
maximum rate ,N/A 
4 mL/h ,{'q': 1.1111111111111112e-09} 
"['4 mL/h', '16 mL/h'] ","[{'q': 1.1111111111111112e-09}, {'q': 4.444444444444444e-09}] "
'11–16 L/min' ,'N/A' 
'113.6 kg/m2·s' ,'N/A' 
'low mass flow density' ,'N/A' 
'mass flow rate at the channel inlet' ,'N/A' 
"['42.6 kg/m2·s', '71 kg/m2·s', '14.2 kg/m2·s'] ","['N/A', 'N/A', 'N/A'] "
"'42.6 kg/m2·s, 71 kg/m2·s, 92.3 kg/m2·s, 113.6 kg/m2·s' ",'N/A' 
'113.6 kg/m2·s' ,'N/A' 
"['42.6 kg/m2·s', '71 kg/m2·s', '92.3 kg/m2·s', '113.6 kg/m2·s'] ","['N/A', 'N/A', 'N/A', 'N/A'] "
'71 kg/m2·s' ,'N/A' 
'92.3 kg/m2·s' ,'N/A' 
'inlet mass flow rate' ,'N/A' 
200 nl/min          ,{'q': 3.33e-9}   
'fluid discharge rate'    ,'N/A'            
high                                 ,'N/A'                  
Q3                                   ,'N/A'                  
"['50 μL h−1', '65 μL h−1', '50-170 μL h−1', '> 180 μL h−1'] ","[{'q': 1.3888888888888888e-11}, {'q': 1.8055555555555554e-11}, {'q': 3.819444444444444e-11}, {'q': 5.0e-11}] "
"['Q1', 'Q2']             ","['N/A', 'N/A']   "
1500 μμL/h ,{'q': 0.00000000004166666666666667} 
"['1’500 μμL/h', '3’000 μμL/h', '4’500 μμL/h'] ","[{'q': 0.00000000004166666666666667}, {'q': 0.00000000008333333333333333}, {'q': 0.000000000125}] "
"['too low', 'medium', 'too high'] ","['N/A', 'N/A', 'N/A'] "
1000 μL/h ,{'q': 0.0000000002777777777777778} 
higher than dispersed phase ,'N/A' 
"['500 μμL/h', '5000 μμL/h'] ","[{'q': 1.388888888888889e-10}, {'q': 1.388888888888889e-09}] "
"['too low', 'medium', 'too high'] ","['N/A', 'N/A', 'N/A'] "
'1000 μL/h' ,{'q': 2.777777777777778e-07} 
'lower than continuous phase' ,'N/A' 
'1 mL' ,'N/A' 
"['200 µL/h', '100 µL/h', '167 µL/h', '233 µL/h'] ","[{'q': 5.56e-8}, {'q': 2.78e-8}, {'q': 4.64e-8}, {'q': 6.47e-8}] "
"['148–152 µL/h', '100 µL/h'] ","[{'q': 6.94e-8}, {'q': 2.78e-8}] "
"['30 µL/h', '240 µL/h'] ","[{'q': 8.33e-9}, {'q': 6.67e-8}] "
decreased with decreasing Φ ,'N/A' 
"['333 µL/h', '467 µL/h', '633 µL/h'] ","[{'q': 0.0000000925}, {'q': 0.00000012972222222222222}, {'q': 0.00000017583333333333333}] "
"['433.3 µL/h', '266.7 µL/h'] ","[{'q': 0.00000012036111111111111}, {'q': 0.00000007408333333333333}] "
equal rates for both inlets ,'N/A' 
reducing the flow rate resulted in smaller droplets ,'N/A' 
high ratio compared to dispersed phase ,'N/A' 
10 μL/min ,{'q': 1.6666666666666667e-10} 
"['normal', 'smaller'] ","['N/A', 'N/A'] "
10 μL/min ,{'q': 1.6666666666666667e-10} 
3 μL/min ,{'q': 5e-11} 
5 μL/min ,{'q': 8.333333333333333e-11} 
10 μL/min ,{'q': 1.6666666666666667e-10} 
high ,'N/A' 
lower than continuous phase      ,N/A                 
1 μL/min                         ,{'q': 1.66667e-11}  
QC                                                        ,'N/A'            
reduces proportionally with increased viscosity           ,'N/A'            
constant ,'N/A' 
proportional increase ,'N/A' 
0.5 mL/h            ,{'q': 1.388888888888889e-10} 
u_l > 1.0 m·s−1     ,{'v': 1.0}       
0.410 ≤ Re d ≤ 1.642,'N/A'            
0.1 mL/h            ,{'q': 2.77778e-11} 
0.02 m/s            ,{'v': 0.02}      
0.02 m/s            ,{'v': 0.02}      
0.1 m/s             ,{'v': 0.1}       
0.08 m/s            ,{'v': 0.08}      
constant            ,'N/A'            
0.08 m/s            ,{'v': 0.08}      
0.04 m/s                                          ,{'v': 0.04}                
0.04 m/s                                          ,{'v': 0.04}                
"['0.04 m/s', '0.008 m/s', '0.02 m/s']             ","[{'v': 0.04}, {'v': 0.008}, {'v': 0.02}] "
0.2 m/s                                           ,{'v': 0.2}                 
"['0.004 m/s', '0.04 m/s']                         ","[{'v': 0.004}, {'v': 0.04}]"
"['0.01 m/s', '0.0001 m/s']                        ","[{'v': 0.01}, {'v': 0.0001}]"
large velocity                                    ,N/A                        
Qc ,'N/A' 
Qc ,'N/A' 
vc ,'N/A' 
increases ,'N/A' 
various ,'N/A' 
increases ,'N/A' 
pressure-driven ,'N/A' 
"['increases when θ < 90°', 'decreases when θ > 90°'] ","['N/A', 'N/A'] "
1 to 30 µL/h ,{'q': 0.00000000864} 
Qd                                                                                                         ,N/A                
Qd/hwd                                                                                                     ,N/A                
r                                                                                                          ,N/A                
Qd                                                                                                         ,N/A                
constant                                                                                                   ,N/A                
1 μL/h                                                                                                     ,{'q': 2.77778e-10} 
pressure-driven                                                                                            ,N/A                
"['decreases when the continuous phase flow rate increases', 'has a cosine wave form dependence on intersection angle', 'increases when intersection angle < 90°', 'decreases when intersection angle > 90°'] ","['N/A', 'N/A', 'N/A', 'N/A']  "
1 µL/h                                                                                                     ,{'q': 2.77778e-10} 
dependent on the flow rate ratio of the two-phase liquid    ,'N/A'            
fixed                                                       ,'N/A'            
0.5 μL/min                                                  ,{'q': 8.33e-12}  
0.05 μL/min                                                 ,{'q': 8.33e-13}  
0.05 _μ_ L/min to 3.00 _μ_ L/min                           ,{'q': 1.42e-11}  
Qc                                                          ,'N/A'            
'dependent on the flow rate ratio of the two-phase liquid'             ,'N/A'                        
'variable'                                                              ,'N/A'                        
"['1.830 μL/min', '1.771 μL/min']                                        ","[{'q': 5.0819444e-08}, {'q': 4.9197222e-08}]   "
'Qd'                                                                    ,'N/A'                        
'20 μl min−1'                                                                                                 ,{'q': 5.555555555555556e-07}                               
'31.5 ± 3.6 μm s−1'                                                                                           ,{'v': 0.0315}                                              
"['145 μlit', '14.5 μlit', '7.2 μlit', '3.6 μlit', '1.8 μlit', '1.45 μlit']                                    ","['N/A', 'N/A', 'N/A', 'N/A', 'N/A', 'N/A']                 "
'Qcarrier'                                                                                                    ,'N/A'                                                      
'180 μl min−1'                                                                                                ,{'q': 5e-06}                                               
'4 μl min−1' ,{'q': 6.67e-11} 
'145 μlit' ,'N/A' 
'Qdiscrete' ,'N/A' 
"'velocity: [2.26 μm s−1, 3.96 μm s−1]' ","{'v': [2.26e-6, 3.96e-6]} "
"['0.2 mL/min', '10 mL/min'] ","[{'q': 3.33e-9}, {'q': 1.67e-7}] "
'0.2 to 100.0 mL/min' ,{'q': 8.33e-6} 
['0.2 to 10.0 mL/min'] ,[{'q': 8.33e-7}] 
"['0.2', '0.5', '1.0', '2.0', '5.0', '10.0'] ","[{'v': 0.2}, {'v': 0.5}, {'v': 1.0}, {'v': 2.0}, {'v': 5.0}, {'v': 10.0}] "
'5 mL/min' ,{'q': 8.33e-8} 
'Ql' ,'N/A' 
"['Qg', 'Ql'] ","['N/A', 'N/A'] "
"['0.2 mL/min', '100 mL/min'] ","[{'q': 3.3333333333333335e-09}, {'q': 1.6666666666666667e-06}] "
5.0 mL/min ,{'q': 8.333333333333333e-08} 
5.0 mL/min ,{'q': 8.333333333333333e-08} 
['0.2 to 50.0 mL/min'] ,[{'q': 4.166666666666667e-07}] 
"['0.2', '0.5', '1.0', '2.0', '5.0', '10.0'] ","[{'v': 0.2}, {'v': 0.5}, {'v': 1.0}, {'v': 2.0}, {'v': 5.0}, {'v': 10.0}] "
< 1mL/min ,{'q': 8.333333333333333e-09} 
5 mL/min ,{'q': 8.333333333333333e-08} 
5 mL/min ,{'q': 8.333333333333333e-08} 
Qg ,'N/A' 
10-24% of the feed liquid flow rate ,N/A 
increases with the increase in system pressure ,N/A 
0.3 mL/min ,{'q': 0.000005} 
0.3 mL/min ,{'q': 0.000005} 
"['0.112 mL/min (squeezing stage)', '0.214 mL/min (overall mean)'] ","[{'q': 0.00000187}, {'q': 0.00000357}] "
0.3 mL/min ,{'q': 0.000005} 
0.6 mL/min ,{'q': 0.00001} 
0.6 mL/min ,{'q': 0.00001} 
10 ml/min ,{'q': 0.00016667} 
0.6 mL/min                 ,{'q': 1e-05}     
0.6 mL/min                 ,{'q': 1e-05}     
"131 mm/s, 60.6 mm/s        ","[{'v': 0.131}, {'v': 0.0606}] "
0.4 mL/min                 ,{'q': 6.67e-06}  
0.2 mL/min                 ,{'q': 3.33e-06}  
very small flow rates      ,N/A              
1 ml/min                   ,{'q': 1.67e-05}  
'Qwater' ,'N/A' 
'1 m⋅s−1' ,{'v': 1.0} 
'Qwater' ,'N/A' 
'0.028 µL·s−¹' ,{'q': 2.8e-11} 
'0.124 μL⋅s−1' ,{'q': 1.24e-10} 
"'higher velocity, lower velocity' ",'N/A' 
'0.028 μL⋅s-1' ,{'q': 2.8e-11} 
'0.028 μL⋅s-1' ,{'q': 2.8e-11} 
'Qoil'                              ,'N/A'              
'Qoil'                              ,'N/A'              
'0.05 µL·s−¹'                        ,{'q': 5e-08}       
'0.14 μL⋅s−1'                        ,{'q': 1.4e-07}     
'0.05 μL⋅s-1'                        ,{'q': 5e-08}       
'0.05 μL⋅s-1'                        ,{'q': 5e-08}       
"['1', '1', '1.64']                   ","['N/A', 'N/A', 'N/A'] "
constant ,'N/A' 
"['0.30 Hz', '0.58 Hz'] ","['N/A', 'N/A'] "
"['linearly increasing with motor speed', 'higher in wider channels (320 μm diameter)'] ","['N/A', 'N/A'] "
80 μL min−1 ,{'q': 0.0000013333333333333333} 
"20 μL min−1, 40 μL min−1 ","[{'q': 0.00000033333333333333333}, {'q': 0.00000066666666666666667}] "
Equal volumetric flow to aqueous phase ,'N/A' 
constant                                ,N/A                   
80 μL min−1                             ,{'q': 2.22222e-08}    
Equal volumetric flow to oil phase      ,N/A                   
7.5 mL/h            ,{'q': 2.0833333333333333e-09} 
"['0.08', '0.15', '0.25', '0.35', '0.65'] ","[{'v': 0.08}, {'v': 0.15}, {'v': 0.25}, {'v': 0.35}, {'v': 0.65}] "
maximum velocity    ,'N/A'            
"['0.6 mL/h', '7.5 mL/h']           ","[{'q': 0.00000017}, {'q': 0.00000208}] "
Qd/Qc = 0.08 to increasing         ,{'q': 0.08}          
0.08                               ,{'v': 0.08}          
ud                                 ,N/A                  
ud=l/δt                            ,N/A                  
V0+Vdl                             ,N/A                  
dimensionless flow rates           ,N/A                  
5 cm/s              ,{'v': 0.05}      
5 cm/s              ,{'v': 0.05}      
3.33 × 10–3 lu/ts   ,'N/A'            
1.25 cm/s           ,{'v': 0.0125}    
1.25 cm/s           ,{'v': 0.0125}    
"increase, the droplet length increase and the frequency of droplet formation decrease ",'N/A' 
Qc ,'N/A' 
"['1 mL/h', '2 mL/h'] ","[{'q': 2.77778e-10}, {'q': 5.55556e-10}] "
"['0.012 m/s', '0.12 m/s'] ","[{'v': 0.012}, {'v': 0.12}] "
Varied by changing the velocity (Uc) ,'N/A' 
0.012 m/s ,{'v': 0.012} 
Qd                                                                     ,N/A                     
"['higher or equal to the continuous phase', 'lower than the continuous phase'] ","['N/A', 'N/A']          "
"['0.1 mL/h', '0.2 mL/h']                                               ","[{'q': 2.77778e-8}, {'q': 5.55556e-8}] "
0.072 m/s                                                              ,{'v': 0.072}            
'0.5–15 ml/s' ,{'q': 0.00775} 
'Qc' ,'N/A' 
'Qc' ,'N/A' 
"['7.5 ml/h', '1.5 ml/h'] ","[{'q': 2.0833333333333333e-09}, {'q': 4.166666666666667e-10}] "
"['0.5 ml/h', '1 ml/h', '1.5 ml/h', '2.5 ml/h', '5 ml/h', '7.5 ml/h', '10 ml/h', '15 ml/h'] ","[{'q': 1.388888888888889e-10}, {'q': 2.777777777777778e-10}, {'q': 4.166666666666667e-10}, {'q': 6.944444444444444e-10}, {'q': 1.388888888888889e-09}, {'q': 2.0833333333333333e-09}, {'q': 2.777777777777778e-09}, {'q': 4.166666666666667e-09}] "
"['0.5 ml/h', '1 ml/h', '1.5 ml/h', '2.5 ml/h', '7.5 ml/h', '10 ml/h', '15 ml/h'] ","[{'q': 1.388888888888889e-10}, {'q': 2.777777777777778e-10}, {'q': 4.166666666666667e-10}, {'q': 6.944444444444444e-10}, {'q': 2.0833333333333333e-09}, {'q': 2.777777777777778e-09}, {'q': 4.166666666666667e-09}] "
'0.5 ml/h' ,{'q': 1.388888888888889e-10} 
'1 ml/h' ,{'q': 2.777777777777778e-10} 
'1.5 ml/h' ,{'q': 4.166666666666667e-10} 
'2.5 ml/h' ,{'q': 6.944444444444444e-10} 
'7.5 ml/h' ,{'q': 2.0833333333333333e-09} 
'10 ml/h' ,{'q': 2.777777777777778e-09} 
'15 ml/h' ,{'q': 4.166666666666667e-09} 
0.5 ml/s       ,{'q': 0.0005}     
0.5 ml/h       ,{'q': 1.3889e-7}  
0.5 ml/h       ,{'q': 1.3889e-7}  
0.5 ml/h       ,{'q': 1.3889e-7}  
0.5 ml/h       ,{'q': 1.3889e-7}  
0.5 ml/h       ,{'q': 1.3889e-7}  
0.5 ml/h       ,{'q': 1.3889e-7}  
0.5 ml/h       ,{'q': 1.3889e-7}  
0.5 ml/h       ,{'q': 1.3889e-7}  
0.5 ml/h       ,{'q': 1.3889e-7}  
0.5 ml/h       ,{'q': 1.3889e-7}  
0.5 mL/min (total volume flow rate) ,{'q': 8.33e-9} 
low ,'N/A' 
adjusted PDMS volume flow rate ,'N/A' 
constant ,'N/A' 
higher ,'N/A' 
"['0.2 mL min−1', '0.25 mL min−1', '0.3 mL min−1'] ","[{'q': 3.33e-9}, {'q': 4.17e-9}, {'q': 5e-9}] "
higher flow rate associated with higher ϕ ,'N/A' 
"'0.5 m/s, 0.2 m/s'  ","[{'v':0.5}, {'v':0.2}] "
"['0.018 m/s', '0.791 m/s'] ","[{'v':0.018}, {'v':0.791}] "
'U_G'               ,'N/A'            
'high'              ,'N/A'            
'Q_L'               ,'N/A'            
"['0.042 m/s', '0.757 m/s'] ","[{'v': 0.042}, {'v': 0.757}] "
'U_L' ,'N/A' 
'high' ,'N/A' 
'Q_G' ,'N/A' 
'varying' ,'N/A' 
'pressure-driven' ,'N/A' 
['0.05 to 1.0 μL/min'] ,[{'q': 8.333333333333333e-10}] 
'Qc' ,'N/A' 
'Qc' ,'N/A' 
pressure-driven     ,'N/A'            
Qd                  ,'N/A'            
Qd                  ,'N/A'            
Qdt                 ,'N/A'            
Qd                  ,'N/A'            
Qd                  ,'N/A'            
"['5 s−1', '10 s−1'] ","[{'v': 5}, {'v': 10}] "
"['5 s−1', '10 s−1'] ","[{'v': 5}, {'v': 10}] "
3.375 L h−1 ,{'q': 0.0000009375} 
52.3 µm s−1 ,{'v': 0.0000523} 
high compared to the dispersed phase ,'N/A' 
3.51 µL h−1                                     ,{'q': 9.75e-13}              
"['4.33 µm s−1', '1.084 µm s−1']                 ","[{'v': 4.33e-6}, {'v': 1.084e-6}] "
330000 droplets per hour                        ,'N/A'                        
4.22 µm s−1                                     ,{'v': 4.22e-6}               
<1 h operations                                 ,'N/A'                        
low compared to the continuous phase            ,'N/A'                        
adjustable                                      ,'N/A'                        
'constant Q_u' ,'N/A' 
'0.51 mm/s' ,{'v': 0.00051} 
"['10 μl/min', '100 μl/min', '200 μl/min', '400 μl/min'] ","[{'q': 1.6666666666666667e-10}, {'q': 1.6666666666666667e-09}, {'q': 3.3333333333333335e-09}, {'q': 6.666666666666667e-09}] "
'Q C' ,'N/A' 
'Q_C' ,'N/A' 
"['10', '10', '5'] ","[{'q': 10}, {'q': 10}, {'q': 5}] "
"'[10 μl/min, <140 μl/min, >140 μl/min]' ","[{'q': 1.6666666666666667e-10}, {'q': 1.1666666666666666e-08}, {'q': 0.00014}] "
'10 μl/min' ,{'q': 1.6666666666666667e-10} 
'increasing Q_l'    ,'N/A'            
"['<10 μl/min', '25 times > Q_u'] ","[{'q': 0.000005}, 'N/A'] "
'10 μl/min'         ,{'q': 0.00000016666666666666666} 
"['Q u', 'Q l']      ","['N/A', 'N/A']   "
"['Q_u', 'Q_l']      ","['N/A', 'N/A']   "
'0.51 mm/s'         ,{'v': 0.00051}   
'100 μl/min'        ,{'q': 0.0000016666666666666666} 
300 μl/mn           ,{'q': 0.000005}  
constant            ,'N/A'            
'constant' ,'N/A' 
"['8.3 × 10−9 m3/s', '8.3 × 10−10 m3/s'] ","[{'q': 8.3e-09}, {'q': 8.3e-10}] "
'1 ml' ,'N/A' 
"['1200 μl min−1', '300 μl min−1'] ","[{'q': 2e-08}, {'q': 5e-09}] "
'1200 μl/mn' ,{'q': 2e-08} 
'varied air pressure' ,'N/A' 
high velocity       ,'N/A'            
low                 ,'N/A'            
high-speed          ,'N/A'            
fixed air velocity  ,'N/A'            
continuous          ,'N/A'            
Higher              ,'N/A'            
increases           ,'N/A'            
'4 × 10−7 m3/h' ,{'q': 1.11e-11} 
'4 × 10−7 m3/h' ,{'q': 1.11e-11} 
"['2–8 × 10−7 m3/h', '4 × 10−7 m3/h', '4 × 10−7 m3/h'] ","[{'q': 1.39e-11}, {'q': 1.11e-11}, {'q': 1.11e-11}] "
"['2 × 10−7 m3/h', '8 × 10−7 m3/h'] ","[{'q': 5.56e-12}, {'q': 2.22e-11}] "
['different flow rates'] ,'N/A' 
'increases' ,'N/A' 
'increases' ,'N/A' 
2 × 10−7 m3/h       ,{'q': 5.56e-11}  
2 × 10−7 m3/h       ,{'q': 5.56e-11}  
2 × 10−7 m3/h       ,{'q': 5.56e-11}  
"['250 μL/min', '500 μL/min', '1000 μL/min'] ","[{'q': 4.166666666666667e-06}, {'q': 8.333333333333333e-06}, {'q': 1.6666666666666667e-05}] "
"['250/25', '1000/400', '5/1'] ",'N/A' 
"['500', '1000'] ",'N/A' 
Qc ,'N/A' 
variable ,'N/A' 
increased ,'N/A' 
increased ,'N/A' 
1000 μL/min ,{'q': 1.6666666666666667e-05} 
"250/25, 500/100 ",'N/A' 
1000 μL/min ,{'q': 1.6666666666666667e-05} 
2000 μL/min ,{'q': 3.3333333333333335e-05} 
"['25 μL/min', '100 μL/min', '400 μL/min']                 ","[{'q': 4.167e-7}, {'q': 1.667e-6}, {'q': 6.667e-6}] "
"['250/25', '500/50', '500/100', '1000/100', '1000/200']   ",N/A                                        
"['100', '200']                                            ",N/A                                        
decreased                                                 ,N/A                                        
Qd                                                        ,N/A                                        
constant                                                  ,N/A                                        
increased                                                 ,N/A                                        
"'250/25, 500/100'                                         ",N/A                                        
Qc                  ,N/A              
"['0.01 ml/min', '0.1 ml/min'] ","[{'q': 1.6666666666666667e-10}, {'q': 1.6666666666666666e-09}] "
0.01 ml/min         ,{'q': 1.6666666666666667e-10} 
0.1 ml/min          ,{'q': 1.6666666666666666e-09} 
Qc                  ,N/A              
0.01 ml/min         ,{'q': 1.6666666666666667e-10} 
'Qd' ,'N/A' 
"['0.002 to 0.022 ml/min', '0.02 to 0.22 ml/min'] ","[{'q': 1.6666666666666667e-11}, {'q': 2e-10}] "
'different flow-rate ratios' ,'N/A' 
'Qd' ,'N/A' 
'Qd' ,'N/A' 
'Qd/Qc' ,'N/A' 
'variable' ,'N/A' 
'a wide range of flow rates' ,'N/A' 
"['12-94 mL/h', 'various', 'various'] ","[{'q': 0.0000014583333333333333}, 'N/A', 'N/A'] "
'0.01-20 cm3/min' ,{'q': 0.00015833333333333333} 
'0.14 μL/s' ,{'q': 1.4e-10} 
'0.001−0.12 μL/s' ,{'q': 6.05e-11} 
'0.083 μL/s' ,{'q': 8.3e-11} 
'0.408 μL/s' ,{'q': 4.08e-10} 
['0.028 μL/s'] ,[{'q': 2.8e-11}] 
['0.01-0.5 μL/s'] ,[{'q': 2.55e-10}] 
'0.028 μL/s' ,{'q': 2.8e-11} 
"['0.408 μL/s', '0.028 μL/s'] ","[{'q': 4.08e-10}, {'q': 2.8e-11}] "
"['0.408 μL/s', '0.028 μL/s'] ","[{'q': 4.08e-10}, {'q': 2.8e-11}] "
"['0.408 μL/s', '0.204 μL/s', '0.028 μL/s'] ","[{'q': 4.08e-10}, {'q': 2.04e-10}, {'q': 2.8e-11}] "
'> 1.7 Q oil when compared with water' ,'N/A' 
'0.001-0.12 µL/s' ,{'q': 6.05e-11} 
"['12-100 mL/h', 'various', 'various'] ","[{'q': 0.00003125}, 'N/A', 'N/A'] "
'0.01−0.5 μL/s' ,{'q': 0.000000255} 
'0.14 μL/s' ,{'q': 0.00000014} 
'0.14 μL/s' ,{'q': 0.00000014} 
['0.14 μL/s'] ,[{'q': 0.00000014}] 
'0.14 μL/s' ,{'q': 0.00000014} 
['0.001−0.12 μL/s'] ,[{'q': 0.0000000605}] 
'0.14 μL/s' ,{'q': 0.00000014} 
"['0.14 μL/s', '0.022 μL/s'] ","[{'q': 0.00000014}, {'q': 0.000000022}] "
"['0.14 μL/s', '0.14 μL/s', '0.004 μL/s'] ","[{'q': 0.00000014}, {'q': 0.00000014}, {'q': 0.000000004}] "
'< 1.7 Q water when compared with oil' ,'N/A' 
'0.01-0.5 µL/s' ,{'q': 0.000000255} 
Qc                  ,'N/A'            
0.00252m/s          ,{'v': 0.00252}   
increased           ,'N/A'            
'0.025' ,{'v': 0.025} 
'increased' ,'N/A' 
Qc                  ,N/A              
0.2 µl/min          ,{'q': 3.33e-12}  
0.004 m/s           ,{'v': 0.004}     
0.02 m/s            ,{'v': 0.02}      
0.02 m/s            ,{'v': 0.02}      
Qd                                              ,N/A                 
Qd/Qc maintained between 0.1 to 0.6            ,N/A                 
0.002 m/s                                       ,{'v': 0.002}        
0.01 m/s                                        ,{'v': 0.01}         
0.01 m/s                                        ,{'v': 0.01}         
'Q_L' ,'N/A' 
"['0.081 m/s', '0.344 m/s'] ","[{'v': 0.081}, {'v': 0.344}] "
'0.318 m/s' ,{'v': 0.318} 
'0.318 m/s' ,{'v': 0.318} 
'0.242 m/s' ,{'v': 0.242} 
'0.318 m/s' ,{'v': 0.318} 
'0.318 m/s' ,{'v': 0.318} 
'0.182 m/s' ,{'v': 0.182} 
'0.318 m/s' ,{'v': 0.318} 
'0.318 m/s' ,{'v': 0.318} 
'0.081 m/s' ,{'v': 0.081} 
'0.106 m/s' ,{'v': 0.106} 
'0.242 m/s' ,{'v': 0.242} 
'0.068 m/s' ,{'v': 0.068} 
"['0.106 m/s', '0.318 m/s', '0.531 m/s'] ","[{'v': 0.106}, {'v': 0.318}, {'v': 0.531}] "
"'0.106, 0.318 and 0.531 m/s' ","[{'v': 0.106}, {'v': 0.318}, {'v': 0.531}] "
"['0.106', '0.318', '0.531'] ","[{'v': 0.106}, {'v': 0.318}, {'v': 0.531}] "
"['0.106', '0.318', '0.531'] ","[{'v': 0.106}, {'v': 0.318}, {'v': 0.531}] "
'Q_G' ,'N/A' 
"['0.106 m/s', '0.531 m/s'] ","[{'v': 0.106}, {'v': 0.531}] "
'0.242 m/s' ,{'v': 0.242} 
'0.242 m/s' ,{'v': 0.242} 
'0.318 m/s' ,{'v': 0.318} 
'0.242 m/s' ,{'v': 0.242} 
'0.182 m/s' ,{'v': 0.182} 
'0.318 m/s' ,{'v': 0.318} 
'0.242 m/s' ,{'v': 0.242} 
'0.242 m/s' ,{'v': 0.242} 
'0.318 m/s' ,{'v': 0.318} 
'0.344 m/s' ,{'v': 0.344} 
'0.318 m/s' ,{'v': 0.318} 
'0.531 m/s' ,{'v': 0.531} 
"['0.344 m/s', '0.242 m/s', '0.068 m/s'] ","[{'v': 0.344}, {'v': 0.242}, {'v': 0.068}] "
"['0.242', '0.344', '0.081', '0.337', '0.068', '0.236'] ","[{'v': 0.242}, {'v': 0.344}, {'v': 0.081}, {'v': 0.337}, {'v': 0.068}, {'v': 0.236}] "
"['0.242', '0.344', '0.081', '0.337', '0.068', '0.236'] ","[{'v': 0.242}, {'v': 0.344}, {'v': 0.081}, {'v': 0.337}, {'v': 0.068}, {'v': 0.236}] "
0.4×10−6 m3/s       ,{'q': 0.4e-6}    
1.67×10−2 m/s       ,{'v': 0.0167}    
0.2×10−6 m3/s       ,{'q': 2e-07}     
0.83×10−2 m/s       ,{'v': 0.0083}    
smaller             ,'N/A'            
a few μL/s                               ,N/A                 
Qc                                      ,N/A                 
0.028μL/s                               ,{'q': 2.8e-08}      
Qc                                      ,N/A                 
"['0.028μL/s', '0.139μL/s']              ","[{'q': 2.8e-08}, {'q': 1.39e-07}] "
400μL/min                               ,{'q': 6.66667e-06}  
0.028μL/s                               ,{'q': 2.8e-08}      
0.028μL/s                               ,{'q': 2.8e-08}      
0.191μL/s                               ,{'q': 1.91e-07}     
0.191μL/s                               ,{'q': 1.91e-07}     
0.328μL/s                               ,{'q': 3.28e-07}     
0.328µL/s                               ,{'q': 3.28e-07}     
Qc                                      ,N/A                 
constant                                ,N/A                 
Qd ,'N/A' 
"['0.004μL/s', '0.0222μL/s', '0.05μL/s'] ","[{'q': 4e-12}, {'q': 2.22e-11}, {'q': 5e-11}] "
"['0.004', '0.0222', '0.05'] ","[{'v': 0.004}, {'v': 0.0222}, {'v': 0.05}] "
Qd ,'N/A' 
"['0.14μL/s', '0.004μL/s', '0.05μL/s'] ","[{'q': 1.4e-10}, {'q': 4e-12}, {'q': 5e-11}] "
'0.05μL/s' ,{'q': 5e-11} 
'600μL/min' ,{'q': 1e-8} 
'0.0222μL/s' ,{'q': 2.22e-11} 
"['0.01μL/s', '0.0222μL/s'] ","[{'q': 1e-11}, {'q': 2.22e-11}] "
"['0.01μL/s', '0.0222μL/s'] ","[{'q': 1e-11}, {'q': 2.22e-11}] "
'0.14μL/s' ,{'q': 1.4e-10} 
"['0.07μL/s', '0.14μL/s'] ","[{'q': 7e-11}, {'q': 1.4e-10}] "
"['0.07μL/s', '0.14μL/s'] ","[{'q': 7e-11}, {'q': 1.4e-10}] "
"['0.07 μL/s', '0.14 μL/s'] ","[{'q': 7e-11}, {'q': 1.4e-10}] "
'0.14μL/s' ,{'q': 1.4e-10} 
"['0.07µL/s', '0.14µL/s'] ","[{'q': 7e-11}, {'q': 1.4e-10}] "
Qd ,'N/A' 
'increased' ,'N/A' 
Q_out ,'N/A' 
very low to increasing ,'N/A' 
constant _U_ _S_ _L_ ,'N/A' 
"['0.106 m/s', '0.470 m/s'] ","[{'v': 0.106}, {'v': 0.470}] "
larger values of gas flow rate ,'N/A' 
very low ,'N/A' 
"['0.100 m/s', '0.081 m/s'] ","[{'v': 0.100}, {'v': 0.081}] "
0.100 m/s ,{'v': 0.100} 
"['0.100 m/s', '0.081 m/s'] ","[{'v': 0.100}, {'v': 0.081}] "
Q_in ,'N/A' 
superficial velocity ,'N/A' 
two gas superficial velocities ,'N/A' 
U_S_G / U_S_L ,'N/A' 
0.47m/s ,{'v': 0.47} 
0.081 m/s ,{'v': 0.081} 
very low values of _U_S_G_/_U_S_L_ ,'N/A' 
m3/s ,'N/A' 
fixed ,'N/A' 
ucp ,'N/A' 
higher velocity ,'N/A' 
0.12 m/s ,{'v': 0.12} 
"['higher continuous phase velocity', 'lower continuous phase velocity'] ",'N/A' 
0.12 m/s ,{'v': 0.12} 
"['0.12 m/s', '0.24 m/s'] ","[{'v': 0.12}, {'v': 0.24}] "
m3/s ,'N/A' 
increased ,'N/A' 
Qdp ,'N/A' 
average velocity (v0) ,'N/A' 
varied ,'N/A' 
"['0.148', '0.33', '0.59', '0.93'] ","[{'q': 0.148}, {'q': 0.33}, {'q': 0.59}, {'q': 0.93}] "
vdp ,'N/A' 
vdp=vo ,'N/A' 
vdp ,'N/A' 
"['0.06 m/s', '0.12 m/s', '0.24 m/s', '0.36 m/s', '0.48 m/s', '0.60 m/s', '0.84 m/s'] ","[{'v': 0.06}, {'v': 0.12}, {'v': 0.24}, {'v': 0.36}, {'v': 0.48}, {'v': 0.60}, {'v': 0.84}] "
determined by the number of pump strokes     ,'N/A'            
determined by the number of pump strokes     ,'N/A'            
0.01 to 0.2 m/s     ,{'v': 0.105}     
\({Q_{\text{d}}}\)  ,'N/A'            
varied by pressure-driven pump system ,'N/A' 
Qc                  ,'N/A'            
Qc                  ,'N/A'            
Qd                  ,'N/A'            
Qd                  ,'N/A'            
"['0.2 m/s', '0.7 m/s'] ","[{'v': 0.2}, {'v': 0.7}] "
"['0.1 ml/min', '0.2 ml/min', '0.3 ml/min'] ","[{'q': 1.6666666666666667e-09}, {'q': 3.3333333333333333e-09}, {'q': 5e-09}] "
"['0.1 ml/min', '0.2 ml/min', '0.3 ml/min'] ","[{'q': 1.6666666666666667e-09}, {'q': 3.3333333333333333e-09}, {'q': 5e-09}] "
0.3 ml/min ,{'q': 5e-09} 
0.3 ml/min ,{'q': 5e-09} 
0.3 ml/min ,{'q': 5e-09} 
0.3 ml/min ,{'q': 5e-09} 
0.3 ml/min ,{'q': 5e-09} 
"['0.1 ml/min', '0.2 ml/min', '0.3 ml/min'] ","[{'q': 1.6666666666666667e-09}, {'q': 3.3333333333333333e-09}, {'q': 5e-09}] "
"['0.1 ml/min', '0.2 ml/min', '0.3 ml/min']           ","[{'q': 1.6667e-6}, {'q': 3.3333e-6}, {'q': 5e-6}] "
"50–1,400 μL/min ",{'q': 0.00001225} 
"500 to 1,000 μL/min ",{'q': 0.0000125} 
500 μL/min ,{'q': 0.00000833} 
high flow rate ,'N/A' 
12.5–350 μL/min     ,{'q': 0.003025}  
"500 to 1,000 μL/min ",{'q': 0.0125}    
0.11 ,{'v': 0.11} 
"['Qbd¯', 'Qfd¯', 'Qfe¯'] ",'N/A' 
_Q_                 ,'N/A'            
"Qbd¯, Qfe¯, Qfg¯    ",'N/A'            
0.07                ,{'q':0.07}       
['Qfg¯<Qfh¯']       ,['N/A']          
"Qbd¯, Qfe¯, Qfd¯    ",'N/A'            
'100 μL·min–1' ,{'q': 0.0000016666666666666668} 
'100 μL·min–1' ,{'q': 0.0000016666666666666668} 
'uc' ,'N/A' 
"['5 μL·min–1', '100 μL·min–1'] ","[{'q': 0.00000008333333333333333}, {'q': 0.0000016666666666666668}] "
['50 μL·min–1'] ,[{'q': 0.0000008333333333333334}] 
'50 μL·min–1' ,{'q': 0.0000008333333333333334} 
"['10–20 μL·min–1', '60–80 μL·min–1'] ","[{'q': 0.00000025}, {'q': 0.0000011666666666666666}] "
'5 μL·min–1' ,{'q': 8.333333333333333e-11} 
'5 μL·min–1' ,{'q': 8.333333333333333e-11} 
'ud' ,'N/A' 
'2 μL·min–1' ,{'q': 3.3333333333333333e-11} 
"['5 μL·min–1', '10 μL·min–1'] ","[{'q': 8.333333333333333e-11}, {'q': 1.6666666666666667e-10}] "
'5 μL·min–1' ,{'q': 8.333333333333333e-11} 
1 mL/h              ,{'q': 2.78e-10}  
qc                  ,'N/A'            
1–32 µL min−1       ,{'q': 2.75e-10}  
qc                  ,'N/A'            
'0.2 mL/h' ,{'q': 5.56e-11} 
"['9–40 µL min−1', '1–32 µL min−1'] ","[{'q': 4.17e-10}, {'q': 2.78e-10}] "
"['5 µL min−1', '10 µL min−1'] ","[{'q': 8.33e-11}, {'q': 1.67e-10}] "
'qd' ,'N/A' 
Qc/2 ,'N/A' 
0.5Qd ≤ Qc ≤ 20 mL/h ,{'q': 0.00000575} 
uor(c) = Q/(wcwor) ,'N/A' 
increasing ,'N/A' 
Qc/B ,'N/A' 
Qc ,'N/A' 
Qc ,'N/A' 
Qd ,'N/A' 
"['0.1 mL/h ≤ Qd ≤ 1.6 mL/h', '0.1 mL/h ≤ Qd ≤ 1.2 mL/h', '0.1 mL/h ≤ Qd ≤ 1.0 mL/h'] ","[{'q': 0.000000028}, {'q': 0.000000028}, {'q': 0.000000028}] "
small range ,'N/A' 
wcud ,'N/A' 
uor(d) = Q/(wcwor) ,'N/A' 
decreasing ,'N/A' 
Qd ,'N/A' 
Qd ,'N/A' 
"['100 µL/min', '200 µL/min', '300 µL/min'] ","[{'q': 1.6666666666666667e-09}, {'q': 3.333333333333333e-09}, {'q': 5e-09}] "
2-μL                ,{'q': 0.000001}  
"['10 µL/min', '20 µL/min', '30 µL/min'] ","[{'q': 0.00000016666666666666666}, {'q': 0.00000033333333333333333}, {'q': 0.0000005}] "
'20 ml/h' ,{'q': 5.56e-9} 
'constant' ,'N/A' 
'0.01 ml min−1' ,{'q': 1.67e-10} 
'0.01 ml min−1' ,{'q': 1.67e-10} 
"['2.0 mL/h', '1.0 mL/h'] ","[{'q': 5.56e-10}, {'q': 2.78e-10}] "
"['100 μL/min', '200 μL/min', '300 μL/min'] ","[{'q': 1.67e-9}, {'q': 3.33e-9}, {'q': 5e-9}] "
Ul                  ,'N/A'            
"['10 ml/h', '20 ml/h'] ","[{'q': 2.777777777777778e-09}, {'q': 5.555555555555556e-09}] "
1 μl s−1            ,{'q': 1e-9}      
1.0 mL/h            ,{'q': 2.777777777777778e-09} 
150 μL/min          ,{'q': 2.5e-9}    
kept constant ,'N/A' 
100 μL.min−1 ,{'q': 0.0000001} 
100 μL min-1 ,{'q': 0.0000001} 
Qc ,'N/A' 
highest at lowest molar ratio ,'N/A' 
low ,'N/A' 
100 μL min−1 ,{'q': 0.0000001} 
100 μL/min ,{'q': 0.0000001} 
"['12.50 μL min−1', '16.67 μL min−1', '25.00 μL min−1', '30.87 μL min−1', '40.11 μL min−1', '47.17 μL min−1', '50.56 μL min−1'] ","[{'q': 0.000000208}, {'q': 0.000000278}, {'q': 0.000000417}, {'q': 0.000000514}, {'q': 0.000000669}, {'q': 0.000000786}, {'q': 0.000000843}] "
'0.223 cm s-1' ,{'v': 0.00223} 
'0.0045 m.s−1' ,{'v': 0.0045} 
'Qd' ,'N/A' 
'10 μL min−1' ,{'q': 1.6666666666666667e-10} 
"['low', 'high'] ",'N/A' 
'high velocity' ,'N/A' 
"['87.50 μL min−1', '83.33 μL min−1', '75.00 μL min−1', '69.13 μL min−1', '59.89 μL min−1', '52.83 μL min−1', '49.44 μL min−1'] ","[{'q': 1.4583333333333333e-9}, {'q': 1.3888888888888888e-9}, {'q': 1.25e-9}, {'q': 1.1521666666666666e-9}, {'q': 9.981666666666667e-10}, {'q': 8.805e-10}, {'q': 8.24e-10}] "
'constant' ,'N/A' 
"['φ = 0.2', 'φ = 0.33'] ",'N/A' 
'v0' ,'N/A' 
'feed velocity' ,'N/A' 
'0 to 200 mL/min' ,{'q': 0.0016666666666666668} 
'0.1m/s' ,{'v': 0.1} 
'0.1m/s' ,{'v': 0.1} 
'0.1 m/s' ,{'v': 0.1} 
'0.1 m/s' ,{'v': 0.1} 
'mass flow rate of liquid phase' ,'N/A' 
'0.1m/s' ,{'v': 0.1} 
'0.1 m/s' ,{'v': 0.1} 
"['0.1 m/s', '0.05 m/s', '0.1 m/s', '0.1 m/s', '0.2 m/s'] ","[{'v': 0.1}, {'v': 0.05}, {'v': 0.1}, {'v': 0.1}, {'v': 0.2}] "
'0.1m/s' ,{'v': 0.1} 
'vl' ,'N/A' 
'0.1 m/s' ,{'v': 0.1} 
"['0.1 m/s', '0.1 m/s', '0.1 m/s', '0.05 m/s', '0.2 m/s'] ","[{'v': 0.1}, {'v': 0.1}, {'v': 0.1}, {'v': 0.05}, {'v': 0.2}] "
'0.1 m/s' ,{'v': 0.1} 
'0.1m/s' ,{'v': 0.1} 
'0.1m/s' ,{'v': 0.1} 
'gas velocity v0 = 0.1 m/s' ,{'v': 0.1} 
'vG/vL' ,'N/A' 
20-30 times per second ,'N/A' 
'high' ,'N/A' 
'Qgas' ,'N/A' 
'𝑄¯G' ,'N/A' 
'400 μL/min' ,{'q': 0.000006666666666666667} 
'400 μL/min' ,{'q': 0.000006666666666666667} 
'400 μL/min' ,{'q': 0.000006666666666666667} 
'425–800 μL/min' ,{'q': 0.000010208333333333333} 
"['900 μL/min', '1000 μL/min'] ","[{'q': 0.000015}, {'q': 0.000016666666666666666}] "
"['400 μL/min', '500 μL/min', '600 μL/min', '700 μL/min', '800 μL/min'] ","[{'q': 0.000006666666666666667}, {'q': 0.000008333333333333333}, {'q': 0.00001}, {'q': 0.000011666666666666667}, {'q': 0.000013333333333333334}] "
'600 μL/min' ,{'q': 0.00001} 
'1000 μL/min' ,{'q': 0.000016666666666666666} 
"['500 μL/min', '760–880 μL/min', '900 μL/min'] ","[{'q': 0.000008333333333333333}, {'q': 0.0000145}, {'q': 0.000015}] "
'760 μL/min' ,{'q': 0.000012666666666666666} 
"['450 to 1350 μL/min', '800 μL/min'] ","[{'q': 0.000015}, {'q': 0.000013333333333333334}] "
'high' ,'N/A' 
'400 µL/min' ,{'q': 0.000006666666666666667} 
'1000 μL/min' ,{'q': 0.000016666666666666666} 
'760 μL/min' ,{'q': 0.000012666666666666666} 
controlled by syringe pump ,'N/A' 
600 μL/min ,{'q': 0.00001} 
Qliquid ,'N/A' 
𝑄L ,'N/A' 
425–800 μL/min ,{'q': 0.000010125} 
880 μL/min ,{'q': 0.0000146667} 
Q ,'N/A' 
880 μL/min ,{'q': 0.0000146667} 
Qc ,'N/A' 
varied ,'N/A' 
variable ,'N/A' 
lowest Qc values ,'N/A' 
Qc ,'N/A' 
150 μL min−1 ,{'q': 0.0000025} 
150 µL min−1 ,{'q': 0.0000025} 
150 μL min−1 ,{'q': 0.0000025} 
"['500 rpm', '1000 rpm'] ",'N/A' 
150 μL min−1 ,{'q': 0.0000025} 
150 μL min−1 ,{'q': 0.0000025} 
150 μL min−1 ,{'q': 0.0000025} 
150 μL min−1 ,{'q': 0.0000025} 
650 μL min−1 ,{'q': 0.0000108333} 
increasing ,'N/A' 
Qd                  ,'N/A'            
fixed               ,'N/A'            
fixed               ,'N/A'            
fixed Qd            ,'N/A'            
1 μL min−1          ,{'q': 1.66667e-11} 
1 μL min−1          ,{'q': 1.66667e-11} 
1 μL min−1          ,{'q': 1.66667e-11} 
1 µL min−1          ,{'q': 1.66667e-11} 
1 μL min−1          ,{'q': 1.66667e-11} 
"['500 rpm', '1000 rpm'] ",'N/A' 
1 μL min−1          ,{'q': 1.66667e-11} 
1 μL min−1          ,{'q': 1.66667e-11} 
1 μL min−1          ,{'q': 1.66667e-11} 
1 μL min−1          ,{'q': 1.66667e-11} 
5 μL min−1          ,{'q': 8.33333e-11} 
decreasing          ,'N/A'            
0.15–12.3 µL/s      ,{'q': 0.000006225} 
vC = Qπ(W/2)2       ,'N/A'            
"_v_ C, _Q_ C        ",'N/A'            
high                ,'N/A'            
low                 ,'N/A'            
high                ,'N/A'            
fixed by Ca         ,'N/A'            
0.03–6.2 µL/s       ,{'q': 0.000003115} 
"_v_ D, _Q_ D        ",'N/A'            
high                ,'N/A'            
vD                  ,'N/A'            
low                 ,'N/A'            
high                ,'N/A'            
by v_TOT            ,'N/A'            
'constant' ,'N/A' 
'QC' ,'N/A' 
'QC' ,'N/A' 
'QC' ,'N/A' 
'QC' ,'N/A' 
'QC' ,'N/A' 
'0.01 ml/h - 14 ml/h' ,{'q': 3.888888888888889e-09} 
'q=0.3' ,{'q': 0.3} 
"'QN, QB' ",'N/A' 
"'dΩ/dt, dA/dt' ",'N/A' 
'QN' ,'N/A' 
'QN≈QC' ,'N/A' 
"['3 ml/h', '4 ml/h'] ","[{'q': 8.333333333333333e-10}, {'q': 1.1111111111111112e-09}] "
"['3 ml/h', '4 ml/h'] ","[{'q': 8.333333333333333e-10}, {'q': 1.1111111111111112e-09}] "
'0' ,{'q': 0} 
'QN' ,'N/A' 
'QG (=QB/4)' ,'N/A' 
'QC' ,'N/A' 
'QC' ,'N/A' 
Rate of flow of the DP [m3/s] ,{'q': N/A} 
QD ,{'q': N/A} 
QD ,{'q': N/A} 
QN ,{'q': N/A} 
QN ,{'q': N/A} 
QD ,{'q': N/A} 
QD/WH ,{'q': N/A} 
QN ,{'q': N/A} 
QD ,{'q': N/A} 
Qc                  ,'N/A'            
Qc                  ,'N/A'            
'Qd'           ,'N/A'            
0.0057 ≤ _u_ c ≤0.8587 mm/s          ,{'v': 0.4322}         
from several μL/h up to thousands of μL/h          ,{'q': 0.000000291}  
Qc                  ,'N/A'            
300-400 μL min−1    ,{'q': 0.00000583}
Qd             ,N/A               
"['0.012', '0.4'] ","[{'v': 0.012}, {'v': 0.4}] "
'Qc' ,'N/A' 
'Qc' ,'N/A' 
"['0.001', '0.10'] ","[{'v': 0.0005}, {'v': 0.05}] "
'Qd' ,'N/A' 
"['±5 × 10^−9 mL/min', '±1.7 × 10^−8 mL/min'] ","[{'q': 8.33e-14}, {'q': 2.83e-13}] "
'Qd' ,'N/A' 
'various' ,'N/A' 
'Qc' ,'N/A' 
'0.08 mL/h' ,{'q': 2.222222222222222e-11} 
'0.08 mL/h' ,{'q': 2.222222222222222e-11} 
'uniform' ,'N/A' 
'not changed by the fluctuation' ,'N/A' 
"['Q0', 'Q0.1'] ","['N/A', 'N/A'] "
'uniform' ,'N/A' 
"['0.5 mL/h', '0.7 mL/h', '1.0 mL/h'] ","[{'q': 1.388888888888889e-10}, {'q': 1.9444444444444444e-10}, {'q': 2.777777777777778e-10}] "
Qd                                                          ,N/A                                  
0.04 mL/h                                                   ,{'q': 1.1111111111111111e-08}        
0.04 mL/h                                                   ,{'q': 1.1111111111111111e-08}        
uniform                                                     ,N/A                                  
"['17000–20000 μμm/s', '14000–23000 μμm/s']                  ","[{'v': 0.0185}, {'v': 0.0185}]       "
uniform                                                     ,N/A                                  
"['0.1 mL/h', '0.2 mL/h', '0.5 mL/h']                        ","[{'q': 2.7777777777777776e-08}, {'q': 5.555555555555555e-08}, {'q': 1.3888888888888888e-07}] "
"['20 μL/min', '160 μL/min']  ","[{'q': 3.33e-10}, {'q': 2.67e-9}] "
"['1.7 mm/s', '6.6 mm/s'] ","[{'v': 0.0017}, {'v': 0.0066}] "
80% of the input flow rate ,'N/A' 
"['0.48 m/s', '0.48 m/s', '0.48 m/s', '0.48 m/s'] ","[{'v':0.48}, {'v':0.48}, {'v':0.48}, {'v':0.48}] "
0.19 m/s ,{'v':0.19} 
['0.004 m/s'] ,[{'v':0.004}] 
"['0.004 m/s', '0.004 m/s', '0.004 m/s'] ","[{'v':0.004}, {'v':0.004}, {'v':0.004}] "
0.09 < _j_ G < 0.93 m/s ,{'v':0.51} 
'0-5 mL/min' ,{'q': 0.00004166666666666667} 
'20% leakage flow' ,'N/A' 
"['0.094 m/s', '0.094 m/s', '0.23 m/s', '0.23 m/s'] ","[{'v': 0.094}, {'v': 0.094}, {'v': 0.23}, {'v': 0.23}] "
'increases with an increase in gas superficial velocity' ,'N/A' 
'0.48 m/s' ,{'v': 0.48} 
"['0.0093 m/s', '0.0231 m/s', '0.0463 m/s'] ","[{'v': 0.0093}, {'v': 0.0231}, {'v': 0.0463}] "
"['0.0093 m/s', '0.0231 m/s', '0.0463 m/s'] ","[{'v': 0.0093}, {'v': 0.0231}, {'v': 0.0463}] "
'0.09 < _j_ L < 0.47 m/s' ,{'v': 0.28} 
'10:1:0.5' ,'N/A' 
['0.01 to 5.00 μl min−1'] ,[{'q': 2.777777777777778e-10}] 
"['10 μL/min', '12 μL/min']             ","[{'q': 1.66667e-10}, {'q': 2.0e-10}] "
0.010 μl min−1                         ,{'q': 1.66667e-13}        
"['Q1', 'Q4'] ",'N/A' 
'Qc' ,'N/A' 
'10 μL/min' ,{'q': 1.6666666666666667e-10} 
"['0.20 m/s', '0.13 m/s'] ","[{'v': 0.2}, {'v': 0.13}] "
"['14 μL/min', '12 μL/min'] ","[{'q': 2.3333333333333333e-10}, {'q': 2e-10}] "
"['10 μL/min', '20 μL/min'] ","[{'q': 1.6666666666666667e-10}, {'q': 3.3333333333333333e-10}] "
['20 μL/min'] ,[{'q': 3.3333333333333333e-10}] 
'30 μL/min' ,{'q': 5e-10} 
'14 μL/min' ,{'q': 2.3333333333333333e-10} 
"['Q2', 'Q3'] ",'N/A' 
'Qd' ,'N/A' 
"['0.25 m/s', '0.42 m/s'] ","[{'v': 0.25}, {'v': 0.42}] "
"['0.22 m/s', '0.24 m/s'] ","[{'v': 0.22}, {'v': 0.24}] "
"['0.12 m/s', '0.06 m/s', '0.28 m/s', '0.15 m/s'] ","[{'v': 0.12}, {'v': 0.06}, {'v': 0.28}, {'v': 0.15}] "
"['4 μL/min', '3 μL/min'] ","[{'q': 6.67e-11}, {'q': 5e-11}] "
['6 μL/min'] ,[{'q': 1e-10}] 
'12 μL/min' ,{'q': 2e-10} 
'4 μL/min' ,{'q': 6.67e-11} 
"['50 mm/s', '14 mm/s', '2.3 mm/s']        ","[{'v': 0.05}, {'v': 0.014}, {'v': 0.0023}] "
'0.5 to 500 mm/s'                         ,{'v': 0.25}                   
"['1.2 mm/s', '1 mm/s', '0.85 mm/s', '0.65 mm/s', '0.62 mm/s'] ","[{'v': 0.0012}, {'v': 0.001}, {'v': 0.00085}, {'v': 0.00065}, {'v': 0.00062}] "
'different values'                        ,N/A                           
"['20 mm/s', '12 mm/s', '12 mm/s'] ","[{'v': 0.02}, {'v': 0.012}, {'v': 0.012}] "
"['low', 'higher'] ","['N/A', 'N/A'] "
'0.01 to 30 mm/s' ,{'v': 0.015} 
'2.1 mm/s' ,{'v': 0.0021} 
'Qd' ,'N/A' 
'different values' ,'N/A' 
'lower values' ,'N/A' 
'low velocity' ,'N/A' 
'0.025 to 0.50 m s−1' ,{'v': 0.2625} 
'0.025 to 0.5 m s−1' ,{'v': 0.2625} 
'0.035 m s−1' ,{'v': 0.035} 
'0.035 m s−1' ,{'v': 0.035} 
"['0.025 m s−1', '0.2 m s−1'] ","[{'v': 0.025}, {'v': 0.2}] "
'0.025 m s−1' ,{'v': 0.025} 
'0.05 m s−1' ,{'v': 0.05} 
'0.025 m s−1' ,{'v': 0.025} 
'0.025 m s−1' ,{'v': 0.025} 
'0.025 m s−1' ,{'v': 0.025} 
'0.025 m s−1' ,{'v': 0.025} 
'0.025 m s−1' ,{'v': 0.025} 
'0.09 m s−1' ,{'v': 0.09} 
'0.025 to 0.50 m s−1' ,{'v': 0.2625} 
'0.09 m s−1' ,{'v': 0.09} 
'0.09 m s−1' ,{'v': 0.09} 
"['0.025 m s−1', '0.5 m s−1'] ","[{'v': 0.025}, {'v': 0.5}] "
'0.025 m s−1' ,{'v': 0.025} 
'0.025 m s−1' ,{'v': 0.025} 
'0.025 m s−1' ,{'v': 0.025} 
'0.025 m s−1' ,{'v': 0.025} 
'0.025 m s−1' ,{'v': 0.025} 
'0.035 m s−1' ,{'v': 0.035} 
20 μL/min                               ,{'q': 3.3333333333333333e-10}  
0.01 to 10 mL/min                       ,{'q': 0.00008333333333333333}  
"['0.5 mL/min', '2.5 mL/min']            ","[{'q': 8.333333333333333e-06}, {'q': 4.1666666666666667e-05}] "
Qa                                      ,N/A                            
"['0.033 m/s', '0.167 m/s']              ","[{'v': 0.033}, {'v': 0.167}]   "
Qc                                      ,N/A                            
Constant total volumetric flow rate     ,N/A                            
0.066 m/s                               ,{'v': 0.066}                   
0.066 m/s                               ,{'v': 0.066}                   
0.066 m/s                               ,{'v': 0.066}                   
0.066 m/s                               ,{'v': 0.066}                   
0.066 m/s                               ,{'v': 0.066}                   
increases                               ,N/A                            
0.167 m/s                               ,{'v': 0.167}                   
35 μL/min                                ,{'q': 9.7222e-10} 
Qd                                       ,N/A              
Constant total volumetric flow rate      ,N/A              
0.167 m/s                                ,{'v': 0.167}     
'0.6487'                                                                ,{'v': 0.6487}                                         
"['2.001', '0.6487', '0.1458', '0.3296', '0.2777']                      ","[{'v': 2.001}, {'v': 0.6487}, {'v': 0.1458}, {'v': 0.3296}, {'v': 0.2777}] "
'2.001'                                                                 ,{'v': 2.001}                                          
"['2.001', '0.6487']                                                    ","[{'v': 2.001}, {'v': 0.6487}]                         "
"['2.001', '0.6487']                                                    ","[{'v': 2.001}, {'v': 0.6487}]                         "
'0.1458'                                                                ,{'v': 0.1458}                                         
'0.3296'                                                                ,{'v': 0.3296}                                         
'small'                                                                 ,'N/A'                                                 
'0.6487' ,{'v': 0.6487} 
'2.001' ,{'v': 2.001} 
'2.001' ,{'v': 2.001} 
'0.6487' ,{'v': 0.6487} 
'0.1458' ,{'v': 0.1458} 
'0.1458' ,{'v': 0.1458} 
'0.3296' ,{'v': 0.3296} 
moderate air flow (6 < _Re G_ < 40)         ,N/A                    
5.0–30.0 mL min−1                          ,{'q':1.4583333333333334e-05} 
1.0 mL min−1                               ,{'q':1.6666666666666667e-06} 
10.0 mL min−1                              ,{'q':1.6666666666666667e-06}  
5.0 mL min−1 to 30.0 mL min−1              ,{'q':1.4583333333333334e-05} 
15.0 mL min−1                              ,{'q':2.5e-06}          
5.0 mL min−1 to 30.0 mL min−1              ,{'q':1.4583333333333334e-05}  
5.0 mL min−1                               ,{'q':1.3888888888888888e-06}  
"['5.0 mL min−1', '15.0 mL min−1']          ","[{'q':1.3888888888888888e-06}, {'q':2.5e-06}]  "
qC                                         ,N/A                    
qC (qG)                                    ,N/A                    
15.0 mL min−1                              ,{'q':2.5e-06}          
5.0–30.0 mL min−1                          ,{'q':1.4583333333333334e-05} 
"['0.1 mL min−1', '0.5 mL min−1']           ","[{'q':2.7777777777777776e-08}, {'q':1.3888888888888888e-07}]  "
"['0.1 mL min−1', '0.5 mL min−1']           ","[{'q':2.7777777777777776e-08}, {'q':1.3888888888888888e-07}]  "
higher                                     ,N/A                    
'0.1–2.5 mL min−1' ,{'q': 0.00000125} 
'0.5 mL min−1' ,{'q': 0.0000005} 
'1.0 mL min−1' ,{'q': 0.000001} 
'1.5 mL min−1' ,{'q': 0.0000015} 
'1.5 mL min−1' ,{'q': 0.0000015} 
"['0.1 mL min−1', '0.2 mL min−1'] ","[{'q': 0.0000001}, {'q': 0.0000002}] "
'qD' ,'N/A' 
'qD (qL)' ,'N/A' 
"['1.0 mL min−1', '2.0 mL min−1'] ","[{'q': 0.000001}, {'q': 0.000002}] "
'aq G/ wh' ,'N/A' 
'different _Q_'                ,'N/A'            
'0.125'                        ,{'v': 0.125}     
'0.25'                         ,{'v': 0.25}      
'Qd' ,'N/A' 
['Q'] ,['N/A'] 
'0.5' ,{'q': 0.5} 
'0.5' ,{'q': 0.5} 
higher liquid phase flow rate ,'N/A' 
same liquid phase flow rate ,'N/A' 
"['50 μL/min', '55 μL/min', '60 μL/min'] ","[{'q': 8.33e-10}, {'q': 9.17e-10}, {'q': 1e-9}] "
"['constant flow rate', 'constant pressure', 'constant pressure'] ","['N/A', 'N/A', 'N/A'] "
list of different flow rate ratios for gas-liquid based on the angle and channel dimensions ,N/A             
'1.0–8.0 ml/h'                        ,{'q': 0.00125}        
'8 ml/h'                              ,{'q': 0.00222}        
"['4 ml/h', '8 ml/h', '15 ml/h']       ","[{'q': 0.00111}, {'q': 0.00222}, {'q': 0.00417}] "
"['4 ml/h', '8 ml/h', '12 ml/h', '15 ml/h'] ","[{'q': 0.00111}, {'q': 0.00222}, {'q': 0.00333}, {'q': 0.00417}] "
'8 ml/h'                              ,{'q': 0.00222}        
"['2 ml/h', '16 ml/h']                 ","[{'q': 0.000556}, {'q': 0.00444}]   "
"['2 ml/h', '4 ml/h', '8 ml/h', '16 ml/h']  ","[{'q': 0.000556}, {'q': 0.00111}, {'q': 0.00222}, {'q': 0.00444}] "
'0.5–10 ml/h' ,{'q': 0.0020833333333333333} 
'1.5 ml/h' ,{'q': 0.0004166666666666667} 
'1.5 ml/h' ,{'q': 0.0004166666666666667} 
'1.5 ml/h' ,{'q': 0.0004166666666666667} 
'4 ml/h' ,{'q': 0.0011111111111111111} 
"['1 ml/h', '2 ml/h', '4 ml/h', '8 ml/h'] ","[{'q': 0.0002777777777777778}, {'q': 0.0005555555555555556}, {'q': 0.0011111111111111111}, {'q': 0.0022222222222222222}] "
"['1 ml/h', '2 ml/h', '4 ml/h', '8 ml/h'] ","[{'q': 0.0002777777777777778}, {'q': 0.0005555555555555556}, {'q': 0.0011111111111111111}, {'q': 0.0022222222222222222}] "
'Q_L'                                                           ,'N/A'                                      
'low'                                                           ,'N/A'                                      
'Q_L'                                                           ,'N/A'                                      
"['100 μL/min', '100 μL/min']                                    ","[{'q': 1.66667e-6}, {'q': 1.66667e-6}]     "
'50 μL/min'                                                     ,{'q': 8.33333e-7}                          
'_u_ c'                                                         ,'N/A'                                      
['100 μL/min']                                                  ,[{'q': 1.66667e-6}]                        
'Q_L / 2'                                                       ,'N/A'                                      
"['100 μL/min', '100 μL/min', '100 μL/min', '150 μL/min']        ","[{'q': 1.66667e-6}, {'q': 1.66667e-6}, {'q': 1.66667e-6}, {'q': 2.5e-6}] "
Q_G                                                         ,N/A                          
proper gas flow rate                                       ,N/A                          
increases                                                  ,N/A                          
Q_G                                                         ,N/A                          
50 μL/min                                                  ,{'q': 1.388888888888889e-08} 
[100 μL/min]                                               ,[{'q': 2.777777777777778e-08}]
"[100 μL/min, 100 μL/min, 300 μL/min, 150 μL/min]           ","[{'q': 2.777777777777778e-08}, {'q': 2.777777777777778e-08}, {'q': 8.333333333333334e-08}, {'q': 4.166666666666667e-08}] "
high ,'N/A' 
0.02–0.17 m/s ,{'v': 0.095} 
0.103 m/s ,{'v': 0.103} 
jc ,'N/A' 
"['0.025–0.22', '0.006–0.12', '0–0.2', '0.0001–0.07'] ","[{'v': 0.1225}, {'v': 0.063}, {'v': 0.1}, {'v': 0.03505}] "
low ,'N/A' 
0.002–0.052 m/s ,{'v': 0.027} 
0.021 m/s ,{'v': 0.021} 
w2jd ,'N/A' 
jd ,'N/A' 
"['0.003–0.21', '0.006', '0.02', '0.001–0.1', '0–0.018'] ","[{'v': 0.1065}, {'v': 0.006}, {'v': 0.02}, {'v': 0.0505}, {'v': 0.009}] "
0.1–10 μL/min ,{'q': 0.000000083333333} 
1 μL/min ,{'q': 0.000000016666667} 
"['10 μL/min', '10 μL/min', '10 μL/min'] ","[{'q': 0.000000166666667}, {'q': 0.000000166666667}, {'q': 0.000000166666667}] "
"low in T-junction device, high in cross-junction device, similar to cross-junction device in 3D device ",'N/A' 
10 μL/min ,{'q': 0.000000166666667} 
"['0.1–30 μL/min', '0.1–5 μL/min', '0.1–1 μL/min'] ","[{'q': 1.0833333333333333e-09}, {'q': 1.0416666666666667e-09}, {'q': 9.166666666666667e-10}] "
'0.1 μL/min' ,{'q': 1.6666666666666667e-09} 
'Qd/Qc' ,'N/A' 
'Qd/Qc = 0.01–0.02' ,'N/A' 
"['0.1 μL/min', '0.2 μL/min', '0.1 μL/min'] ","[{'q': 1.6666666666666667e-09}, {'q': 3.3333333333333335e-09}, {'q': 1.6666666666666667e-09}] "
'<0.1 μL/min' ,{'q': 8.333333333333333e-10} 
'Ud' ,'N/A' 
'0.01-0.02' ,'N/A' 
'0.01–0.02' ,'N/A' 
Q_c/2               ,'N/A'            
increases           ,'N/A'            
Q_d                                    ,'N/A'            
critical flow rates                    ,'N/A'            
increases with flow rate ratio         ,'N/A'            
fixed                                  ,'N/A'            
['different flow rates']               ,['N/A']          
L3T−1                                  ,N/A              
increased (specific values not provided),N/A              
Qc                                     ,N/A              
0.1 mL/min                             ,{'q': 1.66667e-7}
L3T−1 ,'N/A' 
0.1 mL/min ,{'q': 1.6666666666666667e-09} 
varied to attain O/A variation from 40 to 80 ,'N/A' 
higher O/A ratio ,'N/A' 
'various' ,'N/A' 
'0.4 to 2.77 mL h–1' ,{'q': 1.388888888888889e-09} 
'0.50 mL h–1' ,{'q': 1.388888888888889e-10} 
'>8 cm/s' ,{'v': 0.08} 
"['2.77 mL h–1', '2.03 mL h–1', '0.47 mL h–1'] ","[{'q': 7.694444444444444e-10}, {'q': 5.638888888888889e-10}, {'q': 1.3055555555555556e-10}] "
'0.50 mL h–1' ,{'q': 1.388888888888889e-10} 
0.16 to 1.48 mL h–1 ,{'q': 4.44e-10} 
0.03 mL h–1 ,{'q': 8.33e-12} 
increases with droplet speed ,'N/A' 
"['0.55 to 1.37 s', '4.25 to 16.73 s'] ","['N/A', 'N/A'] "
velocity less than 8 cm/s ,{'v': 0.004} 
>8 cm/s ,{'v': 0.08} 
"['2.3 cm s–1', '20.2 cm s–1'] ","[{'v': 0.023}, {'v': 0.202}] "
0.03 mL h–1 ,{'q': 8.33e-12} 
'1.0 m·s−1' ,{'v': 1.0} 
'constant flow rate' ,'N/A' 
'0.088 < j_G < 0.378 m·s−1' ,{'v': 0.233} 
"['0.088-0.186 m/s', '0.283-0.378 m/s'] ","[{'v': 0.137}, {'v': 0.3305}] "
"['4208.47', '2848.45', '3061.79', '2730.50', '3021.06', '2551.80'] ","[{'q': 0.00420847}, {'q': 0.00284845}, {'q': 0.00306179}, {'q': 0.0027305}, {'q': 0.00302106}, {'q': 0.0025518}] "
0.023 < j_L < 0.417 m·s−1 ,{'v': 0.22} 
0.233 m/s ,{'v': 0.233} 
"['0.186 m·s−1', '0.378 m·s−1', '0.155 m·s−1', '0.480 m·s−1', '< 0.283 m·s−1', '> 0.283 m·s−1'] ","[{'v': 0.186}, {'v': 0.378}, {'v': 0.155}, {'v': 0.48}, {'v': 0.1415}, {'v': 0.283}] "
"['-4222.14', '-2860.12', '-3074.16', '-2743.90', '-3033.88', '-2562.72'] ","[{'v': -4222.14}, {'v': -2860.12}, {'v': -3074.16}, {'v': -2743.90}, {'v': -3033.88}, {'v': -2562.72}] "
"low, intermediate, high flow ratios ",'N/A' 
Q_o ,'N/A' 
critical velocity ,'N/A' 
increasing ,'N/A' 
increased ,'N/A' 
low water-to-oil flow ratios ,'N/A' 
'Q_w' ,'N/A' 
'increased' ,'N/A' 
'increased' ,'N/A' 
"['10', '63'] ","[{'q': 0.00001}, {'q': 0.000063}] "
'lower' ,'N/A' 
'increases' ,'N/A' 
'u_c' ,'N/A' 
'zero velocities' ,{'v': 0} 
"['3.46 x 10^-3 m/s', '0.73 x 10^-3 m/s'] ","[{'v': 0.00346}, {'v': 0.00073}] "
'0.7' ,{'v': 0.7} 
"['33.93 x 10^-3 m/s', '5.36 x 10^-3 m/s'] ","[{'v': 0.03393}, {'v': 0.00536}] "
'decreases' ,'N/A' 
'0.5' ,{'v': 0.5} 
'0.5' ,{'v': 0.5} 
'Q' ,'N/A' 
'u_d' ,'N/A' 
'zero velocities' ,{'v': 0} 
'0.28 x 10^-3 m/s' ,{'v': 0.00028} 
'0.7' ,'N/A' 
'0.04' ,'N/A' 
'2.72 x 10^-3 m/s' ,{'v': 0.00272} 
'constant' ,'N/A' 
'0.5' ,'N/A' 
'0.09' ,'N/A' 
'0.5' ,'N/A' 
Uc                            ,N/A                             
Uc                            ,N/A                             
Qc                            ,N/A                             
"['0.2', '0.1', '0.05']        ","[{'v': 0.2}, {'v': 0.1}, {'v': 0.05}] "
"['0.05', '0.1', '0.2']        ","[{'v': 0.05}, {'v': 0.1}, {'v': 0.2}] "
0.2                           ,{'v': 0.2}                      
Qd ,'N/A' 
0.012 m/s ,{'v': 0.012} 
Ud ,'N/A' 
"['0.009 m/s', '0.012 m/s', '0.015 m/s'] ","[{'v': 0.009}, {'v': 0.012}, {'v': 0.015}] "
Qd ,'N/A' 
0.012ms−1 ,{'v': 0.012} 
0.012ms−1 ,{'v': 0.012} 
0.012 ms-1 ,{'v': 0.012} 
0.012 ms-1 ,{'v': 0.012} 
0.2 ,'N/A' 
0.012 ,'N/A' 
'variable' ,'N/A' 
"['1 mm/s', 'increasing values'] ","[{'v': 0.001}, 'N/A'] "
"['0.25µL/min', '0.5µL/min', '1µL/min'] ","[{'q': 4.166666666666667e-09}, {'q': 8.333333333333333e-09}, {'q': 1.6666666666666667e-08}] "
"['0.25 µl/min', '0.5 µl/min', '1 µL/min'] ","[{'q': 4.166666666666667e-09}, {'q': 8.333333333333333e-09}, {'q': 1.6666666666666667e-08}] "
"['1 µl/min', 'varied'] ","[{'q': 1.6666666666666667e-08}, 'N/A'] "
"['1 µL/min', '0.5 µL/min', '0.25 µL/min'] ","[{'q': 1.6666666666666667e-08}, {'q': 8.333333333333333e-09}, {'q': 4.166666666666667e-09}] "
"['0.5 μl/min', '0.25 μl/min'] ","[{'q': 8.333333333333333e-09}, {'q': 4.166666666666667e-09}] "
"['0.2 μL/min', '2 μL/min'] ","[{'q': 3.3333333333333333e-09}, {'q': 3.3333333333333333e-08}] "
"['3 mm/s', '10 mm/s'] ","[{'v': 0.003}, {'v': 0.01}] "
"'4 mm/s, 7 mm/s' ","[{'v': 0.004}, {'v': 0.007}] "
"['1 mm/sec', '12 mm/s'] ","[{'v': 0.001}, {'v': 0.012}] "
'increased' ,'N/A' 
'Flow rate of the continuous phase liquid (Qc)' ,'N/A' 
same as continuous phase ,'N/A' 
0.2 µl/min ,{'q': 3.33e-12} 
0.2 μL/min ,{'q': 3.33e-12} 
0.2 µl/min ,{'q': 3.33e-12} 
0.2 µL/min ,{'q': 3.33e-12} 
0.2 μL/min ,{'q': 3.33e-12} 
0.2 μl/min ,{'q': 3.33e-12} 
fixed ,'N/A' 
"['Qd/Qc = 0.2', 'Qd/Qc = 0.4', 'Qd/Qc = 0.8'] ",'N/A' 
"['4.5 mm/s', '7.3 mm/s', '18 mm/s'] ","[{'v': 0.0045}, {'v': 0.0073}, {'v': 0.018}] "
0.2μL/min ,{'q': 3.33e-12} 
50 ml/hr ,{'q': 1.388888888888889e-08} 
0 ,{'q': 0} 
28 ml/hr ,{'q': 7.777777777777778e-09} 
25 ml/hr ,{'q': 6.944444444444444e-09} 
constant airflow rate ,'N/A' 
fixed volumetric flow rate      ,N/A                  
28 ml/hr                        ,{'q': 7.77778e-9}    
"['50 ml/hr', '28 ml/hr']        ","[{'q': 1.38889e-8}, {'q': 7.77778e-9}] "
varying                         ,N/A                  
'v_c'                                       ,'N/A'                                    
'high flow rate'                            ,'N/A'                                    
'3.47 mm/s'                                 ,{'v': 0.00347}                           
"['0.83–3.47 mm/s', '3.47–30.0 mm/s']       ","[{'v': 0.00215}, {'v': 0.017235}]        "
"['0.83 mm/s', '3.47 mm/s', '10.0 mm/s', '20.0 mm/s'] ","[{'v': 0.00083}, {'v': 0.00347}, {'v': 0.01}, {'v': 0.02}] "
'0.5'                                       ,'N/A'                                    
"['0.83–3.47 mm/s', '0.83–3.47 mm/s', '3.47–30.0 mm/s', '0.83 mm/s'] ","[{'v': 0.00215}, {'v': 0.00215}, {'v': 0.017235}, {'v': 0.00083}]  "
'0.83 mm/s'                                 ,{'v': 0.00083}                           
'0.5'                                       ,'N/A'                                    
'3.47 mm/s'                                 ,{'v': 0.00347}                           
'0.25Qc'                                    ,'N/A'                                    
"'3.47 mm/s, 10 mm/s, 20 mm/s'               ","[{'v': 0.00347}, {'v': 0.01}, {'v': 0.02}] "
"'3.47 mm/s, 20 mm/s, 10 mm/s'               ","[{'v': 0.00347}, {'v': 0.02}, {'v': 0.01}] "
'increases'                                 ,'N/A'                                    
'v_d' ,'N/A' 
'0.28 mm/s' ,{'v': 0.00028} 
"['0.28 mm/s', '0.69 mm/s'] ","[{'v': 0.00028}, {'v': 0.00069}] "
"['0.69 mm/s', '0.28 mm/s', '5.0 mm/s', '10.0 mm/s'] ","[{'v': 0.00069}, {'v': 0.00028}, {'v': 0.005}, {'v': 0.01}] "
"['8.06 μL/h', '2.0 μL/h'] ","[{'q': 2.238888888888889e-09}, {'q': 5.555555555555556e-10}] "
'fixed' ,'N/A' 
'0.28 mm/s' ,{'v': 0.00028} 
'1.735 mm/s' ,{'v': 0.001735} 
'Ql' ,'N/A' 
'μQl' ,'N/A' 
"'1.735 mm/s, 5 mm/s, 10 mm/s' ","[{'v': 0.001735}, {'v': 0.005}, {'v': 0.01}] "
"'1.735 mm/s, 10 mm/s, 5 mm/s' ","[{'v': 0.001735}, {'v': 0.01}, {'v': 0.005}] "
"['0.2 ml h−1', '4 ml h−1'] ","[{'q': 5.555555555555556e-11}, {'q': 1.1111111111111112e-09}] "
'2 ml h−1' ,{'q': 5.555555555555556e-10} 
'0.05 m s−1' ,{'v': 0.05} 
"['0.01 m s−1', '0.05 m s−1'] ","[{'v': 0.01}, {'v': 0.05}] "
'0.05 m s−1' ,{'v': 0.05} 
'0.05 m s−1' ,{'v': 0.05} 
"['0.01 m s−1', '0.02 m s−1', '0.05 m s−1'] ","[{'v': 0.01}, {'v': 0.02}, {'v': 0.05}] "
'0.01 m s−1' ,{'v': 0.01} 
"['0.01 m s−1', '0.02 m s−1', '0.05 m s−1'] ","[{'v': 0.01}, {'v': 0.02}, {'v': 0.05}] "
"['0.01 m/s', '0.02 m/s', '0.05 m/s'] ","[{'v': 0.01}, {'v': 0.02}, {'v': 0.05}] "
'0.2 ml h−1' ,{'q': 5.56e-11} 
'0.04 ml h−1' ,{'q': 1.11e-11} 
'0.0005 m s−1' ,{'v': 0.0005} 
'0.0005 m s−1' ,{'v': 0.0005} 
"['0.00050 m s−1', '0.004 m s−1'] ","[{'v': 0.0005}, {'v': 0.004}] "
'droplet phase velocity' ,'N/A' 
"['a 0.04', 'b 0.08'] ",'N/A' 
"['0.0005 m s−1', '0.004 m s−1'] ","[{'v': 0.0005}, {'v': 0.004}] "
'0.0005 m s−1' ,{'v': 0.0005} 
'0.0005 m s−1' ,{'v': 0.0005} 
kg⋅s−1                                                   ,N/A                         
m3⋅s−1                                                   ,N/A                         
Qc                                                       ,N/A                         
2.78⋅10−11–2.78⋅10−8 m3/s                               ,{'q': 1.390001e-08}         
"['2.8⋅10−10 m3/s', '1.1⋅10−7 m3/s']                      ","[{'q': 2.8e-10}, {'q': 1.1e-07}] "
"['5.6⋅10−3 m/s', '4⋅10−2 m/s']                          ","[{'v': 0.0056}, {'v': 0.04}]"
2.8 ⋅ 10−4 m/s                                           ,{'v': 0.00028}              
2.3 ⋅ 10−2 m/s                                           ,{'v': 0.023}                
"['5.6⋅10−3 m/s', '4⋅10−2 m/s']                          ","[{'v': 0.0056}, {'v': 0.04}]"
4 ⋅ 10−2 m/s                                             ,{'v': 0.04}                 
Qc                                                       ,N/A                         
"['1.7 ⋅ 10−2 m/s', '2.8 ⋅ 10−2 m/s', '3.4 ⋅ 10−2 m/s', '3.4 ⋅ 10−2 m/s'] ","[{'v': 0.017}, {'v': 0.028}, {'v': 0.034}, {'v': 0.034}] "
'kg⋅s−1' ,'N/A' 
'm3⋅s−1' ,'N/A' 
'Superficial velocity of the dispersed phase m⋅s−1' ,'N/A' 
'Qd' ,'N/A' 
'2.78⋅10−11–2.78⋅10−8 m3/s' ,{'q': 1.39e-09} 
"['5.5⋅10−7 m3/s', '4.2⋅10−7 m3/s'] ","[{'q': 5.5e-07}, {'q': 4.2e-07}] "
"['5.65⋅10−3 m/s', '0.11 m/s'] ","[{'v': 0.00565}, {'v': 0.11}] "
'5.5 ⋅ 10−3 m/s' ,{'v': 0.0055} 
'0.11 m/s' ,{'v': 0.11} 
"['6⋅10−4 m/s', '3.4⋅10−2 m/s'] ","[{'v': 0.0006}, {'v': 0.034}] "
'5.6 ⋅ 10−3 m/s' ,{'v': 0.0056} 
'Qd' ,'N/A' 
'Qd' ,'N/A' 
"['1.7 ⋅ 10−3 m/s', '5.6 ⋅ 10−3 m/s', '8.5 ⋅ 10−3 m/s', '2.2 ⋅ 10−2 m/s'] ","[{'v': 0.0017}, {'v': 0.0056}, {'v': 0.0085}, {'v': 0.022}] "
'increased' ,'N/A' 
'0.1 ml/min'                                           ,{'q': 1.6666666666666667e-08}
'0.5 mL/min'                                           ,{'q': 8.333333333333333e-08}
'2 ml/min'                                             ,{'q': 3.333333333333333e-07}
'1 mL/h'                                               ,{'q': 2.7777777777777776e-10}
"['100 microliters per hour', '200 microliters per hour']","[{'q': 2.777777777777778e-11}, {'q': 5.555555555555556e-11}]"
'10 ml/h'                                              ,{'q': 2.7777777777777776e-09}
"['5 μl/min', '10 μl/min', '20 μl/min']                 ","[{'q': 8.333333333333333e-11}, {'q': 1.6666666666666667e-10}, {'q': 3.333333333333333e-10}]"
"['1 mL/h', '2 mL/h', '4 mL/h']                         ","[{'q': 2.7777777777777776e-10}, {'q': 5.555555555555556e-10}, {'q': 1.1111111111111111e-09}]"
"'0.5 mL/hr, 1.0 mL/hr, 2.0 mL/hr'                      ","[{'q': 1.3888888888888888e-10}, {'q': 2.7777777777777776e-10}, {'q': 5.555555555555556e-10}]"
'10 mL/h'                                              ,{'q': 2.7777777777777776e-09}
"['100 μL/min', '200 μL/min', '300 μL/min']             ","[{'q': 1.6666666666666667e-09}, {'q': 3.333333333333333e-09}, {'q': 5e-09}]"
"['1 ml/min', '2 ml/min']                               ","[{'q': 1.6666666666666667e-08}, {'q': 3.333333333333333e-08}]"
'150 µL/min'                                           ,{'q': 2.5e-09}               
'0.2 ml/min'                                           ,{'q': 3.333333333333333e-08} 
'0.01 ml/min' ,{'q': 1.6666666666666667e-10} 
"['1 mL/min', '2 mL/min'] ","[{'q': 1.6666666666666667e-08}, {'q': 3.3333333333333335e-08}] "
'1 ml/min' ,{'q': 1.6666666666666667e-08} 
'0.1 mL/h' ,{'q': 2.777777777777778e-11} 
"['10 microliters per hour', '20 microliters per hour'] ","[{'q': 2.777777777777778e-12}, {'q': 5.555555555555556e-12}] "
'5 ml/h' ,{'q': 1.388888888888889e-09} 
"['1 μl/min', '2 μl/min', '4 μl/min'] ","[{'q': 1.6666666666666667e-11}, {'q': 3.3333333333333335e-11}, {'q': 6.666666666666667e-11}] "
"['0.5 mL/h', '0.25 mL/h'] ","[{'q': 1.388888888888889e-10}, {'q': 6.944444444444445e-11}] "
'1 mL/h' ,{'q': 2.777777777777778e-10} 
'150 μL/min' ,{'q': 2.5e-08} 
"['0.5 ml/min', '1 ml/min'] ","[{'q': 8.333333333333333e-09}, {'q': 1.6666666666666667e-08}] "
'200 µL/min' ,{'q': 3.3333333333333335e-08} 
'0.1 ml/min' ,{'q': 1.6666666666666667e-09} 
'20 mL/h' ,{'q': 5.555555555555556e-09} 
'0.2 mL/h' ,{'q': 5.555555555555556e-10} 
"['0.025', '0.05', '0.1', '0.2'] ","[{'v': 0.025}, {'v': 0.05}, {'v': 0.1}, {'v': 0.2}] "
'increase with Q' ,'N/A' 
'0.002 m s−1' ,{'v': 0.002} 
"['0.018', '0.015'] ","[{'v': 0.018}, {'v': 0.015}] "
'0.002 m s−1' ,{'v': 0.002} 
,N/A                   
267 μL min−1          ,{'q': 4.45e-9}       
Ql/hwc                ,N/A                   
124 μL min−1          ,{'q': 2.067e-9}      
superficial velocity  ,N/A                   
573 μL min−1          ,{'q': 9.55e-9}       
Qc                    ,N/A                   
50 μL min-1           ,{'q': 8.333e-10}     
Q c                   ,N/A                   
_Q c_                 ,N/A                   
'' ,'N/A' 
'15 μL min−1' ,{'q': 2.5e-10} 
['changes flow rate affects formation period and collapse rate of the neck'] ,['N/A'] 
'Qg/hwc' ,'N/A' 
['r3D/h=0.71Ca-0.11'] ,['N/A'] 
'ratio of gas/liquid flow rates' ,'N/A' 
'Qd' ,'N/A' 
'Q d' ,'N/A' 
'_Q d_' ,'N/A' 
"['100 µL·min–1', '180 µL·min–1', '260 µL·min–1'] ","[{'q': 2.78e-8}, {'q': 5.00e-8}, {'q': 7.22e-8}] "
'260 µL·min–1'                            ,{'q': 7.22e-8}                   
various                                   ,'N/A'                             
"['100 µL·min–1', '180 µL·min–1', '260 µL·min–1'] ","[{'q': 2.78e-8}, {'q': 5.00e-8}, {'q': 7.22e-8}] "
'260 µL·min–1'                            ,{'q': 7.22e-8}                   
"['100 µL·min–1', '260 µL·min–1']          ","[{'q': 2.78e-8}, {'q': 7.22e-8}]  "
increased ,'N/A' 
"['100 μL·min–1', '180 μL·min–1', '260 μL·min–1'] ","[{'q': 0.0000015}, {'q': 0.000003}, {'q': 0.000004333333333333333}] "
260 μL·min–1 ,{'q': 0.000004333333333333333} 
Q_L ,'N/A' 
Q G ,'N/A' 
different ,'N/A' 
"['100 μL·min–1', '180 μL·min–1', '260 μL·min–1'] ","[{'q': 0.0000015}, {'q': 0.000003}, {'q': 0.000004333333333333333}] "
260 μL·min–1 ,{'q': 0.000004333333333333333} 
"['180 μL·min–1', '260 μL·min–1', '100 μL·min–1'] ","[{'q': 0.000003}, {'q': 0.000004333333333333333}, {'q': 0.0000016666666666666668}] "
'Q1' ,'N/A' 
'_Q_ 2/ _Q_ 1=0.5' ,'N/A' 
'Q1 (m3 s−1)' ,'N/A' 
'm3 s−1' ,'N/A' 
'Q2' ,'N/A' 
'_Q_ 2/ _Q_ 1=0.5' ,'N/A' 
'Q2 (m3 s−1)' ,'N/A' 
'm3 s−1' ,'N/A' 
"['1.06±0.05', '0.99±0.05', '1.83±0.20', '2.52±0.20', '2.52±0.20', '3.03±0.20', '2.81±0.35', '2.97±0.20'] ","[{'q': 1.06}, {'q': 0.99}, {'q': 1.83}, {'q': 2.52}, {'q': 2.52}, {'q': 3.03}, {'q': 2.81}, {'q': 2.97}] "
"['15 μL/min', '30 μL/min', '9.6 μL/min', '19.2 μL/min'] ","[{'q': 2.5e-10}, {'q': 5e-10}, {'q': 1.6e-10}, {'q': 3.2e-10}] "
"['30 μL/min', '19.2 μL/min'] ","[{'q': 5e-10}, {'q': 3.2e-10}] "
"['30 μL/min', '19.2 μL/min'] ","[{'q': 5e-10}, {'q': 3.2e-10}] "
"['30 μL/min', '15 μL/min'] ","[{'q': 5e-10}, {'q': 2.5e-10}] "
"['0.02–0.06', '0.3-0.9'] ","[{'v': 0.04}, {'v': 0.6}] "
"['30 μL/min', '19.2 μL/min'] ","[{'q': 5e-10}, {'q': 3.2e-10}] "
higher ,'N/A' 
"low relative velocity, high relative velocity ",'N/A' 
"['0.8', '0.5', '0.2', '0.8', '0.5', '0.2'] ","[{'v': 0.8}, {'v': 0.5}, {'v': 0.2}, {'v': 0.8}, {'v': 0.5}, {'v': 0.2}] "
"['0.8', '0.5', '0.2'] ","[{'v': 0.8}, {'v': 0.5}, {'v': 0.2}] "
'high' ,'N/A' 
'0.2' ,{'v': 0.2} 
'relative velocity' ,'N/A' 
'lower relative velocity' ,'N/A' 
'important' ,'N/A' 
large flow rate ratio of continuous and dispersed phase ,N/A 
lower continuous phase rate ,N/A 
"['500 μl/min', '1600 μl/min'] ","[{'q': 8.33e-09}, {'q': 2.67e-08}] "
0.1449 m s^-1 ,{'v': 0.1449} 
lower flow rate ratio compared to dispersed phase ,N/A 
1–2000 ml min−1 ,{'q': 1.67e-03} 
"['100 μl/min', '1000 μl/min'] ","[{'q': 1.67e-09}, {'q': 1.67e-08}] "
"['20 μl/min', '160 μl/min'] ","[{'q': 3.33e-10}, {'q': 2.67e-09}] "
['10–1200 μl min−1'] ,[{'q': 1.00e-08}] 
500–5000 μl min−1 ,{'q': 4.58e-08} 
"['1 μl/min', '50 μl/min'] ","[{'q': 1.67e-11}, {'q': 8.33e-10}] "
"['300 μl/min', '900 μl/min'] ","[{'q': 5.00e-09}, {'q': 1.50e-08}] "
"['500 µl min−¹', '1600 µl min−¹'] ","[{'q': 8.33e-09}, {'q': 2.67e-08}] "
"['2 μl/min', '40 μl/min']                           ","[{'q': 3.333e-11}, {'q': 6.667e-10}] "
0.00866 m s^-1                                      ,{'v': 0.00866}       
higher flow rate range in jetting regime            ,N/A                  
0.0125–10 ml/min                                    ,{'q': 8.375e-8}      
50–80 μl min−1                                      ,{'q': 1.083e-9}      
1–5 μl min−1                                        ,{'q': 1.667e-11}     
2–10 μl min−1                                       ,{'q': 5e-11}         
5 μl/min                                            ,{'q': 8.333e-11}     
1–50 μl min−1                                       ,{'q': 4.167e-10}     
50–200 μl min−1                                     ,{'q': 2.083e-9}      
2–40 μl min−1                                       ,{'q': 3.5e-10}       
Qw             ,N/A              
constant velocity ,N/A           
"['0.14 μL/s', '0.14 μL/s', '0.004 μL/s', '0.006 μL/s', '0.14 μL/s', '0.055 μL/s'] ","[{'q': 1.4e-10}, {'q': 1.4e-10}, {'q': 4e-12}, {'q': 6e-12}, {'q': 1.4e-10}, {'q': 5.5e-11}] "
Qo             ,N/A              
0.14µL/s       ,{'q': 1.4e-10}   
0.14μL/s       ,{'q': 1.4e-10}   
0.14µL/s       ,{'q': 1.4e-10}   
0.408μL/s      ,{'q': 4.08e-10}  
"['0.408 μL/s', '0.14 μL/s'] ","[{'q': 4.08e-10}, {'q': 1.4e-10}] "
0.14μL/s       ,{'q': 1.4e-10}   
0.14 μL/s      ,{'q': 1.4e-10}   
0.14μL/s       ,{'q': 1.4e-10}   
0.14 μL/s      ,{'q': 1.4e-10}   
0.14μL/s       ,{'q': 1.4e-10}   
"['0.297μL/s', '0.693μL/s'] ","[{'q': 2.97e-10}, {'q': 6.93e-10}] "
0.14μL/s       ,{'q': 1.4e-10}   
0.297 ⩽ Qo⩽0.693μL/s ,{'q': 4.95e-10} 
0.14 μ/s       ,{'q': 1.4e-10}   
0.408μL/s      ,{'q': 4.08e-10}  
0.408μL/s      ,{'q': 4.08e-10}  
increasing     ,N/A              
"['0.408μL/s', '0.14μL/s'] ","[{'q': 4.08e-10}, {'q': 1.4e-10}] "
"['0.408μL/s', '0.14μL/s'] ","[{'q': 4.08e-10}, {'q': 1.4e-10}] "
"['Qo=0.297-0.693μL/s', 'Qw=0.14μL/s'] ","[{'q': 4.95e-10}, {'q': 1.4e-10}] "
Qo                                                                                                        ,N/A                                          
Q_d=1 mL/h                                                                                                ,{'q':2.777777777777778e-10}                  
constant velocity                                                                                         ,N/A                                          
"['0.124–0.408μL/s', '0.028μL/s']                                                                          ","[{'q':2.66e-10}, {'q':2.8e-11}]              "
Qw                                                                                                        ,N/A                                          
0.408µL/s                                                                                                 ,{'q':4.08e-10}                               
0.408μL/s                                                                                                 ,{'q':4.08e-10}                               
0.408µL/s                                                                                                 ,{'q':4.08e-10}                               
0.14μL/s                                                                                                  ,{'q':1.4e-10}                                
0.408μL/s                                                                                                 ,{'q':4.08e-10}                               
0.408 μL/s                                                                                                ,{'q':4.08e-10}                               
0.408μL/s                                                                                                 ,{'q':4.08e-10}                               
0.408 μL/s                                                                                                ,{'q':4.08e-10}                               
0.408μL/s                                                                                                 ,{'q':4.08e-10}                               
0.14μL/s                                                                                                  ,{'q':1.4e-10}                                
"['0.212μL/s', '2.915μL/s', '3.536μL/s', '4.243μL/s', '4.95μL/s']                                           ","[{'q':2.12e-10}, {'q':2.915e-9}, {'q':3.536e-9}, {'q':4.243e-9}, {'q':4.95e-9}] "
"['0.14 μL/s', '0.539 μL/s']                                                                               ","[{'q':1.4e-10}, {'q':5.39e-10}]              "
increasing Qw                                                                                            ,N/A                                          
"['Rew1=4.24', 'Rew2=6.30', 'Rew3=8.45', 'Rew4=10.3', 'Rew5=16.36']                                        ",N/A                                          
0.408μL/s                                                                                                 ,{'q':4.08e-10}                               
various power-law liquids                                                                                ,N/A                                          
['10 < Qc < 1300 μL/min'] ,[{'q': 0.000655}] 
"['100 μL/min', '500 μL/min', '1000 μL/min', '20 μL/min'] ","[{'q': 1.66667e-06}, {'q': 8.33333e-06}, {'q': 1.66667e-05}, {'q': 3.33333e-07}] "
50 mL/min           ,{'q': 8.33333e-07} 
50 μL/min           ,{'q': 8.33333e-10} 
high                ,N/A              
0~350 mm/s          ,{'v': 0.175}     
1:1                 ,N/A              
increase of total two-phase flow rate ,N/A              
higher flow rate    ,N/A              
['10 < Qd < 200 μL/min']                           ,[{'q': 0.00000175}]                             
"['50 μL/min', '50 μL/min', '50 μL/min', '200 μL/min'] ","[{'q': 8.333333333333334e-10}, {'q': 8.333333333333334e-10}, {'q': 8.333333333333334e-10}, {'q': 3.3333333333333335e-9}] "
1:1 flow rate ratio of Ph2 to Ph1                  ,N/A                                             
50 μL/min                                          ,{'q': 8.333333333333334e-10}                    
high                                               ,N/A                                             
0~40 mm/s                                          ,{'v': 0.02}                                     
increasing                                         ,N/A                                             
1:1                                                ,N/A                                             
Q d                                                ,N/A                                             
Qd                                                 ,N/A                                             
20 μL/min                                          ,{'q': 3.3333333333333335e-10}                   
Qd                                                 ,N/A                                             
Qd                                                 ,N/A                                             
50 ml/h                                                      ,{'q':1.388888888888889e-08}                 
0.1 mL/min                                                   ,{'q':1.6666666666666667e-09}                
increasing                                                   ,N/A                                         
increasing                                                   ,N/A                                         
very high values                                             ,N/A                                         
larger than a critical value                                 ,N/A                                         
Q                                                            ,N/A                                         
_Q c_                                                        ,N/A                                         
Qc                                                           ,N/A                                         
Qc                                                           ,N/A                                         
low                                                          ,N/A                                         
0.5 ml/h                                                     ,{'q':1.388888888888889e-10}                 
5 ml/h                                                       ,{'q':1.388888888888889e-09}                 
2 ml/h                                                       ,{'q':5.555555555555556e-10}                 
constant                                                     ,N/A                                         
constant                                                     ,N/A                                         
fixed quantity                                               ,N/A                                         
increasing                                                   ,N/A                                         
Qc                                                           ,N/A                                         
increase in volumetric flow rate                             ,N/A                                         
low                                                          ,N/A                                         
low                                                          ,N/A                                         
"['2 < Qc < 30 ml/h', '2 < Qc < 20 ml/h', '1 < Qc < 30 ml/h', '0.5 < Qc < 20 ml/h'] ","[{'q':5.833333333333334e-09}, {'q':3.055555555555556e-09}, {'q':4.305555555555556e-09}, {'q':2.916666666666667e-09}] "
10 ml/h                                                                       ,{'q':2.777777777777778e-09}     
0.01 mL/min                                                                   ,{'q':1.6666666666666667e-10}    
"['0.1 mL/h', '0.2 mL/h', '0.3 mL/h']                                          ","[{'q':2.777777777777778e-11}, {'q':5.555555555555556e-11}, {'q':8.333333333333334e-11}] "
Q                                                                             ,N/A                             
_Q d_                                                                         ,N/A                             
Qd                                                                            ,N/A                             
Qd                                                                            ,N/A                             
varied                                                                        ,N/A                             
0.05 ml/h                                                                     ,{'q':1.388888888888889e-11}     
0.05 ml/h                                                                     ,{'q':1.388888888888889e-11}     
2 ml/h                                                                        ,{'q':5.555555555555556e-10}     
increasing                                                                    ,N/A                             
increasing                                                                    ,N/A                             
maximum                                                                       ,N/A                             
"['0.05 < Qd < 30 ml/h', '0.02 < Qd < 13 ml/h', '0.01 < Qd < 16 ml/h', '0.01 < Qd < 8 ml/h'] ","[{'q':4.166666666666667e-10}, {'q':1.8055555555555556e-10}, {'q':2.2222222222222223e-10}, {'q':1.1111111111111112e-10}] "
"['low flow rates', 'flow rate ratio']                        ","['N/A', 'N/A']                      "
"['100 μL/hr', '300 μL/hr', '500 μL/hr']                      ","[{'q': 2.78e-11}, {'q': 8.33e-11}, {'q': 1.39e-10}] "
"['100 μL/hr', '500 μL/hr']                                   ","[{'q': 2.78e-11}, {'q': 1.39e-10}] "
Q                                                            ,'N/A'                               
variable                                                     ,'N/A'                               
various                                                      ,'N/A'                               
"['500 μL/hr', '300 μL/hr', '100 μL/hr']                      ","[{'q': 1.39e-10}, {'q': 8.33e-11}, {'q': 2.78e-11}] "
500 μL/hr                                                    ,{'q': 1.39e-10}                     
100 μL/hr                                                    ,{'q': 2.78e-11}                     
increasing                                                   ,'N/A'                               
100 μL/hr                                                    ,{'q': 2.78e-11}                     
100 μL/hr                                                    ,{'q': 2.78e-11}                     
fixed                                                        ,'N/A'                               
various                                                      ,'N/A'                               
500 μL/hr                                                    ,{'q': 1.39e-10}                     
500 μL/hr                                                    ,{'q': 1.39e-10}                     
100 μL/hr                                                    ,{'q': 2.78e-11}                     
500 μL/hr                                                    ,{'q': 1.39e-10}                     
constant                                                     ,'N/A'                               
high                                                         ,'N/A'                               
intensifying                                                 ,'N/A'                               
intensifying                                                 ,'N/A'                               
"['flow rates', 'higher flowrates']            ",N/A                       
0.02763m∙s−1                                                          ,{'v': 0.02763}          
varies from 0.5 to 2 times that of the dispersed phase                ,N/A                     
low                                                                   ,N/A                     
increasing                                                            ,N/A                     
Rec>0.4                                                               ,N/A                     
increasing                                                            ,N/A                     
low                                                                   ,N/A                     
high                                                                  ,N/A                     
1                                                                     ,N/A                     
N/A                                                                   ,"[{'v': 0.0185}, {'v': 0.037}] "
varied                                                                ,N/A                     
high velocity                                                         ,N/A                     
high                                                                  ,N/A                     
0.2ml/min                                                             ,{'q': 3.33333e-09}      
0.2ml/min                                                             ,{'q': 3.33333e-09}      
0.2ml/min                                                             ,{'q': 3.33333e-09}      
0.2ml/min                                                             ,{'q': 3.33333e-09}      
0.0185m/s                                                             ,{'v': 0.0185}           
high                                                                          ,N/A                       
flow rate ratio Q                                                             ,N/A                       
0.0185m∙s−1                                                                   ,{'v': 0.0185}             
0.2 ml/min                                                                    ,{'q': 3.3333333333333335e-09} 
comparable to continuous phase                                                ,N/A                       
fixed                                                                         ,N/A                       
fixed                                                                         ,N/A                       
large                                                                         ,N/A                       
increasing                                                                    ,N/A                       
high                                                                          ,N/A                       
0.2 ml/min                                                                    ,{'q': 3.3333333333333335e-09} 
0.2ml/min                                                                     ,{'q': 3.3333333333333335e-09} 
constant                                                                      ,N/A                       
0.2ml/min                                                                     ,{'q': 3.3333333333333335e-09} 
0.2ml/min                                                                     ,{'q': 3.3333333333333335e-09} 
"['less than 5% of the total flow rate for λ = 0.0086', 'less than 4% of the total flow rate for λ = 0.0127'] ",N/A                       
0.2ml/min                                                                     ,{'q': 3.3333333333333335e-09} 
0.2ml/min                                                                     ,{'q': 3.3333333333333335e-09} 
flow ratio q                                                                  ,N/A                       
ml/h                             ,{'q':2.77778e-10}           
Q c                              ,N/A                         
Qc                               ,N/A                         
2.0 ml/h                         ,{'q':5.55556e-10}           
0.05                             ,{'v':0.05}                  
2.0 ml/h                         ,{'q':5.55556e-10}           
2.00 ml/h                        ,{'q':5.55556e-10}           
2.00 ml/h                        ,{'q':5.55556e-10}           
_Q c_                            ,N/A                         
2.00 ml/h                        ,{'q':5.55556e-10}           
2.50 ml/h–5.00 ml/h              ,{'q':1.04167e-9}            
Qc                               ,N/A                         
increases                        ,N/A                         
"['1.50 ml/h', '2.00 ml/h', '3.00 ml/h', '4.00 ml/h'] ","[{'q':4.16667e-10}, {'q':5.55556e-10}, {'q':8.33333e-10}, {'q':1.11111e-9}] "
2.00 ml/h                        ,{'q':5.55556e-10}           
0.05                             ,{'v':0.05}                  
2.00 ml/h                        ,{'q':5.55556e-10}           
2.00 ml/h                        ,{'q':5.55556e-10}           
2.00 ml/h                        ,{'q':5.55556e-10}           
2.00 ml/h                        ,{'q':5.55556e-10}           
2.00 ml/h                        ,{'q':5.55556e-10}           
2.00 ml/h                        ,{'q':5.55556e-10}           
2.00 ml/h                        ,{'q':5.55556e-10}           
2.00 ml/h                        ,{'q':5.55556e-10}           
2.00 ml/h                        ,{'q':5.55556e-10}           
2.00 ml/h                        ,{'q':5.55556e-10}           
2.00 ml/h                        ,{'q':5.55556e-10}           
2.00 ml/h                        ,{'q':5.55556e-10}           
Qd             ,N/A              
0.1 ml/h       ,{'q':2.7778e-11} 
['0.04 ⩽ Q < 0.0675'] ,[{'q':5.375e-9}] 
0.1 ml/h       ,{'q':2.7778e-11} 
_Q d_          ,N/A              
"['0.05 ml/h', '0.135 ml/h'] ","[{'q':1.3889e-11}, {'q':3.75e-11}] "
_Q d_          ,N/A              
"['0.050 ml/h', '0.065 ml/h', '0.100 ml/h', '0.200 ml/h'] ","[{'q':1.3889e-11}, {'q':1.8056e-11}, {'q':2.7778e-11}, {'q':5.5556e-11}] "
0.20 ml/h      ,{'q':5.5556e-11} 
0.20 ml/h      ,{'q':5.5556e-11} 
constant       ,N/A              
0.20 ml/h      ,{'q':5.5556e-11} 
increases with the increasing concentration ,N/A 
"['0.05 ml/h', '0.25 ml/h'] ","[{'q':1.3889e-11}, {'q':6.9444e-11}] "
0.10 ml/h      ,{'q':2.7778e-11} 
0.10 ml/h      ,{'q':2.7778e-11} 
0.10 ml/h      ,{'q':2.7778e-11} 
fixed flow rate ratio ,N/A 
0.10 ml/h      ,{'q':2.7778e-11} 
0.10 ml/h      ,{'q':2.7778e-11} 
0.05           ,N/A              
0.10 ml/h      ,{'q':2.7778e-11} 
0.10 ml/h      ,{'q':2.7778e-11} 
0.10 ml/h      ,{'q':2.7778e-11} 
0.10 ml/h      ,{'q':2.7778e-11} 
0.10 ml/h      ,{'q':2.7778e-11} 
0.10 ml/h      ,{'q':2.7778e-11} 
0.10 ml/h      ,{'q':2.7778e-11} 
increased with SCMC concentration ,N/A 
0.0283 to 283 μL s−1          ,{'q':0.141514}     
0.83 μL s−1                   ,{'q':8.3e-10}      
Q1                            ,N/A                
increases                     ,N/A                
2.22 mm3 s−1                  ,{'q':2.22e-9}      
Q1                            ,N/A                
Q1                            ,N/A                
Q1                            ,N/A                
Q1                            ,N/A                
1/_Q_ 1                       ,N/A                
Q1                            ,N/A                
Q2                            ,N/A                
Q2                            ,N/A                
1.94 μL s−1                   ,{'q':1.94e-9}      
_Q_ 1                         ,N/A                
m3 s−1                        ,N/A                
1.11 mm3 s−1                        ,{'q': 1.11e-9}             
Q2                                  ,N/A                        
Q2                                  ,N/A                        
Q2                                  ,N/A                        
Q2                                  ,N/A                        
Q1                                  ,N/A                        
Q_2                                 ,N/A                        
Q1                                  ,N/A                        
1.39 μL s−1                         ,{'q': 1.39e-9}             
_Q_ 2                               ,N/A                        
m3 s−1                              ,{'q': 1.0}                 
"bubble velocity, (m s−1)            ",N/A                        
"['0.5', '1.0', '1.0']               ","[{'v': 0.5}, {'v': 1.0}, {'v': 1.0}] "
large                           ,N/A                  
['0.5 m/s']                     ,[{'v': 0.5}]         
1 L/min (=6.3e−5 m3/s)          ,{'q': 6.3e-5}        
1 L/min                         ,{'q': 1.6667e-5}     
154 m/s                         ,{'v': 154}           
154 mm/s                        ,{'v': 0.154}         
1.0 L/min [=6.3e−5 m3/s]        ,{'q': 6.3e-5}        
very small                                                                    ,N/A                       
inversely related to the total number of pore openings                        ,N/A                       
5 ml/min                                                                      ,{'q': 8.333333333333334e-08} 
velocity: 0.1 m/s                                                             ,{'v': 0.1}                
0.1 m/s                                                                       ,{'v': 0.1}                
0.1 m/s                                                                       ,{'v': 0.1}                
"['0.5 m/s', '0.1 m/s']                                                        ","[{'v': 0.5}, {'v': 0.1}]  "
0.5 m/s                                                                       ,{'v': 0.5}                
low values                                      ,N/A                   
low flow rate                                   ,N/A                   
Qc                                              ,N/A                   
_Q c_                                           ,N/A                   
"['0.3 ml/h', '4.9 ml/h']                        ","[{'q': 8.3333e-11}, {'q': 1.3611e-09}] "
"['4 ml/h', '1.5 ml/h']                          ","[{'q': 1.1111e-09}, {'q': 4.1667e-10}] "
increasing                                      ,N/A                   
"['0.5 ml/h', '4.9 ml/h']                        ","[{'q': 1.3889e-10}, {'q': 1.3611e-09}] "
imposed flow rate ratio _α_                     ,N/A                   
large                                           ,N/A                   
wide range of volumetric flow rates ,N/A              
Qd             ,N/A              
_Q d_          ,N/A              
"maximum flow rate, minimum flow rate ",N/A              
"['0.01 ml/h', '49 ml/h'] ","[{'q': 2.777777777777778e-12}, {'q': 1.3611111111111112e-08}] "
"['0.01 ml/h', '49 ml/h'] ","[{'q': 2.777777777777778e-12}, {'q': 1.3611111111111112e-08}] "
low            ,N/A              
lower          ,N/A              
0.1 ml/h       ,{'q': 2.777777777777778e-11} 
low            ,N/A              
"['0.1 < α < 0.8', 'α < 0.2', 'α < 0.8'] ",N/A              
Qc                                                                            ,N/A                         
"['0.2mLh-1', '4mLh-1']                                                        ","[{'q': 5.555555555555556e-11}, {'q': 1.1111111111111112e-09}] "
1mLh-1                                                                        ,{'q': 2.777777777777778e-10}
1mLh-1                                                                        ,{'q': 2.777777777777778e-10}
"['coarse grids', 'fine grids', 'experimental data']                           ",N/A                         
1/4                                                                           ,N/A                         
1/4                                                                           ,N/A                         
1/4                                                                           ,N/A                         
1/4                                                                           ,N/A                         
1/4                                                                           ,N/A                         
1/4                                                                           ,N/A                         
1/4                                                                           ,N/A                         
1/4                                                                           ,N/A                         
1/4                                                                           ,N/A                         
1/4                                                                           ,N/A                         
Qd                                    ,N/A                         
0.2mLh-1                              ,{'q': 5.555555555555555e-11}
"['0.0117', '0.0074', '0.0055']         ","[{'v': 0.0117}, {'v': 0.0074}, {'v': 0.0055}]"
1/4                                   ,N/A                         
1/4                                   ,N/A                         
Q=1/4                                 ,N/A                         
1/4                                   ,N/A                         
