10,c,2,9,11.906293869018555,1507,268
10,c,3,9,13.880439043045044,805,211
10,c,4,9,13.965652227401733,1154,175
10,c,5,9,17.530415058135986,897,559
10,c,6,9,12.672822952270508,1008,171
10,c,7,9,17.163726568222046,1008,429
10,c,8,9,8.255599975585938,1310,170
10,c,9,9,10.789145946502686,1320,530
10,d,2,9,17.428985834121704,1507,484
10,d,3,9,10.863991975784302,805,211
10,d,4,9,8.775668859481812,1154,488
10,d,5,9,10.264176368713379,897,549
10,d,6,9,10.728935480117798,1008,579
10,d,7,9,15.58922290802002,1008,529
10,d,8,9,9.255861043930054,1310,490
10,d,9,9,8.810253143310547,1320,530
17,c,2,5,22.583678483963013,1507,330
17,c,3,5,9.370842933654785,805,304
17,c,4,5,7.628249883651733,1154,292
17,c,5,5,15.065685510635376,897,329
17,c,6,5,5.502742528915405,1008,347
17,c,7,5,6.416110992431641,1008,317
17,c,8,5,6.091298818588257,1310,263
17,c,9,5,30.98791790008545,1320,994
17,d,2,5,6.166175127029419,1507,257
17,d,3,5,12.824087381362915,805,304
17,d,4,5,6.96729850769043,1154,292
17,d,5,5,6.184461832046509,897,335
17,d,6,5,81.41728925704956,1008,241
17,d,7,5,6.922609567642212,1008,317
17,d,8,5,8.141865015029907,1310,294
17,d,9,5,10.069594383239746,1320,323
16,c,2,6,14.184757709503174,1507,262
16,c,3,6,9.635607719421387,805,157
16,c,4,6,9.33068561553955,1154,329
16,c,5,6,11.070168256759644,897,384
16,c,6,6,10.540614604949951,1008,405
16,c,7,6,8.591000080108643,1008,370
16,c,8,6,9.094773530960083,1310,128
16,c,9,6,6.96115517616272,1320,433
16,d,2,6,11.808491945266724,1507,265
16,d,3,6,11.025213241577148,805,157
16,d,4,6,8.958083629608154,1154,329
16,d,5,6,10.10567307472229,897,384
16,d,6,6,8.75635814666748,1008,405
16,d,7,6,153.06308841705322,1008,300
16,d,8,6,7.283700227737427,1310,128
16,d,9,6,7.595416784286499,1320,377
7,c,2,12,21.949813842773438,1507,278
7,c,3,12,15.303184032440186,805,270
7,c,4,12,18.152235746383667,1154,611
7,c,5,12,18.158578395843506,897,714
7,c,6,12,58.51106667518616,1008,589
7,c,7,12,19.733597993850708,1008,558
7,c,8,12,13.853670835494995,1310,637
7,c,9,12,20.02821135520935,1320,689
7,d,2,12,14.026835680007935,1507,234
7,d,3,12,21.144086837768555,805,265
7,d,4,12,11.381098747253418,1154,210
7,d,5,12,12.798377513885498,897,790
7,d,6,12,11.512871265411377,1008,209
7,d,7,12,15.953057289123535,1008,688
7,d,8,12,14.020151376724243,1310,212
7,d,9,12,12.64469575881958,1320,701
8,c,2,13,30.34334707260132,1507,445
8,c,3,13,21.083508014678955,805,712
8,c,4,13,16.986451387405396,1154,658
8,c,5,13,10.422581434249878,897,950
8,c,6,13,14.26014232635498,1008,587
8,c,7,13,11.543025732040405,1008,741
8,c,8,13,15.773151874542236,1310,686
8,c,9,13,32.158263206481934,1320,742
8,d,2,13,28.935110330581665,1507,627
8,d,3,13,23.780529260635376,805,712
8,d,4,13,21.29256510734558,1154,658
8,d,5,13,22.748231649398804,897,769
8,d,6,13,15.346655130386353,1008,587
8,d,7,13,15.43017578125,1008,741
8,d,8,13,15.057762622833252,1310,686
8,d,9,13,16.717123985290527,1320,755
9,c,2,8,17.973806619644165,1507,386
9,c,3,8,16.082029819488525,805,457
9,c,4,8,9.606802940368652,1154,423
9,c,5,8,14.312664031982422,897,494
9,c,6,8,12.661151885986328,1008,162
9,c,7,8,114.34754419326782,1008,377
9,c,8,8,9.245901584625244,1310,441
9,c,9,8,16.932056188583374,1320,477
9,d,2,8,17.83081316947937,1507,386
9,d,3,8,13.64972710609436,805,457
9,d,4,8,12.504642009735107,1154,423
9,d,5,8,15.579169034957886,897,494
9,d,6,8,9.029526472091675,1008,158
9,d,7,8,11.779704332351685,1008,476
9,d,8,8,7.593372344970703,1310,156
9,d,9,8,14.22130012512207,1320,485
14,c,2,7,13.196377515792847,1507,343
14,c,3,7,12.309353351593018,805,175
14,c,4,7,9.272911787033081,1154,390
14,c,5,7,11.768866539001465,897,439
14,c,6,7,7.334079742431641,1008,335
14,c,7,7,9.115894317626953,1008,423
14,c,8,7,8.418683528900146,1310,392
14,c,9,7,7.448397874832153,1320,391
14,d,2,7,10.034478664398193,1507,343
14,d,3,7,13.594060897827148,805,406
14,d,4,7,13.892977952957153,1154,147
14,d,5,7,8.797768354415894,897,439
14,d,6,7,157.8559808731079,1008,423
14,d,7,7,12.73167371749878,1008,423
14,d,8,7,11.419593572616577,1310,359
14,d,9,7,11.8179612159729,1320,424
15,c,2,18,45.778303384780884,1507,691
15,c,3,18,19.081663608551025,805,301
15,c,4,18,17.38512134552002,1154,301
15,c,5,18,11.641351222991943,897,948
15,c,6,18,20.39872097969055,1008,1101
15,c,7,18,31.066694021224976,1008,386
15,c,8,18,19.162569999694824,1310,931
15,c,9,18,17.15531349182129,1320,1007
15,d,2,18,22.499865531921387,1507,815
15,d,3,18,21.279749870300293,805,301
15,d,4,18,20.38816261291504,1154,301
15,d,5,18,24.109827041625977,897,1159
15,d,6,18,16.520071029663086,1008,293
15,d,7,18,21.89375877380371,1008,1090
15,d,8,18,17.399245977401733,1310,931
15,d,9,18,20.308502435684204,1320,1007
6,c,2,20,49.0736141204834,1507,863
6,c,3,20,12.704259395599365,805,329
6,c,4,20,24.88266658782959,1154,420
6,c,5,20,23.2254855632782,897,1154
6,c,6,20,26.400554418563843,1008,1217
6,c,7,20,16.652963399887085,1008,881
6,c,8,20,21.85716462135315,1310,1029
6,c,9,20,18.431336641311646,1320,1133
6,d,2,20,33.10222005844116,1507,574
6,d,3,20,18.591851949691772,805,329
6,d,4,20,21.046189308166504,1154,334
6,d,5,20,26.739848852157593,897,1154
6,d,6,20,24.640451431274414,1008,1217
6,d,7,20,23.23702573776245,1008,1112
6,d,8,20,19.50857448577881,1310,1029
6,d,9,20,16.638702630996704,1320,1113
19,c,2,12,32.271440505981445,1507,559
19,c,3,12,17.9903244972229,805,273
19,c,4,12,17.794582843780518,1154,259
19,c,5,12,14.950335502624512,897,714
19,c,6,12,34.39360165596008,1008,259
19,c,7,12,17.486307859420776,1008,216
19,c,8,12,127.00805330276489,1310,677
19,c,9,12,14.025427103042603,1320,256
19,d,2,12,19.20508646965027,1507,558
19,d,3,12,17.374318838119507,805,661
19,d,4,12,10.010021448135376,1154,217
19,d,5,12,14.569332599639893,897,727
19,d,6,12,13.701203346252441,1008,545
19,d,7,12,12.956924676895142,1008,688
19,d,8,12,14.66614842414856,1310,637
19,d,9,12,13.630602836608887,1320,701
12,c,2,20,34.8810019493103,1507,576
12,c,3,20,23.601210594177246,805,329
12,c,4,20,20.50018334388733,1154,385
12,c,5,20,22.784308910369873,897,881
12,c,6,20,24.565934896469116,1008,1217
12,c,7,20,21.551872730255127,1008,881
12,c,8,20,23.650546312332153,1310,324
12,c,9,20,24.66489839553833,1320,454
12,d,2,20,39.96574664115906,1507,591
12,d,3,20,20.523378372192383,805,386
12,d,4,20,22.977293014526367,1154,397
12,d,5,20,45.91522789001465,897,1330
12,d,6,20,13.959561347961426,1008,901
12,d,7,20,22.405792236328125,1008,1112
12,d,8,20,22.152579307556152,1310,1029
12,d,9,20,22.230026960372925,1320,1113
13,c,2,20,50.26217842102051,1507,964
13,c,3,20,20.49845552444458,805,409
13,c,4,20,21.80134916305542,1154,1027
13,c,5,20,31.987887382507324,897,1175
13,c,6,20,22.387987852096558,1008,346
13,c,7,20,18.945811986923218,1008,1112
13,c,8,20,20.311219930648804,1310,1029
13,c,9,20,20.966179132461548,1320,1113
13,d,2,20,84.60883665084839,1507,1368
13,d,3,20,15.386907815933228,805,329
13,d,4,20,19.21272611618042,1154,327
13,d,5,20,13.183507680892944,897,335
13,d,6,20,17.386617183685303,1008,1217
13,d,7,20,17.506304025650024,1008,1112
13,d,8,20,19.01040244102478,1310,1029
13,d,9,20,22.327358722686768,1320,1113
2,c,2,22,44.068944215774536,1507,663
2,c,3,22,21.93927240371704,805,444
2,c,4,22,18.73622441291809,1154,1125
2,c,5,22,40.08634042739868,897,1356
2,c,6,22,29.592665672302246,1008,1333
2,c,7,22,32.36801481246948,1008,1218
2,c,8,22,21.461772203445435,1310,1127
2,c,9,22,31.01202082633972,1320,460
2,d,2,22,36.62643885612488,1507,773
2,d,3,22,32.39203667640686,805,446
2,d,4,22,32.60580062866211,1154,478
2,d,5,22,28.414579391479492,897,1402
2,d,6,22,15.200215816497803,1008,348
2,d,7,22,19.229817390441895,1008,1196
2,d,8,22,16.432204723358154,1310,1127
2,d,9,22,19.90892457962036,1320,1219
18,c,2,25,35.22063493728638,1507,585
18,c,3,25,28.870115041732788,805,549
18,c,4,25,25.380813360214233,1154,492
18,c,5,25,47.354830503463745,897,1451
18,c,6,25,30.772050619125366,1008,1117
18,c,7,25,47.90415120124817,1008,1377
18,c,8,25,26.9646098613739,1310,395
18,c,9,25,22.71736979484558,1320,1378
18,d,2,25,37.260539054870605,1507,651
18,d,3,25,14.522039651870728,805,399
18,d,4,25,25.18312668800354,1154,1247
18,d,5,25,23.27000093460083,897,505
18,d,6,25,34.0150191783905,1008,654
18,d,7,25,33.53706121444702,1008,1324
18,d,8,25,31.977516174316406,1310,1274
18,d,9,25,25.375669717788696,1320,1378
0,c,2,24,33.4095618724823,1507,1079
0,c,3,24,30.738498210906982,805,1374
0,c,4,24,33.52295398712158,1154,1374
0,c,5,24,47.479201555252075,897,1558
0,c,6,24,80.16363072395325,1008,1024
0,c,7,24,21.481188535690308,1008,1324
0,c,8,24,26.272344827651978,1310,1225
0,c,9,24,32.67805242538452,1320,1329
0,d,2,24,29.687844276428223,1507,1074
0,d,3,24,27.206523656845093,805,1225
0,d,4,24,20.908737659454346,1154,382
0,d,5,24,35.02643847465515,897,1374
0,d,6,24,15.939406394958496,1008,377
0,d,7,24,30.372703790664673,1008,1324
0,d,8,24,20.57608914375305,1310,1225
0,d,9,24,26.464454174041748,1320,1325
3,c,2,32,30.591862440109253,1507,675
3,c,3,32,58.62310028076172,805,1814
3,c,4,32,37.21629095077515,1154,1583
3,c,5,32,22.76329493522644,897,1550
3,c,6,32,29.579015731811523,1008,525
3,c,7,32,43.288411140441895,1008,1716
3,c,8,32,36.2990038394928,1310,1617
3,c,9,32,49.936195373535156,1320,701
3,d,2,32,40.20061898231506,1507,738
3,d,3,32,38.69598722457886,805,1814
3,d,4,32,27.365376949310303,1154,1583
3,d,5,32,41.9762167930603,897,1869
3,d,6,32,42.15946865081787,1008,2224
3,d,7,32,34.75627326965332,1008,1768
3,d,8,32,33.41321277618408,1310,1617
3,d,9,32,32.04440259933472,1320,1749
1,c,2,21,35.39930462837219,1507,616
1,c,3,21,32.49078440666199,805,426
1,c,4,21,13.280454158782959,1154,1076
1,c,5,21,25.968687057495117,897,1496
1,c,6,21,27.967552661895752,1008,1275
1,c,7,21,236.2878348827362,1008,350
1,c,8,21,16.54048752784729,1310,1078
1,c,9,21,28.04047203063965,1320,447
1,d,2,21,49.49907469749451,1507,755
1,d,3,21,22.217994451522827,805,428
1,d,4,21,22.298662424087524,1154,1045
1,d,5,21,18.01975989341736,897,1209
1,d,6,21,13.376427412033081,1008,334
1,d,7,21,18.743709325790405,1008,1165
1,d,8,21,19.200178384780884,1310,338
1,d,9,21,27.231125593185425,1320,1166
11,c,2,16,67.27612805366516,1507,1012
11,c,3,16,10.542046308517456,805,815
11,c,4,16,518.2379379272461,1154,833
11,c,5,16,17.942166328430176,897,951
11,c,6,16,12.86163878440857,1008,985
11,c,7,16,16.902597427368164,1008,900
11,c,8,16,16.630115032196045,1310,833
11,c,9,16,11.867822885513306,1320,901
11,d,2,16,37.85363054275513,1507,945
11,d,3,16,16.722230195999146,805,865
11,d,4,16,16.424104928970337,1154,799
11,d,5,16,26.869159698486328,897,934
11,d,6,16,23.662359714508057,1008,985
11,d,7,16,15.70459771156311,1008,900
11,d,8,16,14.914113759994507,1310,833
11,d,9,16,12.619007349014282,1320,917
4,c,2,29,46.29782509803772,1507,1309
4,c,3,29,28.631468772888184,805,571
4,c,4,29,23.633607864379883,1154,453
4,c,5,29,54.81798601150513,897,1890
4,c,6,29,28.95212149620056,1008,531
4,c,7,29,27.981696367263794,1008,1560
4,c,8,29,33.18308711051941,1310,1470
4,c,9,29,27.175821781158447,1320,1619
4,d,2,29,53.8071403503418,1507,1289
4,d,3,29,619.5069916248322,805,455
4,d,4,29,20.354809045791626,1154,1439
4,d,5,29,21.725234746932983,897,1829
4,d,6,29,26.638123035430908,1008,1739
4,d,7,29,29.62755513191223,1008,1560
4,d,8,29,24.428466796875,1310,1470
4,d,9,29,19.17767024040222,1320,550
31,c,2,9,11.433151483535767,1507,186
31,c,3,9,14.15552544593811,805,211
31,c,4,9,10.435826301574707,1154,175
31,c,5,9,11.389965057373047,897,549
31,c,6,9,9.877323865890503,1008,167
31,c,7,9,11.015799283981323,1008,529
31,c,8,9,8.144442081451416,1310,170
31,c,9,9,10.761564016342163,1320,530
31,d,2,9,13.743340492248535,1507,429
31,d,3,9,17.064905643463135,805,211
31,d,4,9,7.991079568862915,1154,488
31,d,5,9,11.384238004684448,897,549
31,d,6,9,6.620530128479004,1008,167
31,d,7,9,13.102463722229004,1008,529
31,d,8,9,5.304279088973999,1310,170
31,d,9,9,13.945507526397705,1320,530
21,c,2,10,21.970836639404297,1507,316
21,c,3,10,15.582262516021729,805,241
21,c,4,10,9.478904724121094,1154,200
21,c,5,10,16.20417547225952,897,670
21,c,6,10,11.919326543807983,1008,461
21,c,7,10,13.045463562011719,1008,461
21,c,8,10,10.468976259231567,1310,184
21,c,9,10,20.983121395111084,1320,583
21,d,2,10,13.06652283668518,1507,472
21,d,3,10,16.512317419052124,805,233
21,d,4,10,8.084543704986572,1154,195
21,d,5,10,11.385429382324219,897,670
21,d,6,10,15.762778043746948,1008,637
21,d,7,10,11.336344957351685,1008,582
21,d,8,10,8.907050132751465,1310,539
21,d,9,10,11.434866428375244,1320,583
22,c,2,16,22.62501072883606,1507,312
22,c,3,16,17.40774703025818,805,337
22,c,4,16,17.6674644947052,1154,831
22,c,5,16,30.233957767486572,897,1036
22,c,6,16,16.237558841705322,1008,900
22,c,7,16,23.088816165924072,1008,714
22,c,8,16,21.92886519432068,1310,833
22,c,9,16,27.06876516342163,1320,901
22,d,2,16,12.40788745880127,1507,314
22,d,3,16,28.315885066986084,805,337
22,d,4,16,13.106147289276123,1154,273
22,d,5,16,18.1080801486969,897,934
22,d,6,16,16.55344033241272,1008,323
22,d,7,16,9.819008350372314,1008,900
22,d,8,16,15.188973903656006,1310,833
22,d,9,16,14.23098373413086,1320,901
20,c,2,15,27.80454707145691,1507,689
20,c,3,15,22.520872116088867,805,879
20,c,4,15,22.188863515853882,1154,767
20,c,5,15,25.925236225128174,897,879
20,c,6,15,21.27913188934326,1008,926
20,c,7,15,19.25342893600464,1008,687
20,c,8,15,13.221224069595337,1310,784
20,c,9,15,17.44316029548645,1320,848
20,d,2,15,19.58594584465027,1507,689
20,d,3,15,17.300785779953003,805,814
20,d,4,15,11.293711423873901,1154,767
20,d,5,15,17.20648980140686,897,879
20,d,6,15,22.37479591369629,1008,927
20,d,7,15,17.661027431488037,1008,847
20,d,8,15,13.597941398620605,1310,784
20,d,9,15,20.169111013412476,1320,863
25,c,2,23,36.70684814453125,1507,1030
25,c,3,23,29.255661010742188,805,463
25,c,4,23,25.542228937149048,1154,1151
25,c,5,23,20.195605278015137,897,1296
25,c,6,23,24.764673233032227,1008,743
25,c,7,23,14.52274489402771,1008,366
25,c,8,23,27.42617702484131,1310,366
25,c,9,23,34.94907855987549,1320,1258
25,d,2,23,20.318206787109375,1507,1043
25,d,3,23,19.68174386024475,805,463
25,d,4,23,15.351586818695068,1154,375
25,d,5,23,21.590637683868408,897,1296
25,d,6,23,12.47096848487854,1008,366
25,d,7,23,18.747430562973022,1008,371
25,d,8,23,29.03204846382141,1310,1176
25,d,9,23,18.4185791015625,1320,464
28,c,2,21,47.262126445770264,1507,705
28,c,3,21,18.310287475585938,805,1099
28,c,4,21,23.203880071640015,1154,1008
28,c,5,21,38.61506485939026,897,1301
28,c,6,21,32.667197465896606,1008,413
28,c,7,21,15.90268087387085,1008,1165
28,c,8,21,21.252474308013916,1310,338
28,c,9,21,21.203001976013184,1320,1166
28,d,2,21,44.587231159210205,1507,658
28,d,3,21,27.78367519378662,805,493
28,d,4,21,28.960930824279785,1154,1325
28,d,5,21,19.05423641204834,897,1381
28,d,6,21,13.602887153625488,1008,901
28,d,7,21,23.57472848892212,1008,1165
28,d,8,21,10.64078688621521,1310,338
28,d,9,21,10.1000235080719,1320,347
27,c,2,16,22.7011137008667,1507,396
27,c,3,16,26.651211977005005,805,849
27,c,4,16,18.093506336212158,1154,815
27,c,5,16,14.065380811691284,897,934
27,c,6,16,20.25476884841919,1008,344
27,c,7,16,21.511099576950073,1008,900
27,c,8,16,12.709091424942017,1310,268
27,c,9,16,20.931921243667603,1320,901
27,d,2,16,17.008682012557983,1507,410
27,d,3,16,169.74042582511902,805,917
27,d,4,16,13.166001796722412,1154,821
27,d,5,16,15.046942472457886,897,934
27,d,6,16,17.341649532318115,1008,1035
27,d,7,16,14.323990821838379,1008,900
27,d,8,16,11.34651255607605,1310,833
27,d,9,16,23.743783235549927,1320,901
35,c,2,30,41.323832273483276,1507,1332
35,c,3,30,40.972352027893066,805,1729
35,c,4,30,20.27003788948059,1154,616
35,c,5,30,26.82327699661255,897,2197
35,c,6,30,25.498013973236084,1008,1270
35,c,7,30,21.399659156799316,1008,1716
35,c,8,30,22.613841772079468,1310,1519
35,c,9,30,59.824167251586914,1320,1643
35,d,2,30,25.021066427230835,1507,636
35,d,3,30,37.655787229537964,805,1704
35,d,4,30,38.66038703918457,1154,1487
35,d,5,30,26.810792922973633,897,1704
35,d,6,30,27.749086380004883,1008,1797
35,d,7,30,25.574405193328857,1008,1664
35,d,8,30,27.737767219543457,1310,1519
35,d,9,30,30.23271155357361,1320,1643
34,c,2,32,68.4959990978241,1507,1205
34,c,3,32,37.99138116836548,805,628
34,c,4,32,45.112637519836426,1154,1682
34,c,5,32,32.137033462524414,897,1704
34,c,6,32,24.88234782218933,1008,1352
34,c,7,32,26.62467908859253,1008,1716
34,c,8,32,21.48316717147827,1310,1617
34,c,9,32,28.68849492073059,1320,1749
34,d,2,32,48.18689274787903,1507,1100
34,d,3,32,23.171380281448364,805,631
34,d,4,32,20.970126390457153,1154,1583
34,d,5,32,39.12229657173157,897,1814
34,d,6,32,41.45788836479187,1008,1913
34,d,7,32,39.116459369659424,1008,1716
34,d,8,32,33.543233156204224,1310,1617
34,d,9,32,29.748708724975586,1320,1749
24,c,2,37,46.67155361175537,1507,929
24,c,3,37,52.94492292404175,805,2034
24,c,4,37,15.673739433288574,1154,531
24,c,5,37,25.374367475509644,897,2126
24,c,6,37,27.39841628074646,1008,1557
24,c,7,37,48.980462074279785,1008,1976
24,c,8,37,35.690431356430054,1310,1911
24,c,9,37,34.20877456665039,1320,2014
24,d,2,37,53.45549535751343,1507,1164
24,d,3,37,32.32641291618347,805,718
24,d,4,37,40.866594314575195,1154,2150
24,d,5,37,52.20018935203552,897,2144
24,d,6,37,33.93442749977112,1008,1976
24,d,7,37,27.663549661636353,1008,2028
24,d,8,37,25.02210021018982,1310,1911
24,d,9,37,23.6659517288208,1320,629
36,c,2,33,58.27778387069702,1507,1161
36,c,3,33,35.687337160110474,805,1853
36,c,4,33,24.913480281829834,1154,738
36,c,5,33,27.202442169189453,897,2606
36,c,6,33,46.588977098464966,1008,1971
36,c,7,33,45.57662010192871,1008,1716
36,c,8,33,25.37172555923462,1310,534
36,c,9,33,46.67239212989807,1320,1802
36,d,2,33,48.60227823257446,1507,739
36,d,3,33,25.63955068588257,805,643
36,d,4,33,35.718907833099365,1154,1631
36,d,5,33,40.50842475891113,897,1869
36,d,6,33,31.958255767822266,1008,1768
36,d,7,33,34.47171354293823,1008,1768
36,d,8,33,22.9427592754364,1310,1666
36,d,9,33,25.62433385848999,1320,1802
29,c,2,22,39.021037578582764,1507,1013
29,c,3,22,27.61209273338318,805,445
29,c,4,22,36.63923406600952,1154,674
29,c,5,22,57.10615396499634,897,1261
29,c,6,22,15.42138409614563,1008,1218
29,c,7,22,192.99140739440918,1008,1196
29,c,8,22,19.50533127784729,1310,1127
29,c,9,22,15.966081619262695,1320,361
29,d,2,22,18.087127447128296,1507,989
29,d,3,22,23.528210163116455,805,451
29,d,4,22,28.0604510307312,1154,469
29,d,5,22,29.353822469711304,897,1287
29,d,6,22,28.956657886505127,1008,1343
29,d,7,22,15.388584613800049,1008,1218
29,d,8,22,18.015649557113647,1310,352
29,d,9,22,15.453305959701538,1320,1241
33,c,2,39,66.23648166656494,1507,962
33,c,3,39,42.33160924911499,805,784
33,c,4,39,58.76519536972046,1154,773
33,c,5,39,43.37754940986633,897,2195
33,c,6,39,37.68123006820679,1008,2280
33,c,7,39,51.797566175460815,1008,2185
33,c,8,39,23.803255796432495,1310,2009
33,c,9,39,28.164952516555786,1320,712
33,d,2,39,33.335463762283325,1507,1054
33,d,3,39,16.99219298362732,805,539
33,d,4,39,35.25748085975647,1154,2135
33,d,5,39,35.054527282714844,897,635
33,d,6,39,50.47700214385986,1008,2271
33,d,7,39,29.244865655899048,1008,1886
33,d,8,39,28.8956937789917,1310,2009
33,d,9,39,28.354132175445557,1320,2155
30,c,2,11,25.461405754089355,1507,557
30,c,3,11,12.906491041183472,805,247
30,c,4,11,9.780153274536133,1154,575
30,c,5,11,16.63484001159668,897,659
30,c,6,11,18.521772623062134,1008,503
30,c,7,11,12.750381231307983,1008,634
30,c,8,11,8.197213888168335,1310,588
30,c,9,11,30.591452836990356,1320,443
30,d,2,11,14.142896890640259,1507,540
30,d,3,11,25.526089191436768,805,599
30,d,4,11,401.8373267650604,1154,209
30,d,5,11,13.511618852615356,897,659
30,d,6,11,11.12329387664795,1008,699
30,d,7,11,9.86933946609497,1008,634
30,d,8,11,12.567754745483398,1310,588
30,d,9,11,9.580385208129883,1320,647
32,c,2,34,89.09504866600037,1507,1626
32,c,3,34,42.51901912689209,805,1924
32,c,4,34,27.042144298553467,1154,1958
32,c,5,34,62.82408022880554,897,1924
32,c,6,34,43.84116816520691,1008,1434
32,c,7,34,33.444666147232056,1008,1768
32,c,8,34,32.38960933685303,1310,1715
32,c,9,34,43.28418564796448,1320,1071
32,d,2,34,62.179919719696045,1507,1046
32,d,3,34,28.732054710388184,805,1607
32,d,4,34,53.029013872146606,1154,1931
32,d,5,34,39.428518533706665,897,1924
32,d,6,34,31.927390336990356,1008,576
32,d,7,34,26.674643993377686,1008,1820
32,d,8,34,23.306533336639404,1310,1715
32,d,9,34,27.216498851776123,1320,1855
23,c,2,9,13.94138240814209,1507,429
23,c,3,9,14.783204793930054,805,211
23,c,4,9,10.756644010543823,1154,175
23,c,5,9,13.042766332626343,897,549
23,c,6,9,10.534237623214722,1008,529
23,c,7,9,14.729275226593018,1008,529
23,c,8,9,6.24094820022583,1310,170
23,c,9,9,20.745294094085693,1320,530
23,d,2,9,16.22759246826172,1507,429
23,d,3,9,521.6426711082458,805,479
23,d,4,9,8.295871257781982,1154,175
23,d,5,9,16.220972061157227,897,549
23,d,6,9,8.07015585899353,1008,167
23,d,7,9,9.416078090667725,1008,529
23,d,8,9,8.237004280090332,1310,490
23,d,9,9,6.987189531326294,1320,530
38,c,2,17,24.891526699066162,1507,809
38,c,3,17,13.336629152297974,805,287
38,c,4,17,15.801520824432373,1154,310
38,c,5,17,30.502231121063232,897,989
38,c,6,17,11.988471269607544,1008,755
38,c,7,17,16.013766765594482,1008,755
38,c,8,17,545.0906190872192,1310,287
38,c,9,17,12.443812608718872,1320,321
38,d,2,17,23.54999876022339,1507,531
38,d,3,17,16.221894025802612,805,287
38,d,4,17,15.1690833568573,1154,368
38,d,5,17,17.133467435836792,897,989
38,d,6,17,18.859546184539795,1008,1109
38,d,7,17,11.995783805847168,1008,953
38,d,8,17,22.49290180206299,1310,882
38,d,9,17,12.40919804573059,1320,954
37,c,2,29,44.05696964263916,1507,661
37,c,3,29,41.297698974609375,805,1670
37,c,4,29,42.653584718704224,1154,1005
37,c,5,29,19.877699851989746,897,775
37,c,6,29,23.408677339553833,1008,1229
37,c,7,29,625.60884141922,1008,1560
37,c,8,29,21.63123059272766,1310,1470
37,c,9,29,29.942906379699707,1320,566
37,d,2,29,40.721781730651855,1507,673
37,d,3,29,29.927950620651245,805,1593
37,d,4,29,37.643807888031006,1154,1666
37,d,5,29,24.50346088409424,897,1828
37,d,6,29,33.148812770843506,1008,1589
37,d,7,29,26.705026149749756,1008,1612
37,d,8,29,26.828839540481567,1310,450
37,d,9,29,37.28083658218384,1320,1590
5,c,2,32,45.051007986068726,1507,786
5,c,3,32,16.09286093711853,805,427
5,c,4,32,45.00172019004822,1154,1583
5,c,5,32,648.4241030216217,897,1814
5,c,6,32,24.60103416442871,1008,1913
5,c,7,32,27.215867280960083,1008,1748
5,c,8,32,24.801252841949463,1310,1617
5,c,9,32,26.36747646331787,1320,671
5,d,2,32,23.166592121124268,1507,593
5,d,3,32,44.105225563049316,805,625
5,d,4,32,18.080541610717773,1154,425
5,d,5,32,23.973880767822266,897,1814
5,d,6,32,31.873122692108154,1008,1352
5,d,7,32,42.873955965042114,1008,1716
5,d,8,32,37.82940602302551,1310,1617
5,d,9,32,40.10700988769531,1320,1749
54,c,2,11,12.517411470413208,1507,345
54,c,3,11,14.119783401489258,805,363
54,c,4,11,16.805707693099976,1154,203
54,c,5,11,9.648137331008911,897,659
54,c,6,11,7.284250020980835,1008,695
54,c,7,11,10.041618585586548,1008,635
54,c,8,11,16.229673385620117,1310,588
54,c,9,11,7.962363958358765,1320,647
54,d,2,11,16.364548444747925,1507,340
54,d,3,11,12.557978630065918,805,1596
54,d,4,11,9.48548150062561,1154,564
54,d,5,11,11.673433065414429,897,659
54,d,6,11,15.299338102340698,1008,1093
54,d,7,11,7.770321846008301,1008,635
54,d,8,11,13.490918159484863,1310,588
54,d,9,11,7.248692035675049,1320,443
53,c,2,14,19.088490962982178,1507,385
53,c,3,14,10.443499088287354,805,301
53,c,4,14,13.891799688339233,1154,763
53,c,5,14,21.989405632019043,897,824
53,c,6,14,8.691582918167114,1008,885
53,c,7,14,11.627806901931763,1008,794
53,c,8,14,14.081858396530151,1310,240
53,c,9,14,8.616721868515015,1320,795
53,d,2,14,11.905373573303223,1507,360
53,d,3,14,9.961977481842041,805,1365
53,d,4,14,11.063268184661865,1154,763
53,d,5,14,16.646387338638306,897,824
53,d,6,14,8.983515977859497,1008,237
53,d,7,14,15.077834129333496,1008,794
53,d,8,14,10.888128995895386,1310,674
53,d,9,14,14.350185871124268,1320,795
45,c,2,13,16.04131770133972,1507,601
45,c,3,13,8.011873006820679,805,231
45,c,4,13,14.001116275787354,1154,671
45,c,5,13,17.652095556259155,897,769
45,c,6,13,14.403658628463745,1008,811
45,c,7,13,19.063180208206177,1008,741
45,c,8,13,10.021467208862305,1310,686
45,c,9,13,18.730913877487183,1320,294
45,d,2,13,15.536128282546997,1507,601
45,d,3,13,12.010697603225708,805,285
45,d,4,13,16.551218032836914,1154,378
45,d,5,13,19.607604026794434,897,769
45,d,6,13,7.924206018447876,1008,587
45,d,7,13,8.784048318862915,1008,741
45,d,8,13,11.589071989059448,1310,226
45,d,9,13,19.810140371322632,1320,755
55,c,2,16,40.44305992126465,1507,970
55,c,3,16,12.604417085647583,805,273
55,c,4,16,12.347294569015503,1154,831
55,c,5,16,12.138463020324707,897,934
55,c,6,16,12.121718406677246,1008,277
55,c,7,16,13.84032154083252,1008,900
55,c,8,16,7.446826219558716,1310,268
55,c,9,16,6.46788215637207,1320,866
55,d,2,16,12.225134134292603,1507,317
55,d,3,16,9.934097528457642,805,273
55,d,4,16,10.821078300476074,1154,273
55,d,5,16,17.991829872131348,897,1036
55,d,6,16,15.022239923477173,1008,271
55,d,7,16,9.760789632797241,1008,713
55,d,8,16,24.210755348205566,1310,833
55,d,9,16,13.517822504043579,1320,917
51,c,2,17,16.18218970298767,1507,385
51,c,3,17,15.79742431640625,805,355
51,c,4,17,23.439242362976074,1154,882
51,c,5,17,24.320178508758545,897,1018
51,c,6,17,22.362491607666016,1008,1043
51,c,7,17,12.752466678619385,1008,953
51,c,8,17,10.376692771911621,1310,683
51,c,9,17,15.92276668548584,1320,422
51,d,2,17,17.053565740585327,1507,775
51,d,3,17,16.636961221694946,805,355
51,d,4,17,12.026551723480225,1154,380
51,d,5,17,16.53817391395569,897,989
51,d,6,17,23.81267261505127,1008,332
51,d,7,17,18.718398809432983,1008,953
51,d,8,17,14.78762698173523,1310,882
51,d,9,17,19.417750358581543,1320,949
49,c,2,22,21.76275658607483,1507,988
49,c,3,22,24.140810012817383,805,455
49,c,4,22,19.97065782546997,1154,1277
49,c,5,22,16.610851287841797,897,1264
49,c,6,22,15.088911771774292,1008,392
49,c,7,22,16.214900255203247,1008,352
49,c,8,22,16.886887311935425,1310,873
49,c,9,22,19.099598169326782,1320,1241
49,d,2,22,27.496200561523438,1507,988
49,d,3,22,10.115028619766235,805,1195
49,d,4,22,22.996352434158325,1154,1268
49,d,5,22,22.940605640411377,897,1264
49,d,6,22,13.70167326927185,1008,1328
49,d,7,22,20.124749422073364,1008,439
49,d,8,22,20.395174980163574,1310,1127
49,d,9,22,31.165485858917236,1320,1219
43,c,2,17,25.71965479850769,1507,608
43,c,3,17,30.029468536376953,805,353
43,c,4,17,28.20547890663147,1154,846
43,c,5,17,26.713962078094482,897,1095
43,c,6,17,37.32203936576843,1008,772
43,c,7,17,13.120691776275635,1008,953
43,c,8,17,23.168949842453003,1310,386
43,c,9,17,27.153347492218018,1320,942
43,d,2,17,30.25635027885437,1507,514
43,d,3,17,8.658984422683716,805,287
43,d,4,17,12.447769165039062,1154,287
43,d,5,17,22.164746046066284,897,1096
43,d,6,17,13.780368328094482,1008,279
43,d,7,17,10.604989290237427,1008,953
43,d,8,17,20.878228664398193,1310,335
43,d,9,17,16.56116485595703,1320,396
42,c,2,24,37.60305738449097,1507,852
42,c,3,24,24.164231538772583,805,385
42,c,4,24,10.999300718307495,1154,385
42,c,5,24,18.40980315208435,897,1523
42,c,6,24,18.604852199554443,1008,380
42,c,7,24,8.873608350753784,1008,1049
42,c,8,24,12.033023357391357,1310,1099
42,c,9,24,18.42825198173523,1320,1325
42,d,2,24,38.555638790130615,1507,963
42,d,3,24,33.45121145248413,805,1249
42,d,4,24,11.716575622558594,1154,383
42,d,5,24,33.34472060203552,897,1524
42,d,6,24,16.427651405334473,1008,379
42,d,7,24,32.046695947647095,1008,1324
42,d,8,24,15.385000228881836,1310,400
42,d,9,24,30.99974012374878,1320,518
47,c,2,21,27.68012022972107,1507,968
47,c,3,21,25.191519498825073,805,447
47,c,4,21,16.100137948989868,1154,342
47,c,5,21,22.073118686676025,897,1342
47,c,6,21,43.94756889343262,1008,671
47,c,7,21,27.673216104507446,1008,1308
47,c,8,21,17.18249273300171,1310,338
47,c,9,21,27.56519651412964,1320,452
47,d,2,21,39.87434530258179,1507,962
47,d,3,21,22.462360858917236,805,431
47,d,4,21,16.22896695137024,1154,344
47,d,5,21,39.76739954948425,897,1188
47,d,6,21,19.4889497756958,1008,377
47,d,7,21,13.48887848854065,1008,1165
47,d,8,21,20.84996223449707,1310,1078
47,d,9,21,17.349313259124756,1320,1187
50,c,2,22,22.77356457710266,1507,988
50,c,3,22,15.480316638946533,805,1171
50,c,4,22,19.139296770095825,1154,512
50,c,5,22,13.448634624481201,897,1242
50,c,6,22,31.100415229797363,1008,963
50,c,7,22,19.7595374584198,1008,353
50,c,8,22,62.939154386520386,1310,1011
50,c,9,22,27.93675136566162,1320,539
50,d,2,22,23.804075241088867,1507,665
50,d,3,22,19.141438961029053,805,402
50,d,4,22,27.31528615951538,1154,515
50,d,5,22,41.32423806190491,897,1402
50,d,6,22,13.183680772781372,1008,388
50,d,7,22,23.788585662841797,1008,1103
50,d,8,22,21.810582637786865,1310,1127
50,d,9,22,15.037277936935425,1320,1241
52,c,2,25,30.958900451660156,1507,727
52,c,3,25,42.92064929008484,805,504
52,c,4,25,23.79157280921936,1154,1464
52,c,5,25,23.300106048583984,897,1404
52,c,6,25,19.18963885307312,1008,1065
52,c,7,25,18.936614990234375,1008,1377
52,c,8,25,19.781046152114868,1310,394
52,c,9,25,20.715089082717896,1320,431
52,d,2,25,42.43668746948242,1507,737
52,d,3,25,30.23811411857605,805,515
52,d,4,25,19.526021480560303,1154,1429
52,d,5,25,39.21461796760559,897,1585
52,d,6,25,16.258492946624756,1008,1508
52,d,7,25,25.936262845993042,1008,1352
52,d,8,25,20.57483720779419,1310,1274
52,d,9,25,14.405028104782104,1320,556
59,c,2,29,44.52050256729126,1507,1145
59,c,3,29,31.97507882118225,805,1421
59,c,4,29,21.935302734375,1154,1439
59,c,5,29,48.42402410507202,897,1620
59,c,6,29,16.497597217559814,1008,434
59,c,7,29,23.450581073760986,1008,1586
59,c,8,29,18.381945610046387,1310,1470
59,c,9,29,24.504602432250977,1320,1590
59,d,2,29,35.60766267776489,1507,976
59,d,3,29,31.45369839668274,805,558
59,d,4,29,22.982916116714478,1154,1649
59,d,5,29,43.74490261077881,897,1649
59,d,6,29,23.19362163543701,1008,1739
59,d,7,29,23.692521333694458,1008,1560
59,d,8,29,27.714194536209106,1310,1470
59,d,9,29,31.329614639282227,1320,1590
40,c,2,38,33.543864727020264,1507,700
40,c,3,38,17.695627689361572,805,511
40,c,4,38,27.411574125289917,1154,612
40,c,5,38,36.77377367019653,897,2108
40,c,6,38,52.937864542007446,1008,3119
40,c,7,38,25.45818328857422,1008,1794
40,c,8,38,46.39070987701416,1310,1911
40,c,9,38,31.969877004623413,1320,2067
40,d,2,38,44.946309328079224,1507,1719
40,d,3,38,30.164579391479492,805,581
40,d,4,38,27.126349449157715,1154,2144
40,d,5,38,56.802398920059204,897,2378
40,d,6,38,18.819164752960205,1008,679
40,d,7,38,42.02304410934448,1008,2080
40,d,8,38,40.945117712020874,1310,1911
40,d,9,38,20.023078203201294,1320,2067
41,c,2,32,86.82185578346252,1507,1244
41,c,3,32,34.90015196800232,805,625
41,c,4,32,34.36799120903015,1154,574
41,c,5,32,26.77597212791443,897,2012
41,c,6,32,63.712918519973755,1008,1417
41,c,7,32,38.369741916656494,1008,1664
41,c,8,32,30.554075002670288,1310,1617
41,c,9,32,34.5821795463562,1320,1749
41,d,2,32,42.64144563674927,1507,817
41,d,3,32,33.72494697570801,805,497
41,d,4,32,24.358283281326294,1154,1583
41,d,5,32,28.911664724349976,897,2012
41,d,6,32,32.271130084991455,1008,1748
41,d,7,32,33.51370120048523,1008,1768
41,d,8,32,22.98267436027527,1310,1617
41,d,9,32,33.09381556510925,1320,1749
58,c,2,35,41.24901986122131,1507,1458
58,c,3,35,55.80352783203125,805,705
58,c,4,35,43.50625705718994,1154,1775
58,c,5,35,51.169301986694336,897,2195
58,c,6,35,34.52630400657654,1008,1475
58,c,7,35,32.9934298992157,1008,1872
58,c,8,35,30.388341903686523,1310,1764
58,c,9,35,80.13294339179993,1320,1220
58,d,2,35,48.753582239151,1507,885
58,d,3,35,42.65303921699524,805,685
58,d,4,35,30.880513668060303,1154,1775
58,d,5,35,31.075363874435425,897,2034
58,d,6,35,24.410264492034912,1008,1475
58,d,7,35,35.714831829071045,1008,1872
58,d,8,35,22.798120498657227,1310,1764
58,d,9,35,25.079691410064697,1320,1941
56,c,2,38,54.09884977340698,1507,730
56,c,3,38,16.91837978363037,805,525
56,c,4,38,35.392350912094116,1154,579
56,c,5,38,17.804277181625366,897,2378
56,c,6,38,29.33103108406067,1008,2339
56,c,7,38,36.10787582397461,1008,2132
56,c,8,38,25.51416850090027,1310,562
56,c,9,38,37.32003831863403,1320,2067
56,d,2,38,28.383546352386475,1507,717
56,d,3,38,623.7886216640472,805,511
56,d,4,38,37.24018621444702,1154,2199
56,d,5,38,34.85744667053223,897,2052
56,d,6,38,30.627074480056763,1008,2315
56,d,7,38,24.064496755599976,1008,2066
56,d,8,38,41.823604583740234,1310,1911
56,d,9,38,30.334569692611694,1320,2120
48,c,2,40,80.55703282356262,1507,962
48,c,3,40,32.30593729019165,805,768
48,c,4,40,44.13892316818237,1154,762
48,c,5,40,56.94147086143494,897,2439
48,c,6,40,24.568992614746094,1008,2493
48,c,7,40,57.83659863471985,1008,2236
48,c,8,40,1243.4529283046722,1310,2058
48,c,9,40,42.99061918258667,1320,2173
48,d,2,40,31.030840635299683,1507,820
48,d,3,40,47.45780682563782,805,768
48,d,4,40,51.153648853302,1154,965
48,d,5,40,52.96223044395447,897,2526
48,d,6,40,30.258814096450806,1008,2394
48,d,7,40,22.74037504196167,1008,2236
48,d,8,40,23.535086631774902,1310,2058
48,d,9,40,36.4695463180542,1320,2226
65,c,2,4,8.989527702331543,1507,214
65,c,3,4,8.606567859649658,805,239
65,c,4,4,6.62266993522644,1154,239
65,c,5,4,8.49121642112732,897,274
65,c,6,4,7.292900085449219,1008,214
65,c,7,4,3.704047918319702,1008,209
65,c,8,4,12.441874980926514,1310,184
65,c,9,4,4.144324541091919,1320,239
65,d,2,4,7.460504055023193,1507,210
65,d,3,4,7.307542324066162,805,121
65,d,4,4,7.881015300750732,1154,243
65,d,5,4,10.080362319946289,897,274
65,d,6,4,6.95362401008606,1008,214
65,d,7,4,18.1436607837677,1008,268
65,d,8,4,7.288069725036621,1310,245
65,d,9,4,6.807436466217041,1320,269
99,c,2,15,33.56616425514221,1507,623
99,c,3,15,11.850824356079102,805,751
99,c,4,15,17.509055614471436,1154,767
99,c,5,15,29.745912313461304,897,879
99,c,6,15,10.106365203857422,1008,686
99,c,7,15,7.148536920547485,1008,687
99,c,8,15,14.882035493850708,1310,591
99,c,9,15,26.0857994556427,1320,863
99,d,2,15,29.52375864982605,1507,687
99,d,3,15,18.118668794631958,805,319
99,d,4,15,13.808434247970581,1154,259
99,d,5,15,19.807020902633667,897,879
99,d,6,15,11.239339113235474,1008,431
99,d,7,15,15.818089485168457,1008,847
99,d,8,15,12.471051454544067,1310,784
99,d,9,15,9.951480865478516,1320,848
78,c,2,7,17.920446157455444,1507,335
78,c,3,7,7.858084201812744,805,391
78,c,4,7,7.301694869995117,1154,383
78,c,5,7,9.751431703567505,897,447
78,c,6,7,76.89239144325256,1008,335
78,c,7,7,10.636692762374878,1008,423
78,c,8,7,12.54229474067688,1310,392
78,c,9,7,13.384814023971558,1320,431
78,d,2,7,28.58232045173645,1507,900
78,d,3,7,16.543230533599854,805,183
78,d,4,7,10.782072305679321,1154,383
78,d,5,7,9.821121215820312,897,439
78,d,6,7,7.025479078292847,1008,423
78,d,7,7,52.36543035507202,1008,335
78,d,8,7,5.711032867431641,1310,142
78,d,9,7,15.177029609680176,1320,383
63,c,2,15,22.950656414031982,1507,687
63,c,3,15,17.809635639190674,805,751
63,c,4,15,18.834139108657837,1154,832
63,c,5,15,24.26802349090576,897,879
63,c,6,15,16.86775279045105,1008,350
63,c,7,15,12.352892398834229,1008,829
63,c,8,15,31.004031658172607,1310,703
63,c,9,15,22.88746166229248,1320,863
63,d,2,15,16.74913001060486,1507,687
63,d,3,15,26.14863657951355,805,319
63,d,4,15,12.789021015167236,1154,259
63,d,5,15,16.77881908416748,897,879
63,d,6,15,21.18023681640625,1008,927
63,d,7,15,12.933425664901733,1008,280
63,d,8,15,14.552539825439453,1310,784
63,d,9,15,17.96304941177368,1320,863
88,c,2,15,12.851634740829468,1507,751
88,c,3,15,30.905949354171753,805,319
88,c,4,15,24.035151481628418,1154,767
88,c,5,15,18.483491897583008,897,895
88,c,6,15,21.943074703216553,1008,926
88,c,7,15,12.468718528747559,1008,671
88,c,8,15,14.631818056106567,1310,784
88,c,9,15,20.58183526992798,1320,350
88,d,2,15,22.987369537353516,1507,743
88,d,3,15,20.587032556533813,805,259
88,d,4,15,14.716769456863403,1154,877
88,d,5,15,28.62489604949951,897,879
88,d,6,15,23.441339254379272,1008,927
88,d,7,15,16.06949496269226,1008,847
88,d,8,15,17.388750076293945,1310,784
88,d,9,15,9.024579048156738,1320,863
73,c,2,8,20.44386339187622,1507,566
73,c,3,8,10.310490846633911,805,431
73,c,4,8,12.102576732635498,1154,423
73,c,5,8,8.000965595245361,897,502
73,c,6,8,8.213045597076416,1008,783
73,c,7,8,13.022412776947021,1008,501
73,c,8,8,11.153022050857544,1310,441
73,c,9,8,10.328742742538452,1320,477
73,d,2,8,7.797637939453125,1507,386
73,d,3,8,24.443689107894897,805,368
73,d,4,8,9.461808681488037,1154,161
73,d,5,8,17.85039234161377,897,494
73,d,6,8,163.5987205505371,1008,164
73,d,7,8,6.929435729980469,1008,476
73,d,8,8,12.040172576904297,1310,441
73,d,9,8,8.152348279953003,1320,477
80,c,2,16,25.460437774658203,1507,477
80,c,3,16,22.702823162078857,805,814
80,c,4,16,10.962435722351074,1154,883
80,c,5,16,32.000160694122314,897,934
80,c,6,16,26.58805775642395,1008,441
80,c,7,16,24.365379810333252,1008,903
80,c,8,16,10.464418888092041,1310,268
80,c,9,16,26.407043933868408,1320,401
80,d,2,16,31.192071676254272,1507,492
80,d,3,16,18.928160429000854,805,337
80,d,4,16,31.55493712425232,1154,1155
80,d,5,16,21.169351816177368,897,936
80,d,6,16,14.622173547744751,1008,416
80,d,7,16,17.930963039398193,1008,713
80,d,8,16,15.452469110488892,1310,268
80,d,9,16,17.74910807609558,1320,397
71,c,2,19,41.36558532714844,1507,871
71,c,3,19,15.724326133728027,805,939
71,c,4,19,11.087402582168579,1154,1114
71,c,5,19,24.34587049484253,897,1080
71,c,6,19,17.555237293243408,1008,1159
71,c,7,19,17.940056085586548,1008,858
71,c,8,19,27.96570634841919,1310,980
71,c,9,19,9.509602308273315,1320,759
71,d,2,19,67.29520153999329,1507,891
71,d,3,19,9.005098342895508,805,959
71,d,4,19,20.665929555892944,1154,940
71,d,5,19,27.289349794387817,897,1099
71,d,6,19,14.085220098495483,1008,839
71,d,7,19,23.018903255462646,1008,1059
71,d,8,19,22.90188980102539,1310,980
71,d,9,19,16.202884674072266,1320,1079
72,c,2,17,84.29434776306152,1507,1191
72,c,3,17,22.381887912750244,805,355
72,c,4,17,13.234365701675415,1154,880
72,c,5,17,32.572824239730835,897,989
72,c,6,17,11.212361097335815,1008,278
72,c,7,17,16.379558801651,1008,772
72,c,8,17,21.838164567947388,1310,282
72,c,9,17,17.619014739990234,1320,971
72,d,2,17,23.12702989578247,1507,480
72,d,3,17,14.859165668487549,805,287
72,d,4,17,17.427310466766357,1154,287
72,d,5,17,11.811641693115234,897,293
72,d,6,17,36.80259728431702,1008,772
72,d,7,17,19.766315460205078,1008,953
72,d,8,17,10.966596126556396,1310,282
72,d,9,17,19.341771364212036,1320,971
98,c,2,25,19.906137228012085,1507,1860
98,c,3,25,30.266289949417114,805,399
98,c,4,25,75.89839768409729,1154,1247
98,c,5,25,37.11312699317932,897,1429
98,c,6,25,31.34610629081726,1008,1091
98,c,7,25,24.07064414024353,1008,1352
98,c,8,25,34.15659832954407,1310,1274
98,c,9,25,35.03263211250305,1320,562
98,d,2,25,19.454736948013306,1507,530
98,d,3,25,22.06989049911499,805,499
98,d,4,25,17.417341232299805,1154,397
98,d,5,25,28.982191562652588,897,1404
98,d,6,25,23.783682584762573,1008,389
98,d,7,25,17.870770692825317,1008,1352
98,d,8,25,22.732983827590942,1310,394
98,d,9,25,14.111444234848022,1320,1378
60,c,2,20,28.625091075897217,1507,913
60,c,3,20,86.28652691841125,805,1007
60,c,4,20,19.689727067947388,1154,987
60,c,5,20,28.02777910232544,897,1154
60,c,6,20,36.111159324645996,1008,902
60,c,7,20,27.291640043258667,1008,986
60,c,8,20,14.933666706085205,1310,1028
60,c,9,20,22.62419605255127,1320,1132
60,d,2,20,22.783921480178833,1507,902
60,d,3,20,32.382631063461304,805,1007
60,d,4,20,23.65282678604126,1154,385
60,d,5,20,24.58569860458374,897,1154
60,d,6,20,18.549354791641235,1008,881
60,d,7,20,30.05013155937195,1008,1112
60,d,8,20,21.4219868183136,1310,1049
60,d,9,20,31.97379779815674,1320,1133
82,c,2,30,34.39234948158264,1507,1384
82,c,3,30,24.674288749694824,805,774
82,c,4,30,31.63729763031006,1154,1702
82,c,5,30,34.17373466491699,897,1704
82,c,6,30,31.426206350326538,1008,1855
82,c,7,30,17.25761580467224,1008,1301
82,c,8,30,22.990943908691406,1310,1393
82,c,9,30,38.39669322967529,1320,777
82,d,2,30,35.82704019546509,1507,669
82,d,3,30,19.97241973876953,805,413
82,d,4,30,43.452566385269165,1154,1736
82,d,5,30,25.707324266433716,897,1759
82,d,6,30,31.649537086486816,1008,1797
82,d,7,30,40.30523443222046,1008,1664
82,d,8,30,33.38769888877869,1310,1519
82,d,9,30,16.33276915550232,1320,1643
70,c,2,12,24.855334281921387,1507,507
70,c,3,12,25.739566802978516,805,635
70,c,4,12,261.76070976257324,1154,635
70,c,5,12,19.29396343231201,897,714
70,c,6,12,9.856613159179688,1008,753
70,c,7,12,8.6584312915802,1008,257
70,c,8,12,9.866854190826416,1310,480
70,c,9,12,9.103105783462524,1320,236
70,d,2,12,16.198035717010498,1507,558
70,d,3,12,19.368633270263672,805,265
70,d,4,12,10.92263412475586,1154,655
70,d,5,12,21.66431450843811,897,796
70,d,6,12,9.549764156341553,1008,545
70,d,7,12,12.082780599594116,1008,688
70,d,8,12,14.97137975692749,1310,212
70,d,9,12,8.292467594146729,1320,263
79,c,2,21,126.68578696250916,1507,1518
79,c,3,21,35.7437539100647,805,428
79,c,4,21,11.125439167022705,1154,1141
79,c,5,21,11.422322273254395,897,1385
79,c,6,21,17.81638240814209,1008,1144
79,c,7,21,21.567362308502197,1008,1165
79,c,8,21,77.43028807640076,1310,1010
79,c,9,21,35.38936734199524,1320,480
79,d,2,21,21.130725383758545,1507,947
79,d,3,21,21.651546478271484,805,430
79,d,4,21,22.867799758911133,1154,346
79,d,5,21,19.80976915359497,897,1209
79,d,6,21,23.744592428207397,1008,1165
79,d,7,21,24.945760011672974,1008,1165
79,d,8,21,14.191811561584473,1310,338
79,d,9,21,19.930793285369873,1320,558
68,c,2,29,59.205617904663086,1507,775
68,c,3,29,47.1881422996521,805,571
68,c,4,29,20.68364906311035,1154,475
68,c,5,29,70.85842156410217,897,1852
68,c,6,29,26.711628675460815,1008,1739
68,c,7,29,21.08336877822876,1008,1380
68,c,8,29,31.713493585586548,1310,1470
68,c,9,29,32.917036294937134,1320,1590
68,d,2,29,17.89719271659851,1507,583
68,d,3,29,31.822293519973755,805,539
68,d,4,29,27.702286958694458,1154,475
68,d,5,29,45.3796501159668,897,1824
68,d,6,29,22.9524188041687,1008,1739
68,d,7,29,21.531869649887085,1008,1612
68,d,8,29,18.91998028755188,1310,1470
68,d,9,29,23.661014318466187,1320,1590
74,c,2,21,32.76750135421753,1507,1795
74,c,3,21,14.12411880493164,805,1315
74,c,4,21,25.717571020126343,1154,1031
74,c,5,21,44.984211444854736,897,1231
74,c,6,21,20.361680269241333,1008,923
74,c,7,21,35.575671434402466,1008,1012
74,c,8,21,8.124197006225586,1310,835
74,c,9,21,32.24077343940735,1320,488
74,d,2,21,40.08521246910095,1507,624
74,d,3,21,21.0421404838562,805,452
74,d,4,21,19.450324058532715,1154,458
74,d,5,21,163.88299036026,897,1209
74,d,6,21,15.02249813079834,1008,919
74,d,7,21,18.944486141204834,1008,442
74,d,8,21,14.982611417770386,1310,340
74,d,9,21,19.367429494857788,1320,456
94,c,2,29,66.11779403686523,1507,632
94,c,3,29,35.94806456565857,805,574
94,c,4,29,25.010246753692627,1154,1617
94,c,5,29,42.69363784790039,897,1594
94,c,6,29,40.2368597984314,1008,1288
94,c,7,29,41.79290795326233,1008,1738
94,c,8,29,24.83034372329712,1310,449
94,c,9,29,32.17202353477478,1320,584
94,d,2,29,38.580366134643555,1507,677
94,d,3,29,25.799863815307617,805,455
94,d,4,29,30.862485885620117,1154,453
94,d,5,29,20.54680037498474,897,1674
94,d,6,29,17.716357231140137,1008,1797
94,d,7,29,26.841381072998047,1008,1643
94,d,8,29,27.603503227233887,1310,1470
94,d,9,29,32.664464235305786,1320,1594
61,c,2,32,50.90326118469238,1507,1069
61,c,3,32,24.44108748435974,805,1583
61,c,4,32,32.93055701255798,1154,1814
61,c,5,32,76.34014439582825,897,1847
61,c,6,32,40.89370584487915,1008,1881
61,c,7,32,39.14966177940369,1008,1418
61,c,8,32,30.138532638549805,1310,1617
61,c,9,32,28.35521149635315,1320,1748
61,d,2,32,36.49607729911804,1507,884
61,d,3,32,35.405351877212524,805,1814
61,d,4,32,24.786587715148926,1154,1583
61,d,5,32,36.42731332778931,897,1814
61,d,6,32,20.18886399269104,1008,2027
61,d,7,32,33.48550891876221,1008,1188
61,d,8,32,22.997295141220093,1310,1617
61,d,9,32,35.908127546310425,1320,1751
97,c,2,32,28.048863172531128,1507,554
97,c,3,32,23.02045488357544,805,1450
97,c,4,32,48.178117990493774,1154,1583
97,c,5,32,17.16404700279236,897,1517
97,c,6,32,73.79608869552612,1008,1913
97,c,7,32,49.51901865005493,1008,1675
97,c,8,32,37.949825048446655,1310,1617
97,c,9,32,37.415668964385986,1320,858
97,d,2,32,45.437710762023926,1507,1430
97,d,3,32,31.479113578796387,805,567
97,d,4,32,41.48075270652771,1154,1583
97,d,5,32,34.40055012702942,897,1814
97,d,6,32,28.55748414993286,1008,1913
97,d,7,32,31.4820659160614,1008,1716
97,d,8,32,19.09856414794922,1310,1617
97,d,9,32,20.7969388961792,1320,1749
95,c,2,16,311.6322271823883,1507,769
95,c,3,16,13.669276714324951,805,353
95,c,4,16,24.999634981155396,1154,1032
95,c,5,16,18.134894847869873,897,933
95,c,6,16,12.163397550582886,1008,265
95,c,7,16,19.97371482849121,1008,900
95,c,8,16,16.708275318145752,1310,833
95,c,9,16,24.217670679092407,1320,358
95,d,2,16,46.372432231903076,1507,978
95,d,3,16,16.4489529132843,805,336
95,d,4,16,12.62649655342102,1154,356
95,d,5,16,16.28549838066101,897,934
95,d,6,16,8.724775791168213,1008,265
95,d,7,16,9.049481868743896,1008,900
95,d,8,16,24.922868967056274,1310,833
95,d,9,16,12.030122995376587,1320,901
92,c,2,30,21.909838914871216,1507,1532
92,c,3,30,11.875278949737549,805,1456
92,c,4,30,28.45669960975647,1154,565
92,c,5,30,40.16156077384949,897,1674
92,c,6,30,114.08643555641174,1008,1301
92,c,7,30,33.260619163513184,1008,1642
92,c,8,30,24.24578595161438,1310,1519
92,c,9,30,31.212677717208862,1320,1643
92,d,2,30,59.53909730911255,1507,977
92,d,3,30,14.8126220703125,805,413
92,d,4,30,37.18105459213257,1154,1487
92,d,5,30,32.237839698791504,897,1704
92,d,6,30,24.93893527984619,1008,1664
92,d,7,30,53.32575440406799,1008,1332
92,d,8,30,33.9288387298584,1310,1519
92,d,9,30,30.564610481262207,1320,1643
69,c,2,37,43.10975003242493,1507,882
69,c,3,37,30.4095516204834,805,1785
69,c,4,37,38.09299635887146,1154,635
69,c,5,37,90.50375509262085,897,1011
69,c,6,37,33.422597885131836,1008,2261
69,c,7,37,15.139300107955933,1008,1595
69,c,8,37,25.370957851409912,1310,1911
69,c,9,37,49.867780447006226,1320,2062
69,d,2,37,45.58929896354675,1507,1052
69,d,3,37,37.050377368927,805,712
69,d,4,37,33.237388372421265,1154,2089
69,d,5,37,33.15782117843628,897,2366
69,d,6,37,21.120662212371826,1008,1139
69,d,7,37,37.45499300956726,1008,1976
69,d,8,37,38.1815767288208,1310,1862
69,d,9,37,21.932992458343506,1320,2014
93,c,2,35,71.27249431610107,1507,967
93,c,3,35,36.7832772731781,805,1690
93,c,4,35,46.56078839302063,1154,1993
93,c,5,35,39.22941446304321,897,2220
93,c,6,35,35.53236651420593,1008,2161
93,c,7,35,53.62566328048706,1008,1511
93,c,8,35,12.795131206512451,1310,1331
93,c,9,35,19.509623765945435,1320,1908
93,d,2,35,29.081801414489746,1507,842
93,d,3,35,42.916128396987915,805,2012
93,d,4,35,38.90769338607788,1154,2006
93,d,5,35,55.175370931625366,897,2282
93,d,6,35,36.1787166595459,1008,2052
93,d,7,35,23.933912992477417,1008,1872
93,d,8,35,39.208526372909546,1310,1764
93,d,9,35,22.550560474395752,1320,1908
76,c,2,31,85.56952357292175,1507,983
76,c,3,31,62.08869004249573,805,1704
76,c,4,31,24.076525449752808,1154,1535
76,c,5,31,91.76494121551514,897,799
76,c,6,31,28.807581901550293,1008,1270
76,c,7,31,18.104284048080444,1008,1343
76,c,8,31,31.91331934928894,1310,1568
76,c,9,31,25.02287769317627,1320,1696
76,d,2,31,75.17203164100647,1507,1250
76,d,3,31,44.833048582077026,805,1759
76,d,4,31,20.317741870880127,1154,1759
76,d,5,31,50.84188795089722,897,2012
76,d,6,31,18.64161467552185,1008,1311
76,d,7,31,21.023122549057007,1008,1632
76,d,8,31,22.761183738708496,1310,1568
76,d,9,31,19.60120677947998,1320,1696
67,c,2,28,93.3416817188263,1507,1138
67,c,3,28,15.348208665847778,805,1420
67,c,4,28,57.8275043964386,1154,1391
67,c,5,28,51.34907865524292,897,1768
67,c,6,28,47.73105597496033,1008,1676
67,c,7,28,24.14351773262024,1008,1536
67,c,8,28,87.2044370174408,1310,1275
67,c,9,28,42.93443727493286,1320,1544
67,d,2,28,47.359095335006714,1507,944
67,d,3,28,35.26442289352417,805,1449
67,d,4,28,20.00479745864868,1154,493
67,d,5,28,44.45003390312195,897,1566
67,d,6,28,13.20111894607544,1008,436
67,d,7,28,16.35817837715149,1008,1334
67,d,8,28,20.427728414535522,1310,1421
67,d,9,28,28.98397994041443,1320,1565
87,c,2,22,21.535712718963623,1507,896
87,c,3,22,16.574856758117676,805,1218
87,c,4,22,28.700485706329346,1154,374
87,c,5,22,33.4221305847168,897,1264
87,c,6,22,23.069449186325073,1008,1129
87,c,7,22,34.316794872283936,1008,1218
87,c,8,22,270.02620935440063,1310,850
87,c,9,22,33.3990421295166,1320,479
87,d,2,22,33.727298974990845,1507,670
87,d,3,22,19.705114126205444,805,1264
87,d,4,22,21.889558792114258,1154,367
87,d,5,22,37.479264974594116,897,1264
87,d,6,22,26.514389991760254,1008,449
87,d,7,22,16.28537154197693,1008,1218
87,d,8,22,16.48371648788452,1310,1127
87,d,9,22,17.545525789260864,1320,1219
89,c,2,21,36.13793468475342,1507,2137
89,c,3,21,387.22746682167053,805,1011
89,c,4,21,18.085432291030884,1154,1055
89,c,5,21,22.453060150146484,897,1188
89,c,6,21,17.68332862854004,1008,1279
89,c,7,21,22.1439950466156,1008,1165
89,c,8,21,19.19724464416504,1310,338
89,c,9,21,20.83620595932007,1320,562
89,d,2,21,37.02524518966675,1507,1121
89,d,3,21,17.728132486343384,805,427
89,d,4,21,15.743725299835205,1154,343
89,d,5,21,25.235713005065918,897,1209
89,d,6,21,15.510899305343628,1008,1275
89,d,7,21,15.630354404449463,1008,1165
89,d,8,21,13.861954689025879,1310,1078
89,d,9,21,18.42575240135193,1320,527
96,c,2,39,97.47333669662476,1507,4509
96,c,3,39,104.41928839683533,805,2040
96,c,4,39,33.865074157714844,1154,1933
96,c,5,39,47.898033618927,897,999
96,c,6,39,66.55437517166138,1008,1639
96,c,7,39,21.116069078445435,1008,1199
96,c,8,39,44.50770139694214,1310,2009
96,c,9,39,28.838314056396484,1320,681
96,d,2,39,34.89971923828125,1507,1737
96,d,3,39,34.970824241638184,805,751
96,d,4,39,48.34545683860779,1154,956
96,d,5,39,37.01966404914856,897,2438
96,d,6,39,27.08228039741516,1008,2377
96,d,7,39,31.061611652374268,1008,2132
96,d,8,39,26.004210472106934,1310,2009
96,d,9,39,28.53121018409729,1320,2173
64,c,2,6,11.536948442459106,1507,300
64,c,3,6,9.466568231582642,805,328
64,c,4,6,10.834702730178833,1154,335
64,c,5,6,50.20383620262146,897,314
64,c,6,6,7.187089443206787,1008,293
64,c,7,6,9.705994129180908,1008,370
64,c,8,6,6.875962972640991,1310,343
64,c,9,6,18.195042610168457,1320,335
64,d,2,6,11.587441444396973,1507,300
64,d,3,6,12.371095418930054,805,157
64,d,4,6,7.122598648071289,1154,355
64,d,5,6,9.303351163864136,897,314
64,d,6,6,607.376923084259,1008,293
64,d,7,6,9.426841497421265,1008,370
64,d,8,6,6.236554861068726,1310,128
64,d,9,6,7.310194492340088,1320,371
57,c,2,4,6.10851788520813,1507,214
57,c,3,4,9.109107255935669,805,121
57,c,4,4,5.182954549789429,1154,243
57,c,5,4,6.859879493713379,897,274
57,c,6,4,5.09180760383606,1008,289
57,c,7,4,7.451972961425781,1008,264
57,c,8,4,4.371387720108032,1310,100
57,c,9,4,5.136293888092041,1320,269
57,d,2,4,4.4173054695129395,1507,214
57,d,3,4,4.7778403759002686,805,121
57,d,4,4,4.637879371643066,1154,243
57,d,5,4,5.316356897354126,897,274
57,d,6,4,4.477137088775635,1008,97
57,d,7,4,3.4958503246307373,1008,264
57,d,8,4,3.2598798274993896,1310,100
57,d,9,4,6.4842689037323,1320,269
90,c,2,14,20.28081178665161,1507,477
90,c,3,14,11.023602724075317,805,245
90,c,4,14,12.374645471572876,1154,253
90,c,5,14,10.506849765777588,897,824
90,c,6,14,9.94662618637085,1008,243
90,c,7,14,9.902616024017334,1008,793
90,c,8,14,9.976696729660034,1310,735
90,c,9,14,9.387696266174316,1320,794
90,d,2,14,24.180373907089233,1507,603
90,d,3,14,11.52759075164795,805,301
90,d,4,14,12.454065799713135,1154,735
90,d,5,14,15.842509984970093,897,824
90,d,6,14,6.039188385009766,1008,240
90,d,7,14,8.212121486663818,1008,793
90,d,8,14,7.893230199813843,1310,240
90,d,9,14,8.40519666671753,1320,795
75,c,2,19,23.46879243850708,1507,487
75,c,3,19,18.454976797103882,805,376
75,c,4,19,16.61721897125244,1154,1094
75,c,5,19,14.270387649536133,897,1099
75,c,6,19,15.803467512130737,1008,1159
75,c,7,19,15.221506118774414,1008,1059
75,c,8,19,15.311553955078125,1310,980
75,c,9,19,15.622864484786987,1320,398
75,d,2,19,19.33380651473999,1507,490
75,d,3,19,14.89769458770752,805,1099
75,d,4,19,13.205666542053223,1154,475
75,d,5,19,13.666523218154907,897,1080
75,d,6,19,9.50473141670227,1008,1159
75,d,7,19,12.843303442001343,1008,1059
75,d,8,19,10.609038591384888,1310,980
75,d,9,19,13.358821868896484,1320,392
83,c,2,24,32.883188009262085,1507,567
83,c,3,24,24.686102867126465,805,481
83,c,4,24,18.843297004699707,1154,1389
83,c,5,24,27.300302028656006,897,1522
83,c,6,24,21.114096879959106,1008,1449
83,c,7,24,19.54078769683838,1008,1324
83,c,8,24,14.744600772857666,1310,1225
83,c,9,24,11.15577507019043,1320,1325
83,d,2,24,17.784531831741333,1507,678
83,d,3,24,22.783520460128784,805,1329
83,d,4,24,10.961438179016113,1154,384
83,d,5,24,16.691028118133545,897,487
83,d,6,24,21.788379430770874,1008,1324
83,d,7,24,14.403745174407959,1008,1324
83,d,8,24,12.652841567993164,1310,380
83,d,9,24,13.342745780944824,1320,389
86,c,2,27,23.277518033981323,1507,1203
86,c,3,27,26.784646034240723,805,535
86,c,4,27,24.792623281478882,1154,1577
86,c,5,27,32.356404542922974,897,1707
86,c,6,27,17.143382787704468,1008,1147
86,c,7,27,21.142231225967407,1008,1456
86,c,8,27,11.638968229293823,1310,422
86,c,9,27,13.369996786117554,1320,1484
86,d,2,27,20.978554725646973,1507,1199
86,d,3,27,13.481145143508911,805,371
86,d,4,27,15.808238506317139,1154,1537
86,d,5,27,13.476112127304077,897,433
86,d,6,27,20.96530318260193,1008,1483
86,d,7,27,16.64512825012207,1008,1456
86,d,8,27,22.499485969543457,1310,1372
86,d,9,27,13.814449310302734,1320,1484
62,c,2,28,45.47869563102722,1507,814
62,c,3,28,24.619309425354004,805,553
62,c,4,28,22.764559268951416,1154,643
62,c,5,28,29.279059648513794,897,1566
62,c,6,28,24.06266713142395,1008,1229
62,c,7,28,16.394126653671265,1008,1508
62,c,8,28,16.968756198883057,1310,1617
62,c,9,28,17.904478311538696,1320,1537
62,d,2,28,36.201998472213745,1507,1227
62,d,3,28,11.762667179107666,805,441
62,d,4,28,16.60109519958496,1154,1471
62,d,5,28,12.94490909576416,897,447
62,d,6,28,12.804648160934448,1008,1536
62,d,7,28,15.265263557434082,1008,1508
62,d,8,28,15.476162672042847,1310,1421
62,d,9,28,12.941600322723389,1320,1537
91,c,2,36,50.0736780166626,1507,1620
91,c,3,36,32.419195890426636,805,690
91,c,4,36,28.354503870010376,1154,1979
91,c,5,36,32.056649923324585,897,2256
91,c,6,36,22.04866647720337,1008,2109
91,c,7,36,33.5239942073822,1008,2145
91,c,8,36,24.689265966415405,1310,1813
91,c,9,36,20.667709589004517,1320,1961
91,d,2,36,19.57623553276062,1507,724
91,d,3,36,24.931514024734497,805,672
91,d,4,36,32.518829584121704,1154,1943
91,d,5,36,25.833311080932617,897,1979
91,d,6,36,14.747954368591309,1008,2145
91,d,7,36,26.91720485687256,1008,1924
91,d,8,36,30.662503004074097,1310,1813
91,d,9,36,12.19331979751587,1320,591
66,c,2,39,65.44617867469788,1507,1301
66,c,3,39,17.60990285873413,805,531
66,c,4,39,29.733253717422485,1154,1871
66,c,5,39,24.776520252227783,897,2437
66,c,6,39,20.357622861862183,1008,2435
66,c,7,39,27.36217713356018,1008,2184
66,c,8,39,25.84715175628662,1310,2009
66,c,9,39,26.3295156955719,1320,942
66,d,2,39,28.682056188583374,1507,993
66,d,3,39,18.941286325454712,805,595
66,d,4,39,23.03056263923645,1154,2204
66,d,5,39,24.517111778259277,897,2498
66,d,6,39,29.82189702987671,1008,2377
66,d,7,39,20.98655104637146,1008,2280
66,d,8,39,22.232210397720337,1310,2009
66,d,9,39,31.80366063117981,1320,2173
81,c,2,43,41.663946866989136,1507,751
81,c,3,43,38.9684271812439,805,859
81,c,4,43,32.35649919509888,1154,2474
81,c,5,43,652.0469217300415,897,2529
81,c,6,43,644.4888899326324,1008,2622
81,c,7,43,44.69955372810364,1008,2431
81,c,8,43,41.111809492111206,1310,2205
81,c,9,43,58.76612854003906,1320,1028
81,d,2,43,27.95797371864319,1507,871
81,d,3,43,59.89544177055359,805,867
81,d,4,43,38.12780785560608,1154,2159
81,d,5,43,47.18682670593262,897,2746
81,d,6,43,636.1796579360962,1008,2508
81,d,7,43,45.91203284263611,1008,2238
81,d,8,43,31.456056356430054,1310,776
81,d,9,43,32.27113604545593,1320,2385
134,c,2,16,38.73031425476074,1507,814
134,c,3,16,16.609351634979248,805,346
134,c,4,16,14.351072788238525,1154,865
134,c,5,16,12.41466498374939,897,935
134,c,6,16,25.89514470100403,1008,729
134,c,7,16,11.719266414642334,1008,900
134,c,8,16,13.691337585449219,1310,833
134,c,9,16,28.740086555480957,1320,1071
134,d,2,16,16.75876259803772,1507,425
134,d,3,16,9.937790870666504,805,273
134,d,4,16,12.075419902801514,1154,280
134,d,5,16,18.736303567886353,897,951
134,d,6,16,13.292458057403564,1008,268
134,d,7,16,13.789332628250122,1008,900
134,d,8,16,16.04196333885193,1310,833
134,d,9,16,10.716850280761719,1320,866
124,c,2,13,20.389308214187622,1507,601
124,c,3,13,7.844600439071655,805,670
124,c,4,13,25.383661031723022,1154,669
124,c,5,13,17.650861024856567,897,769
124,c,6,13,31.803685903549194,1008,1222
124,c,7,13,9.916011810302734,1008,657
124,c,8,13,8.72384262084961,1310,226
124,c,9,13,17.799817323684692,1320,315
124,d,2,13,9.285682201385498,1507,273
124,d,3,13,45.40405344963074,805,349
124,d,4,13,10.731133460998535,1154,712
124,d,5,13,10.401666402816772,897,756
124,d,6,13,13.156847715377808,1008,741
124,d,7,13,14.033800601959229,1008,741
124,d,8,13,8.556539058685303,1310,226
124,d,9,13,29.880069255828857,1320,671
111,c,2,20,31.336827039718628,1507,661
111,c,3,20,26.259188652038574,805,524
111,c,4,20,15.927767753601074,1154,1069
111,c,5,20,22.413185358047485,897,1175
111,c,6,20,15.245106220245361,1008,338
111,c,7,20,16.799204111099243,1008,1092
111,c,8,20,10.200345754623413,1310,324
111,c,9,20,27.153109550476074,1320,1132
111,d,2,20,22.059574604034424,1507,545
111,d,3,20,11.369516849517822,805,329
111,d,4,20,18.839478015899658,1154,1007
111,d,5,20,24.400810480117798,897,1279
111,d,6,20,12.624079704284668,1008,324
111,d,7,20,10.275667667388916,1008,881
111,d,8,20,22.9155216217041,1310,923
111,d,9,20,24.172955989837646,1320,1113
139,c,2,22,25.431005477905273,1507,534
139,c,3,22,13.997578620910645,805,1103
139,c,4,22,16.185861110687256,1154,357
139,c,5,22,17.7596697807312,897,1402
139,c,6,22,89.65007185935974,1008,965
139,c,7,22,19.098567485809326,1008,1218
139,c,8,22,14.894187450408936,1310,352
139,c,9,22,16.595242261886597,1320,1219
139,d,2,22,24.052515983581543,1507,988
139,d,3,22,13.734007120132446,805,357
139,d,4,22,23.558680534362793,1154,1125
139,d,5,22,28.863903999328613,897,1264
139,d,6,22,21.11305332183838,1008,942
139,d,7,22,17.888878107070923,1008,1218
139,d,8,22,20.404467821121216,1310,1127
139,d,9,22,20.853726625442505,1320,1219
130,c,2,18,20.94403624534607,1507,816
130,c,3,18,99.3580334186554,805,892
130,c,4,18,20.193684101104736,1154,893
130,c,5,18,57.86756420135498,897,1063
130,c,6,18,14.561599254608154,1008,296
130,c,7,18,10.18243670463562,1008,797
130,c,8,18,19.008673667907715,1310,949
130,c,9,18,16.572073459625244,1320,1025
130,d,2,18,25.385204315185547,1507,511
130,d,3,18,16.90719699859619,805,301
130,d,4,18,15.497896671295166,1154,1044
130,d,5,18,18.23071813583374,897,1044
130,d,6,18,13.720857381820679,1008,316
130,d,7,18,17.38278365135193,1008,1006
130,d,8,18,15.672541618347168,1310,931
130,d,9,18,20.78394913673401,1320,1007
105,c,2,25,32.51285982131958,1507,574
105,c,3,25,30.39251184463501,805,1013
105,c,4,25,16.128950357437134,1154,394
105,c,5,25,27.627249002456665,897,1454
105,c,6,25,22.215770483016968,1008,1507
105,c,7,25,18.737870454788208,1008,1377
105,c,8,25,88.86282849311829,1310,961
105,c,9,25,27.316651105880737,1320,1413
105,d,2,25,20.010150909423828,1507,398
105,d,3,25,33.839197635650635,805,497
105,d,4,25,17.262906551361084,1154,413
105,d,5,25,30.915974855422974,897,1404
105,d,6,25,25.187376022338867,1008,1507
105,d,7,25,18.036497116088867,1008,1377
105,d,8,25,26.50931406021118,1310,514
105,d,9,25,23.81262707710266,1320,1378
117,c,2,31,35.02265191078186,1507,820
117,c,3,31,35.140647888183594,805,1814
117,c,4,31,29.660184621810913,1154,1763
117,c,5,31,26.51417112350464,897,1854
117,c,6,31,27.458189249038696,1008,1856
117,c,7,31,21.203810214996338,1008,1472
117,c,8,31,22.47175884246826,1310,1568
117,c,9,31,27.67803955078125,1320,1727
117,d,2,31,31.197497367858887,1507,1332
117,d,3,31,23.69629168510437,805,1535
117,d,4,31,36.51270771026611,1154,1757
117,d,5,31,37.95815348625183,897,1957
117,d,6,31,32.11529898643494,1008,1913
117,d,7,31,27.852991580963135,1008,1716
117,d,8,31,23.029361248016357,1310,1568
117,d,9,31,23.01284885406494,1320,540
115,c,2,28,34.831775426864624,1507,656
115,c,3,28,25.935846090316772,805,552
115,c,4,28,25.101441860198975,1154,1391
115,c,5,28,47.13436937332153,897,1708
115,c,6,28,23.960291624069214,1008,1188
115,c,7,28,25.622689962387085,1008,1683
115,c,8,28,27.791110038757324,1310,547
115,c,9,28,21.739880323410034,1320,1565
115,d,2,28,48.78086757659912,1507,1028
115,d,3,28,20.196789264678955,805,441
115,d,4,28,35.011473655700684,1154,1716
115,d,5,28,33.436309576034546,897,1594
115,d,6,28,29.91870617866516,1008,1672
115,d,7,28,37.43101668357849,1008,1683
115,d,8,28,22.901700019836426,1310,436
115,d,9,28,23.43685793876648,1320,1537
120,c,2,27,69.63909101486206,1507,2044
120,c,3,27,13.330601215362549,805,1343
120,c,4,27,45.54958891868591,1154,1343
120,c,5,27,30.972983837127686,897,1707
120,c,6,27,29.844547271728516,1008,567
120,c,7,27,30.597434759140015,1008,1483
120,c,8,27,24.497069597244263,1310,1372
120,c,9,27,33.30984139442444,1320,788
120,d,2,27,32.55039644241333,1507,692
120,d,3,27,17.062307357788086,805,427
120,d,4,27,31.4922878742218,1154,1697
120,d,5,27,32.79812788963318,897,1707
120,d,6,27,24.9312686920166,1008,1596
120,d,7,27,24.70393681526184,1008,1456
120,d,8,27,21.143518209457397,1310,422
120,d,9,27,24.076115369796753,1320,1484
103,c,2,23,40.590628147125244,1507,981
103,c,3,23,15.560169219970703,805,379
103,c,4,23,22.041835069656372,1154,1319
103,c,5,23,23.386609315872192,897,599
103,c,6,23,19.487645864486694,1008,1271
103,c,7,23,23.456289768218994,1008,1007
103,c,8,23,37.690592527389526,1310,2782
103,c,9,23,23.614015102386475,1320,530
103,d,2,23,44.15495562553406,1507,888
103,d,3,23,120.90324234962463,805,1151
103,d,4,23,25.555420398712158,1154,369
103,d,5,23,17.469199180603027,897,377
103,d,6,23,18.626914739608765,1008,1271
103,d,7,23,21.066537380218506,1008,1272
103,d,8,23,22.106209993362427,1310,1176
103,d,9,23,20.07271671295166,1320,1295
116,c,2,31,35.4715301990509,1507,844
116,c,3,31,28.935375690460205,805,630
116,c,4,31,33.518282651901245,1154,760
116,c,5,31,35.731009006500244,897,1676
116,c,6,31,25.615626096725464,1008,1855
116,c,7,31,27.162184476852417,1008,1664
116,c,8,31,24.194116353988647,1310,1568
116,c,9,31,32.157480239868164,1320,715
116,d,2,31,45.674004554748535,1507,1222
116,d,3,31,37.260690689086914,805,607
116,d,4,31,30.43784260749817,1154,1758
116,d,5,31,44.80269694328308,897,1782
116,d,6,31,29.020552396774292,1008,1855
116,d,7,31,27.398579120635986,1008,1695
116,d,8,31,23.757351636886597,1310,1568
116,d,9,31,25.311246633529663,1320,593
126,c,2,10,15.910851240158081,1507,522
126,c,3,10,71.76179766654968,805,526
126,c,4,10,281.59262704849243,1154,538
126,c,5,10,17.870950937271118,897,235
126,c,6,10,11.313708305358887,1008,227
126,c,7,10,11.120403051376343,1008,582
126,c,8,10,9.298299551010132,1310,539
126,c,9,10,11.119072675704956,1320,228
126,d,2,10,15.62159013748169,1507,506
126,d,3,10,12.2616126537323,805,229
126,d,4,10,8.433188915252686,1154,189
126,d,5,10,13.590378046035767,897,604
126,d,6,10,8.437944889068604,1008,572
126,d,7,10,9.606005668640137,1008,582
126,d,8,10,9.802233695983887,1310,188
126,d,9,10,7.086471319198608,1320,527
110,c,2,27,36.88843894004822,1507,690
110,c,3,27,56.276323080062866,805,1623
110,c,4,27,30.555596351623535,1154,594
110,c,5,27,38.47232913970947,897,1558
110,c,6,27,33.83202886581421,1008,1623
110,c,7,27,31.3229877948761,1008,1623
110,c,8,27,26.84005570411682,1310,1372
110,c,9,27,31.791287660598755,1320,1839
110,d,2,27,41.56195592880249,1507,681
110,d,3,27,30.038220167160034,805,1539
110,d,4,27,25.58534002304077,1154,1539
110,d,5,27,41.313820362091064,897,1768
110,d,6,27,36.365517377853394,1008,1596
110,d,7,27,30.247126817703247,1008,1623
110,d,8,27,19.00057339668274,1310,422
110,d,9,27,36.04072642326355,1320,1511
136,c,2,16,28.788553714752197,1507,723
136,c,3,16,17.829880714416504,805,492
136,c,4,16,11.932531595230103,1154,273
136,c,5,16,15.847023963928223,897,934
136,c,6,16,34.43028688430786,1008,729
136,c,7,16,14.397212028503418,1008,900
136,c,8,16,8.825984001159668,1310,268
136,c,9,16,17.43199920654297,1320,352
136,d,2,16,31.75898265838623,1507,1203
136,d,3,16,9.598656177520752,805,273
136,d,4,16,15.107462882995605,1154,1487
136,d,5,16,282.63851165771484,897,1479
136,d,6,16,16.67524266242981,1008,985
136,d,7,16,15.201386213302612,1008,729
136,d,8,16,15.207916259765625,1310,833
136,d,9,16,14.125970363616943,1320,917
138,c,2,32,45.772565841674805,1507,874
138,c,3,32,24.411325454711914,805,1517
138,c,4,32,63.44230842590332,1154,1615
138,c,5,32,39.495965003967285,897,1836
138,c,6,32,20.36036229133606,1008,1748
138,c,7,32,27.78069543838501,1008,1716
138,c,8,32,24.389774322509766,1310,1617
138,c,9,32,36.288636684417725,1320,696
138,d,2,32,69.50048613548279,1507,1515
138,d,3,32,24.13149642944336,805,1517
138,d,4,32,30.957918167114258,1154,536
138,d,5,32,29.047868251800537,897,1782
138,d,6,32,29.59346342086792,1008,1913
138,d,7,32,29.594506978988647,1008,1716
138,d,8,32,28.90714454650879,1310,1617
138,d,9,32,30.683629751205444,1320,1749
107,c,2,24,30.785311222076416,1507,670
107,c,3,24,186.42082619667053,805,1223
107,c,4,24,31.78552770614624,1154,758
107,c,5,24,25.38809871673584,897,1490
107,c,6,24,22.738422870635986,1008,456
107,c,7,24,28.563904523849487,1008,1324
107,c,8,24,19.947498083114624,1310,1225
107,c,9,24,26.37748670578003,1320,572
107,d,2,24,35.90186047554016,1507,581
107,d,3,24,31.473703861236572,805,1225
107,d,4,24,19.427919149398804,1154,422
107,d,5,24,26.562053680419922,897,1350
107,d,6,24,23.451180696487427,1008,1324
107,d,7,24,31.099536895751953,1008,1225
107,d,8,24,20.13905143737793,1310,380
107,d,9,24,18.11211061477661,1320,1325
118,c,2,20,32.65169620513916,1507,626
118,c,3,20,295.0902578830719,805,1007
118,c,4,20,13.456851959228516,1154,325
118,c,5,20,15.113432884216309,897,335
118,c,6,20,17.399022817611694,1008,881
118,c,7,20,18.25925302505493,1008,1112
118,c,8,20,19.359287977218628,1310,1029
118,c,9,20,21.501702070236206,1320,1113
118,d,2,20,24.784076929092407,1507,902
118,d,3,20,14.861168146133423,805,329
118,d,4,20,15.714707851409912,1154,1069
118,d,5,20,29.531219482421875,897,1278
118,d,6,20,16.213026762008667,1008,324
118,d,7,20,17.42678666114807,1008,1112
118,d,8,20,16.30427384376526,1310,324
118,d,9,20,19.903156757354736,1320,1113
132,c,2,11,12.8676016330719,1507,515
132,c,3,11,402.28062081336975,805,563
132,c,4,11,14.00682783126831,1154,254
132,c,5,11,16.721785068511963,897,702
132,c,6,11,13.131121397018433,1008,695
132,c,7,11,10.30372667312622,1008,635
132,c,8,11,8.808622598648071,1310,203
132,c,9,11,16.76466727256775,1320,301
132,d,2,11,13.405767679214478,1507,515
132,d,3,11,17.263801097869873,805,575
132,d,4,11,10.089904546737671,1154,203
132,d,5,11,13.57876706123352,897,659
132,d,6,11,9.102751016616821,1008,697
132,d,7,11,12.212822437286377,1008,635
132,d,8,11,13.853493690490723,1310,588
132,d,9,11,11.411350011825562,1320,636
133,c,2,37,56.83063077926636,1507,1331
133,c,3,37,28.19263458251953,805,714
133,c,4,37,31.59410786628723,1154,2133
133,c,5,37,48.47419285774231,897,2365
133,c,6,37,27.633007049560547,1008,2198
133,c,7,37,28.668208837509155,1008,1975
133,c,8,37,29.371564865112305,1310,1862
133,c,9,37,37.64595079421997,1320,2017
133,d,2,37,60.37685990333557,1507,1101
133,d,3,37,20.518185138702393,805,511
133,d,4,37,45.24074053764343,1154,1839
133,d,5,37,51.58783221244812,897,2231
133,d,6,37,37.460535764694214,1008,2223
133,d,7,37,35.007967710494995,1008,2080
133,d,8,37,35.005083322525024,1310,1911
133,d,9,37,37.85564994812012,1320,2016
121,c,2,16,95.99394392967224,1507,1302
121,c,3,16,11.812021970748901,805,273
121,c,4,16,14.655565738677979,1154,815
121,c,5,16,15.572821140289307,897,1033
121,c,6,16,12.070419788360596,1008,269
121,c,7,16,68.65245461463928,1008,729
121,c,8,16,15.530508995056152,1310,833
121,c,9,16,16.69049644470215,1320,917
121,d,2,16,252.53434014320374,1507,1964
121,d,3,16,15.570369482040405,805,273
121,d,4,16,15.501266956329346,1154,815
121,d,5,16,23.433912754058838,897,1037
121,d,6,16,12.133170127868652,1008,269
121,d,7,16,17.25605821609497,1008,900
121,d,8,16,22.26199245452881,1310,833
121,d,9,16,18.251277685165405,1320,901
125,c,2,32,50.24422526359558,1507,1113
125,c,3,32,15.426701068878174,805,443
125,c,4,32,118.28360509872437,1154,1615
125,c,5,32,35.35722017288208,897,1836
125,c,6,32,31.40773344039917,1008,1881
125,c,7,32,24.974584102630615,1008,1485
125,c,8,32,36.11090302467346,1310,1617
125,c,9,32,32.63972544670105,1320,677
125,d,2,32,64.30885052680969,1507,1222
125,d,3,32,39.57978081703186,805,639
125,d,4,32,26.81366515159607,1154,1583
125,d,5,32,38.701586961746216,897,1814
125,d,6,32,32.50975561141968,1008,1918
125,d,7,32,27.92941117286682,1008,1768
125,d,8,32,28.62208342552185,1310,1617
125,d,9,32,26.10760807991028,1320,1749
129,c,2,33,98.5038058757782,1507,2380
129,c,3,33,20.338420629501343,805,515
129,c,4,33,21.036648511886597,1154,517
129,c,5,33,15.042657613754272,897,1869
129,c,6,33,30.84391736984253,1008,1918
129,c,7,33,29.208004236221313,1008,1768
129,c,8,33,31.937857389450073,1310,1666
129,c,9,33,55.062936782836914,1320,1017
129,d,2,33,87.09068036079407,1507,1883
129,d,3,33,35.34704923629761,805,627
129,d,4,33,32.605188608169556,1154,1631
129,d,5,33,39.42944312095642,897,2073
129,d,6,33,29.418132781982422,1008,1973
129,d,7,33,27.46185851097107,1008,1768
129,d,8,33,30.773585081100464,1310,1666
129,d,9,33,46.625638484954834,1320,896
106,c,2,15,29.8870210647583,1507,800
106,c,3,15,23.31047034263611,805,1315
106,c,4,15,18.39603066444397,1154,869
106,c,5,15,76.55785012245178,897,975
106,c,6,15,22.998137950897217,1008,671
106,c,7,15,10.552088737487793,1008,847
106,c,8,15,16.415600061416626,1310,843
106,c,9,15,19.021886348724365,1320,927
106,d,2,15,15.413045167922974,1507,339
106,d,3,15,18.546178817749023,805,899
106,d,4,15,355.4044506549835,1154,771
106,d,5,15,22.99296545982361,897,936
106,d,6,15,12.128090858459473,1008,251
106,d,7,15,13.365415573120117,1008,847
106,d,8,15,13.302910327911377,1310,784
106,d,9,15,15.682465553283691,1320,848
114,c,2,29,39.60968232154846,1507,928
114,c,3,29,15.468666076660156,805,399
114,c,4,29,27.227054595947266,1154,1643
114,c,5,29,273.9434161186218,897,3326
114,c,6,29,26.564279317855835,1008,1270
114,c,7,29,23.88974356651306,1008,1380
114,c,8,29,17.447681188583374,1310,450
114,c,9,29,24.501278400421143,1320,523
114,d,2,29,30.119772911071777,1507,1160
114,d,3,29,28.339932918548584,805,539
114,d,4,29,31.133522272109985,1154,830
114,d,5,29,38.132530212402344,897,1837
114,d,6,29,34.57814335823059,1008,1589
114,d,7,29,24.03630518913269,1008,1380
114,d,8,29,23.335482358932495,1310,1470
114,d,9,29,27.575237035751343,1320,576
109,c,2,22,387.12448740005493,1507,873
109,c,3,22,15.095981359481812,805,357
109,c,4,22,16.17007064819336,1154,355
109,c,5,22,37.83971309661865,897,1264
109,c,6,22,14.617859840393066,1008,352
109,c,7,22,21.233965635299683,1008,1218
109,c,8,22,20.815346002578735,1310,1127
109,c,9,22,21.41894268989563,1320,1241
109,d,2,22,21.86677050590515,1507,988
109,d,3,22,14.315148115158081,805,357
109,d,4,22,16.749390840530396,1154,355
109,d,5,22,39.69426441192627,897,1402
109,d,6,22,21.67605686187744,1008,1196
109,d,7,22,18.707067012786865,1008,1218
109,d,8,22,18.27817416191101,1310,1127
109,d,9,22,13.95571231842041,1320,361
104,c,2,14,18.910650730133057,1507,734
104,c,3,14,11.41500735282898,805,719
104,c,4,14,147.0132384300232,1154,733
104,c,5,14,16.242536306381226,897,824
104,c,6,14,11.185210466384888,1008,280
104,c,7,14,13.04293155670166,1008,825
104,c,8,14,12.1839120388031,1310,735
104,c,9,14,15.589529275894165,1320,330
104,d,2,14,15.944741487503052,1507,644
104,d,3,14,379.96865367889404,805,305
104,d,4,14,10.98658537864685,1154,244
104,d,5,14,23.256795644760132,897,824
104,d,6,14,16.693031072616577,1008,897
104,d,7,14,10.306576013565063,1008,794
104,d,8,14,11.963270664215088,1310,735
104,d,9,14,12.439388990402222,1320,809
135,c,2,25,22.463621377944946,1507,489
135,c,3,25,29.04660677909851,805,1247
135,c,4,25,15.792810201644897,1154,396
135,c,5,25,398.2936918735504,897,1404
135,c,6,25,34.54484844207764,1008,1504
135,c,7,25,23.31308913230896,1008,1377
135,c,8,25,22.180970191955566,1310,1274
135,c,9,25,20.491016149520874,1320,1378
135,d,2,25,30.8509304523468,1507,1117
135,d,3,25,25.960129261016846,805,513
135,d,4,25,27.609018087387085,1154,1474
135,d,5,25,32.08596730232239,897,1455
135,d,6,25,25.01352572441101,1008,515
135,d,7,25,20.538028955459595,1008,1377
135,d,8,25,25.40765380859375,1310,1274
135,d,9,25,20.579249382019043,1320,1378
101,c,2,18,31.237366676330566,1507,675
101,c,3,18,492.49662590026855,805,929
101,c,4,18,18.37354588508606,1154,893
101,c,5,18,20.4397554397583,897,1026
101,c,6,18,22.245848894119263,1008,1102
101,c,7,18,33.70260691642761,1008,1101
101,c,8,18,23.412102460861206,1310,388
101,c,9,18,18.737626552581787,1320,395
101,d,2,18,22.35072112083435,1507,816
101,d,3,18,17.589921951293945,805,381
101,d,4,18,11.755550384521484,1154,310
101,d,5,18,13.208077907562256,897,1044
101,d,6,18,23.30726194381714,1008,357
101,d,7,18,21.83682894706726,1008,434
101,d,8,18,12.231984376907349,1310,296
101,d,9,18,20.712842226028442,1320,1007
123,c,2,18,28.7523455619812,1507,638
123,c,3,18,522.232310295105,805,911
123,c,4,18,14.39122748374939,1154,301
123,c,5,18,19.331411361694336,897,1026
123,c,6,18,21.296977758407593,1008,323
123,c,7,18,16.237961769104004,1008,1006
123,c,8,18,19.544800758361816,1310,931
123,c,9,18,17.88706874847412,1320,377
123,d,2,18,31.81258487701416,1507,545
123,d,3,18,22.232600212097168,805,379
123,d,4,18,18.777970790863037,1154,893
123,d,5,18,27.146358251571655,897,1044
123,d,6,18,21.928025007247925,1008,1101
123,d,7,18,18.04985785484314,1008,1006
123,d,8,18,14.453213930130005,1310,296
123,d,9,18,26.730961322784424,1320,1007
122,c,2,17,595.6626160144806,1507,1289
122,c,3,17,25.170096397399902,805,383
122,c,4,17,16.389865398406982,1154,863
122,c,5,17,14.124078035354614,897,342
122,c,6,17,19.662691831588745,1008,1044
122,c,7,17,17.8091299533844,1008,953
122,c,8,17,16.67458701133728,1310,882
122,c,9,17,20.462821006774902,1320,359
122,d,2,17,20.73431968688965,1507,392
122,d,3,17,18.11205744743347,805,345
122,d,4,17,20.121967792510986,1154,367
122,d,5,17,15.402755498886108,897,989
122,d,6,17,19.272928714752197,1008,1043
122,d,7,17,14.213920831680298,1008,953
122,d,8,17,24.437570095062256,1310,882
122,d,9,17,13.548397541046143,1320,295
112,c,2,18,28.900903940200806,1507,594
112,c,3,18,615.236631155014,805,301
112,c,4,18,19.136772394180298,1154,911
112,c,5,18,15.496978521347046,897,307
112,c,6,18,15.650883674621582,1008,987
112,c,7,18,13.970873832702637,1008,1006
112,c,8,18,16.837893962860107,1310,931
112,c,9,18,21.803354263305664,1320,1007
112,d,2,18,27.712026596069336,1507,688
112,d,3,18,13.725428104400635,805,301
112,d,4,18,12.515347957611084,1154,304
112,d,5,18,15.66840648651123,897,307
112,d,6,18,13.572648525238037,1008,292
112,d,7,18,14.918287754058838,1008,1006
112,d,8,18,13.028950214385986,1310,296
112,d,9,18,16.194512605667114,1320,1007
102,c,2,20,34.66624426841736,1507,631
102,c,3,20,25.255920886993408,805,1174
102,c,4,20,15.505653381347656,1154,460
102,c,5,20,549.2149310112,897,1679
102,c,6,20,16.199928045272827,1008,1217
102,c,7,20,17.51676082611084,1008,1112
102,c,8,20,15.386110544204712,1310,324
102,c,9,20,33.35296154022217,1320,657
102,d,2,20,17.634629011154175,1507,406
102,d,3,20,21.459112644195557,805,369
102,d,4,20,18.990992307662964,1154,393
102,d,5,20,33.001328468322754,897,1184
102,d,6,20,22.180383682250977,1008,1217
102,d,7,20,21.87445592880249,1008,1112
102,d,8,20,18.229426622390747,1310,1049
102,d,9,20,24.89784264564514,1320,482
137,c,2,8,10.461730241775513,1507,386
137,c,3,8,44.08345174789429,805,423
137,c,4,8,10.149969577789307,1154,198
137,c,5,8,9.551952838897705,897,503
137,c,6,8,156.80110049247742,1008,377
137,c,7,8,8.301363706588745,1008,476
137,c,8,8,8.939209222793579,1310,441
137,c,9,8,617.1015594005585,1320,487
137,d,2,8,12.350170612335205,1507,386
137,d,3,8,11.67141842842102,805,193
137,d,4,8,9.233842372894287,1154,159
137,d,5,8,9.973239421844482,897,494
137,d,6,8,10.512814283370972,1008,377
137,d,7,8,11.060721397399902,1008,476
137,d,8,8,13.02849268913269,1310,441
137,d,9,8,11.023316621780396,1320,242
127,c,2,22,29.747117042541504,1507,746
127,c,3,22,629.6504471302032,805,1149
127,c,4,22,21.93753671646118,1154,1081
127,c,5,22,26.785706281661987,897,1242
127,c,6,22,22.360936641693115,1008,1333
127,c,7,22,27.148764610290527,1008,1165
127,c,8,22,19.038452863693237,1310,1127
127,c,9,22,51.233970403671265,1320,809
127,d,2,22,40.019214153289795,1507,707
127,d,3,22,30.563542127609253,805,1171
127,d,4,22,15.26584529876709,1154,362
127,d,5,22,33.01214623451233,897,1402
127,d,6,22,21.134721040725708,1008,942
127,d,7,22,16.935990810394287,1008,1218
127,d,8,22,21.72152090072632,1310,1127
127,d,9,22,20.49062418937683,1320,479
108,c,2,30,25.487447261810303,1507,650
108,c,3,30,95.42438077926636,805,1456
108,c,4,30,29.342129707336426,1154,1699
108,c,5,30,644.3344612121582,897,1704
108,c,6,30,37.278756618499756,1008,1910
108,c,7,30,42.236974239349365,1008,1611
108,c,8,30,28.85349464416504,1310,1519
108,c,9,30,37.84801506996155,1320,652
108,d,2,30,28.46958351135254,1507,1375
108,d,3,30,37.879799127578735,805,589
108,d,4,30,28.710557460784912,1154,1783
108,d,5,30,26.798521041870117,897,1728
108,d,6,30,32.50512933731079,1008,1824
108,d,7,30,32.036911725997925,1008,1664
108,d,8,30,22.960486888885498,1310,1519
108,d,9,30,37.48734474182129,1320,1643
113,c,2,24,23.019002676010132,1507,478
113,c,3,24,234.09162616729736,805,1349
113,c,4,24,625.5069179534912,1154,546
113,c,5,24,20.201003789901733,897,1374
113,c,6,24,20.833786964416504,1008,1449
113,c,7,24,21.457041025161743,1008,1324
113,c,8,24,14.789750099182129,1310,380
113,c,9,24,30.928788423538208,1320,645
113,d,2,24,19.37601900100708,1507,481
113,d,3,24,34.382091999053955,805,1373
113,d,4,24,28.165740728378296,1154,419
113,d,5,24,31.129601001739502,897,1374
113,d,6,24,25.125718116760254,1008,1449
113,d,7,24,27.084392070770264,1008,1324
113,d,8,24,15.51261281967163,1310,380
113,d,9,24,31.121920824050903,1320,563
77,c,2,42,60.355536699295044,1507,1315
77,c,3,42,1248.7065725326538,805,823
77,c,4,42,30.97190284729004,1154,2159
77,c,5,42,634.5626266002655,897,2322
77,c,6,42,32.84324884414673,1008,2621
77,c,7,42,30.725353956222534,1008,2496
77,c,8,42,38.31816506385803,1310,2156
77,c,9,42,37.83728837966919,1320,2332
77,d,2,42,44.64324450492859,1507,1088
77,d,3,42,57.753090381622314,805,823
77,d,4,42,30.708953142166138,1154,743
77,d,5,42,40.03720545768738,897,2364
77,d,6,42,651.7029321193695,1008,2736
77,d,7,42,52.48842239379883,1008,874
77,d,8,42,29.446321964263916,1310,646
77,d,9,42,44.67823529243469,1320,2332
26,c,2,45,229.3751335144043,1507,1702
26,c,3,45,40.08828258514404,805,2648
26,c,4,45,54.289456605911255,1154,967
26,c,5,45,57.193429470062256,897,2741
26,c,6,45,648.6590571403503,1008,2736
26,c,7,45,1235.4242703914642,1008,2496
26,c,8,45,53.86526322364807,1310,2352
26,c,9,45,35.428112268447876,1320,2483
26,d,2,45,50.41690397262573,1507,930
26,d,3,45,51.00733017921448,805,2527
26,d,4,45,640.7759547233582,1154,746
26,d,5,45,639.3679976463318,897,2528
26,d,6,45,43.995498180389404,1008,2600
26,d,7,45,1836.7408385276794,1008,2652
26,d,8,45,32.683950662612915,1310,2401
26,d,9,45,34.17091178894043,1320,2544
100,c,2,44,672.8644759654999,1507,1132
100,c,3,44,4269.954670190811,805,859
100,c,4,44,51.855384349823,1154,2402
100,c,5,44,49.41455888748169,897,1011
100,c,6,44,33.51662540435791,1008,723
100,c,7,44,41.303879261016846,1008,2392
100,c,8,44,42.555325746536255,1310,2205
100,c,9,44,49.14167857170105,1320,2384
100,d,2,44,97.79565787315369,1507,1056
100,d,3,44,70.1592812538147,805,2473
100,d,4,44,41.575982332229614,1154,941
100,d,5,44,52.02242660522461,897,2872
100,d,6,44,45.960232734680176,1008,2496
100,d,7,44,1852.990462064743,1008,2444
100,d,8,44,43.47484016418457,1310,866
100,d,9,44,641.852991104126,1320,2491
39,c,2,45,51.197514057159424,1507,1296
39,c,3,45,38.910751819610596,805,891
39,c,4,45,39.36001682281494,1154,2482
39,c,5,45,38.07139706611633,897,2599
39,c,6,45,4856.904658317566,1008,2736
39,c,7,45,49.35612154006958,1008,912
39,c,8,45,40.02507734298706,1310,2254
39,c,9,45,50.495917320251465,1320,927
39,d,2,45,48.17078351974487,1507,965
39,d,3,45,46.167906761169434,805,823
39,d,4,45,37.629279136657715,1154,708
39,d,5,45,636.2162148952484,897,2592
39,d,6,45,59.41454529762268,1008,2668
39,d,7,45,4256.00900220871,1008,2392
39,d,8,45,31.473392724990845,1310,2254
39,d,9,45,43.91616344451904,1320,2388
85,c,2,45,45.13192534446716,1507,2062
85,c,3,45,1240.6256465911865,805,883
85,c,4,45,38.008684158325195,1154,2529
85,c,5,45,51.72682189941406,897,2478
85,c,6,45,4243.317723035812,1008,2793
85,c,7,45,644.6768300533295,1008,2208
85,c,8,45,50.72297286987305,1310,2401
85,c,9,45,59.875279903411865,1320,2435
85,d,2,45,46.32572627067566,1507,1014
85,d,3,45,5442.576424837112,805,883
85,d,4,45,36.52817225456238,1154,2207
85,d,5,45,58.00620150566101,897,2828
85,d,6,45,39.26910972595215,1008,2736
85,d,7,45,36.272074937820435,1008,2116
85,d,8,45,48.97683835029602,1310,2352
85,d,9,45,631.3137362003326,1320,2491
84,c,2,46,48.54153847694397,1507,2148
84,c,3,46,47.03245663642883,805,892
84,c,4,46,29.60203742980957,1154,810
84,c,5,46,61.07241106033325,897,2866
84,c,6,46,35.42681384086609,1008,3015
84,c,7,46,16852.624179840088,1008,2397
84,c,8,46,40.15279006958008,1310,2597
84,c,9,46,23.921340465545654,1320,2597
84,d,2,46,29.91978406906128,1507,818
84,d,3,46,642.8531041145325,805,892
84,d,4,46,7248.500444412231,1154,3243
84,d,5,46,46.86206531524658,897,2529
84,d,6,46,1239.851604938507,1008,2008
84,d,7,46,44.28098678588867,1008,2397
84,d,8,46,46.9188277721405,1310,2450
84,d,9,46,28.819477319717407,1320,2650
175,c,2,2,3.9328339099884033,1507,113
175,c,3,2,3.8974390029907227,805,140
175,c,4,2,3.949955940246582,1154,141
175,c,5,2,2.5503437519073486,897,167
175,c,6,2,3.093242645263672,1008,128
175,c,7,2,2.262040376663208,1008,128
175,c,8,2,7.124633073806763,1310,170
175,c,9,2,3.99088191986084,1320,143
175,d,2,2,2.459277629852295,1507,113
175,d,3,2,2.782721996307373,805,140
175,d,4,2,2.4985907077789307,1154,215
175,d,5,2,3.0338821411132812,897,134
175,d,6,2,1.930912733078003,1008,128
175,d,7,2,2.1512906551361084,1008,125
175,d,8,2,3.0719497203826904,1310,131
175,d,9,2,2.4515740871429443,1320,191
174,c,2,6,7.796163320541382,1507,300
174,c,3,6,2.968545436859131,805,335
174,c,4,6,12.558873653411865,1154,341
174,c,5,6,3.958944320678711,897,378
174,c,6,6,4.3464250564575195,1008,307
174,c,7,6,4.73454475402832,1008,308
174,c,8,6,2.8577687740325928,1310,314
174,c,9,6,3.754694700241089,1320,329
174,d,2,6,7.473097085952759,1507,433
174,d,3,6,4.8875343799591064,805,335
174,d,4,6,2.72536563873291,1154,341
174,d,5,6,6.918014049530029,897,258
174,d,6,6,4.914635181427002,1008,405
174,d,7,6,6.929738759994507,1008,370
174,d,8,6,8.940160512924194,1310,128
174,d,9,6,5.204881429672241,1320,258
119,c,2,5,9.562776803970337,1507,193
119,c,3,5,2.662506103515625,805,287
119,c,4,5,4.991117238998413,1154,292
119,c,5,5,8.609670162200928,897,329
119,c,6,5,7.262936115264893,1008,257
119,c,7,5,4.415417671203613,1008,257
119,c,8,5,3.049348831176758,1310,222
119,c,9,5,6.073239326477051,1320,227
119,d,2,5,23.455429792404175,1507,685
119,d,3,5,7.143897771835327,805,139
119,d,4,5,4.937753915786743,1154,292
119,d,5,5,4.321467399597168,897,329
119,d,6,5,5.161118507385254,1008,262
119,d,7,5,5.160067081451416,1008,257
119,d,8,5,4.713564872741699,1310,268
119,d,9,5,3.2102274894714355,1320,335
179,c,2,11,8.593625783920288,1507,1395
179,c,3,11,7.559272766113281,805,647
179,c,4,11,11.53352403640747,1154,679
179,c,5,11,9.077694177627563,897,647
179,c,6,11,10.430482864379883,1008,503
179,c,7,11,8.404983758926392,1008,503
179,c,8,11,10.82804250717163,1310,455
179,c,9,11,13.067368984222412,1320,1105
179,d,2,11,10.930420875549316,1507,414
179,d,3,11,6.382014274597168,805,575
179,d,4,11,5.867265939712524,1154,924
179,d,5,11,5.567819833755493,897,539
179,d,6,11,4.194410562515259,1008,371
179,d,7,11,7.3541624546051025,1008,503
179,d,8,11,11.167151689529419,1310,588
179,d,9,11,11.347862243652344,1320,647
154,c,2,13,23.176955699920654,1507,403
154,c,3,13,8.12128472328186,805,671
154,c,4,13,6.948190689086914,1154,503
154,c,5,13,9.407491683959961,897,769
154,c,6,13,8.926326036453247,1008,685
154,c,7,13,8.366166591644287,1008,601
154,c,8,13,11.90737009048462,1310,686
154,c,9,13,6.429092884063721,1320,742
154,d,2,13,11.109395265579224,1507,952
154,d,3,13,5.285353899002075,805,671
154,d,4,13,9.132871150970459,1154,601
154,d,5,13,10.022207736968994,897,769
154,d,6,13,9.45480751991272,1008,741
154,d,7,13,12.193933010101318,1008,741
154,d,8,13,51.08487915992737,1310,226
154,d,9,13,22.38865089416504,1320,728
178,c,2,14,13.097821712493896,1507,1621
178,c,3,14,9.201120853424072,805,719
178,c,4,14,6.116658449172974,1154,761
178,c,5,14,10.766931533813477,897,674
178,c,6,14,7.311467409133911,1008,434
178,c,7,14,13.02523422241211,1008,643
178,c,8,14,7.39185905456543,1310,554
178,c,9,14,12.821494102478027,1320,795
178,d,2,14,20.847903728485107,1507,644
178,d,3,14,10.383808612823486,805,705
178,d,4,14,8.156415939331055,1154,1140
178,d,5,14,6.3670735359191895,897,674
178,d,6,14,11.292241334915161,1008,237
178,d,7,14,12.776893854141235,1008,794
178,d,8,14,37.94563913345337,1310,240
178,d,9,14,69.55134415626526,1320,795
176,c,2,16,15.097520589828491,1507,765
176,c,3,16,5.584463357925415,805,815
176,c,4,16,8.862997770309448,1154,799
176,c,5,16,6.899338006973267,897,934
176,c,6,16,11.95297884941101,1008,815
176,c,7,16,11.107587575912476,1008,883
176,c,8,16,8.793462753295898,1310,628
176,c,9,16,17.548589944839478,1320,917
176,d,2,16,9.820154190063477,1507,730
176,d,3,16,12.20572018623352,805,1193
176,d,4,16,8.982426404953003,1154,831
176,d,5,16,14.670654773712158,897,918
176,d,6,16,13.06613540649414,1008,304
176,d,7,16,54.05160117149353,1008,360
176,d,8,16,53.834672927856445,1310,833
176,d,9,16,14.269505739212036,1320,276
159,c,2,13,14.152273416519165,1507,397
159,c,3,13,8.443988800048828,805,671
159,c,4,13,8.017746925354004,1154,712
159,c,5,13,8.398085594177246,897,769
159,c,6,13,8.358607292175293,1008,587
159,c,7,13,6.596640586853027,1008,600
159,c,8,13,9.597581386566162,1310,895
159,c,9,13,11.70324444770813,1320,742
159,d,2,13,17.279027700424194,1507,1734
159,d,3,13,5.237147331237793,805,657
159,d,4,13,11.231106758117676,1154,1175
159,d,5,13,8.230878591537476,897,1155
159,d,6,13,8.411931037902832,1008,587
159,d,7,13,13.219152450561523,1008,741
159,d,8,13,57.527377128601074,1310,318
159,d,9,13,77.71054530143738,1320,671
155,c,2,19,13.660831451416016,1507,346
155,c,3,19,11.526797771453857,805,920
155,c,4,19,9.033145189285278,1154,819
155,c,5,19,8.95074987411499,897,1099
155,c,6,19,10.334702014923096,1008,859
155,c,7,19,15.004505157470703,1008,839
155,c,8,19,30.458522081375122,1310,514
155,c,9,19,16.320899724960327,1320,959
155,d,2,19,16.22364068031311,1507,859
155,d,3,19,14.503690481185913,805,315
155,d,4,19,48.731046199798584,1154,315
155,d,5,19,14.245874166488647,897,1099
155,d,6,19,48.39414668083191,1008,364
155,d,7,19,59.63116192817688,1008,1059
155,d,8,19,14.155526161193848,1310,310
155,d,9,19,54.47720718383789,1320,1079
145,c,2,19,13.769733667373657,1507,514
145,c,3,19,7.786508321762085,805,939
145,c,4,19,20.857121229171753,1154,940
145,c,5,19,6.346986770629883,897,499
145,c,6,19,15.217159748077393,1008,999
145,c,7,19,17.657379865646362,1008,415
145,c,8,19,12.154857635498047,1310,739
145,c,9,19,17.112193822860718,1320,1339
145,d,2,19,10.74547266960144,1507,465
145,d,3,19,10.442272186279297,805,315
145,d,4,19,14.91001272201538,1154,315
145,d,5,19,52.76782846450806,897,1216
145,d,6,19,59.14799952507019,1008,1159
145,d,7,19,61.366310358047485,1008,1059
145,d,8,19,51.53732919692993,1310,999
145,d,9,19,28.719353675842285,1320,1250
168,c,2,19,20.933492183685303,1507,1513
168,c,3,19,10.921573162078857,805,959
168,c,4,19,14.106844425201416,1154,1424
168,c,5,19,12.853961706161499,897,1597
168,c,6,19,12.006733655929565,1008,1559
168,c,7,19,19.01621174812317,1008,1059
168,c,8,19,13.307761907577515,1310,739
168,c,9,19,12.222537279129028,1320,978
168,d,2,19,15.878056764602661,1507,518
168,d,3,19,12.757401466369629,805,315
168,d,4,19,49.40102744102478,1154,368
168,d,5,19,69.19230079650879,897,1100
168,d,6,19,54.23313593864441,1008,311
168,d,7,19,61.81313920021057,1008,1059
168,d,8,19,21.082684755325317,1310,899
168,d,9,19,32.28793668746948,1320,442
156,c,2,17,20.874760389328003,1507,922
156,c,3,17,9.457875967025757,805,863
156,c,4,17,13.64345097541809,1154,882
156,c,5,17,10.041770458221436,897,990
156,c,6,17,15.728610754013062,1008,772
156,c,7,17,12.02346134185791,1008,953
156,c,8,17,10.83407711982727,1310,791
156,c,9,17,10.053136348724365,1320,846
156,d,2,17,12.270469427108765,1507,564
156,d,3,17,7.298228979110718,805,863
156,d,4,17,20.386895418167114,1154,515
156,d,5,17,118.07700777053833,897,989
156,d,6,17,54.92300748825073,1008,1043
156,d,7,17,57.02137327194214,1008,953
156,d,8,17,16.25591492652893,1310,287
156,d,9,17,45.04263925552368,1320,971
166,c,2,18,23.37670922279358,1507,911
166,c,3,18,7.2525341510772705,805,911
166,c,4,18,9.504611492156982,1154,968
166,c,5,18,9.559391975402832,897,1462
166,c,6,18,25.93711519241333,1008,1284
166,c,7,18,10.091643571853638,1008,588
166,c,8,18,10.222331523895264,1310,702
166,c,9,18,9.336634159088135,1320,911
166,d,2,18,25.01271390914917,1507,1102
166,d,3,18,15.233449220657349,805,373
166,d,4,18,49.33205246925354,1154,301
166,d,5,18,64.66448974609375,897,379
166,d,6,18,58.24613642692566,1008,321
166,d,7,18,56.9142119884491,1008,1006
166,d,8,18,10.080219268798828,1310,296
166,d,9,18,59.767780780792236,1320,373
144,c,2,20,16.76700520515442,1507,797
144,c,3,20,28.973766565322876,805,1029
144,c,4,20,26.570945501327515,1154,1250
144,c,5,20,13.44613265991211,897,1763
144,c,6,20,17.17827582359314,1008,1448
144,c,7,20,9.436717748641968,1008,1091
144,c,8,20,8.712109804153442,1310,776
144,c,9,20,17.20932936668396,1320,1113
144,d,2,20,14.648858308792114,1507,917
144,d,3,20,44.32669401168823,805,1069
144,d,4,20,58.35098719596863,1154,329
144,d,5,20,62.61213278770447,897,1154
144,d,6,20,57.28786015510559,1008,1112
144,d,7,20,18.629703760147095,1008,734
144,d,8,20,50.06034708023071,1310,1049
144,d,9,20,16.487801790237427,1320,1133
164,c,2,27,35.75936508178711,1507,1205
164,c,3,27,14.190783023834229,805,1370
164,c,4,27,8.547821521759033,1154,1400
164,c,5,27,10.067059755325317,897,2752
164,c,6,27,15.339848041534424,1008,1618
164,c,7,27,18.61196732521057,1008,1175
164,c,8,27,10.909086227416992,1310,1231
164,c,9,27,12.457396507263184,1320,1570
164,d,2,27,37.59452533721924,1507,788
164,d,3,27,32.735071659088135,805,427
164,d,4,27,62.42449736595154,1154,425
164,d,5,27,75.1986494064331,897,1512
164,d,6,27,60.837194204330444,1008,1619
164,d,7,27,39.46191096305847,1008,1334
164,d,8,27,26.535959720611572,1310,1399
164,d,9,27,37.250564098358154,1320,1484
177,c,2,31,25.75763201713562,1507,3469
177,c,3,31,12.264991521835327,805,1247
177,c,4,31,21.313605785369873,1154,2463
177,c,5,31,20.547377109527588,897,1759
177,c,6,31,14.813371896743774,1008,1374
177,c,7,31,16.702385187149048,1008,1343
177,c,8,31,17.391719579696655,1310,1215
177,c,9,31,21.315253734588623,1320,671
177,d,2,31,18.959365606307983,1507,655
177,d,3,31,36.334805727005005,805,607
177,d,4,31,63.19234585762024,1154,1813
177,d,5,31,62.86917853355408,897,1759
177,d,6,31,58.567272901535034,1008,1855
177,d,7,31,59.13041687011719,1008,1472
177,d,8,31,18.856192111968994,1310,1568
177,d,9,31,30.987963914871216,1320,1696
160,c,2,28,21.152150869369507,1507,962
160,c,3,28,12.82759714126587,805,1390
160,c,4,28,10.817094087600708,1154,1391
160,c,5,28,16.32037615776062,897,1044
160,c,6,28,21.25256848335266,1008,1188
160,c,7,28,14.013810873031616,1008,1478
160,c,8,28,20.8294620513916,1310,1421
160,c,9,28,11.369931697845459,1320,1623
160,d,2,28,61.055814027786255,1507,1215
160,d,3,28,22.88732409477234,805,1449
160,d,4,28,47.02897644042969,1154,439
160,d,5,28,67.10875153541565,897,1594
160,d,6,28,68.68337559700012,1008,1681
160,d,7,28,52.34986138343811,1008,1334
160,d,8,28,21.211015224456787,1310,1421
160,d,9,28,37.30460739135742,1320,1484
152,c,2,28,24.019455671310425,1507,748
152,c,3,28,14.362603902816772,805,1475
152,c,4,28,17.717987537384033,1154,1594
152,c,5,28,16.509926557540894,897,1622
152,c,6,28,12.23862886428833,1008,1507
152,c,7,28,16.20530414581299,1008,1217
152,c,8,28,18.08249831199646,1310,1101
152,c,9,28,76.15480327606201,1320,1537
152,d,2,28,35.474841594696045,1507,787
152,d,3,28,92.55474591255188,805,441
152,d,4,28,28.09993886947632,1154,774
152,d,5,28,30.182560682296753,897,1594
152,d,6,28,53.6076123714447,1008,1681
152,d,7,28,22.460434436798096,1008,980
152,d,8,28,37.88892364501953,1310,436
152,d,9,28,14.067464113235474,1320,1537
157,c,2,28,26.524472951889038,1507,2297
157,c,3,28,15.625132083892822,805,1362
157,c,4,28,16.133339881896973,1154,1391
157,c,5,28,15.087892055511475,897,1593
157,c,6,28,13.583762407302856,1008,1217
157,c,7,28,15.192065238952637,1008,1932
157,c,8,28,19.471333980560303,1310,1275
157,c,9,28,22.36721897125244,1320,598
157,d,2,28,33.28055214881897,1507,744
157,d,3,28,40.64481210708618,805,601
157,d,4,28,46.195929527282715,1154,1363
157,d,5,28,62.89225196838379,897,1649
157,d,6,28,58.10404658317566,1008,1653
157,d,7,28,61.188400983810425,1008,634
157,d,8,28,15.781794309616089,1310,1421
157,d,9,28,50.24780774116516,1320,559
171,c,2,26,26.318453550338745,1507,1374
171,c,3,26,12.25500750541687,805,1268
171,c,4,26,14.445387601852417,1154,1648
171,c,5,26,13.924529075622559,897,1268
171,c,6,26,17.176777601242065,1008,478
171,c,7,26,13.613070964813232,1008,1133
171,c,8,26,13.979095697402954,1310,1161
171,c,9,26,11.090210676193237,1320,998
171,d,2,26,30.563159227371216,1507,629
171,d,3,26,61.65648317337036,805,549
171,d,4,26,50.76551699638367,1154,544
171,d,5,26,72.32370638847351,897,1643
171,d,6,26,40.14343285560608,1008,1568
171,d,7,26,77.3951358795166,1008,1562
171,d,8,26,47.316280126571655,1310,1323
171,d,9,26,13.834386348724365,1320,1431
167,c,2,29,31.123855352401733,1507,555
167,c,3,29,21.884976387023926,805,1439
167,c,4,29,7.6421661376953125,1154,578
167,c,5,29,29.912992238998413,897,1768
167,c,6,29,17.006106853485107,1008,1259
167,c,7,29,14.714340209960938,1008,1259
167,c,8,29,18.798221349716187,1310,1470
167,c,9,29,59.527831077575684,1320,1619
167,d,2,29,84.59622478485107,1507,593
167,d,3,29,38.57742500305176,805,569
167,d,4,29,29.154932260513306,1154,814
167,d,5,29,43.645474672317505,897,1829
167,d,6,29,32.88241100311279,1008,391
167,d,7,29,26.60786461830139,1008,1612
167,d,8,29,53.38427448272705,1310,1470
167,d,9,29,26.97556233406067,1320,599
140,c,2,31,22.38314962387085,1507,855
140,c,3,31,11.857459783554077,805,1628
140,c,4,31,30.079244375228882,1154,1736
140,c,5,31,22.46730375289917,897,1940
140,c,6,31,13.316251754760742,1008,2560
140,c,7,31,12.384370565414429,1008,2066
140,c,8,31,16.131635189056396,1310,1407
140,c,9,31,27.187994718551636,1320,1696
140,d,2,31,47.25374746322632,1507,699
140,d,3,31,67.07101273536682,805,607
140,d,4,31,85.78521656990051,1154,2337
140,d,5,31,33.692617893218994,897,1951
140,d,6,31,61.93839454650879,1008,1854
140,d,7,31,49.672086238861084,1008,1695
140,d,8,31,22.862722873687744,1310,1568
140,d,9,31,16.781203269958496,1320,1696
141,c,2,24,14.75662875175476,1507,1074
141,c,3,24,10.916765451431274,805,1223
141,c,4,24,19.448458433151245,1154,1199
141,c,5,24,16.7890145778656,897,2075
141,c,6,24,20.520681619644165,1008,380
141,c,7,24,16.129364490509033,1008,1049
141,c,8,24,43.73951435089111,1310,802
141,c,9,24,124.76032137870789,1320,1325
141,d,2,24,65.11126923561096,1507,1074
141,d,3,24,44.91084432601929,805,1258
141,d,4,24,59.50840973854065,1154,447
141,d,5,24,24.70976734161377,897,558
141,d,6,24,36.58791947364807,1008,380
141,d,7,24,20.796082735061646,1008,1324
141,d,8,24,28.346096515655518,1310,640
141,d,9,24,12.747079133987427,1320,1325
172,c,2,23,23.11277675628662,1507,2706
172,c,3,23,11.707872152328491,805,1151
172,c,4,23,12.242922067642212,1154,1128
172,c,5,23,10.676345348358154,897,1319
172,c,6,23,13.5706148147583,1008,1822
172,c,7,23,15.22510576248169,1008,1007
172,c,8,23,9.57412576675415,1310,1055
172,c,9,23,13.948622703552246,1320,1824
172,d,2,23,27.955164670944214,1507,787
172,d,3,23,119.80590438842773,805,371
172,d,4,23,67.84355902671814,1154,1317
172,d,5,23,72.43378806114197,897,1296
172,d,6,23,42.23863506317139,1008,565
172,d,7,23,55.720367670059204,1008,1279
172,d,8,23,20.257507801055908,1310,1176
172,d,9,23,45.394954681396484,1320,375
148,c,2,32,35.1767692565918,1507,1475
148,c,3,32,14.58515477180481,805,2553
148,c,4,32,15.481741428375244,1154,2491
148,c,5,32,38.91070771217346,897,2031
148,c,6,32,13.863060235977173,1008,1385
148,c,7,32,19.95239019393921,1008,1385
148,c,8,32,25.61763310432434,1310,1617
148,c,9,32,34.07758092880249,1320,1749
148,d,2,32,34.020015716552734,1507,1030
148,d,3,32,32.37771701812744,805,497
148,d,4,32,65.22439384460449,1154,1583
148,d,5,32,60.27338910102844,897,1782
148,d,6,32,58.63247561454773,1008,564
148,d,7,32,62.685861587524414,1008,1768
148,d,8,32,21.489017724990845,1310,1617
148,d,9,32,39.811365842819214,1320,1749
150,c,2,33,26.034358501434326,1507,2000
150,c,3,33,15.335455417633057,805,1631
150,c,4,33,14.995345830917358,1154,1633
150,c,5,33,16.86046075820923,897,1902
150,c,6,33,20.016371488571167,1008,1427
150,c,7,33,21.1385338306427,1008,1427
150,c,8,33,20.466391801834106,1310,2685
150,c,9,33,43.1571090221405,1320,3889
150,d,2,33,23.1844539642334,1507,804
150,d,3,33,70.58143901824951,805,642
150,d,4,33,55.73368000984192,1154,1631
150,d,5,33,63.376129388809204,897,2074
150,d,6,33,53.77940511703491,1008,1995
150,d,7,33,68.16386985778809,1008,1768
150,d,8,33,39.61911177635193,1310,1649
150,d,9,33,26.65847420692444,1320,1802
142,c,2,28,36.3414306640625,1507,1246
142,c,3,28,12.667761325836182,805,1130
142,c,4,28,17.07222294807434,1154,1391
142,c,5,28,36.157636880874634,897,1594
142,c,6,28,15.76356053352356,1008,1797
142,c,7,28,16.391636848449707,1008,1217
142,c,8,28,28.770220041275024,1310,1421
142,c,9,28,42.717177391052246,1320,1537
142,d,2,28,51.11757254600525,1507,1248
142,d,3,28,66.14968919754028,805,441
142,d,4,28,58.23821711540222,1154,437
142,d,5,28,64.41440033912659,897,447
142,d,6,28,56.88583278656006,1008,504
142,d,7,28,31.272438049316406,1008,1508
142,d,8,28,23.24760866165161,1310,1421
142,d,9,28,25.006949424743652,1320,1537
162,c,2,25,18.765713453292847,1507,804
162,c,3,25,12.399892091751099,805,1303
162,c,4,25,34.646268367767334,1154,847
162,c,5,25,41.35318183898926,897,1628
162,c,6,25,17.780908823013306,1008,1116
162,c,7,25,14.563738107681274,1008,1221
162,c,8,25,69.369943857193,1310,1274
162,c,9,25,52.39132046699524,1320,1378
162,d,2,25,18.730759859085083,1507,534
162,d,3,25,40.32949090003967,805,399
162,d,4,25,65.48421812057495,1154,397
162,d,5,25,59.2494740486145,897,1350
162,d,6,25,49.02905821800232,1008,400
162,d,7,25,20.34007716178894,1008,1352
162,d,8,25,48.95960330963135,1310,1274
162,d,9,25,19.36750316619873,1320,1403
169,c,2,36,29.957645654678345,1507,4069
169,c,3,36,29.28125262260437,805,1775
169,c,4,36,22.484140396118164,1154,2330
169,c,5,36,15.961294174194336,897,3403
169,c,6,36,14.670594692230225,1008,1553
169,c,7,36,18.713422060012817,1008,1553
169,c,8,36,28.536843299865723,1310,1813
169,c,9,36,62.77045941352844,1320,827
169,d,2,36,51.78565263748169,1507,603
169,d,3,36,60.471540689468384,805,695
169,d,4,36,62.320839405059814,1154,724
169,d,5,36,57.255197525024414,897,2089
169,d,6,36,52.74052906036377,1008,633
169,d,7,36,45.99134635925293,1008,1976
169,d,8,36,24.54460620880127,1310,769
169,d,9,36,30.224435806274414,1320,1961
143,c,2,31,37.37797164916992,1507,680
143,c,3,31,11.51215124130249,805,3036
143,c,4,31,18.585540294647217,1154,1535
143,c,5,31,39.023624420166016,897,1728
143,c,6,31,22.279574394226074,1008,3102
143,c,7,31,17.799171209335327,1008,1716
143,c,8,31,79.92221140861511,1310,2431
143,c,9,31,52.163630962371826,1320,1732
143,d,2,31,73.98951935768127,1507,1131
143,d,3,31,49.8891167640686,805,607
143,d,4,31,50.23246788978577,1154,1784
143,d,5,31,69.89797282218933,897,1949
143,d,6,31,50.51785230636597,1008,1767
143,d,7,31,25.583519458770752,1008,1664
143,d,8,31,18.137300968170166,1310,669
143,d,9,31,24.470712184906006,1320,629
163,c,2,30,44.517059564590454,1507,1355
163,c,3,30,15.742929935455322,805,1518
163,c,4,30,16.222574710845947,1154,580
163,c,5,30,30.24137854576111,897,1708
163,c,6,30,19.79007077217102,1008,1331
163,c,7,30,23.08825397491455,1008,1737
163,c,8,30,57.20021915435791,1310,1519
163,c,9,30,51.850775957107544,1320,685
163,d,2,30,72.94674563407898,1507,576
163,d,3,30,53.43580150604248,805,553
163,d,4,30,66.33967900276184,1154,1704
163,d,5,30,59.68938708305359,897,656
163,d,6,30,60.85274577140808,1008,1824
163,d,7,30,30.378772735595703,1008,585
163,d,8,30,11.021773338317871,1310,1519
163,d,9,30,31.859488010406494,1320,1643
165,c,2,34,36.03710603713989,1507,1190
165,c,3,34,21.380956888198853,805,2945
165,c,4,34,40.09860610961914,1154,767
165,c,5,34,45.971867084503174,897,987
165,c,6,34,73.50523352622986,1008,1434
165,c,7,34,39.9255690574646,1008,1819
165,c,8,34,77.00499081611633,1310,1715
165,c,9,34,55.955310344696045,1320,1855
165,d,2,34,21.10465955734253,1507,740
165,d,3,34,44.91567087173462,805,661
165,d,4,34,50.421746492385864,1154,1924
165,d,5,34,28.31996488571167,897,2134
165,d,6,34,39.15383839607239,1008,2030
165,d,7,34,24.912936449050903,1008,1820
165,d,8,34,29.447853565216064,1310,1715
165,d,9,34,21.572975635528564,1320,1855
146,c,2,33,47.62513017654419,1507,1547
146,c,3,33,28.416341066360474,805,1460
146,c,4,33,11.813854932785034,1154,3468
146,c,5,33,18.420260906219482,897,1903
146,c,6,33,13.359487533569336,1008,849
146,c,7,33,103.88069128990173,1008,1941
146,c,8,33,42.8009877204895,1310,1666
146,c,9,33,57.00831127166748,1320,1802
146,d,2,33,40.27433133125305,1507,1500
146,d,3,33,24.671961069107056,805,686
146,d,4,33,46.81459617614746,1154,550
146,d,5,33,77.62848711013794,897,1924
146,d,6,33,62.43254899978638,1008,1971
146,d,7,33,38.104127168655396,1008,1802
146,d,8,33,24.385162591934204,1310,1666
146,d,9,33,23.07838201522827,1320,1835
149,c,2,34,49.75494432449341,1507,1233
149,c,3,34,18.86573362350464,805,1434
149,c,4,34,32.475685596466064,1154,1924
149,c,5,34,19.557217121124268,897,2309
149,c,6,34,29.657803535461426,1008,2087
149,c,7,34,73.55663728713989,1008,1872
149,c,8,34,48.28328561782837,1310,1715
149,c,9,34,66.53003525733948,1320,1804
149,d,2,34,58.850058794021606,1507,924
149,d,3,34,52.88383412361145,805,703
149,d,4,34,31.148622035980225,1154,600
149,d,5,34,36.00381922721863,897,1935
149,d,6,34,45.558167695999146,1008,2087
149,d,7,34,26.438977003097534,1008,1872
149,d,8,34,28.754230499267578,1310,1715
149,d,9,34,44.65460014343262,1320,1803
173,c,2,34,49.208290815353394,1507,1546
173,c,3,34,14.773210525512695,805,1678
173,c,4,34,32.39084577560425,1154,1679
173,c,5,34,11.689836740493774,897,1993
173,c,6,34,16.70781946182251,1008,1537
173,c,7,34,37.42099118232727,1008,2034
173,c,8,34,35.38722348213196,1310,1715
173,c,9,34,138.72306513786316,1320,529
173,d,2,34,55.55782389640808,1507,893
173,d,3,34,47.663986682891846,805,661
173,d,4,34,16.62751269340515,1154,525
173,d,5,34,61.28909873962402,897,1924
173,d,6,34,57.2015905380249,1008,2033
173,d,7,34,36.19667053222656,1008,1811
173,d,8,34,17.589428424835205,1310,1715
173,d,9,34,35.39175319671631,1320,1961
161,c,2,40,55.50021266937256,1507,1297
161,c,3,40,35.72225785255432,805,2609
161,c,4,40,20.83578634262085,1154,1967
161,c,5,40,25.530776977539062,897,3705
161,c,6,40,31.819836854934692,1008,1721
161,c,7,40,46.47774958610535,1008,2132
161,c,8,40,82.35090017318726,1310,1229
161,c,9,40,33.885974168777466,1320,2173
161,d,2,40,74.15972924232483,1507,1317
161,d,3,40,52.64806008338928,805,2303
161,d,4,40,51.97612190246582,1154,621
161,d,5,40,58.33247709274292,897,2559
161,d,6,40,25.185100317001343,1008,2394
161,d,7,40,18.73674988746643,1008,2236
161,d,8,40,53.78548622131348,1310,1227
161,d,9,40,15.363850116729736,1320,2173
147,c,2,34,45.81757593154907,1507,1020
147,c,3,34,16.699268579483032,805,3403
147,c,4,34,21.285079956054688,1154,1969
147,c,5,34,21.416641235351562,897,2320
147,c,6,34,14.815849304199219,1008,1469
147,c,7,34,215.40892434120178,1008,1820
147,c,8,34,49.83104157447815,1310,1715
147,c,9,34,31.981348037719727,1320,1855
147,d,2,34,45.0571653842926,1507,805
147,d,3,34,43.10236382484436,805,659
147,d,4,34,26.58774971961975,1154,1679
147,d,5,34,40.3156795501709,897,1869
147,d,6,34,21.95664072036743,1008,2029
147,d,7,34,40.20325422286987,1008,1820
147,d,8,34,34.35468578338623,1310,1715
147,d,9,34,29.640977144241333,1320,1855
153,c,2,43,48.13213109970093,1507,904
153,c,3,43,24.068228721618652,805,2068
153,c,4,43,19.587537050247192,1154,4386
153,c,5,43,24.178550004959106,897,1979
153,c,6,43,16.24902367591858,1008,1110
153,c,7,43,31.4564311504364,1008,2236
153,c,8,43,59.40752053260803,1310,2205
153,c,9,43,55.38181471824646,1320,2332
153,d,2,43,64.38591027259827,1507,793
153,d,3,43,73.38980293273926,805,871
153,d,4,43,33.1779248714447,1154,904
153,d,5,43,66.70183062553406,897,2536
153,d,6,43,64.1528251171112,1008,2550
153,d,7,43,49.047293186187744,1008,2288
153,d,8,43,40.911272048950195,1310,2156
153,d,9,43,42.59016442298889,1320,843
191,c,2,5,10.278915882110596,1507,190
191,c,3,5,5.5620436668396,805,359
191,c,4,5,6.384497880935669,1154,287
191,c,5,5,8.708999156951904,897,329
191,c,6,5,8.143717765808105,1008,347
191,c,7,5,3.4044764041900635,1008,257
191,c,8,5,4.179139614105225,1310,263
191,c,9,5,3.4467923641204834,1320,305
191,d,2,5,8.3567476272583,1507,269
191,d,3,5,4.098192453384399,805,329
191,d,4,5,3.7335615158081055,1154,287
191,d,5,5,4.340465068817139,897,329
191,d,6,5,8.577581882476807,1008,256
191,d,7,5,8.169070720672607,1008,317
191,d,8,5,4.751796007156372,1310,468
191,d,9,5,3.9921302795410156,1320,287
192,c,2,7,8.12247610092163,1507,154
192,c,3,7,3.703524351119995,805,383
192,c,4,7,5.912078380584717,1154,383
192,c,5,7,14.604370832443237,897,439
192,c,6,7,8.928448915481567,1008,463
192,c,7,7,3.6588494777679443,1008,343
192,c,8,7,3.7208991050720215,1310,295
192,c,9,7,3.821855068206787,1320,383
192,d,2,7,8.90004563331604,1507,343
192,d,3,7,5.612725496292114,805,375
192,d,4,7,3.1064529418945312,1154,390
192,d,5,7,5.592172861099243,897,454
192,d,6,7,8.150635719299316,1008,423
192,d,7,7,5.456420421600342,1008,335
192,d,8,7,6.391855001449585,1310,142
192,d,9,7,5.562406063079834,1320,295
199,c,2,8,12.094620943069458,1507,310
199,c,3,8,7.721048355102539,805,431
199,c,4,8,11.208258390426636,1154,161
199,c,5,8,9.649295330047607,897,494
199,c,6,8,6.269087076187134,1008,377
199,c,7,8,3.8776159286499023,1008,377
199,c,8,8,4.867084503173828,1310,395
199,c,9,8,4.640219449996948,1320,431
199,d,2,8,12.030810594558716,1507,386
199,d,3,8,10.870192766189575,805,200
199,d,4,8,4.390792369842529,1154,495
199,d,5,8,11.641238689422607,897,548
199,d,6,8,3.5030481815338135,1008,233
199,d,7,8,5.273646354675293,1008,269
199,d,8,8,5.583135366439819,1310,332
199,d,9,8,4.652973890304565,1320,341
189,c,2,10,12.738578081130981,1507,472
189,c,3,10,7.645463228225708,805,229
189,c,4,10,8.597963571548462,1154,189
189,c,5,10,16.433900594711304,897,670
189,c,6,10,9.86511754989624,1008,956
189,c,7,10,4.579564571380615,1008,472
189,c,8,10,5.114731550216675,1310,483
189,c,9,10,6.231779336929321,1320,417
189,d,2,10,12.31492805480957,1507,472
189,d,3,10,6.037635803222656,805,527
189,d,4,10,7.790902614593506,1154,187
189,d,5,10,5.95497465133667,897,644
189,d,6,10,7.281221389770508,1008,472
189,d,7,10,6.358612775802612,1008,472
189,d,8,10,6.708088397979736,1310,582
189,d,9,10,4.817875385284424,1320,406
205,c,2,10,31.873462438583374,1507,613
205,c,3,10,11.854023694992065,805,229
205,c,4,10,5.481691598892212,1154,417
205,c,5,10,5.863523721694946,897,614
205,c,6,10,5.367916822433472,1008,472
205,c,7,10,4.748908996582031,1008,483
205,c,8,10,6.0341432094573975,1310,483
205,c,9,10,6.591527938842773,1320,406
205,d,2,10,13.779022693634033,1507,472
205,d,3,10,6.736347913742065,805,527
205,d,4,10,5.228753328323364,1154,537
205,d,5,10,5.599476337432861,897,274
205,d,6,10,6.579782485961914,1008,472
205,d,7,10,6.076343297958374,1008,462
205,d,8,10,6.304050445556641,1310,483
205,d,9,10,6.878904104232788,1320,454
197,c,2,12,14.242029428482056,1507,234
197,c,3,12,14.094995737075806,805,269
197,c,4,12,13.682616472244263,1154,661
197,c,5,12,7.984900951385498,897,702
197,c,6,12,7.997968435287476,1008,766
197,c,7,12,8.315291166305542,1008,948
197,c,8,12,6.067023754119873,1310,571
197,c,9,12,11.256607294082642,1320,701
197,d,2,12,6.748197317123413,1507,493
197,d,3,12,7.632933616638184,805,701
197,d,4,12,6.458966016769409,1154,637
197,d,5,12,8.079499959945679,897,727
197,d,6,12,8.022235870361328,1008,545
197,d,7,12,7.878108739852905,1008,545
197,d,8,12,6.826969385147095,1310,571
197,d,9,12,7.558118581771851,1320,701
215,c,2,13,15.653469562530518,1507,601
215,c,3,13,15.474912881851196,805,699
215,c,4,13,10.76198434829712,1154,234
215,c,5,13,7.073544502258301,897,769
215,c,6,13,5.645051956176758,1008,600
215,c,7,13,12.472635507583618,1008,587
215,c,8,13,7.559941053390503,1310,615
215,c,9,13,10.641506671905518,1320,755
215,d,2,13,16.703041553497314,1507,1129
215,d,3,13,6.806189298629761,805,671
215,d,4,13,7.785116195678711,1154,1035
215,d,5,13,7.504816770553589,897,769
215,d,6,13,8.547837257385254,1008,349
215,d,7,13,10.056858539581299,1008,741
215,d,8,13,7.378878593444824,1310,699
215,d,9,13,12.055564165115356,1320,755
217,c,2,13,14.942753553390503,1507,378
217,c,3,13,14.05719542503357,805,231
217,c,4,13,17.95305371284485,1154,850
217,c,5,13,9.800506353378296,897,1385
217,c,6,13,8.781896829605103,1008,1009
217,c,7,13,9.916385650634766,1008,587
217,c,8,13,13.149382829666138,1310,686
217,c,9,13,13.008414268493652,1320,755
217,d,2,13,10.544677019119263,1507,416
217,d,3,13,5.008583307266235,805,671
217,d,4,13,19.006380558013916,1154,1133
217,d,5,13,9.239553451538086,897,314
217,d,6,13,8.7854483127594,1008,1321
217,d,7,13,8.286985158920288,1008,1651
217,d,8,13,12.801688194274902,1310,699
217,d,9,13,4.938587665557861,1320,1175
210,c,2,18,18.111459255218506,1507,374
210,c,3,18,17.345157623291016,805,378
210,c,4,18,8.22157907485962,1154,948
210,c,5,18,9.391550779342651,897,1082
210,c,6,18,13.565696477890015,1008,797
210,c,7,18,24.821730852127075,1008,949
210,c,8,18,9.885058164596558,1310,835
210,c,9,18,14.23107361793518,1320,2071
210,d,2,18,21.811548948287964,1507,816
210,d,3,18,14.195001602172852,805,301
210,d,4,18,9.708140134811401,1154,929
210,d,5,18,19.94764518737793,897,930
210,d,6,18,9.290004014968872,1008,949
210,d,7,18,7.42082405090332,1008,815
210,d,8,18,12.436071157455444,1310,296
210,d,9,18,8.05439043045044,1320,702
158,c,2,18,22.105152368545532,1507,513
158,c,3,18,17.204970598220825,805,373
158,c,4,18,8.329954862594604,1154,929
158,c,5,18,16.45487117767334,897,1045
158,c,6,18,11.851349115371704,1008,797
158,c,7,18,19.32885193824768,1008,988
158,c,8,18,8.556681394577026,1310,835
158,c,9,18,14.20557188987732,1320,1006
158,d,2,18,27.29264998435974,1507,776
158,d,3,18,7.369664192199707,805,892
158,d,4,18,21.480068922042847,1154,967
158,d,5,18,7.616295337677002,897,1062
158,d,6,18,11.589272260665894,1008,815
158,d,7,18,17.522510051727295,1008,988
158,d,8,18,7.929317474365234,1310,835
158,d,9,18,8.783243417739868,1320,816
211,c,2,15,26.51767325401306,1507,388
211,c,3,15,9.203169107437134,805,324
211,c,4,15,8.348032474517822,1154,782
211,c,5,15,7.364367961883545,897,928
211,c,6,15,7.452113628387451,1008,671
211,c,7,15,9.1111421585083,1008,671
211,c,8,15,6.336264371871948,1310,719
211,c,9,15,23.610093116760254,1320,848
211,d,2,15,29.54623055458069,1507,910
211,d,3,15,8.53373098373413,805,815
211,d,4,15,7.89714241027832,1154,265
211,d,5,15,25.35115385055542,897,399
211,d,6,15,15.362496614456177,1008,671
211,d,7,15,24.940809726715088,1008,687
211,d,8,15,10.026085615158081,1310,784
211,d,9,15,7.864481687545776,1320,863
182,c,2,16,26.442493438720703,1507,404
182,c,3,16,20.444873094558716,805,867
182,c,4,16,19.13053560256958,1154,552
182,c,5,16,10.38607144355774,897,1090
182,c,6,16,15.718650817871094,1008,713
182,c,7,16,12.377914905548096,1008,881
182,c,8,16,10.971684694290161,1310,1036
182,c,9,16,18.195417165756226,1320,1274
182,d,2,16,12.301072597503662,1507,370
182,d,3,16,12.974955081939697,805,798
182,d,4,16,23.28916883468628,1154,999
182,d,5,16,8.436867475509644,897,764
182,d,6,16,6.7568299770355225,1008,424
182,d,7,16,14.81447696685791,1008,900
182,d,8,16,12.570752382278442,1310,268
182,d,9,16,5.023260593414307,1320,815
187,c,2,19,18.800668954849243,1507,859
187,c,3,19,27.155506372451782,805,999
187,c,4,19,9.35093069076538,1154,1404
187,c,5,19,7.051217794418335,897,1081
187,c,6,19,10.906475067138672,1008,839
187,c,7,19,19.711188316345215,1008,1059
187,c,8,19,13.148257493972778,1310,759
187,c,9,19,10.29735541343689,1320,739
187,d,2,19,19.160988330841064,1507,899
187,d,3,19,15.53178095817566,805,999
187,d,4,19,9.04219937324524,1154,959
187,d,5,19,17.759697198867798,897,499
187,d,6,19,26.68895173072815,1008,859
187,d,7,19,12.056862592697144,1008,311
187,d,8,19,5.802611827850342,1310,899
187,d,9,19,8.30128526687622,1320,759
208,c,2,20,21.694101333618164,1507,562
208,c,3,20,19.74646019935608,805,1061
208,c,4,20,13.167818546295166,1154,1392
208,c,5,20,12.41922903060913,897,1387
208,c,6,20,12.172627925872803,1008,988
208,c,7,20,20.73452091217041,1008,1112
208,c,8,20,13.52823805809021,1310,1175
208,c,9,20,8.622695446014404,1320,966
208,d,2,20,16.338696718215942,1507,533
208,d,3,20,15.667754650115967,805,364
208,d,4,20,11.959162473678589,1154,1470
208,d,5,20,16.13776421546936,897,1385
208,d,6,20,12.723621129989624,1008,1133
208,d,7,20,14.618765115737915,1008,1112
208,d,8,20,15.68967580795288,1310,360
208,d,9,20,7.100941896438599,1320,1511
213,c,2,18,26.898607969284058,1507,816
213,c,3,18,12.815540313720703,805,301
213,c,4,18,18.39794373512268,1154,816
213,c,5,18,14.015742301940918,897,2383
213,c,6,18,24.689306497573853,1008,1141
213,c,7,18,16.21807551383972,1008,1685
213,c,8,18,8.141500234603882,1310,835
213,c,9,18,11.308699131011963,1320,991
213,d,2,18,13.922974586486816,1507,393
213,d,3,18,8.524345397949219,805,740
213,d,4,18,21.538886547088623,1154,911
213,d,5,18,24.7513747215271,897,1576
213,d,6,18,14.33916187286377,1008,809
213,d,7,18,9.935548067092896,1008,899
213,d,8,18,8.026641607284546,1310,702
213,d,9,18,8.457721710205078,1320,702
214,c,2,22,35.52168560028076,1507,731
214,c,3,22,10.469707727432251,805,1147
214,c,4,22,10.267632722854614,1154,1103
214,c,5,22,13.266040325164795,897,873
214,c,6,22,11.94638729095459,1008,988
214,c,7,22,19.40485453605652,1008,965
214,c,8,22,12.024669647216797,1310,850
214,c,9,22,21.36263608932495,1320,1219
214,d,2,22,19.03081750869751,1507,539
214,d,3,22,8.736093521118164,805,2552
214,d,4,22,14.233179092407227,1154,390
214,d,5,22,15.6508207321167,897,1286
214,d,6,22,11.317703485488892,1008,352
214,d,7,22,20.719314336776733,1008,1218
214,d,8,22,10.449506044387817,1310,850
214,d,9,22,7.734202146530151,1320,850
190,c,2,21,28.9651300907135,1507,1029
190,c,3,21,19.29603099822998,805,432
190,c,4,21,8.459099292755127,1154,1143
190,c,5,21,9.975831270217896,897,1341
190,c,6,21,9.416178703308105,1008,923
190,c,7,21,35.2599413394928,1008,647
190,c,8,21,19.794318914413452,1310,813
190,c,9,21,8.51094913482666,1320,1055
190,d,2,21,27.18970823287964,1507,964
190,d,3,21,16.41848921775818,805,1034
190,d,4,21,12.29540228843689,1154,1098
190,d,5,21,11.191301345825195,897,349
190,d,6,21,9.854543685913086,1008,335
190,d,7,21,13.171314239501953,1008,1253
190,d,8,21,6.7854530811309814,1310,813
190,d,9,21,10.455317497253418,1320,813
203,c,2,22,20.566490650177002,1507,638
203,c,3,22,17.05827307701111,805,357
203,c,4,22,12.201730251312256,1154,1540
203,c,5,22,7.994603633880615,897,620
203,c,6,22,20.3770854473114,1008,987
203,c,7,22,17.605183839797974,1008,1218
203,c,8,22,13.588311672210693,1310,1011
203,c,9,22,19.83702278137207,1320,1540
203,d,2,22,15.883546352386475,1507,579
203,d,3,22,24.288036108016968,805,1103
203,d,4,22,10.784952163696289,1154,1103
203,d,5,22,30.92201018333435,897,1309
203,d,6,22,7.341748952865601,1008,1103
203,d,7,22,20.010557174682617,1008,877
203,d,8,22,6.556967735290527,1310,1011
203,d,9,22,7.884312629699707,1320,1103
216,c,2,20,17.639212131500244,1507,520
216,c,3,20,19.413126230239868,805,329
216,c,4,20,19.00778865814209,1154,1190
216,c,5,20,11.80570387840271,897,1616
216,c,6,20,12.325377702713013,1008,881
216,c,7,20,18.670706033706665,1008,1112
216,c,8,20,28.299189805984497,1310,1805
216,c,9,20,8.550417423248291,1320,1070
216,d,2,20,14.927348375320435,1507,513
216,d,3,20,6.83569073677063,805,839
216,d,4,20,46.64823579788208,1154,1114
216,d,5,20,11.020223379135132,897,335
216,d,6,20,11.028298377990723,1008,902
216,d,7,20,8.351218461990356,1008,881
216,d,8,20,9.510476350784302,1310,923
216,d,9,20,9.507434606552124,1320,1113
207,c,2,21,38.52996611595154,1507,841
207,c,3,21,15.996264696121216,805,1240
207,c,4,21,14.831709146499634,1154,2924
207,c,5,21,15.122298240661621,897,1780
207,c,6,21,11.032288551330566,1008,923
207,c,7,21,13.540138959884644,1008,944
207,c,8,21,15.176807403564453,1310,338
207,c,9,21,12.564473867416382,1320,813
207,d,2,21,20.388253211975098,1507,403
207,d,3,21,10.504444360733032,805,1055
207,d,4,21,9.611829996109009,1154,1076
207,d,5,21,26.711953163146973,897,1209
207,d,6,21,20.677164793014526,1008,1275
207,d,7,21,11.12673568725586,1008,923
207,d,8,21,9.852325201034546,1310,967
207,d,9,21,9.244053602218628,1320,1055
204,c,2,23,39.32517910003662,1507,661
204,c,3,23,13.392723560333252,805,1151
204,c,4,23,7.7210633754730225,1154,1174
204,c,5,23,12.38556957244873,897,599
204,c,6,23,23.380733489990234,1008,460
204,c,7,23,20.69422483444214,1008,2213
204,c,8,23,12.32072377204895,1310,1055
204,c,9,23,13.074396848678589,1320,2515
204,d,2,23,38.590683698654175,1507,868
204,d,3,23,14.045119524002075,805,1128
204,d,4,23,13.753153562545776,1154,397
204,d,5,23,23.340031385421753,897,1343
204,d,6,23,8.712544441223145,1008,1030
204,d,7,23,6.711211681365967,1008,887
204,d,8,23,9.73740005493164,1310,1607
204,d,9,23,26.298255681991577,1320,464
180,c,2,23,35.285539627075195,1507,549
180,c,3,23,13.124209880828857,805,1220
180,c,4,23,11.547309160232544,1154,1440
180,c,5,23,9.97907304763794,897,2088
180,c,6,23,10.76308012008667,1008,1007
180,c,7,23,21.11567997932434,1008,1271
180,c,8,23,12.572209358215332,1310,1055
180,c,9,23,11.18700647354126,1320,1151
180,d,2,23,31.06174898147583,1507,730
180,d,3,23,24.619160175323486,805,2758
180,d,4,23,12.152833461761475,1154,1993
180,d,5,23,36.28891396522522,897,1501
180,d,6,23,8.493371486663818,1008,1007
180,d,7,23,8.235434532165527,1008,1007
180,d,8,23,16.55026364326477,1310,1176
180,d,9,23,21.802223682403564,1320,1272
209,c,2,18,47.82035231590271,1507,890
209,c,3,18,9.523092985153198,805,949
209,c,4,18,11.685753107070923,1154,911
209,c,5,18,12.05672812461853,897,1044
209,c,6,18,49.428544759750366,1008,797
209,c,7,18,11.048415899276733,1008,797
209,c,8,18,9.809423685073853,1310,296
209,c,9,18,14.565032482147217,1320,1007
209,d,2,18,21.297210693359375,1507,868
209,d,3,18,7.925168991088867,805,911
209,d,4,18,13.913361072540283,1154,310
209,d,5,18,15.968663692474365,897,1158
209,d,6,18,21.81261420249939,1008,1120
209,d,7,18,5.270210266113281,1008,815
209,d,8,18,16.152588844299316,1310,931
209,d,9,18,17.809135675430298,1320,1007
193,c,2,24,24.759669542312622,1507,855
193,c,3,24,25.071255683898926,805,1225
193,c,4,24,12.307052373886108,1154,1223
193,c,5,24,14.657889127731323,897,1374
193,c,6,24,21.793753385543823,1008,1449
193,c,7,24,15.388123273849487,1008,1049
193,c,8,24,10.071533203125,1310,924
193,c,9,24,15.215492725372314,1320,1599
193,d,2,24,34.07788133621216,1507,789
193,d,3,24,14.110541343688965,805,1199
193,d,4,24,19.667031049728394,1154,2667
193,d,5,24,17.15662169456482,897,1075
193,d,6,24,15.376873016357422,1008,1074
193,d,7,24,11.909146547317505,1008,1073
193,d,8,24,23.84196424484253,1310,1099
193,d,9,24,15.523959398269653,1320,1325
184,c,2,24,39.774516582489014,1507,755
184,c,3,24,14.108278274536133,805,1174
184,c,4,24,21.009448766708374,1154,2549
184,c,5,24,31.707345008850098,897,1531
184,c,6,24,32.15648555755615,1008,1073
184,c,7,24,18.539175510406494,1008,1324
184,c,8,24,12.408414363861084,1310,1099
184,c,9,24,10.72493052482605,1320,2024
184,d,2,24,19.083273887634277,1507,1399
184,d,3,24,12.7462317943573,805,385
184,d,4,24,15.18359899520874,1154,1950
184,d,5,24,23.553508520126343,897,2151
184,d,6,24,12.562259197235107,1008,1050
184,d,7,24,16.008049726486206,1008,1324
184,d,8,24,15.150548696517944,1310,1225
184,d,9,24,15.224015474319458,1320,1349
218,c,2,29,62.43282461166382,1507,1338
218,c,3,29,15.927518129348755,805,1411
218,c,4,29,21.195110321044922,1154,1833
218,c,5,29,16.68805503845215,897,2102
218,c,6,29,9.935537576675415,1008,3511
218,c,7,29,11.821213483810425,1008,749
218,c,8,29,14.42835259437561,1310,1470
218,c,9,29,27.327126264572144,1320,1589
218,d,2,29,20.849278450012207,1507,2069
218,d,3,29,19.290748834609985,805,399
218,d,4,29,21.436805248260498,1154,1468
218,d,5,29,8.611039876937866,897,1649
218,d,6,29,29.793986558914185,1008,1259
218,d,7,29,20.1973876953125,1008,1612
218,d,8,29,24.575355052947998,1310,1470
218,d,9,29,37.337759256362915,1320,1590
202,c,2,29,43.255573987960815,1507,1305
202,c,3,29,25.674181938171387,805,1439
202,c,4,29,26.90829825401306,1154,1439
202,c,5,29,15.899959087371826,897,1707
202,c,6,29,14.30677604675293,1008,1289
202,c,7,29,15.27015209197998,1008,1288
202,c,8,29,24.840506315231323,1310,1470
202,c,9,29,13.590019941329956,1320,1439
202,d,2,29,14.64344573020935,1507,546
202,d,3,29,28.10036563873291,805,1655
202,d,4,29,18.184957027435303,1154,2309
202,d,5,29,15.882680654525757,897,1649
202,d,6,29,20.17820954322815,1008,1707
202,d,7,29,43.15656852722168,1008,1768
202,d,8,29,23.5591242313385,1310,1470
202,d,9,29,19.139374256134033,1320,1590
200,c,2,31,42.22567057609558,1507,652
200,c,3,31,19.87138056755066,805,1535
200,c,4,31,9.970824718475342,1154,1566
200,c,5,31,10.533726930618286,897,1759
200,c,6,31,21.38134741783142,1008,2150
200,c,7,31,81.32556438446045,1008,1343
200,c,8,31,12.898144960403442,1310,1407
200,c,9,31,29.663178205490112,1320,646
200,d,2,31,11.481712341308594,1507,1439
200,d,3,31,8.653880596160889,805,1503
200,d,4,31,8.867932558059692,1154,1375
200,d,5,31,25.64879584312439,897,1759
200,d,6,31,24.320618629455566,1008,597
200,d,7,31,24.36232566833496,1008,1664
200,d,8,31,17.52598547935486,1310,1568
200,d,9,31,20.25116753578186,1320,1696
196,c,2,32,47.91581130027771,1507,1431
196,c,3,32,14.517913818359375,805,1583
196,c,4,32,12.50421404838562,1154,1679
196,c,5,32,33.09592843055725,897,1782
196,c,6,32,41.2350172996521,1008,1385
196,c,7,32,19.396745204925537,1008,1768
196,c,8,32,17.44274878501892,1310,1451
196,c,9,32,16.878987312316895,1320,1517
196,d,2,32,26.802645206451416,1507,1428
196,d,3,32,9.186074495315552,805,1615
196,d,4,32,8.8085458278656,1154,1317
196,d,5,32,23.620576858520508,897,1847
196,d,6,32,30.294085264205933,1008,1938
196,d,7,32,25.253435850143433,1008,1716
196,d,8,32,25.98727059364319,1310,1617
196,d,9,32,29.992466688156128,1320,640
194,c,2,25,34.62053322792053,1507,902
194,c,3,25,25.567254066467285,805,1299
194,c,4,25,14.347676277160645,1154,1248
194,c,5,25,29.182852745056152,897,562
194,c,6,25,18.246296644210815,1008,1091
194,c,7,25,13.364033699035645,1008,1247
194,c,8,25,19.675472497940063,1310,1274
194,c,9,25,48.57875466346741,1320,962
194,d,2,25,31.55084753036499,1507,688
194,d,3,25,26.527911901474,805,1322
194,d,4,25,12.85496211051941,1154,400
194,d,5,25,22.804049253463745,897,1559
194,d,6,25,37.837997913360596,1008,1507
194,d,7,25,20.896154642105103,1008,1377
194,d,8,25,16.646610021591187,1310,1274
194,d,9,25,21.542118072509766,1320,1391
206,c,2,25,53.87598419189453,1507,1227
206,c,3,25,13.989227533340454,805,1247
206,c,4,25,12.968846797943115,1154,1403
206,c,5,25,14.286707639694214,897,1482
206,c,6,25,9.18614935874939,1008,1091
206,c,7,25,32.192320108413696,1008,961
206,c,8,25,27.381406545639038,1310,606
206,c,9,25,32.74297022819519,1320,766
206,d,2,25,35.26981329917908,1507,655
206,d,3,25,8.673985242843628,805,1247
206,d,4,25,26.55085301399231,1154,1247
206,d,5,25,17.60761046409607,897,1455
206,d,6,25,21.38298726081848,1008,1507
206,d,7,25,26.484261989593506,1008,1352
206,d,8,25,37.11714267730713,1310,676
206,d,9,25,26.1084463596344,1320,653
201,c,2,34,41.946357011795044,1507,1504
201,c,3,34,11.975173234939575,805,1714
201,c,4,34,20.265816688537598,1154,1713
201,c,5,34,41.28692102432251,897,2134
201,c,6,34,17.825940132141113,1008,1469
201,c,7,34,19.927136182785034,1008,651
201,c,8,34,22.330955982208252,1310,1539
201,c,9,34,31.982433557510376,1320,845
201,d,2,34,19.668861389160156,1507,2866
201,d,3,34,11.910136699676514,805,1855
201,d,4,34,45.05131435394287,1154,1869
201,d,5,34,27.4279522895813,897,1924
201,d,6,34,32.522390842437744,1008,606
201,d,7,34,31.287286520004272,1008,1820
201,d,8,34,22.20494318008423,1310,1715
201,d,9,34,41.628331422805786,1320,1855
212,c,2,37,34.75558686256409,1507,782
212,c,3,37,45.65612316131592,805,801
212,c,4,37,25.93542981147766,1154,2793
212,c,5,37,31.61053991317749,897,1496
212,c,6,37,17.642048835754395,1008,2261
212,c,7,37,15.947234153747559,1008,1595
212,c,8,37,24.75468158721924,1310,1911
212,c,9,37,22.794476747512817,1320,2067
212,d,2,37,30.0914523601532,1507,826
212,d,3,37,14.579399585723877,805,2127
212,d,4,37,23.682210206985474,1154,1823
212,d,5,37,43.443501234054565,897,2089
212,d,6,37,28.47992777824402,1008,1557
212,d,7,37,28.344244718551636,1008,2028
212,d,8,37,31.258527517318726,1310,1911
212,d,9,37,29.88561201095581,1320,627
183,c,2,34,31.114661931991577,1507,674
183,c,3,34,34.73264455795288,805,669
183,c,4,34,13.997947454452515,1154,1609
183,c,5,34,29.24998688697815,897,1924
183,c,6,34,17.113186597824097,1008,1609
183,c,7,34,15.557322263717651,1008,1049
183,c,8,34,31.05582880973816,1310,695
183,c,9,34,15.671496152877808,1320,3428
183,d,2,34,41.42819404602051,1507,791
183,d,3,34,16.888721704483032,805,1680
183,d,4,34,25.769880771636963,1154,1713
183,d,5,34,44.75064134597778,897,1924
183,d,6,34,21.02098298072815,1008,2029
183,d,7,34,45.4130425453186,1008,1820
183,d,8,34,32.251229763031006,1310,674
183,d,9,34,36.689558029174805,1320,703
198,c,2,37,48.400994062423706,1507,801
198,c,3,37,16.07180404663086,805,1823
198,c,4,37,35.93532872200012,1154,1871
198,c,5,37,23.529070138931274,897,2884
198,c,6,37,15.567694902420044,1008,1595
198,c,7,37,31.891950607299805,1008,2028
198,c,8,37,13.57731819152832,1310,1405
198,c,9,37,38.48392415046692,1320,1177
198,d,2,37,39.73703122138977,1507,1676
198,d,3,37,39.25998520851135,805,719
198,d,4,37,32.9841206073761,1154,588
198,d,5,37,41.39517664909363,897,2378
198,d,6,37,25.72397255897522,1008,2166
198,d,7,37,28.77540636062622,1008,2028
198,d,8,37,28.72758388519287,1310,1862
198,d,9,37,26.218418836593628,1320,2014
188,c,2,38,46.03989100456238,1507,1719
188,c,3,38,30.843658208847046,805,1871
188,c,4,38,29.878305673599243,1154,1919
188,c,5,38,21.65403127670288,897,2182
188,c,6,38,39.825538635253906,1008,1676
188,c,7,38,14.872957706451416,1008,1442
188,c,8,38,10.818157434463501,1310,1404
188,c,9,38,35.63905906677246,1320,1079
188,d,2,38,39.397966623306274,1507,1719
188,d,3,38,28.46485471725464,805,745
188,d,4,38,32.724772453308105,1154,1871
188,d,5,38,32.331767320632935,897,2106
188,d,6,38,25.14352798461914,1008,2132
188,d,7,38,22.35866403579712,1008,2080
188,d,8,38,26.316303253173828,1310,576
188,d,9,38,53.20745825767517,1320,934
185,c,2,37,48.83710861206055,1507,916
185,c,3,37,20.024308443069458,805,3192
185,c,4,37,24.634410619735718,1154,2053
185,c,5,37,30.189007997512817,897,2279
185,c,6,37,15.876628637313843,1008,2279
185,c,7,37,44.88368463516235,1008,2028
185,c,8,37,37.55457520484924,1310,1556
185,c,9,37,48.80632948875427,1320,820
185,d,2,37,34.96719837188721,1507,1084
185,d,3,37,36.927865743637085,805,695
185,d,4,37,34.6591522693634,1154,2089
185,d,5,37,37.55756163597107,897,2378
185,d,6,37,20.749751329421997,1008,2263
185,d,7,37,22.69100832939148,1008,606
185,d,8,37,35.91483235359192,1310,1864
185,d,9,37,34.985588788986206,1320,744
195,c,2,45,53.34939622879028,1507,1014
195,c,3,45,22.51085329055786,805,3242
195,c,4,45,27.003509521484375,1154,2422
195,c,5,45,27.418333292007446,897,3036
195,c,6,45,46.6628315448761,1008,2207
195,c,7,45,24.591628551483154,1008,1976
195,c,8,45,45.375704288482666,1310,2303
195,c,9,45,44.93009567260742,1320,944
195,d,2,45,29.14638638496399,1507,893
195,d,3,45,50.94083499908447,805,2065
195,d,4,45,62.38106393814087,1154,2255
195,d,5,45,39.392961502075195,897,2584
195,d,6,45,34.297120809555054,1008,2622
195,d,7,45,41.02146816253662,1008,2548
195,d,8,45,26.604687690734863,1310,2352
195,d,9,45,30.356292963027954,1320,2544
226,c,2,6,8.905830383300781,1507,300
226,c,3,6,7.3626813888549805,805,157
226,c,4,6,5.886560678482056,1154,341
226,c,5,6,10.5421302318573,897,384
226,c,6,6,10.341317653656006,1008,370
226,c,7,6,3.658357858657837,1008,174
226,c,8,6,4.459404468536377,1310,319
226,c,9,6,9.754239320755005,1320,265
226,d,2,6,6.295334577560425,1507,196
226,d,3,6,7.838926076889038,805,157
226,d,4,6,5.749324560165405,1154,355
226,d,5,6,5.165453672409058,897,384
226,d,6,6,3.8311500549316406,1008,306
226,d,7,6,4.058614015579224,1008,174
226,d,8,6,4.082310199737549,1310,265
226,d,9,6,5.798807382583618,1320,335
238,c,2,6,8.845880508422852,1507,300
238,c,3,6,7.197612047195435,805,157
238,c,4,6,6.166905403137207,1154,329
238,c,5,6,9.31080961227417,897,384
238,c,6,6,10.181825399398804,1008,126
238,c,7,6,9.58207654953003,1008,370
238,c,8,6,5.7234978675842285,1310,307
238,c,9,6,4.265291213989258,1320,299
238,d,2,6,6.282108545303345,1507,300
238,d,3,6,7.429026126861572,805,157
238,d,4,6,6.8427605628967285,1154,329
238,d,5,6,3.5824005603790283,897,378
238,d,6,6,3.9348363876342773,1008,174
238,d,7,6,4.2740724086761475,1008,300
238,d,8,6,5.588125944137573,1310,265
238,d,9,6,6.647695779800415,1320,342
230,c,2,7,11.68329906463623,1507,204
230,c,3,7,8.427528142929077,805,175
230,c,4,7,7.04861307144165,1154,383
230,c,5,7,8.035983562469482,897,176
230,c,6,7,6.6827404499053955,1008,464
230,c,7,7,4.729096174240112,1008,335
230,c,8,7,4.352945327758789,1310,351
230,c,9,7,5.046230316162109,1320,776
230,d,2,7,7.1721351146698,1507,196
230,d,3,7,8.734644889831543,805,175
230,d,4,7,6.071584701538086,1154,145
230,d,5,7,9.46053171157837,897,439
230,d,6,7,3.0685818195343018,1008,199
230,d,7,7,3.6360669136047363,1008,239
230,d,8,7,6.084220886230469,1310,351
230,d,9,7,6.406747817993164,1320,295
228,c,2,8,9.391007661819458,1507,206
228,c,3,8,11.158769845962524,805,457
228,c,4,8,6.235230445861816,1154,159
228,c,5,8,16.77809762954712,897,494
228,c,6,8,4.637483835220337,1008,224
228,c,7,8,4.715792179107666,1008,377
228,c,8,8,6.772624969482422,1310,332
228,c,9,8,4.126104831695557,1320,332
228,d,2,8,16.26685404777527,1507,406
228,d,3,8,4.045448541641235,805,433
228,d,4,8,6.905022859573364,1154,287
228,d,5,8,5.839233875274658,897,503
228,d,6,8,6.181484699249268,1008,269
228,d,7,8,4.9721479415893555,1008,385
228,d,8,8,4.990494966506958,1310,404
228,d,9,8,6.528417587280273,1320,431
239,c,2,12,14.7453453540802,1507,557
239,c,3,12,13.172322750091553,805,265
239,c,4,12,6.757780313491821,1154,213
239,c,5,12,14.598615646362305,897,794
239,c,6,12,6.951082229614258,1008,545
239,c,7,12,8.55624008178711,1008,545
239,c,8,12,7.323626279830933,1310,212
239,c,9,12,13.529303789138794,1320,701
239,d,2,12,7.364710569381714,1507,493
239,d,3,12,7.067094326019287,805,610
239,d,4,12,7.399259090423584,1154,635
239,d,5,12,6.360713958740234,897,702
239,d,6,12,11.956543922424316,1008,545
239,d,7,12,10.927850484848022,1008,688
239,d,8,12,11.106822490692139,1310,637
239,d,9,12,8.961196660995483,1320,689
236,c,2,9,27.759815454483032,1507,718
236,c,3,9,12.350060939788818,805,508
236,c,4,9,8.42184829711914,1154,508
236,c,5,9,5.4282310009002686,897,369
236,c,6,9,4.446096658706665,1008,639
236,c,7,9,5.302385568618774,1008,559
236,c,8,9,9.23034930229187,1310,490
236,c,9,9,10.245411157608032,1320,216
236,d,2,9,20.90361785888672,1507,417
236,d,3,9,6.130364418029785,805,469
236,d,4,9,5.795535326004028,1154,540
236,d,5,9,10.477258920669556,897,549
236,d,6,9,9.543932914733887,1008,579
236,d,7,9,9.858059644699097,1008,529
236,d,8,9,8.241335391998291,1310,490
236,d,9,9,7.702332973480225,1320,530
234,c,2,12,24.67402482032776,1507,567
234,c,3,12,15.213914155960083,805,661
234,c,4,12,12.017584800720215,1154,217
234,c,5,12,12.205701351165771,897,714
234,c,6,12,10.193188905715942,1008,231
234,c,7,12,11.161285161972046,1008,688
234,c,8,12,10.49849247932434,1310,480
234,c,9,12,7.57744288444519,1320,493
234,d,2,12,19.604859590530396,1507,367
234,d,3,12,15.431445360183716,805,265
234,d,4,12,10.376482486724854,1154,611
234,d,5,12,14.518782138824463,897,714
234,d,6,12,7.274822473526001,1008,212
234,d,7,12,20.338757038116455,1008,661
234,d,8,12,8.91462516784668,1310,212
234,d,9,12,10.471169233322144,1320,701
231,c,2,18,29.710941076278687,1507,701
231,c,3,18,11.19468092918396,805,301
231,c,4,18,13.30912971496582,1154,301
231,c,5,18,17.687081575393677,897,1063
231,c,6,18,16.99364471435547,1008,1101
231,c,7,18,13.73310136795044,1008,815
231,c,8,18,8.579227924346924,1310,702
231,c,9,18,9.794050216674805,1320,702
231,d,2,18,22.201555490493774,1507,435
231,d,3,18,26.684386730194092,805,949
231,d,4,18,8.35278058052063,1154,949
231,d,5,18,6.18385648727417,897,1062
231,d,6,18,12.191329717636108,1008,293
231,d,7,18,15.458810567855835,1008,1006
231,d,8,18,11.764497756958008,1310,296
231,d,9,18,17.701451778411865,1320,1007
237,c,2,17,31.790996551513672,1507,626
237,c,3,17,18.788394451141357,805,287
237,c,4,17,13.642123222351074,1154,863
237,c,5,17,14.673129796981812,897,1003
237,c,6,17,10.289143562316895,1008,299
237,c,7,17,16.489835739135742,1008,773
237,c,8,17,8.56120252609253,1310,809
237,c,9,17,24.30558204650879,1320,971
237,d,2,17,25.938229084014893,1507,777
237,d,3,17,12.78279185295105,805,863
237,d,4,17,7.080528736114502,1154,899
237,d,5,17,12.80980920791626,897,989
237,d,6,17,17.49483346939087,1008,302
237,d,7,17,14.519957780838013,1008,953
237,d,8,17,8.639953374862671,1310,282
237,d,9,17,10.594726800918579,1320,971
229,c,2,18,20.137732982635498,1507,817
229,c,3,18,10.757234334945679,805,301
229,c,4,18,10.679053783416748,1154,301
229,c,5,18,21.630751848220825,897,1044
229,c,6,18,13.534006118774414,1008,296
229,c,7,18,15.927642345428467,1008,1006
229,c,8,18,17.11753010749817,1310,702
229,c,9,18,18.257118701934814,1320,911
229,d,2,18,17.86179804801941,1507,816
229,d,3,18,12.263809204101562,805,301
229,d,4,18,14.803585290908813,1154,301
229,d,5,18,28.873295545578003,897,893
229,d,6,18,12.364161014556885,1008,296
229,d,7,18,15.135234832763672,1008,1006
229,d,8,18,14.898856163024902,1310,931
229,d,9,18,12.219376802444458,1320,305
232,c,2,15,25.60627007484436,1507,791
232,c,3,15,21.43369197845459,805,879
232,c,4,15,9.195604085922241,1154,735
232,c,5,15,9.8677818775177,897,879
232,c,6,15,16.11624836921692,1008,927
232,c,7,15,11.53709077835083,1008,686
232,c,8,15,14.91694188117981,1310,703
232,c,9,15,6.001544952392578,1320,591
232,d,2,15,49.09510564804077,1507,1041
232,d,3,15,13.432635307312012,805,325
232,d,4,15,15.49238920211792,1154,798
232,d,5,15,18.988622665405273,897,879
232,d,6,15,16.63597798347473,1008,927
232,d,7,15,13.57010269165039,1008,847
232,d,8,15,10.196088790893555,1310,254
232,d,9,15,12.442464351654053,1320,848
221,c,2,21,29.111909866333008,1507,618
221,c,3,21,19.424591779708862,805,425
221,c,4,21,12.046254873275757,1154,1011
221,c,5,21,8.137123346328735,897,1209
221,c,6,21,20.70230269432068,1008,1272
221,c,7,21,13.083685159683228,1008,944
221,c,8,21,13.222410678863525,1310,341
221,c,9,21,15.42605185508728,1320,1077
221,d,2,21,24.1607403755188,1507,579
221,d,3,21,12.582789897918701,805,343
221,d,4,21,33.167151927948,1154,966
221,d,5,21,14.483892917633057,897,1209
221,d,6,21,16.590325117111206,1008,1293
221,d,7,21,23.001638174057007,1008,1165
221,d,8,21,12.835952043533325,1310,338
221,d,9,21,13.632825374603271,1320,342
220,c,2,22,28.20384454727173,1507,657
220,c,3,22,26.09133291244507,805,1057
220,c,4,22,8.857031106948853,1154,1105
220,c,5,22,20.947160720825195,897,1242
220,c,6,22,9.313456535339355,1008,965
220,c,7,22,16.475650787353516,1008,987
220,c,8,22,9.139438390731812,1310,1011
220,c,9,22,9.939254522323608,1320,1032
220,d,2,22,30.404471158981323,1507,1089
220,d,3,22,24.18866753578186,805,452
220,d,4,22,12.954578161239624,1154,361
220,d,5,22,20.256837844848633,897,1264
220,d,6,22,22.72398829460144,1008,1367
220,d,7,22,16.281739950180054,1008,988
220,d,8,22,15.959640264511108,1310,374
220,d,9,22,13.709764003753662,1320,361
235,c,2,21,22.54738712310791,1507,945
235,c,3,21,14.435974836349487,805,343
235,c,4,21,23.529839038848877,1154,551
235,c,5,21,13.036320924758911,897,1231
235,c,6,21,14.586064577102661,1008,338
235,c,7,21,11.548399686813354,1008,923
235,c,8,21,10.840419054031372,1310,338
235,c,9,21,19.29745078086853,1320,1166
235,d,2,21,24.36560344696045,1507,602
235,d,3,21,22.53450298309326,805,425
235,d,4,21,13.47593903541565,1154,2551
235,d,5,21,25.17607855796814,897,1188
235,d,6,21,13.914657831192017,1008,338
235,d,7,21,31.293869972229004,1008,1164
235,d,8,21,13.499569416046143,1310,338
235,d,9,21,18.034504175186157,1320,1166
223,c,2,26,29.418391227722168,1507,739
223,c,3,26,17.688241720199585,805,413
223,c,4,26,23.24445652961731,1154,1295
223,c,5,26,20.151193141937256,897,805
223,c,6,26,8.917271852493286,1008,1159
223,c,7,26,19.31693410873413,1008,1133
223,c,8,26,13.09175157546997,1310,1161
223,c,9,26,21.512712001800537,1320,1431
223,d,2,26,24.005655527114868,1507,578
223,d,3,26,12.950515747070312,805,1269
223,d,4,26,18.450698375701904,1154,435
223,d,5,26,28.243851900100708,897,650
223,d,6,26,11.98463749885559,1008,701
223,d,7,26,21.17039155960083,1008,1404
223,d,8,26,15.689834356307983,1310,408
223,d,9,26,22.425588607788086,1320,1431
224,c,2,23,48.03602075576782,1507,656
224,c,3,23,12.645403146743774,805,1152
224,c,4,23,10.615042209625244,1154,1223
224,c,5,23,28.6275532245636,897,1318
224,c,6,23,23.26548147201538,1008,1030
224,c,7,23,18.16135311126709,1008,1271
224,c,8,23,14.740422248840332,1310,366
224,c,9,23,15.347068309783936,1320,1272
224,d,2,23,23.66930103302002,1507,622
224,d,3,23,22.111961603164673,805,467
224,d,4,23,22.13050079345703,1154,1151
224,d,5,23,16.787193059921265,897,1270
224,d,6,23,16.92474865913391,1008,416
224,d,7,23,18.525478839874268,1008,1271
224,d,8,23,21.797709465026855,1310,1176
224,d,9,23,22.593037128448486,1320,1272
222,c,2,24,41.52566885948181,1507,721
222,c,3,24,25.350117683410645,805,501
222,c,4,24,18.945561408996582,1154,460
222,c,5,24,11.348557710647583,897,1599
222,c,6,24,13.456530809402466,1008,1073
222,c,7,24,20.694303035736084,1008,1000
222,c,8,24,22.47041082382202,1310,1225
222,c,9,24,16.309003114700317,1320,1325
222,d,2,24,28.908682346343994,1507,803
222,d,3,24,31.437092542648315,805,580
222,d,4,24,16.177417993545532,1154,385
222,d,5,24,14.282885313034058,897,391
222,d,6,24,16.812150716781616,1008,418
222,d,7,24,23.44905924797058,1008,1324
222,d,8,24,21.408105611801147,1310,1225
222,d,9,24,22.471264123916626,1320,446
227,c,2,28,48.17844820022583,1507,1109
227,c,3,28,13.97648572921753,805,1363
227,c,4,28,32.22159743309021,1154,1594
227,c,5,28,13.620154857635498,897,1739
227,c,6,28,16.136292219161987,1008,1217
227,c,7,28,35.422240257263184,1008,1535
227,c,8,28,18.662105083465576,1310,436
227,c,9,28,25.341644525527954,1320,1533
227,d,2,28,33.484365940093994,1507,734
227,d,3,28,12.14945387840271,805,1478
227,d,4,28,27.36098837852478,1154,1594
227,d,5,28,37.56166958808899,897,1594
227,d,6,28,15.923241138458252,1008,1739
227,d,7,28,23.598388195037842,1008,553
227,d,8,28,14.12002444267273,1310,436
227,d,9,28,20.84531307220459,1320,1537
225,c,2,34,56.921162605285645,1507,1346
225,c,3,34,22.365628004074097,805,909
225,c,4,34,22.213931560516357,1154,605
225,c,5,34,12.534834146499634,897,1924
225,c,6,34,22.070252895355225,1008,1259
225,c,7,34,42.66072082519531,1008,1820
225,c,8,34,22.85228681564331,1310,1715
225,c,9,34,25.954150915145874,1320,1855
225,d,2,34,46.95824599266052,1507,1026
225,d,3,34,32.85822319984436,805,661
225,d,4,34,14.920210361480713,1154,714
225,d,5,34,47.0663583278656,897,2134
225,d,6,34,30.127254486083984,1008,1995
225,d,7,34,27.318953275680542,1008,1872
225,d,8,34,32.33142066001892,1310,1715
225,d,9,34,14.684247970581055,1320,1855
233,c,2,21,41.4281063079834,1507,714
233,c,3,21,11.380506753921509,805,343
233,c,4,21,13.114971160888672,1154,343
233,c,5,21,22.78035545349121,897,1209
233,c,6,21,23.960562705993652,1008,1275
233,c,7,21,29.27653694152832,1008,517
233,c,8,21,16.27499008178711,1310,338
233,c,9,21,17.207298517227173,1320,1187
233,d,2,21,16.48775839805603,1507,378
233,d,3,21,14.243718147277832,805,343
233,d,4,21,16.59084677696228,1154,341
233,d,5,21,33.62779784202576,897,1231
233,d,6,21,22.51067614555359,1008,1279
233,d,7,21,31.706576824188232,1008,517
233,d,8,21,15.412559986114502,1310,338
233,d,9,21,16.31278395652771,1320,1187
186,c,2,2,54.547911643981934,1507,128
186,c,3,2,3.5213921070098877,805,149
186,c,4,2,55.049742460250854,1154,145
186,c,5,2,4.729614496231079,897,164
186,c,6,2,53.35161757469177,1008,125
186,c,7,2,4.2876482009887695,1008,158
186,c,8,2,60.75751519203186,1310,147
186,c,9,2,56.30508756637573,1320,161
186,d,2,2,4.10632848739624,1507,128
186,d,3,2,56.255993366241455,805,151
186,d,4,2,3.602895736694336,1154,145
186,d,5,2,55.419331312179565,897,164
186,d,6,2,3.9820733070373535,1008,173
186,d,7,2,3.8349251747131348,1008,158
186,d,8,2,52.08259582519531,1310,147
186,d,9,2,3.9643752574920654,1320,159
271,c,2,5,8.104437828063965,1507,257
271,c,3,5,4.46380090713501,805,282
271,c,4,5,5.305616617202759,1154,292
271,c,5,5,8.762319087982178,897,329
271,c,6,5,4.841939210891724,1008,347
271,c,7,5,7.566376686096191,1008,317
271,c,8,5,5.398952007293701,1310,263
271,c,9,5,5.8251564502716064,1320,287
271,d,2,5,6.129016876220703,1507,293
271,d,3,5,4.241842985153198,805,281
271,d,4,5,5.927179336547852,1154,359
271,d,5,5,3.308575391769409,897,329
271,d,6,5,9.426795482635498,1008,251
271,d,7,5,10.078429460525513,1008,353
271,d,8,5,7.5459699630737305,1310,294
271,d,9,5,3.4841954708099365,1320,221
274,c,2,8,19.426076889038086,1507,702
274,c,3,8,11.065618753433228,805,457
274,c,4,8,8.901638269424438,1154,161
274,c,5,8,4.480561017990112,897,224
274,c,6,8,5.699180841445923,1008,467
274,c,7,8,8.708309412002563,1008,386
274,c,8,8,4.322149753570557,1310,332
274,c,9,8,9.300434112548828,1320,359
274,d,2,8,9.696765422821045,1507,431
274,d,3,8,10.671290636062622,805,449
274,d,4,8,4.128654479980469,1154,439
274,d,5,8,7.255767822265625,897,440
274,d,6,8,10.095237731933594,1008,377
274,d,7,8,5.063111066818237,1008,386
274,d,8,8,6.028177499771118,1310,395
274,d,9,8,5.526657342910767,1320,431
240,c,2,10,18.6969313621521,1507,478
240,c,3,10,13.89724326133728,805,229
240,c,4,10,8.633567094802856,1154,189
240,c,5,10,5.755403280258179,897,604
240,c,6,10,8.163019180297852,1008,461
240,c,7,10,5.241550445556641,1008,471
240,c,8,10,5.390773057937622,1310,494
240,c,9,10,8.06055235862732,1320,406
240,d,2,10,16.461379528045654,1507,397
240,d,3,10,4.0119147300720215,805,526
240,d,4,10,10.178316593170166,1154,537
240,d,5,10,7.214075088500977,897,594
240,d,6,10,5.042547702789307,1008,461
240,d,7,10,5.786354064941406,1008,461
240,d,8,10,4.122225522994995,1310,494
240,d,9,10,10.808787107467651,1320,517
241,c,2,8,25.790401935577393,1507,397
241,c,3,8,10.182793855667114,805,457
241,c,4,8,5.770310878753662,1154,439
241,c,5,8,11.88826298713684,897,503
241,c,6,8,8.622288227081299,1008,242
241,c,7,8,4.474905729293823,1008,377
241,c,8,8,10.12927532196045,1310,404
241,c,9,8,7.384579181671143,1320,477
241,d,2,8,13.775901794433594,1507,447
241,d,3,8,6.8849709033966064,805,224
241,d,4,8,6.10090970993042,1154,439
241,d,5,8,6.254384279251099,897,449
241,d,6,8,9.295868873596191,1008,458
241,d,7,8,5.192453861236572,1008,395
241,d,8,8,5.072378158569336,1310,395
241,d,9,8,9.083260536193848,1320,485
248,c,2,11,16.71672010421753,1507,411
248,c,3,11,12.012515544891357,805,247
248,c,4,11,13.859712362289429,1154,586
248,c,5,11,14.805631637573242,897,599
248,c,6,11,7.292758226394653,1008,503
248,c,7,11,8.024215936660767,1008,503
248,c,8,11,13.19145679473877,1310,527
248,c,9,11,11.649691581726074,1320,647
248,d,2,11,6.696664571762085,1507,707
248,d,3,11,5.6513776779174805,805,564
248,d,4,11,8.770598888397217,1154,586
248,d,5,11,6.909449100494385,897,815
248,d,6,11,5.746957302093506,1008,503
248,d,7,11,9.476721286773682,1008,503
248,d,8,11,12.456974506378174,1310,588
248,d,9,11,6.5216522216796875,1320,454
246,c,2,11,8.275018453598022,1507,971
246,c,3,11,6.657656669616699,805,575
246,c,4,11,10.993697881698608,1154,215
246,c,5,11,14.308672189712524,897,659
246,c,6,11,7.159420013427734,1008,371
246,c,7,11,8.231165647506714,1008,503
246,c,8,11,10.83203673362732,1310,527
246,c,9,11,8.669020414352417,1320,564
246,d,2,11,10.399513006210327,1507,241
246,d,3,11,15.41927456855774,805,610
246,d,4,11,8.944216012954712,1154,1572
246,d,5,11,13.860567808151245,897,731
246,d,6,11,7.89534854888916,1008,503
246,d,7,11,17.37614941596985,1008,514
246,d,8,11,11.304335355758667,1310,588
246,d,9,11,11.124505281448364,1320,791
257,c,2,13,19.922511339187622,1507,613
257,c,3,13,16.57292652130127,805,283
257,c,4,13,9.856796026229858,1154,1242
257,c,5,13,6.727260589599609,897,363
257,c,6,13,9.100841522216797,1008,792
257,c,7,13,10.30638074874878,1008,587
257,c,8,13,14.365049600601196,1310,615
257,c,9,13,19.944495677947998,1320,380
257,d,2,13,13.230636358261108,1507,603
257,d,3,13,10.363829612731934,805,671
257,d,4,13,9.917115211486816,1154,686
257,d,5,13,19.381217002868652,897,769
257,d,6,13,8.7463960647583,1008,587
257,d,7,13,7.378210544586182,1008,586
257,d,8,13,6.314335823059082,1310,517
257,d,9,13,10.977229833602905,1320,1556
250,c,2,14,19.718435525894165,1507,644
250,c,3,14,7.916363716125488,805,245
250,c,4,14,16.530439376831055,1154,719
250,c,5,14,20.530425786972046,897,824
250,c,6,14,9.582996129989624,1008,643
250,c,7,14,18.02930188179016,1008,794
250,c,8,14,8.844950914382935,1310,645
250,c,9,14,15.32690143585205,1320,959
250,d,2,14,15.649417877197266,1507,1259
250,d,3,14,7.535320997238159,805,374
250,d,4,14,17.164605379104614,1154,763
250,d,5,14,7.578212738037109,897,374
250,d,6,14,7.130126237869263,1008,629
250,d,7,14,5.203753709793091,1008,764
250,d,8,14,10.303582668304443,1310,554
250,d,9,14,9.828677654266357,1320,734
247,c,2,14,22.135778665542603,1507,373
247,c,3,14,15.082094430923462,805,301
247,c,4,14,6.357511758804321,1154,733
247,c,5,14,11.45834469795227,897,839
247,c,6,14,13.7577486038208,1008,643
247,c,7,14,12.85323429107666,1008,643
247,c,8,14,9.088513374328613,1310,240
247,c,9,14,11.986696004867554,1320,1169
247,d,2,14,14.377197504043579,1507,2088
247,d,3,14,13.829914331436157,805,718
247,d,4,14,19.285409450531006,1154,733
247,d,5,14,18.247062921524048,897,824
247,d,6,14,8.335156917572021,1008,643
247,d,7,14,8.239830493927002,1008,659
247,d,8,14,6.951677560806274,1310,659
247,d,9,14,14.386028289794922,1320,674
279,c,2,15,18.740053176879883,1507,1326
279,c,3,15,18.48793864250183,805,799
279,c,4,15,5.603741407394409,1154,1361
279,c,5,15,7.875805616378784,897,1103
279,c,6,15,11.820245504379272,1008,687
279,c,7,15,7.338300943374634,1008,815
279,c,8,15,9.276110172271729,1310,591
279,c,9,15,19.669456005096436,1320,848
279,d,2,15,24.667439699172974,1507,1728
279,d,3,15,10.199686527252197,805,784
279,d,4,15,18.729642629623413,1154,779
279,d,5,15,23.10426139831543,897,894
279,d,6,15,3.7004804611206055,1008,213
279,d,7,15,8.461080312728882,1008,671
279,d,8,15,9.992098093032837,1310,607
279,d,9,15,15.662872076034546,1320,319
278,c,2,17,17.96061086654663,1507,2974
278,c,3,17,15.424818515777588,805,287
278,c,4,17,14.377030372619629,1154,287
278,c,5,17,12.123249530792236,897,899
278,c,6,17,12.689599514007568,1008,772
278,c,7,17,13.489369869232178,1008,755
278,c,8,17,11.181126832962036,1310,282
278,c,9,17,14.881500005722046,1320,863
278,d,2,17,15.471914529800415,1507,429
278,d,3,17,8.641177892684937,805,845
278,d,4,17,16.936228275299072,1154,287
278,d,5,17,16.236475229263306,897,881
278,d,6,17,10.65988540649414,1008,790
278,d,7,17,12.151219367980957,1008,755
278,d,8,17,6.430657148361206,1310,809
278,d,9,17,15.27647614479065,1320,954
254,c,2,12,30.927886247634888,1507,495
254,c,3,12,15.607771158218384,805,661
254,c,4,12,12.433504104614258,1154,649
254,c,5,12,12.395782709121704,897,714
254,c,6,12,10.749392747879028,1008,545
254,c,7,12,12.812958717346191,1008,688
254,c,8,12,18.71962022781372,1310,584
254,c,9,12,7.056993246078491,1320,662
254,d,2,12,25.609808206558228,1507,612
254,d,3,12,11.915140867233276,805,265
254,d,4,12,7.074968099594116,1154,649
254,d,5,12,9.681774854660034,897,714
254,d,6,12,6.579654216766357,1008,389
254,d,7,12,10.476200819015503,1008,557
254,d,8,12,13.618245601654053,1310,402
254,d,9,12,11.639560461044312,1320,701
270,c,2,16,35.73018193244934,1507,551
270,c,3,16,10.735893964767456,805,798
270,c,4,16,9.989636898040771,1154,831
270,c,5,16,8.485983610153198,897,848
270,c,6,16,11.924041032791138,1008,713
270,c,7,16,19.802891731262207,1008,900
270,c,8,16,11.889752864837646,1310,628
270,c,9,16,10.551973104476929,1320,726
270,d,2,16,16.329110860824585,1507,862
270,d,3,16,20.67858624458313,805,337
270,d,4,16,12.47621488571167,1154,831
270,d,5,16,10.062254667282104,897,918
270,d,6,16,13.08204197883606,1008,730
270,d,7,16,6.288201332092285,1008,713
270,d,8,16,11.428655624389648,1310,268
270,d,9,16,10.319657325744629,1320,901
263,c,2,16,20.840632677078247,1507,446
263,c,3,16,13.432641744613647,805,275
263,c,4,16,19.206873178482056,1154,815
263,c,5,16,13.372998237609863,897,934
263,c,6,16,8.412969589233398,1008,764
263,c,7,16,14.779038906097412,1008,900
263,c,8,16,9.958374738693237,1310,268
263,c,9,16,9.552967309951782,1320,1213
263,d,2,16,16.4059476852417,1507,1043
263,d,3,16,8.097881078720093,805,798
263,d,4,16,13.429930925369263,1154,278
263,d,5,16,24.04788041114807,897,934
263,d,6,16,9.05687403678894,1008,730
263,d,7,16,12.818301439285278,1008,729
263,d,8,16,14.83823037147522,1310,833
263,d,9,16,12.084579467773438,1320,320
276,c,2,14,27.500678777694702,1507,544
276,c,3,14,17.766228914260864,805,301
276,c,4,14,14.607183456420898,1154,761
276,c,5,14,11.7302725315094,897,1470
276,c,6,14,6.77776575088501,1008,749
276,c,7,14,14.291839361190796,1008,794
276,c,8,14,16.098185539245605,1310,735
276,c,9,14,11.475106239318848,1320,584
276,d,2,14,12.494232892990112,1507,1019
276,d,3,14,16.254019021987915,805,276
276,d,4,14,12.948869705200195,1154,262
276,d,5,14,18.217087984085083,897,1378
276,d,6,14,7.547760486602783,1008,733
276,d,7,14,14.25488018989563,1008,764
276,d,8,14,10.856765031814575,1310,735
276,d,9,14,7.298179864883423,1320,989
242,c,2,16,31.145193815231323,1507,813
242,c,3,16,24.016684770584106,805,865
242,c,4,16,7.034205198287964,1154,815
242,c,5,16,15.046642065048218,897,935
242,c,6,16,16.766934633255005,1008,985
242,c,7,16,5.677642583847046,1008,713
242,c,8,16,24.65514302253723,1310,628
242,c,9,16,7.932659149169922,1320,781
242,d,2,16,11.435585737228394,1507,1072
242,d,3,16,20.60600185394287,805,865
242,d,4,16,9.28783917427063,1154,832
242,d,5,16,9.072079420089722,897,781
242,d,6,16,9.266650676727295,1008,713
242,d,7,16,14.986070156097412,1008,713
242,d,8,16,11.978200674057007,1310,274
242,d,9,16,7.609670877456665,1320,849
269,c,2,16,23.79313635826111,1507,730
269,c,3,16,19.704322814941406,805,337
269,c,4,16,9.788102388381958,1154,297
269,c,5,16,13.573187828063965,897,1342
269,c,6,16,22.26323652267456,1008,729
269,c,7,16,12.72391128540039,1008,900
269,c,8,16,10.803714275360107,1310,747
269,c,9,16,13.29997444152832,1320,918
269,d,2,16,19.534157514572144,1507,730
269,d,3,16,13.302683353424072,805,865
269,d,4,16,11.371074438095093,1154,831
269,d,5,16,16.808751821517944,897,934
269,d,6,16,9.687950134277344,1008,713
269,d,7,16,14.090615272521973,1008,900
269,d,8,16,10.9730224609375,1310,268
269,d,9,16,10.00525712966919,1320,848
244,c,2,19,21.381550788879395,1507,569
244,c,3,19,26.57019352912903,805,999
244,c,4,19,16.021946668624878,1154,453
244,c,5,19,16.893129587173462,897,1279
244,c,6,19,22.72317123413086,1008,1174
244,c,7,19,8.784972667694092,1008,979
244,c,8,19,10.709432363510132,1310,879
244,c,9,19,28.280073404312134,1320,3280
244,d,2,19,13.919192790985107,1507,2042
244,d,3,19,21.64365816116333,805,1120
244,d,4,19,10.047771453857422,1154,1180
244,d,5,19,12.276859045028687,897,472
244,d,6,19,12.584120035171509,1008,307
244,d,7,19,8.375693082809448,1008,659
244,d,8,19,12.277026414871216,1310,310
244,d,9,19,6.9566686153411865,1320,1082
252,c,2,14,61.22992753982544,1507,1179
252,c,3,14,10.108481407165527,805,719
252,c,4,14,24.22421884536743,1154,980
252,c,5,14,19.55039095878601,897,824
252,c,6,14,11.31794285774231,1008,643
252,c,7,14,7.35162878036499,1008,643
252,c,8,14,15.329602241516113,1310,240
252,c,9,14,10.871777057647705,1320,249
252,d,2,14,16.774113655090332,1507,584
252,d,3,14,7.896970748901367,805,719
252,d,4,14,12.735630750656128,1154,719
252,d,5,14,13.79494023323059,897,824
252,d,6,14,10.425155401229858,1008,240
252,d,7,14,13.283288955688477,1008,643
252,d,8,14,7.255439519882202,1310,554
252,d,9,14,9.213285684585571,1320,249
243,c,2,20,20.20716118812561,1507,435
243,c,3,20,16.130933046340942,805,329
243,c,4,20,6.568077564239502,1154,1406
243,c,5,20,16.40938138961792,897,1028
243,c,6,20,9.568634986877441,1008,922
243,c,7,20,21.013468980789185,1008,881
243,c,8,20,22.250848531723022,1310,1049
243,c,9,20,14.748700380325317,1320,1764
243,d,2,20,23.38702940940857,1507,489
243,d,3,20,23.025840044021606,805,409
243,d,4,20,11.572565078735352,1154,1934
243,d,5,20,18.26828384399414,897,1154
243,d,6,20,18.221437454223633,1008,1217
243,d,7,20,7.671377897262573,1008,881
243,d,8,20,18.10931372642517,1310,776
243,d,9,20,8.100050210952759,1320,1449
261,c,2,20,33.16099762916565,1507,925
261,c,3,20,16.19473958015442,805,460
261,c,4,20,18.875399112701416,1154,1027
261,c,5,20,14.98599886894226,897,1154
261,c,6,20,18.957071542739868,1008,323
261,c,7,20,12.744917392730713,1008,902
261,c,8,20,11.712248086929321,1310,923
261,c,9,20,10.234079599380493,1320,776
261,d,2,20,24.369179248809814,1507,446
261,d,3,20,13.26719045639038,805,986
261,d,4,20,14.269253015518188,1154,1049
261,d,5,20,11.474147319793701,897,1049
261,d,6,20,12.101306438446045,1008,326
261,d,7,20,15.336835145950317,1008,902
261,d,8,20,18.186100482940674,1310,923
261,d,9,20,23.557203769683838,1320,797
245,c,2,23,31.012100219726562,1507,508
245,c,3,23,18.106765270233154,805,371
245,c,4,23,22.15404987335205,1154,1220
245,c,5,23,15.914582967758179,897,1319
245,c,6,23,11.511709451675415,1008,1223
245,c,7,23,13.860554218292236,1008,1055
245,c,8,23,9.89522409439087,1310,1247
245,c,9,23,27.425293922424316,1320,935
245,d,2,23,27.381282329559326,1507,1041
245,d,3,23,10.81929349899292,805,1174
245,d,4,23,16.206215381622314,1154,1127
245,d,5,23,20.59908127784729,897,1319
245,d,6,23,16.856178998947144,1008,1271
245,d,7,23,9.124261856079102,1008,1151
245,d,8,23,8.214097738265991,1310,911
245,d,9,23,24.71222996711731,1320,1272
272,c,2,22,26.130932807922363,1507,468
272,c,3,22,18.656327962875366,805,357
272,c,4,22,24.462093591690063,1154,1586
272,c,5,22,14.35636019706726,897,1126
272,c,6,22,15.266487836837769,1008,356
272,c,7,22,9.209020376205444,1008,965
272,c,8,22,10.458588123321533,1310,1011
272,c,9,22,8.782987594604492,1320,1148
272,d,2,22,29.77414870262146,1507,1914
272,d,3,22,15.154892206192017,805,1103
272,d,4,22,18.428964376449585,1154,1724
272,d,5,22,14.549915552139282,897,2782
272,d,6,22,22.02240228652954,1008,1218
272,d,7,22,14.574605226516724,1008,987
272,d,8,22,18.2426815032959,1310,1033
272,d,9,22,24.278225421905518,1320,1219
275,c,2,22,36.95773124694824,1507,806
275,c,3,22,13.446397542953491,805,1103
275,c,4,22,18.079618215560913,1154,1609
275,c,5,22,18.819327354431152,897,1540
275,c,6,22,19.077277898788452,1008,1103
275,c,7,22,12.676713228225708,1008,1146
275,c,8,22,10.753883123397827,1310,1034
275,c,9,22,14.161155939102173,1320,1103
275,d,2,22,35.300843954086304,1507,1040
275,d,3,22,12.814448595046997,805,1103
275,d,4,22,12.000320196151733,1154,1678
275,d,5,22,15.957911968231201,897,1264
275,d,6,22,13.228162050247192,1008,965
275,d,7,22,14.426193952560425,1008,965
275,d,8,22,12.658765077590942,1310,1195
275,d,9,22,24.38512659072876,1320,1219
255,c,2,18,25.02037262916565,1507,816
255,c,3,18,16.065022945404053,805,301
255,c,4,18,21.285598039627075,1154,1044
255,c,5,18,8.06705641746521,897,1120
255,c,6,18,14.91504955291748,1008,778
255,c,7,18,28.802691221237183,1008,1101
255,c,8,18,10.519584655761719,1310,853
255,c,9,18,19.99882984161377,1320,929
255,d,2,18,27.264082431793213,1507,514
255,d,3,18,11.997513771057129,805,1412
255,d,4,18,18.457730770111084,1154,1196
255,d,5,18,22.626715898513794,897,1158
255,d,6,18,10.77931523323059,1008,815
255,d,7,18,21.693254947662354,1008,1291
255,d,8,18,18.29928231239319,1310,368
255,d,9,18,13.926015853881836,1320,1007
264,c,2,23,29.04404854774475,1507,1031
264,c,3,23,19.30089044570923,805,371
264,c,4,23,16.654325008392334,1154,1174
264,c,5,23,7.162934064865112,897,1199
264,c,6,23,8.201441287994385,1008,1007
264,c,7,23,21.85353112220764,1008,1271
264,c,8,23,12.238197326660156,1310,1055
264,c,9,23,32.294028759002686,1320,754
264,d,2,23,26.331928730010986,1507,1031
264,d,3,23,21.533043384552002,805,1151
264,d,4,23,16.161634922027588,1154,371
264,d,5,23,26.90857172012329,897,1296
264,d,6,23,9.635332584381104,1008,1007
264,d,7,23,12.681990146636963,1008,1007
264,d,8,23,12.186652660369873,1310,438
264,d,9,23,28.19995880126953,1320,1280
251,c,2,19,40.05537962913513,1507,607
251,c,3,19,10.577149629592896,805,999
251,c,4,19,26.00879454612732,1154,525
251,c,5,19,19.065247297286987,897,432
251,c,6,19,8.35142469406128,1008,858
251,c,7,19,27.301856994628906,1008,839
251,c,8,19,12.953504085540771,1310,739
251,c,9,19,21.832308292388916,1320,1079
251,d,2,19,24.87986731529236,1507,859
251,d,3,19,17.243934154510498,805,1119
251,d,4,19,18.601016998291016,1154,959
251,d,5,19,25.528278350830078,897,1208
251,d,6,19,11.534838676452637,1008,858
251,d,7,19,21.794054985046387,1008,1059
251,d,8,19,11.443170070648193,1310,310
251,d,9,19,12.708488464355469,1320,1079
273,c,2,24,29.5372474193573,1507,714
273,c,3,24,20.075711727142334,805,385
273,c,4,24,17.186169385910034,1154,1199
273,c,5,24,27.255645275115967,897,1099
273,c,6,24,14.07703685760498,1008,1199
273,c,7,24,11.324214220046997,1008,1049
273,c,8,24,11.56234073638916,1310,924
273,c,9,24,19.129677534103394,1320,1199
273,d,2,24,30.87652087211609,1507,2683
273,d,3,24,11.16227912902832,805,1247
273,d,4,24,19.361323833465576,1154,1223
273,d,5,24,19.894263982772827,897,1374
273,d,6,24,15.128924369812012,1008,1074
273,d,7,24,20.335670232772827,1008,1049
273,d,8,24,24.465858221054077,1310,1225
273,d,9,24,19.638506174087524,1320,1325
249,c,2,26,38.98389911651611,1507,1255
249,c,3,26,19.00735640525818,805,1295
249,c,4,26,35.10520267486572,1154,609
249,c,5,26,10.857404708862305,897,1511
249,c,6,26,14.175224542617798,1008,1241
249,c,7,26,15.011683464050293,1008,1160
249,c,8,26,16.111363172531128,1310,1161
249,c,9,26,33.25680232048035,1320,617
249,d,2,26,29.974889516830444,1507,620
249,d,3,26,10.750020503997803,805,1295
249,d,4,26,11.497651815414429,1154,1324
249,d,5,26,10.289646625518799,897,1344
249,d,6,26,9.664820909500122,1008,1430
249,d,7,26,15.896538734436035,1008,405
249,d,8,26,21.80264711380005,1310,1323
249,d,9,26,23.647166967391968,1320,1431
267,c,2,21,51.91100740432739,1507,921
267,c,3,21,8.00746202468872,805,1099
267,c,4,21,20.012146949768066,1154,1473
267,c,5,21,21.903228044509888,897,1228
267,c,6,21,32.22950887680054,1008,1021
267,c,7,21,21.487797737121582,1008,1119
267,c,8,21,10.50534725189209,1310,967
267,c,9,21,32.74489212036133,1320,635
267,d,2,21,37.26236271858215,1507,827
267,d,3,21,15.29494571685791,805,1055
267,d,4,21,13.468293905258179,1154,1142
267,d,5,21,25.0888934135437,897,1340
267,d,6,21,16.154794692993164,1008,1273
267,d,7,21,22.856475114822388,1008,1119
267,d,8,21,14.36966323852539,1310,1078
267,d,9,21,15.502394437789917,1320,1187
277,c,2,30,29.400036573410034,1507,1547
277,c,3,30,32.07838988304138,805,589
277,c,4,30,29.129499197006226,1154,1680
277,c,5,30,18.76005506515503,897,1704
277,c,6,30,16.41158413887024,1008,1301
277,c,7,30,28.929279565811157,1008,1331
277,c,8,30,25.669435739517212,1310,1519
277,c,9,30,28.53435516357422,1320,1592
277,d,2,30,29.611201286315918,1507,631
277,d,3,30,12.141002655029297,805,1456
277,d,4,30,30.86593794822693,1154,6291
277,d,5,30,20.0194251537323,897,559
277,d,6,30,23.223588705062866,1008,1695
277,d,7,30,20.569843769073486,1008,1664
277,d,8,30,26.29096794128418,1310,1519
277,d,9,30,17.119219064712524,1320,537
260,c,2,29,32.53370761871338,1507,1203
260,c,3,29,36.28430485725403,805,1649
260,c,4,29,30.409746646881104,1154,1439
260,c,5,29,13.186185359954834,897,1979
260,c,6,29,38.52743649482727,1008,1739
260,c,7,29,10.20287299156189,1008,1289
260,c,8,29,20.3177330493927,1310,1378
260,c,9,29,34.59803557395935,1320,1620
260,d,2,29,28.79950761795044,1507,2218
260,d,3,29,22.06265878677368,805,1498
260,d,4,29,20.472240209579468,1154,479
260,d,5,29,25.843582153320312,897,1766
260,d,6,29,24.456716060638428,1008,1736
260,d,7,29,19.634242296218872,1008,1612
260,d,8,29,14.289472579956055,1310,534
260,d,9,29,21.64064931869507,1320,1643
262,c,2,29,63.52625560760498,1507,1013
262,c,3,29,32.09697723388672,805,2399
262,c,4,29,12.615869760513306,1154,2669
262,c,5,29,12.4684157371521,897,1619
262,c,6,29,12.70641565322876,1008,2791
262,c,7,29,33.88054919242859,1008,601
262,c,8,29,22.89445185661316,1310,2069
262,c,9,29,22.467411041259766,1320,1649
262,d,2,29,49.409939765930176,1507,1091
262,d,3,29,26.000712156295776,805,1600
262,d,4,29,21.576122999191284,1154,1677
262,d,5,29,27.045616388320923,897,1648
262,d,6,29,23.432928800582886,1008,1739
262,d,7,29,21.524962186813354,1008,1560
262,d,8,29,33.91769528388977,1310,720
262,d,9,29,30.552714586257935,1320,1619
265,c,2,35,44.84652805328369,1507,1547
265,c,3,35,22.830156803131104,805,1836
265,c,4,35,36.16992473602295,1154,1979
265,c,5,35,23.88580870628357,897,3160
265,c,6,35,14.01868987083435,1008,1547
265,c,7,35,32.030803203582764,1008,1924
265,c,8,35,27.49183678627014,1310,1764
265,c,9,35,41.906967639923096,1320,969
265,d,2,35,25.336021661758423,1507,1590
265,d,3,35,40.95621681213379,805,1979
265,d,4,35,24.35236096382141,1154,2034
265,d,5,35,38.45198893547058,897,2256
265,d,6,35,25.710891246795654,1008,1907
265,d,7,35,23.689828157424927,1008,1924
265,d,8,35,26.120846271514893,1310,1764
265,d,9,35,29.92020845413208,1320,842
259,c,2,36,35.833877086639404,1507,2455
259,c,3,36,22.688318490982056,805,1848
259,c,4,36,27.388824224472046,1154,2219
259,c,5,36,38.95888161659241,897,1979
259,c,6,36,15.369224548339844,1008,1849
259,c,7,36,45.06350660324097,1008,1702
259,c,8,36,27.22000741958618,1310,638
259,c,9,36,38.581791162490845,1320,796
259,d,2,36,45.00764775276184,1507,1196
259,d,3,36,38.93810176849365,805,710
259,d,4,36,29.37552523612976,1154,1775
259,d,5,36,26.939327239990234,897,2034
259,d,6,36,24.477224111557007,1008,2145
259,d,7,36,23.150456190109253,1008,569
259,d,8,36,21.34185552597046,1310,1813
259,d,9,36,26.01193380355835,1320,1961
256,c,2,39,33.552653074264526,1507,887
256,c,3,39,50.317655086517334,805,826
256,c,4,39,26.577911138534546,1154,2254
256,c,5,39,37.29283547401428,897,2239
256,c,6,39,37.33258295059204,1008,2320
256,c,7,39,27.699652433395386,1008,1679
256,c,8,39,12.088768720626831,1310,2598
256,c,9,39,56.82433271408081,1320,1108
256,d,2,39,36.029457092285156,1507,775
256,d,3,39,30.155522108078003,805,830
256,d,4,39,32.32109808921814,1154,2268
256,d,5,39,40.158608198165894,897,2199
256,d,6,39,23.501465320587158,1008,1639
256,d,7,39,26.733587741851807,1008,2132
256,d,8,39,31.36239981651306,1310,2009
256,d,9,39,44.606489419937134,1320,791
266,c,2,42,45.77976727485657,1507,861
266,c,3,42,22.502413272857666,805,2105
266,c,4,42,38.32408428192139,1154,2309
266,c,5,42,25.608161449432373,897,2713
266,c,6,42,22.941887378692627,1008,1805
266,c,7,42,41.91214728355408,1008,1847
266,c,8,42,36.66198182106018,1310,831
266,c,9,42,44.383485317230225,1320,918
266,d,2,42,51.65383291244507,1507,990
266,d,3,42,33.59905791282654,805,2309
266,d,4,42,30.834786415100098,1154,2388
266,d,5,42,44.719720125198364,897,2267
266,d,6,42,35.09567379951477,1008,2622
266,d,7,42,31.19382882118225,1008,1978
266,d,8,42,50.344327211380005,1310,980
266,d,9,42,31.204709768295288,1320,2296
293,c,2,5,11.283277988433838,1507,407
293,c,3,5,9.840802907943726,805,139
293,c,4,5,7.854586124420166,1154,292
293,c,5,5,3.1609318256378174,897,335
293,c,6,5,7.172642946243286,1008,251
293,c,7,5,8.519594430923462,1008,317
293,c,8,5,7.679993391036987,1310,294
293,c,9,5,11.057016134262085,1320,323
293,d,2,5,9.483685493469238,1507,407
293,d,3,5,4.8365159034729,805,302
293,d,4,5,3.968740940093994,1154,292
293,d,5,5,3.5265297889709473,897,329
293,d,6,5,3.63220477104187,1008,251
293,d,7,5,3.798799753189087,1008,257
293,d,8,5,9.989225625991821,1310,114
293,d,9,5,10.907528638839722,1320,323
280,c,2,4,10.037931680679321,1507,214
280,c,3,4,8.806799173355103,805,253
280,c,4,4,10.59339189529419,1154,235
280,c,5,4,3.9397428035736084,897,274
280,c,6,4,3.395516872406006,1008,189
280,c,7,4,6.520458221435547,1008,264
280,c,8,4,8.271886825561523,1310,245
280,c,9,4,11.799331903457642,1320,269
280,d,2,4,8.892577171325684,1507,214
280,d,3,4,10.095722436904907,805,121
280,d,4,4,5.824281930923462,1154,243
280,d,5,4,4.118377208709717,897,124
280,d,6,4,3.1104164123535156,1008,149
280,d,7,4,12.988572597503662,1008,264
280,d,8,4,9.248009204864502,1310,245
280,d,9,4,8.338125944137573,1320,265
287,c,2,11,18.296324491500854,1507,515
287,c,3,11,27.72172737121582,805,599
287,c,4,11,13.967158555984497,1154,610
287,c,5,11,18.941855907440186,897,731
287,c,6,11,7.182004690170288,1008,503
287,c,7,11,7.320666551589966,1008,491
287,c,8,11,4.745514392852783,1310,455
287,c,9,11,17.967824697494507,1320,647
287,d,2,11,14.391875982284546,1507,252
287,d,3,11,6.130220890045166,805,575
287,d,4,11,6.589566469192505,1154,647
287,d,5,11,6.61788010597229,897,659
287,d,6,11,5.3202972412109375,1008,503
287,d,7,11,17.320533275604248,1008,638
287,d,8,11,19.189161777496338,1310,588
287,d,9,11,12.556549549102783,1320,647
281,c,2,15,25.120768785476685,1507,687
281,c,3,15,7.27933406829834,805,751
281,c,4,15,23.990418672561646,1154,384
281,c,5,15,24.37586498260498,897,895
281,c,6,15,8.033915758132935,1008,975
281,c,7,15,6.38006329536438,1008,894
281,c,8,15,24.243926525115967,1310,784
281,c,9,15,16.61393713951111,1320,277
281,d,2,15,36.89025163650513,1507,698
281,d,3,15,21.325953006744385,805,814
281,d,4,15,18.4826238155365,1154,258
281,d,5,15,11.087765216827393,897,894
281,d,6,15,17.745849609375,1008,291
281,d,7,15,15.08095645904541,1008,847
281,d,8,15,16.747987508773804,1310,254
281,d,9,15,7.9576451778411865,1320,754
294,c,2,14,39.554630517959595,1507,666
294,c,3,14,21.139193058013916,805,301
294,c,4,14,18.534437656402588,1154,763
294,c,5,14,7.876336097717285,897,374
294,c,6,14,7.15593147277832,1008,629
294,c,7,14,17.278581857681274,1008,238
294,c,8,14,18.689733266830444,1310,735
294,c,9,14,17.617830753326416,1320,795
294,d,2,14,8.16745901107788,1507,1242
294,d,3,14,20.37023663520813,805,301
294,d,4,14,14.933799743652344,1154,763
294,d,5,14,30.61700940132141,897,839
294,d,6,14,14.010968923568726,1008,237
294,d,7,14,23.341362953186035,1008,794
294,d,8,14,20.1177396774292,1310,735
294,d,9,14,18.235748291015625,1320,795
285,c,2,16,26.414968729019165,1507,379
285,c,3,16,8.409682273864746,805,799
285,c,4,16,17.21311354637146,1154,273
285,c,5,16,24.61629867553711,897,1026
285,c,6,16,12.94610595703125,1008,730
285,c,7,16,9.308141946792603,1008,713
285,c,8,16,20.517237186431885,1310,268
285,c,9,16,26.764219045639038,1320,901
285,d,2,16,26.568289518356323,1507,730
285,d,3,16,13.595823526382446,805,273
285,d,4,16,14.826905965805054,1154,273
285,d,5,16,15.369035720825195,897,931
285,d,6,16,23.054661750793457,1008,265
285,d,7,16,22.432256937026978,1008,900
285,d,8,16,16.737192392349243,1310,833
285,d,9,16,20.550716876983643,1320,917
289,c,2,13,20.84012198448181,1507,601
289,c,3,13,16.685054540634155,805,712
289,c,4,13,16.619758129119873,1154,658
289,c,5,13,23.17189311981201,897,356
289,c,6,13,10.307407855987549,1008,587
289,c,7,13,6.66645622253418,1008,600
289,c,8,13,21.26067328453064,1310,686
289,c,9,13,28.29982352256775,1320,378
289,d,2,13,16.74023675918579,1507,250
289,d,3,13,14.961450815200806,805,699
289,d,4,13,16.687517642974854,1154,673
289,d,5,13,27.512401342391968,897,783
289,d,6,13,16.13085675239563,1008,811
289,d,7,13,30.497034311294556,1008,741
289,d,8,13,8.188541889190674,1310,615
289,d,9,13,50.45466446876526,1320,516
299,c,2,18,22.994845628738403,1507,353
299,c,3,18,26.26401662826538,805,365
299,c,4,18,24.60996150970459,1154,303
299,c,5,18,10.839306592941284,897,967
299,c,6,18,8.137033939361572,1008,1139
299,c,7,18,8.8783438205719,1008,873
299,c,8,18,19.40616202354431,1310,296
299,c,9,18,32.48971700668335,1320,1025
299,d,2,18,27.039419412612915,1507,816
299,d,3,18,14.247592210769653,805,295
299,d,4,18,23.203003406524658,1154,303
299,d,5,18,23.05514883995056,897,1026
299,d,6,18,16.03668975830078,1008,319
299,d,7,18,31.824784994125366,1008,1006
299,d,8,18,18.35793161392212,1310,931
299,d,9,18,23.035260915756226,1320,1007
296,c,2,17,38.28324222564697,1507,654
296,c,3,17,33.69023394584656,805,365
296,c,4,17,11.075691938400269,1154,953
296,c,5,17,6.170197010040283,897,1044
296,c,6,17,8.634167194366455,1008,772
296,c,7,17,25.697348833084106,1008,352
296,c,8,17,29.151787996292114,1310,882
296,c,9,17,23.46210741996765,1320,1007
296,d,2,17,31.554162740707397,1507,543
296,d,3,17,7.897118091583252,805,880
296,d,4,17,17.977455854415894,1154,310
296,d,5,17,23.574312210083008,897,1007
296,d,6,17,28.114568948745728,1008,1070
296,d,7,17,25.930054426193237,1008,953
296,d,8,17,12.350506782531738,1310,282
296,d,9,17,16.00081491470337,1320,954
283,c,2,18,28.29333257675171,1507,816
283,c,3,18,12.206814289093018,805,892
283,c,4,18,26.228389978408813,1154,309
283,c,5,18,30.74875545501709,897,1044
283,c,6,18,33.57782530784607,1008,1101
283,c,7,18,7.599169015884399,1008,1082
283,c,8,18,10.257320165634155,1310,702
283,c,9,18,7.200122356414795,1320,854
283,d,2,18,48.61580801010132,1507,491
283,d,3,18,11.753114938735962,805,301
283,d,4,18,24.795926570892334,1154,959
283,d,5,18,21.74402928352356,897,1036
283,d,6,18,34.70903468132019,1008,1101
283,d,7,18,19.49460768699646,1008,1006
283,d,8,18,12.351390361785889,1310,296
283,d,9,18,26.907535314559937,1320,1007
288,c,2,19,24.840519189834595,1507,397
288,c,3,19,30.562764883041382,805,1018
288,c,4,19,30.743345022201538,1154,978
288,c,5,19,10.864386081695557,897,559
288,c,6,19,26.331526517868042,1008,308
288,c,7,19,21.55363416671753,1008,939
288,c,8,19,14.882285833358765,1310,759
288,c,9,19,31.27772545814514,1320,1058
288,d,2,19,24.42625617980957,1507,510
288,d,3,19,25.04736566543579,805,395
288,d,4,19,17.99383282661438,1154,959
288,d,5,19,27.67321228981018,897,1119
288,d,6,19,15.908978939056396,1008,306
288,d,7,19,24.065075159072876,1008,1059
288,d,8,19,17.578457832336426,1310,386
288,d,9,19,18.799676656723022,1320,1079
292,c,2,17,25.444246530532837,1507,423
292,c,3,17,10.266443014144897,805,845
292,c,4,17,15.238864421844482,1154,289
292,c,5,17,38.48387813568115,897,1097
292,c,6,17,11.95842957496643,1008,1079
292,c,7,17,20.698075771331787,1008,953
292,c,8,17,15.808193922042847,1310,282
292,c,9,17,35.30592393875122,1320,951
292,d,2,17,41.242408990859985,1507,863
292,d,3,17,13.077990531921387,805,287
292,d,4,17,29.9780855178833,1154,989
292,d,5,17,39.45708250999451,897,361
292,d,6,17,21.250991821289062,1008,1037
292,d,7,17,14.497567653656006,1008,953
292,d,8,17,25.71909785270691,1310,882
292,d,9,17,16.189289093017578,1320,971
284,c,2,21,41.89555382728577,1507,603
284,c,3,21,20.12164807319641,805,341
284,c,4,21,42.37894320487976,1154,1091
284,c,5,21,24.992004871368408,897,1341
284,c,6,21,21.488242864608765,1008,347
284,c,7,21,8.50866436958313,1008,945
284,c,8,21,24.90242886543274,1310,338
284,c,9,21,19.793574333190918,1320,426
284,d,2,21,26.436813592910767,1507,1004
284,d,3,21,28.21855926513672,805,348
284,d,4,21,22.493252754211426,1154,1057
284,d,5,21,25.967782020568848,897,1209
284,d,6,21,20.844422817230225,1008,338
284,d,7,21,13.752019882202148,1008,338
284,d,8,21,33.38231897354126,1310,1078
284,d,9,21,21.20451021194458,1320,1166
295,c,2,19,44.40378189086914,1507,717
295,c,3,19,17.511781454086304,805,315
295,c,4,19,22.923192977905273,1154,315
295,c,5,19,11.349240779876709,897,1080
295,c,6,19,23.661232709884644,1008,307
295,c,7,19,22.37847375869751,1008,1059
295,c,8,19,17.700414657592773,1310,310
295,c,9,19,33.869545221328735,1320,1060
295,d,2,19,66.93288040161133,1507,757
295,d,3,19,36.05423879623413,805,402
295,d,4,19,23.690178394317627,1154,324
295,d,5,19,21.55403423309326,897,1099
295,d,6,19,31.597267866134644,1008,1039
295,d,7,19,15.714362144470215,1008,1059
295,d,8,19,14.278690338134766,1310,999
295,d,9,19,33.59613394737244,1320,1079
286,c,2,27,39.82699990272522,1507,551
286,c,3,27,36.16548442840576,805,547
286,c,4,27,15.512120962142944,1154,1416
286,c,5,27,8.706175804138184,897,1707
286,c,6,27,35.886653423309326,1008,1147
286,c,7,27,10.477317333221436,1008,1175
286,c,8,27,15.134163856506348,1310,1231
286,c,9,27,37.25357484817505,1320,639
286,d,2,27,33.30996775627136,1507,1418
286,d,3,27,50.206504344940186,805,548
286,d,4,27,30.90904402732849,1154,610
286,d,5,27,23.772969722747803,897,1637
286,d,6,27,41.59403586387634,1008,1567
286,d,7,27,33.345102071762085,1008,1456
286,d,8,27,33.81067609786987,1310,422
286,d,9,27,52.3527991771698,1320,1486
298,c,2,25,52.96443319320679,1507,789
298,c,3,25,37.190709590911865,805,498
298,c,4,25,34.75146198272705,1154,1243
298,c,5,25,41.21853065490723,897,1430
298,c,6,25,18.81703519821167,1008,388
298,c,7,25,38.238733768463135,1008,1376
298,c,8,25,41.932971477508545,1310,1274
298,c,9,25,37.68971538543701,1320,1378
298,d,2,25,60.720579624176025,1507,661
298,d,3,25,37.70651817321777,805,498
298,d,4,25,18.338202953338623,1154,399
298,d,5,25,31.94619345664978,897,1524
298,d,6,25,27.892513751983643,1008,391
298,d,7,25,26.33194899559021,1008,1352
298,d,8,25,20.836053371429443,1310,394
298,d,9,25,22.240747451782227,1320,439
290,c,2,32,45.97341704368591,1507,1461
290,c,3,32,49.926872968673706,805,1814
290,c,4,32,47.425769329071045,1154,1811
290,c,5,32,25.20181941986084,897,2641
290,c,6,32,35.70260500907898,1008,1913
290,c,7,32,26.788204193115234,1008,1768
290,c,8,32,34.13994789123535,1310,1617
290,c,9,32,33.73753023147583,1320,1749
290,d,2,32,30.229779720306396,1507,605
290,d,3,32,31.901260375976562,805,427
290,d,4,32,45.33027195930481,1154,1813
290,d,5,32,69.35903096199036,897,1814
290,d,6,32,45.884695529937744,1008,1920
290,d,7,32,33.35839080810547,1008,1768
290,d,8,32,34.54456090927124,1310,492
290,d,9,32,24.581238746643066,1320,1749
297,c,2,35,80.24638414382935,1507,1435
297,c,3,35,17.937113523483276,805,1942
297,c,4,35,61.24458956718445,1154,1990
297,c,5,35,47.988139152526855,897,2195
297,c,6,35,12.997761249542236,1008,1511
297,c,7,35,29.891069412231445,1008,1656
297,c,8,35,51.08557629585266,1310,1764
297,c,9,35,48.008877754211426,1320,1908
297,d,2,35,43.74194407463074,1507,708
297,d,3,35,43.355340003967285,805,539
297,d,4,35,39.05976939201355,1154,2037
297,d,5,35,56.41282033920288,897,1979
297,d,6,35,43.07626128196716,1008,2052
297,d,7,35,40.699265241622925,1008,1872
297,d,8,35,39.74387860298157,1310,1764
297,d,9,35,28.2869975566864,1320,1908
291,c,2,32,61.268813610076904,1507,763
291,c,3,32,56.141273498535156,805,669
291,c,4,32,55.65471649169922,1154,1814
291,c,5,32,71.70411157608032,897,2069
291,c,6,32,56.13525581359863,1008,1913
291,c,7,32,28.64457631111145,1008,1768
291,c,8,32,19.55937886238098,1310,492
291,c,9,32,46.88180637359619,1320,1749
291,d,2,32,75.21449255943298,1507,1431
291,d,3,32,43.461185693740845,805,627
291,d,4,32,36.78528618812561,1154,1583
291,d,5,32,42.11858057975769,897,2012
291,d,6,32,34.56590175628662,1008,1748
291,d,7,32,26.539326190948486,1008,1768
291,d,8,32,37.09405732154846,1310,1617
291,d,9,32,35.15566849708557,1320,1749
282,c,2,45,82.02236413955688,1507,1979
282,c,3,45,22.91957712173462,805,2207
282,c,4,45,54.56823754310608,1154,2529
282,c,5,45,58.29664468765259,897,2805
282,c,6,45,113.4436502456665,1008,2667
282,c,7,45,62.1662802696228,1008,2288
282,c,8,45,68.27201128005981,1310,2401
282,c,9,45,64.81274104118347,1320,2519
282,d,2,45,47.49397325515747,1507,1979
282,d,3,45,85.50517296791077,805,2364
282,d,4,45,49.39140772819519,1154,2255
282,d,5,45,50.38844037055969,897,833
282,d,6,45,49.91149878501892,1008,760
282,d,7,45,55.187562704086304,1008,2384
282,d,8,45,68.52263116836548,1310,2450
282,d,9,45,79.50296545028687,1320,2544
151,c,2,44,68.55576515197754,1507,1040
151,c,3,44,37.97773337364197,805,623
151,c,4,44,49.44472002983093,1154,2159
151,c,5,44,94.99728655815125,897,2474
151,c,6,44,52.71966791152954,1008,2655
151,c,7,44,40.37291622161865,1008,2225
151,c,8,44,64.04177451133728,1310,2303
151,c,9,44,80.79304027557373,1320,931
151,d,2,44,26.538816452026367,1507,742
151,d,3,44,625.8733673095703,805,637
151,d,4,44,27.273196697235107,1154,726
151,d,5,44,1246.1971464157104,897,2474
151,d,6,44,29.83193802833557,1008,1844
151,d,7,44,634.1001048088074,1008,2496
151,d,8,44,34.9789764881134,1310,2254
151,d,9,44,28.090692043304443,1320,2385
328,c,2,3,6.083322286605835,1507,171
328,c,3,3,3.533609628677368,805,194
328,c,4,3,3.1274425983428955,1154,194
328,c,5,3,3.5375988483428955,897,183
328,c,6,3,4.512553691864014,1008,167
328,c,7,3,2.1648151874542236,1008,203
328,c,8,3,2.322025775909424,1310,231
328,c,9,3,25.150112628936768,1320,1420
328,d,2,3,3.234384775161743,1507,163
328,d,3,3,3.0392885208129883,805,191
328,d,4,3,3.8961029052734375,1154,191
328,d,5,3,6.368311166763306,897,219
328,d,6,3,6.1029040813446045,1008,167
328,d,7,3,3.5049450397491455,1008,167
328,d,8,3,4.986027002334595,1310,222
328,d,9,3,3.5403876304626465,1320,238
332,c,2,6,6.928337812423706,1507,265
332,c,3,6,3.742645025253296,805,328
332,c,4,6,3.6449084281921387,1154,397
332,c,5,6,5.453651666641235,897,216
332,c,6,6,5.86429238319397,1008,293
332,c,7,6,2.762606382369995,1008,174
332,c,8,6,4.830919504165649,1310,321
332,c,9,6,12.829360961914062,1320,377
332,d,2,6,4.413674592971802,1507,272
332,d,3,6,3.7812349796295166,805,329
332,d,4,6,10.541160583496094,1154,412
332,d,5,6,7.29637336730957,897,384
332,d,6,6,5.060833215713501,1008,125
332,d,7,6,4.313699007034302,1008,258
332,d,8,6,5.0031843185424805,1310,258
332,d,9,6,3.423203706741333,1320,341
316,c,2,6,8.829663038253784,1507,300
316,c,3,6,3.908220052719116,805,358
316,c,4,6,7.35226035118103,1154,335
316,c,5,6,4.107516765594482,897,384
316,c,6,6,9.236504077911377,1008,293
316,c,7,6,5.510245323181152,1008,300
316,c,8,6,4.202194452285767,1310,355
316,c,9,6,4.709717035293579,1320,335
316,d,2,6,4.0112221240997314,1507,265
316,d,3,6,4.148508787155151,805,174
316,d,4,6,7.3961169719696045,1154,349
316,d,5,6,8.172635316848755,897,384
316,d,6,6,3.8364181518554688,1008,306
316,d,7,6,4.5480992794036865,1008,293
316,d,8,6,3.046294927597046,1310,265
316,d,9,6,7.498324394226074,1320,335
338,c,2,7,7.320290803909302,1507,519
338,c,3,7,3.3632242679595947,805,479
338,c,4,7,6.923558473587036,1154,390
338,c,5,7,7.542212963104248,897,734
338,c,6,7,3.8111419677734375,1008,335
338,c,7,7,3.7521743774414062,1008,335
338,c,8,7,4.217726469039917,1310,295
338,c,9,7,4.840832471847534,1320,319
338,d,2,7,4.820174217224121,1507,617
338,d,3,7,7.394972801208496,805,662
338,d,4,7,10.292064666748047,1154,799
338,d,5,7,9.833436012268066,897,439
338,d,6,7,3.708846092224121,1008,335
338,d,7,7,4.208569526672363,1008,335
338,d,8,7,8.248164892196655,1310,351
338,d,9,7,6.121383905410767,1320,383
335,c,2,10,12.34127163887024,1507,472
335,c,3,10,6.026123762130737,805,527
335,c,4,10,4.3511693477630615,1154,538
335,c,5,10,4.355629205703735,897,604
335,c,6,10,9.223492622375488,1008,595
335,c,7,10,8.382776737213135,1008,483
335,c,8,10,3.860954523086548,1310,406
335,c,9,10,17.307971239089966,1320,385
335,d,2,10,5.652801275253296,1507,428
335,d,3,10,4.80409574508667,805,626
335,d,4,10,11.968201875686646,1154,682
335,d,5,10,5.080953359603882,897,538
335,d,6,10,7.2644195556640625,1008,726
335,d,7,10,20.804704427719116,1008,516
335,d,8,10,8.393062829971313,1310,189
335,d,9,10,6.022120952606201,1320,428
317,c,2,9,13.04201602935791,1507,229
317,c,3,9,6.733215808868408,805,479
317,c,4,9,7.143808603286743,1154,184
317,c,5,9,7.77103590965271,897,558
317,c,6,9,7.903713226318359,1008,519
317,c,7,9,4.859643220901489,1008,429
317,c,8,9,5.8520667552948,1310,369
317,c,9,9,5.846286058425903,1320,569
317,d,2,9,31.855186223983765,1507,309
317,d,3,9,5.72089695930481,805,499
317,d,4,9,5.514002323150635,1154,488
317,d,5,9,3.430708885192871,897,609
317,d,6,9,7.8844215869903564,1008,299
317,d,7,9,5.4392149448394775,1008,419
317,d,8,9,10.563372135162354,1310,170
317,d,9,9,9.10744309425354,1320,530
312,c,2,12,23.08764362335205,1507,485
312,c,3,12,11.033933639526367,805,623
312,c,4,12,7.154101133346558,1154,637
312,c,5,12,5.9828574657440186,897,714
312,c,6,12,7.174343109130859,1008,558
312,c,7,12,6.486882925033569,1008,558
312,c,8,12,11.63449239730835,1310,637
312,c,9,12,10.18710994720459,1320,701
312,d,2,12,11.495940446853638,1507,1393
312,d,3,12,6.90964150428772,805,623
312,d,4,12,9.904028415679932,1154,1091
312,d,5,12,5.331916093826294,897,726
312,d,6,12,12.870531558990479,1008,545
312,d,7,12,10.840790033340454,1008,688
312,d,8,12,7.483576774597168,1310,480
312,d,9,12,6.6147074699401855,1320,623
315,c,2,13,9.825609922409058,1507,835
315,c,3,13,6.156508207321167,805,1105
315,c,4,13,10.472636461257935,1154,771
315,c,5,13,9.921870470046997,897,642
315,c,6,13,9.592190742492676,1008,614
315,c,7,13,10.775108575820923,1008,587
315,c,8,13,6.426583528518677,1310,531
315,c,9,13,11.392119646072388,1320,755
315,d,2,13,14.221087455749512,1507,250
315,d,3,13,8.53713083267212,805,644
315,d,4,13,4.281173944473267,1154,877
315,d,5,13,10.418807029724121,897,349
315,d,6,13,7.230777025222778,1008,600
315,d,7,13,13.252395868301392,1008,741
315,d,8,13,10.442046642303467,1310,686
315,d,9,13,15.356508731842041,1320,517
333,c,2,17,11.272546768188477,1507,791
333,c,3,17,14.47452998161316,805,863
333,c,4,17,17.07848310470581,1154,989
333,c,5,17,10.581914186477661,897,972
333,c,6,17,7.981886863708496,1008,772
333,c,7,17,14.006750583648682,1008,953
333,c,8,17,8.935571193695068,1310,665
333,c,9,17,6.5794126987457275,1320,863
333,d,2,17,14.578332662582397,1507,314
333,d,3,17,25.262093782424927,805,846
333,d,4,17,7.097233772277832,1154,863
333,d,5,17,7.969053030014038,897,881
333,d,6,17,5.352450847625732,1008,449
333,d,7,17,12.396208047866821,1008,772
333,d,8,17,11.256337881088257,1310,791
333,d,9,17,14.275309801101685,1320,863
303,c,2,16,19.767929792404175,1507,374
303,c,3,16,5.678483963012695,805,799
303,c,4,16,9.741283416748047,1154,934
303,c,5,16,10.54068398475647,897,883
303,c,6,16,8.583731651306152,1008,577
303,c,7,16,9.574987649917603,1008,713
303,c,8,16,10.476881980895996,1310,268
303,c,9,16,20.668651342391968,1320,448
303,d,2,16,22.474793910980225,1507,645
303,d,3,16,16.36804223060608,805,337
303,d,4,16,6.954932451248169,1154,696
303,d,5,16,6.885591983795166,897,764
303,d,6,16,11.528812170028687,1008,917
303,d,7,16,13.098910093307495,1008,848
303,d,8,16,10.01223349571228,1310,747
303,d,9,16,14.223906993865967,1320,917
324,c,2,16,25.124390602111816,1507,532
324,c,3,16,6.427616596221924,805,815
324,c,4,16,13.346393346786499,1154,831
324,c,5,16,9.3102707862854,897,869
324,c,6,16,11.856361389160156,1008,729
324,c,7,16,14.796884775161743,1008,900
324,c,8,16,9.956595420837402,1310,1427
324,c,9,16,16.906139373779297,1320,1036
324,d,2,16,33.409371852874756,1507,710
324,d,3,16,5.1959967613220215,805,1157
324,d,4,16,6.017226457595825,1154,831
324,d,5,16,10.167945384979248,897,934
324,d,6,16,6.07072114944458,1008,729
324,d,7,16,10.555515050888062,1008,713
324,d,8,16,14.257871866226196,1310,319
324,d,9,16,14.865296363830566,1320,901
320,c,2,15,20.688254356384277,1507,362
320,c,3,15,9.723071098327637,805,863
320,c,4,15,11.358862161636353,1154,753
320,c,5,15,16.072035551071167,897,1131
320,c,6,15,15.182664155960083,1008,671
320,c,7,15,15.618839025497437,1008,927
320,c,8,15,13.598056316375732,1310,607
320,c,9,15,10.051568269729614,1320,879
320,d,2,15,18.01722741127014,1507,1146
320,d,3,15,6.813575506210327,805,767
320,d,4,15,7.3900017738342285,1154,1023
320,d,5,15,8.830115556716919,897,849
320,d,6,15,28.26639723777771,1008,399
320,d,7,15,16.989003658294678,1008,927
320,d,8,15,14.574219226837158,1310,312
320,d,9,15,12.844831466674805,1320,1151
313,c,2,19,28.96697473526001,1507,670
313,c,3,19,12.308704137802124,805,959
313,c,4,19,7.721848964691162,1154,1639
313,c,5,19,7.5981764793396,897,1099
313,c,6,19,10.126418828964233,1008,999
313,c,7,19,11.099977970123291,1008,858
313,c,8,19,9.818917751312256,1310,879
313,c,9,19,9.260408878326416,1320,978
313,d,2,19,32.50820302963257,1507,644
313,d,3,19,18.12029480934143,805,395
313,d,4,19,15.443021297454834,1154,959
313,d,5,19,11.816760301589966,897,1099
313,d,6,19,10.680276155471802,1008,839
313,d,7,19,17.2975013256073,1008,1059
313,d,8,19,14.983060359954834,1310,980
313,d,9,19,8.53653335571289,1320,978
253,c,2,19,23.268245220184326,1507,1641
253,c,3,19,7.852234840393066,805,939
253,c,4,19,11.895177125930786,1154,997
253,c,5,19,6.607445001602173,897,1099
253,c,6,19,14.344926834106445,1008,1013
253,c,7,19,19.439852476119995,1008,1059
253,c,8,19,17.650740146636963,1310,879
253,c,9,19,11.096068382263184,1320,1280
253,d,2,19,24.06220769882202,1507,531
253,d,3,19,10.524415493011475,805,1659
253,d,4,19,11.200698375701904,1154,963
253,d,5,19,8.45341968536377,897,1118
253,d,6,19,14.480903625488281,1008,977
253,d,7,19,22.20251965522766,1008,416
253,d,8,19,14.563445568084717,1310,980
253,d,9,19,10.097362995147705,1320,739
310,c,2,20,30.971831798553467,1507,639
310,c,3,20,8.295639038085938,805,1007
310,c,4,20,13.64470648765564,1154,1617
310,c,5,20,7.570127725601196,897,1338
310,c,6,20,16.852909088134766,1008,1237
310,c,7,20,6.615567445755005,1008,881
310,c,8,20,10.31329894065857,1310,923
310,c,9,20,19.97172498703003,1320,1119
310,d,2,20,28.249213933944702,1507,586
310,d,3,20,9.783401727676392,805,1007
310,d,4,20,13.102776050567627,1154,1132
310,d,5,20,8.66849422454834,897,1028
310,d,6,20,10.887412309646606,1008,881
310,d,7,20,20.546266078948975,1008,1112
310,d,8,20,9.086890459060669,1310,797
310,d,9,20,14.237202882766724,1320,370
302,c,2,23,13.666664123535156,1507,1878
302,c,3,23,20.924383878707886,805,463
302,c,4,23,14.16012716293335,1154,1319
302,c,5,23,11.8266122341156,897,1319
302,c,6,23,16.701533317565918,1008,368
302,c,7,23,15.926410913467407,1008,1164
302,c,8,23,8.367230653762817,1310,887
302,c,9,23,12.81631326675415,1320,1151
302,d,2,23,9.350751399993896,1507,1536
302,d,3,23,26.789209842681885,805,463
302,d,4,23,16.173683643341064,1154,1151
302,d,5,23,13.888244390487671,897,1319
302,d,6,23,20.690924406051636,1008,1271
302,d,7,23,20.681954860687256,1008,1271
302,d,8,23,12.034355163574219,1310,887
302,d,9,23,10.970916509628296,1320,911
323,c,2,27,27.806092023849487,1507,3713
323,c,3,27,15.294986248016357,805,1343
323,c,4,27,11.821476459503174,1154,1370
323,c,5,27,13.687331914901733,897,1371
323,c,6,27,11.124642372131348,1008,1428
323,c,7,27,11.145766973495483,1008,1202
323,c,8,27,13.570081949234009,1310,1035
323,c,9,27,20.278653860092163,1320,2870
323,d,2,27,27.329416513442993,1507,596
323,d,3,27,17.57146906852722,805,1288
323,d,4,27,11.133095502853394,1154,1343
323,d,5,27,20.829713344573975,897,1539
323,d,6,27,16.20103907585144,1008,419
323,d,7,27,12.37506365776062,1008,3388
323,d,8,27,15.782670497894287,1310,422
323,d,9,27,25.960907220840454,1320,1484
336,c,2,30,21.861249685287476,1507,2394
336,c,3,30,12.122880697250366,805,1486
336,c,4,30,17.707825660705566,1154,1517
336,c,5,30,14.550369024276733,897,1734
336,c,6,30,12.516175746917725,1008,1301
336,c,7,30,21.245954751968384,1008,1331
336,c,8,30,12.502965688705444,1310,1177
336,c,9,30,14.663872003555298,1320,1859
336,d,2,30,35.07196092605591,1507,808
336,d,3,30,9.498947858810425,805,1643
336,d,4,30,13.090483903884888,1154,1517
336,d,5,30,26.06205177307129,897,1728
336,d,6,30,12.259602308273315,1008,1301
336,d,7,30,8.529610395431519,1008,1518
336,d,8,30,14.953283786773682,1310,1147
336,d,9,30,26.003058195114136,1320,1643
331,c,2,25,12.124868631362915,1507,1403
331,c,3,25,22.725618600845337,805,498
331,c,4,25,15.38963770866394,1154,1324
331,c,5,25,16.31207513809204,897,1454
331,c,6,25,14.038192987442017,1008,1116
331,c,7,25,15.28419542312622,1008,1091
331,c,8,25,12.17285943031311,1310,961
331,c,9,25,19.56973934173584,1320,1481
331,d,2,25,23.85982918739319,1507,498
331,d,3,25,11.875973463058472,805,1247
331,d,4,25,10.855610132217407,1154,1247
331,d,5,25,16.73022222518921,897,1429
331,d,6,25,20.914761304855347,1008,1065
331,d,7,25,25.196059465408325,1008,1091
331,d,8,25,19.00232768058777,1310,394
331,d,9,25,19.964921236038208,1320,1378
322,c,2,21,23.157784938812256,1507,583
322,c,3,21,18.100236415863037,805,1861
322,c,4,21,29.552371501922607,1154,1253
322,c,5,21,17.807700395584106,897,1445
322,c,6,21,21.62328815460205,1008,1380
322,c,7,21,12.508784294128418,1008,1611
322,c,8,21,14.292706727981567,1310,338
322,c,9,21,9.849370002746582,1320,2606
322,d,2,21,16.487042903900146,1507,2215
322,d,3,21,11.915484428405762,805,1055
322,d,4,21,23.989380598068237,1154,1400
322,d,5,21,17.368057250976562,897,1209
322,d,6,21,9.732016324996948,1008,1960
322,d,7,21,10.582653045654297,1008,923
322,d,8,21,19.99284553527832,1310,1078
322,d,9,21,23.651090621948242,1320,459
326,c,2,20,20.25865912437439,1507,1524
326,c,3,20,8.337542295455933,805,1007
326,c,4,20,9.927915573120117,1154,1007
326,c,5,20,19.829798221588135,897,1322
326,c,6,20,16.449493646621704,1008,860
326,c,7,20,10.186815023422241,1008,861
326,c,8,20,9.091559648513794,1310,923
326,c,9,20,18.600108861923218,1320,900
326,d,2,20,34.98252511024475,1507,843
326,d,3,20,35.44262742996216,805,566
326,d,4,20,23.073832988739014,1154,1210
326,d,5,20,9.951468229293823,897,2392
326,d,6,20,16.257521390914917,1008,1616
326,d,7,20,11.754987955093384,1008,629
326,d,8,20,18.100200653076172,1310,1029
326,d,9,20,18.41765308380127,1320,1133
318,c,2,22,24.536201238632202,1507,2627
318,c,3,22,8.301743745803833,805,1103
318,c,4,22,11.55801796913147,1154,1010
318,c,5,22,21.708385229110718,897,1264
318,c,6,22,17.531424045562744,1008,400
318,c,7,22,32.34021186828613,1008,1171
318,c,8,22,12.06975507736206,1310,1011
318,c,9,22,21.357650756835938,1320,487
318,d,2,22,14.8714120388031,1507,2271
318,d,3,22,9.699981451034546,805,1103
318,d,4,22,17.46786141395569,1154,1125
318,d,5,22,25.00277090072632,897,1264
318,d,6,22,22.918995141983032,1008,1172
318,d,7,22,16.028969764709473,1008,377
318,d,8,22,18.24245810508728,1310,1127
318,d,9,22,20.220985174179077,1320,1241
309,c,2,23,26.62972354888916,1507,541
309,c,3,23,12.753455400466919,805,1152
309,c,4,23,27.2547607421875,1154,1704
309,c,5,23,12.175075054168701,897,1559
309,c,6,23,11.251747131347656,1008,1103
309,c,7,23,16.4111065864563,1008,1079
309,c,8,23,9.466989040374756,1310,887
309,c,9,23,12.245493650436401,1320,1007
309,d,2,23,27.027188777923584,1507,560
309,d,3,23,15.767406702041626,805,1151
309,d,4,23,18.39207434654236,1154,1330
309,d,5,23,31.951077222824097,897,1505
309,d,6,23,17.943448305130005,1008,2036
309,d,7,23,27.017542123794556,1008,1322
309,d,8,23,21.387645721435547,1310,1199
309,d,9,23,11.94382643699646,1320,1151
337,c,2,22,25.530860662460327,1507,680
337,c,3,22,7.931535720825195,805,1058
337,c,4,22,15.426311016082764,1154,1321
337,c,5,22,9.29189395904541,897,3403
337,c,6,22,16.963409423828125,1008,352
337,c,7,22,25.573873281478882,1008,965
337,c,8,22,12.967742681503296,1310,1011
337,c,9,22,18.480536699295044,1320,1103
337,d,2,22,37.03706240653992,1507,783
337,d,3,22,12.603162288665771,805,1080
337,d,4,22,42.353172063827515,1154,1340
337,d,5,22,6.574645280838013,897,1264
337,d,6,22,14.133476972579956,1008,987
337,d,7,22,19.235355377197266,1008,1218
337,d,8,22,19.58944296836853,1310,1127
337,d,9,22,19.63106894493103,1320,1241
329,c,2,25,24.00340962409973,1507,1117
329,c,3,25,37.14449620246887,805,1247
329,c,4,25,17.110716819763184,1154,396
329,c,5,25,23.711636543273926,897,1454
329,c,6,25,13.82765817642212,1008,1141
329,c,7,25,11.673866987228394,1008,1116
329,c,8,25,19.180614233016968,1310,1274
329,c,9,25,16.549546241760254,1320,2652
329,d,2,25,11.658782720565796,1507,1611
329,d,3,25,17.355894804000854,805,1221
329,d,4,25,23.35554337501526,1154,1288
329,d,5,25,10.165485382080078,897,1637
329,d,6,25,13.741828680038452,1008,1116
329,d,7,25,24.78799319267273,1008,1377
329,d,8,25,20.636698007583618,1310,1274
329,d,9,25,19.45255970954895,1320,1378
319,c,2,32,18.326909065246582,1507,2046
319,c,3,32,15.1179358959198,805,824
319,c,4,32,21.43726682662964,1154,534
319,c,5,32,11.27278733253479,897,1649
319,c,6,32,30.1333110332489,1008,1352
319,c,7,32,16.535724878311157,1008,1385
319,c,8,32,9.11084270477295,1310,1220
319,c,9,32,28.79581594467163,1320,1781
319,d,2,32,26.521856784820557,1507,641
319,d,3,32,25.873464584350586,805,567
319,d,4,32,20.8251531124115,1154,567
319,d,5,32,12.571311473846436,897,3926
319,d,6,32,14.302431106567383,1008,2086
319,d,7,32,28.74324131011963,1008,1716
319,d,8,32,26.343059062957764,1310,1617
319,d,9,32,28.90330457687378,1320,1749
301,c,2,25,33.77039861679077,1507,732
301,c,3,25,17.33621907234192,805,1378
301,c,4,25,7.778013229370117,1154,1403
301,c,5,25,29.55734133720398,897,1455
301,c,6,25,11.92467451095581,1008,1091
301,c,7,25,10.22006630897522,1008,1091
301,c,8,25,13.608881950378418,1310,1143
301,c,9,25,32.7216579914093,1320,704
301,d,2,25,38.39266014099121,1507,839
301,d,3,25,28.501514673233032,805,1429
301,d,4,25,12.770544052124023,1154,1923
301,d,5,25,13.588793277740479,897,811
301,d,6,25,18.002278327941895,1008,447
301,d,7,25,23.15043354034424,1008,1377
301,d,8,25,17.40497136116028,1310,394
301,d,9,25,26.910852670669556,1320,560
300,c,2,27,37.41482210159302,1507,808
300,c,3,27,15.320200443267822,805,1091
300,c,4,27,12.20564579963684,1154,1371
300,c,5,27,33.80004644393921,897,1707
300,c,6,27,13.676504373550415,1008,1202
300,c,7,27,10.995102643966675,1008,1202
300,c,8,27,21.71307134628296,1310,491
300,c,9,27,20.22323226928711,1320,537
300,d,2,27,42.75293469429016,1507,851
300,d,3,27,11.535828351974487,805,2304
300,d,4,27,17.412790298461914,1154,2321
300,d,5,27,24.394721508026123,897,1896
300,d,6,27,19.650718688964844,1008,419
300,d,7,27,17.741761684417725,1008,1175
300,d,8,27,19.207873344421387,1310,422
300,d,9,27,25.529282808303833,1320,1484
308,c,2,29,24.602158546447754,1507,590
308,c,3,29,15.194496631622314,805,1468
308,c,4,29,8.466665506362915,1154,1468
308,c,5,29,12.980870008468628,897,1707
308,c,6,29,34.77229428291321,1008,1710
308,c,7,29,13.116245985031128,1008,1288
308,c,8,29,12.424279928207397,1310,1319
308,c,9,29,33.4815571308136,1320,1583
308,d,2,29,27.22413969039917,1507,614
308,d,3,29,30.44838237762451,805,571
308,d,4,29,14.021618843078613,1154,2069
308,d,5,29,26.755693912506104,897,1678
308,d,6,29,23.740044116973877,1008,1612
308,d,7,29,27.003148794174194,1008,1612
308,d,8,29,23.65656852722168,1310,1470
308,d,9,29,25.800458192825317,1320,1590
325,c,2,29,36.47707939147949,1507,725
325,c,3,29,14.006756782531738,805,4665
325,c,4,29,19.177249670028687,1154,1739
325,c,5,29,15.231178045272827,897,1469
325,c,6,29,20.024712562561035,1008,1289
325,c,7,29,14.466104984283447,1008,1259
325,c,8,29,22.219627618789673,1310,1470
325,c,9,29,21.57194209098816,1320,2012
325,d,2,29,28.28191828727722,1507,628
325,d,3,29,33.48146677017212,805,668
325,d,4,29,25.787620544433594,1154,1379
325,d,5,29,39.695616006851196,897,1924
325,d,6,29,13.586938858032227,1008,749
325,d,7,29,26.916870832443237,1008,1612
325,d,8,29,20.425086975097656,1310,447
325,d,9,29,23.937153339385986,1320,618
307,c,2,30,13.79085922241211,1507,2119
307,c,3,30,9.593231439590454,805,1456
307,c,4,30,27.397443532943726,1154,1691
307,c,5,30,9.725652694702148,897,1890
307,c,6,30,25.307220220565796,1008,1270
307,c,7,30,11.132269382476807,1008,1301
307,c,8,30,8.363765239715576,1310,1363
307,c,9,30,18.463935375213623,1320,2077
307,d,2,30,29.627406120300293,1507,661
307,d,3,30,14.878133535385132,805,1457
307,d,4,30,77.20793914794922,1154,3606
307,d,5,30,27.29959225654602,897,1704
307,d,6,30,20.379712104797363,1008,477
307,d,7,30,21.830000638961792,1008,1301
307,d,8,30,24.46438694000244,1310,1519
307,d,9,30,37.26156663894653,1320,1643
306,c,2,29,56.38544178009033,1507,1342
306,c,3,29,29.787402868270874,805,1468
306,c,4,29,15.07845425605774,1154,1589
306,c,5,29,16.026053428649902,897,1769
306,c,6,29,22.1336190700531,1008,1797
306,c,7,29,16.261590242385864,1008,1710
306,c,8,29,11.64846134185791,1310,1319
306,c,9,29,23.456728219985962,1320,1949
306,d,2,29,37.21824502944946,1507,760
306,d,3,29,8.183366537094116,805,1468
306,d,4,29,23.55634880065918,1154,1528
306,d,5,29,36.47503471374512,897,1649
306,d,6,29,8.235033750534058,1008,1289
306,d,7,29,24.92921757698059,1008,1560
306,d,8,29,28.666239738464355,1310,1470
306,d,9,29,20.447295665740967,1320,1590
321,c,2,32,29.28794550895691,1507,657
321,c,3,32,18.435213565826416,805,1615
321,c,4,32,14.044145584106445,1154,1615
321,c,5,32,36.91340398788452,897,1782
321,c,6,32,31.961888074874878,1008,2180
321,c,7,32,10.938056468963623,1008,1220
321,c,8,32,15.717664003372192,1310,1484
321,c,9,32,18.651575326919556,1320,1583
321,d,2,32,34.93826770782471,1507,1964
321,d,3,32,17.081133604049683,805,1550
321,d,4,32,15.44113826751709,1154,1649
321,d,5,32,36.581660985946655,897,1814
321,d,6,32,19.824535846710205,1008,2213
321,d,7,32,27.481501579284668,1008,1768
321,d,8,32,28.56711983680725,1310,1617
321,d,9,32,27.75027322769165,1320,1749
314,c,2,32,36.90919899940491,1507,3082
314,c,3,32,17.27769184112549,805,1582
314,c,4,32,21.29539728164673,1154,1583
314,c,5,32,13.650749206542969,897,2440
314,c,6,32,24.002752542495728,1008,1382
314,c,7,32,22.96253204345703,1008,1418
314,c,8,32,10.045758485794067,1310,1188
314,c,9,32,10.58251428604126,1320,2078
314,d,2,32,50.28231143951416,1507,1106
314,d,3,32,16.81247878074646,805,1649
314,d,4,32,18.601717710494995,1154,1385
314,d,5,32,41.971489667892456,897,2073
314,d,6,32,15.47944164276123,1008,1417
314,d,7,32,26.485368490219116,1008,1881
314,d,8,32,31.821375370025635,1310,1617
314,d,9,32,34.04514789581299,1320,657
304,c,2,27,42.348127603530884,1507,936
304,c,3,27,15.267425537109375,805,1175
304,c,4,27,18.21198081970215,1154,431
304,c,5,27,40.04381060600281,897,2307
304,c,6,27,14.592073202133179,1008,1202
304,c,7,27,20.644848823547363,1008,1456
304,c,8,27,17.724541664123535,1310,1259
304,c,9,27,30.55152988433838,1320,1455
304,d,2,27,38.83711552619934,1507,766
304,d,3,27,36.17287850379944,805,1537
304,d,4,27,23.958892107009888,1154,1522
304,d,5,27,27.231302499771118,897,1726
304,d,6,27,16.565287351608276,1008,422
304,d,7,27,25.199564933776855,1008,1288
304,d,8,27,22.532268047332764,1310,422
304,d,9,27,19.485901594161987,1320,459
334,c,2,38,33.63520336151123,1507,3595
334,c,3,38,11.683788537979126,805,1911
334,c,4,38,14.23533010482788,1154,1909
334,c,5,38,31.799580574035645,897,2144
334,c,6,38,19.28528881072998,1008,1637
334,c,7,38,19.928654670715332,1008,1442
334,c,8,38,16.05789351463318,1310,1715
334,c,9,38,27.14289140701294,1320,1910
334,d,2,38,60.09797143936157,1507,1136
334,d,3,38,27.89892268180847,805,1675
334,d,4,38,33.980576515197754,1154,2089
334,d,5,38,11.490559816360474,897,2417
334,d,6,38,36.787161111831665,1008,2319
334,d,7,38,25.466699838638306,1008,2080
334,d,8,38,24.667243719100952,1310,1960
334,d,9,38,41.345919609069824,1320,2067
305,c,2,35,24.626211166381836,1507,2243
305,c,3,35,19.52969193458557,805,1943
305,c,4,35,39.5619535446167,1154,819
305,c,5,35,14.768576622009277,897,1871
305,c,6,35,19.28285050392151,1008,1655
305,c,7,35,27.89467215538025,1008,1907
305,c,8,35,18.57059955596924,1310,2703
305,c,9,35,41.29497933387756,1320,2198
305,d,2,35,64.00212359428406,1507,1569
305,d,3,35,35.130911111831665,805,711
305,d,4,35,33.85490918159485,1154,631
305,d,5,35,43.20686197280884,897,1979
305,d,6,35,27.1891348361969,1008,537
305,d,7,35,24.372774124145508,1008,1656
305,d,8,35,19.415958166122437,1310,534
305,d,9,35,36.41983771324158,1320,778
311,c,2,39,24.634673357009888,1507,1996
311,c,3,39,24.817484140396118,805,3336
311,c,4,39,41.009159326553345,1154,2299
311,c,5,39,39.1497106552124,897,2632
311,c,6,39,29.63658380508423,1008,2316
311,c,7,39,17.5253803730011,1008,1679
311,c,8,39,15.83324122428894,1310,1799
311,c,9,39,39.226532220840454,1320,866
311,d,2,39,43.968159675598145,1507,880
311,d,3,39,36.16078042984009,805,746
311,d,4,39,33.240127086639404,1154,1919
311,d,5,39,39.008540630340576,897,2253
311,d,6,39,43.1763756275177,1008,1639
311,d,7,39,36.32506608963013,1008,2040
311,d,8,39,34.173423767089844,1310,1960
311,d,9,39,28.743854999542236,1320,679
339,c,2,40,33.10240817070007,1507,3323
339,c,3,40,34.11768913269043,805,2172
339,c,4,40,22.58519434928894,1154,2090
339,c,5,40,27.20524525642395,897,2745
339,c,6,40,35.595139026641846,1008,2386
339,c,7,40,22.962453842163086,1008,2090
339,c,8,40,41.11558413505554,1310,1517
339,c,9,40,46.952569007873535,1320,2082
339,d,2,40,49.52397441864014,1507,1098
339,d,3,40,46.530232191085815,805,775
339,d,4,40,39.85323715209961,1154,2309
339,d,5,40,27.642469882965088,897,2214
339,d,6,40,37.993165493011475,1008,2378
339,d,7,40,35.9913911819458,1008,2172
339,d,8,40,31.414644241333008,1310,2009
339,d,9,40,33.12975716590881,1320,2226
340,c,2,15,19.676653146743774,1507,335
340,c,3,15,17.078469038009644,805,814
340,c,4,15,13.871439456939697,1154,752
340,c,5,15,25.734180450439453,897,879
340,c,6,15,8.87485671043396,1008,251
340,c,7,15,13.258410215377808,1008,847
340,c,8,15,18.248047590255737,1310,784
340,c,9,15,16.13715171813965,1320,864
340,d,2,15,26.723408460617065,1507,533
340,d,3,15,20.952011346817017,805,893
340,d,4,15,10.973652839660645,1154,767
340,d,5,15,13.211929321289062,897,879
340,d,6,15,11.404654026031494,1008,251
340,d,7,15,13.330008745193481,1008,847
340,d,8,15,9.651304244995117,1310,254
340,d,9,15,12.026618242263794,1320,863
341,c,2,27,39.16184592247009,1507,867
341,c,3,27,22.469635486602783,805,541
341,c,4,27,20.9815936088562,1154,1537
341,c,5,27,20.312552213668823,897,1539
341,c,6,27,21.388892650604248,1008,1623
341,c,7,27,21.8963680267334,1008,1483
341,c,8,27,18.30830144882202,1310,422
341,c,9,27,24.02715015411377,1320,1510
341,d,2,27,33.278748750686646,1507,725
341,d,3,27,30.28717875480652,805,535
341,d,4,27,15.762060642242432,1154,432
341,d,5,27,26.851843118667603,897,1703
341,d,6,27,21.422032356262207,1008,419
341,d,7,27,22.59988808631897,1008,425
341,d,8,27,19.70388388633728,1310,454
341,d,9,27,23.214324951171875,1320,1484
327,c,2,44,20.710018634796143,1507,1215
327,c,3,44,5.204277038574219,805,1889
327,c,4,44,9.056102275848389,1154,2115
327,c,5,44,11.257245779037476,897,1754
327,c,6,44,21.748416423797607,1008,1889
327,c,7,44,10.769657850265503,1008,1888
327,c,8,44,15.265077590942383,1310,1664
327,c,9,44,16.12169122695923,1320,3330
327,d,2,44,20.262511014938354,1507,3571
327,d,3,44,31.864858388900757,805,1710
327,d,4,44,17.0385684967041,1154,1888
327,d,5,44,8.308320760726929,897,2160
327,d,6,44,32.52228307723999,1008,1803
327,d,7,44,12.009134531021118,1008,1889
327,d,8,44,4.18334698677063,1310,666
327,d,9,44,6.211105585098267,1320,2339
44,c,2,47,25.209936380386353,1507,2179
44,c,3,47,20.40282130241394,805,3149
44,c,4,47,26.520407915115356,1154,4355
44,c,5,47,52.47220849990845,897,5747
44,c,6,47,9.696789979934692,1008,2057
44,c,7,47,11.621605634689331,1008,2057
44,c,8,47,12.247657060623169,1310,2106
44,c,9,47,14.14910078048706,1320,5947
44,d,2,47,9.624751329421997,1507,7446
44,d,3,47,8.20444655418396,805,3380
44,d,4,47,8.85048794746399,1154,5111
44,d,5,47,8.35381293296814,897,2639
44,d,6,47,22.001076459884644,1008,2849
44,d,7,47,7.486220121383667,1008,2148
44,d,8,47,6.292565822601318,1310,1812
44,d,9,47,22.39888882637024,1320,3313
181,c,2,50,9.075663089752197,1507,2150
181,c,3,50,13.018162727355957,805,2027
181,c,4,50,15.380964040756226,1154,2872
181,c,5,50,27.83147668838501,897,8226
181,c,6,50,31.696006774902344,1008,2131
181,c,7,50,9.939471960067749,1008,2091
181,c,8,50,9.663496971130371,1310,1923
181,c,9,50,4.517162561416626,1320,3396
181,d,2,50,10.308825969696045,1507,5325
181,d,3,50,14.990922451019287,805,3467
181,d,4,50,12.482781410217285,1154,6679
181,d,5,50,14.862914323806763,897,3576
181,d,6,50,11.257753372192383,1008,5558
181,d,7,50,46.393083810806274,1008,2131
181,d,8,50,24.60777735710144,1310,2702
181,d,9,50,29.810394048690796,1320,2249
170,c,2,57,18.667747735977173,1507,6421
170,c,3,57,32.05962061882019,805,4224
170,c,4,57,13.264693021774292,1154,6609
170,c,5,57,6.675124406814575,897,7021
170,c,6,57,29.129581689834595,1008,2377
170,c,7,57,7.643107891082764,1008,2088
170,c,8,57,15.933519840240479,1310,3362
170,c,9,57,11.388623237609863,1320,4340
170,d,2,57,48.117756366729736,1507,6654
170,d,3,57,8.11022138595581,805,2967
170,d,4,57,81.15239429473877,1154,3926
170,d,5,57,45.449390172958374,897,2784
170,d,6,57,12.972286224365234,1008,2418
170,d,7,57,66.51389241218567,1008,2123
170,d,8,57,29.439499616622925,1310,2145
170,d,9,57,16.811595916748047,1320,2642
131,c,2,46,10.443771839141846,1507,4871
131,c,3,46,18.064938068389893,805,1824
131,c,4,46,32.678691387176514,1154,2687
131,c,5,46,6.123533248901367,897,1727
131,c,6,46,23.398598194122314,1008,2008
131,c,7,46,7.489168167114258,1008,1899
131,c,8,46,11.284348487854004,1310,1919
131,c,9,46,16.241575717926025,1320,2529
131,d,2,46,15.529954671859741,1507,3431
131,d,3,46,51.39367318153381,805,1862
131,d,4,46,12.6072256565094,1154,2008
131,d,5,46,23.803521871566772,897,2400
131,d,6,46,12.157103061676025,1008,1823
131,d,7,46,18.122953176498413,1008,1926
131,d,8,46,212.059485912323,1310,1738
131,d,9,46,4.869457006454468,1320,2726
258,c,2,61,13.019385814666748,1507,6105
258,c,3,61,10.177955627441406,805,2356
258,c,4,61,37.18619227409363,1154,4091
258,c,5,61,15.423147916793823,897,3464
258,c,6,61,20.391276836395264,1008,2541
258,c,7,61,16.56037449836731,1008,2639
258,c,8,61,12.404274940490723,1310,2496
258,c,9,61,22.344301462173462,1320,3046
258,d,2,61,60.041033029556274,1507,6879
258,d,3,61,27.462347984313965,805,2417
258,d,4,61,14.104716300964355,1154,5291
258,d,5,61,19.74431085586548,897,2976
258,d,6,61,13.232098579406738,1008,2582
258,d,7,61,38.836281299591064,1008,2267
258,d,8,61,9.856511354446411,1310,2708
258,d,9,61,10.352939128875732,1320,6599
268,c,2,52,14.354015111923218,1507,3618
268,c,3,52,22.851094722747803,805,2066
268,c,4,52,51.48137331008911,1154,6886
268,c,5,52,15.320233345031738,897,4557
268,c,6,52,11.248478651046753,1008,2309
268,c,7,52,29.79698419570923,1008,2537
268,c,8,52,90.39090156555176,1310,1960
268,c,9,52,7.083432674407959,1320,2339
268,d,2,52,20.504093408584595,1507,2197
268,d,3,52,37.437520027160645,805,2159
268,d,4,52,10.679776668548584,1154,2444
268,d,5,52,10.37488079071045,897,4875
268,d,6,52,9.755217552185059,1008,2309
268,d,7,52,10.6498441696167,1008,2254
268,d,8,52,11.197163820266724,1310,3550
268,d,9,52,21.724300146102905,1320,2331
46,c,2,56,7.344482183456421,1507,3024
46,c,3,56,154.4816596508026,805,2183
46,c,4,56,9.415674924850464,1154,5058
46,c,5,56,14.770296335220337,897,4423
46,c,6,56,22.530489683151245,1008,2377
46,c,7,56,15.353175401687622,1008,2725
46,c,8,56,18.829228162765503,1310,2737
46,c,9,56,51.16437363624573,1320,4479
46,d,2,56,14.134957075119019,1507,3942
46,d,3,56,9.94591474533081,805,2183
46,d,4,56,14.87467908859253,1154,3191
46,d,5,56,6.2941906452178955,897,2088
46,d,6,56,6.904159069061279,1008,2054
46,d,7,56,7.0214457511901855,1008,2123
46,d,8,56,7.711846351623535,1310,2678
46,d,9,56,16.750065326690674,1320,2743
219,c,2,42,12.178495645523071,1507,2595
219,c,3,42,8.31093168258667,805,3009
219,c,4,42,11.002931594848633,1154,4420
219,c,5,42,9.912400007247925,897,3998
219,c,6,42,8.752868413925171,1008,2393
219,c,7,42,9.55535078048706,1008,2951
219,c,8,42,4.338608503341675,1310,1892
219,c,9,42,16.83200979232788,1320,2015
219,d,2,42,151.02035236358643,1507,4733
219,d,3,42,7.847838878631592,805,2609
219,d,4,42,23.986371517181396,1154,1115
219,d,5,42,9.110193252563477,897,3310
219,d,6,42,31.278860330581665,1008,2532
219,d,7,42,17.859252214431763,1008,1639
219,d,8,42,51.51491355895996,1310,2579
219,d,9,42,10.913241147994995,1320,2603
128,c,2,59,9.042446851730347,1507,4459
128,c,3,59,85.72915840148926,805,2949
128,c,4,59,10.465826272964478,1154,4774
128,c,5,59,9.907718658447266,897,6312
128,c,6,59,17.25930380821228,1008,3595
128,c,7,59,52.82149267196655,1008,2645
128,c,8,59,73.35517740249634,1310,2256
128,c,9,59,16.111783742904663,1320,4680
128,d,2,59,21.758485078811646,1507,2469
128,d,3,59,7.306382656097412,805,9412
128,d,4,59,22.78067374229431,1154,5990
128,d,5,59,40.923462867736816,897,7042
128,d,6,59,16.88793444633484,1008,2603
128,d,7,59,9.008423089981079,1008,2519
128,d,8,59,14.982730150222778,1310,2562
128,d,9,59,10.945590257644653,1320,3964
330,c,2,49,18.781200885772705,1507,5522
330,c,3,49,39.76482009887695,805,2396
330,c,4,49,8.019392490386963,1154,2400
330,c,5,49,9.619200229644775,897,2702
330,c,6,49,31.944386959075928,1008,3183
330,c,7,49,12.47792100906372,1008,1908
330,c,8,49,25.69075345993042,1310,1886
330,c,9,49,20.754271984100342,1320,2500
330,d,2,49,5.778714656829834,1507,3546
330,d,3,49,34.25186848640442,805,4230
330,d,4,49,11.947850227355957,1154,2349
330,d,5,49,6.006001949310303,897,2447
330,d,6,49,7.217359304428101,1008,3067
330,d,7,49,7.799118995666504,1008,1886
330,d,8,49,55.30784773826599,1310,1886
330,d,9,49,7.038414239883423,1320,2090
