6,24,41,11.316679000854492,1016,472
15,22,63,12.578858852386475,422,470
18,23,105,12.626824617385864,206,472
17,23,39,12.693716049194336,1692,472
13,22,43,12.811448574066162,2507,277
19,21,40,12.961165428161621,460,499
4,22,34,13.128561973571777,497,499
7,22,23,13.717882633209229,102,499
10,23,50,14.169938802719116,24,472
9,21,33,14.531479597091675,553,645
8,22,54,15.30911374092102,1100,499
14,23,31,15.28189992904663,164,499
0,21,41,15.560076236724854,744,491
11,23,47,15.51755690574646,839,499
1,24,61,15.795248746871948,1098,520
2,24,83,16.926411867141724,710,472
5,23,35,20.17050051689148,352,499
3,23,37,20.756398677825928,119,542
17,24,39,14.751631498336792,1719,478
11,24,47,12.320615530014038,983,472
13,23,43,15.107056379318237,2008,503
10,24,50,13.816222190856934,24,472
0,22,41,13.381031036376953,567,468
9,22,33,14.767185688018799,547,545
4,23,34,16.512243032455444,1608,527
2,25,83,12.799671649932861,399,472
8,23,54,14.427794456481934,420,499
6,25,41,18.525127172470093,1504,563
14,24,31,14.559018611907959,2296,499
1,25,61,14.829272985458374,1460,516
15,23,63,18.457125902175903,3250,513
18,24,105,18.705620765686035,369,499
19,22,40,19.480074644088745,1841,524
5,24,35,13.86124873161316,163,474
3,24,37,14.280592203140259,441,499
17,25,39,11.504697799682617,588,472
13,24,43,12.103897094726562,605,472
10,25,50,12.37796425819397,24,470
0,23,41,11.670352220535278,717,469
11,25,47,13.125461101531982,987,499
9,23,33,11.95569396018982,1582,495
4,24,34,14.078758478164673,721,499
6,26,41,14.141065835952759,653,499
5,25,35,11.265260934829712,1300,498
2,26,83,16.249528646469116,298,472
15,24,63,15.14117980003357,969,467
8,24,54,16.854220628738403,1403,507
14,25,31,17.086531162261963,86,499
18,25,105,16.064936637878418,1223,478
19,23,40,15.024662017822266,620,529
1,26,61,17.56375217437744,80,499
17,26,39,12.248908996582031,891,499
11,26,47,11.32741379737854,1597,565
13,25,43,12.636826992034912,315,472
10,39,50,12.968342304229736,1237,472
5,26,35,8.433611869812012,403,156
6,27,41,9.840519666671753,1279,472
3,25,37,19.32062554359436,2380,584
0,24,41,16.14379596710205,760,493
9,24,33,16.187562942504883,746,535
18,26,105,10.386211395263672,525,499
1,27,61,9.779090404510498,1187,497
8,25,54,11.553831577301025,345,484
15,25,63,15.054166793823242,497,472
4,25,34,17.765162229537964,998,502
14,26,31,16.411935806274414,1470,499
2,27,83,18.41178059577942,646,538
11,27,47,12.123208999633789,853,502
5,27,35,12.17726993560791,1317,505
19,24,40,18.32229733467102,535,569
17,27,39,16.69804859161377,2615,491
13,26,43,16.459235429763794,442,499
10,40,50,16.047046661376953,1340,485
8,26,54,12.746071815490723,1198,534
3,26,37,16.81643295288086,156,528
6,28,41,19.334197998046875,868,499
4,26,34,11.804795026779175,445,502
18,27,105,15.453864574432373,373,477
15,26,63,12.910227537155151,3914,499
0,25,41,17.782062768936157,777,516
1,28,61,17.61921787261963,2169,556
2,28,83,11.647576093673706,401,276
14,27,31,12.657065153121948,345,499
11,28,47,11.677213430404663,1284,472
9,25,33,18.734384536743164,1490,539
19,25,40,13.009523153305054,1684,472
5,28,35,13.681134462356567,3307,506
17,28,39,11.954901933670044,181,501
10,41,50,10.78405237197876,464,472
13,27,43,14.300747632980347,252,472
3,27,37,12.611256122589111,987,632
0,26,41,11.19404149055481,954,587
8,27,54,15.12666130065918,768,598
18,28,105,13.263063907623291,524,669
2,29,83,11.530742883682251,1031,475
15,27,63,13.569838285446167,806,628
1,29,61,13.301065921783447,91,587
4,27,34,15.7483069896698,365,669
11,29,47,13.025351762771606,392,587
14,28,31,14.105113983154297,2048,505
9,26,33,14.526857852935791,742,679
6,29,41,18.014674425125122,2415,499
0,27,41,9.595157861709595,740,476
10,42,50,15.126986503601074,2548,472
19,26,40,17.029009342193604,1610,576
3,28,37,12.795450210571289,1200,708
13,28,43,13.24766755104065,409,587
17,29,39,17.33703351020813,181,671
18,29,105,11.173475980758667,3051,472
2,30,83,11.2791428565979,274,674
5,29,35,19.250324010849,165,669
14,29,31,11.758381843566895,174,669
11,30,47,13.14457654953003,264,587
15,28,63,15.289848804473877,1876,499
9,27,33,12.972645282745361,1560,616
8,28,54,19.348633766174316,1846,534
4,28,34,17.22912573814392,1495,612
0,28,41,11.326067209243774,714,526
10,43,50,12.769959449768066,188,472
1,30,61,20.004390716552734,2263,537
6,30,41,18.376861333847046,2846,499
3,29,37,13.384344577789307,194,499
5,30,35,11.747965335845947,2121,331
2,31,83,13.136093854904175,575,499
18,30,105,14.929454565048218,663,472
19,27,40,16.823233127593994,1141,499
17,30,39,15.816185712814331,121,474
13,29,43,16.825653553009033,738,499
11,31,47,11.792210102081299,226,470
9,28,33,12.298340320587158,1834,537
3,30,37,13.259321928024292,1865,490
4,29,34,14.221858739852905,657,499
6,31,41,15.200590133666992,135,470
13,30,43,15.954246282577515,845,475
1,31,61,16.181716442108154,201,472
10,44,50,16.14467144012451,131,472
9,29,33,16.26180362701416,403,499
19,28,40,16.26612401008606,1256,499
2,32,83,16.917085886001587,855,499
11,32,47,17.56182289123535,543,505
15,29,63,17.63922119140625,2130,499
14,30,31,17.656164169311523,1211,506
18,31,105,19.447021484375,1374,524
0,29,41,20.66458010673523,865,523
8,29,54,21.006003379821777,325,554
5,31,35,22.327746629714966,433,510
17,31,39,23.294069051742554,181,501
13,31,43,12.092504501342773,3253,472
2,33,83,12.236148834228516,176,482
6,32,41,15.496366262435913,52,472
9,30,33,14.938963174819946,1111,472
15,30,63,14.025738954544067,1535,499
4,30,34,19.78291916847229,1000,521
1,32,61,17.940322875976562,1467,519
3,31,37,22.05322813987732,379,589
10,45,50,19.991451025009155,31,499
8,30,54,15.221498012542725,1606,474
11,33,47,18.961676359176636,1090,518
0,30,41,16.279942512512207,1944,499
19,29,40,20.577181816101074,1092,523
5,32,35,15.761444807052612,1353,505
18,32,105,20.226332426071167,774,499
17,32,39,18.418325185775757,1550,506
13,32,43,15.796340703964233,951,472
15,31,63,13.380353927612305,1961,499
6,33,41,16.470310926437378,165,472
3,32,37,12.365735530853271,1655,505
11,34,47,11.596725463867188,1058,647
2,34,83,19.89281940460205,809,499
18,33,105,9.740082025527954,642,511
10,46,50,13.40043830871582,261,499
9,31,33,19.40418553352356,1056,587
1,33,61,17.4519464969635,272,531
4,31,34,18.822840690612793,1408,499
19,30,40,17.628480434417725,404,510
17,33,39,12.925625562667847,180,671
13,33,43,11.10530948638916,896,688
8,31,54,19.41702103614807,2169,511
0,31,41,22.456013679504395,459,472
2,35,83,11.204360008239746,1086,499
11,35,47,12.842007160186768,793,646
15,32,63,15.909189462661743,2473,519
9,32,33,10.554559469223022,3650,472
4,32,34,11.695743322372437,1032,587
3,33,37,17.32589864730835,371,655
10,47,50,17.21827220916748,261,669
5,33,35,29.73410701751709,232,587
8,32,54,12.856849193572998,733,475
1,34,61,17.0347580909729,4189,549
18,34,105,19.69635033607483,1428,530
13,34,43,14.867434024810791,1033,499
17,34,39,16.63059711456299,121,501
4,33,34,8.735493898391724,146,258
0,32,41,14.924010515213013,918,503
11,36,47,13.259181022644043,755,499
2,36,83,14.870166540145874,385,499
19,31,40,21.31166172027588,1069,499
15,33,63,15.295192241668701,804,500
6,34,41,29.441688537597656,31,669
3,34,37,12.473255157470703,1001,519
8,33,54,13.012659788131714,1468,499
10,48,50,15.073945760726929,1474,492
5,34,35,15.490214347839355,205,499
1,35,61,15.255858421325684,1427,478
13,35,43,14.4272620677948,733,472
18,35,105,15.493433713912964,388,586
0,33,41,12.680920839309692,797,472
17,35,39,15.875762224197388,963,504
11,37,47,14.479525327682495,506,499
19,32,40,14.835304021835327,812,499
2,37,83,16.323114156723022,662,499
6,35,41,15.635094165802002,261,499
15,34,63,16.069692611694336,2340,499
3,35,37,15.61365818977356,98,499
10,49,50,14.604333400726318,102,472
1,36,61,13.153437852859497,336,499
18,36,105,15.234335660934448,2109,515
13,36,43,16.538222312927246,502,499
8,34,54,19.56704068183899,122,499
19,33,40,12.948456287384033,1475,552
17,36,39,18.16834855079651,1278,517
0,34,41,18.78052306175232,508,499
11,38,47,17.727697610855103,980,499
2,38,83,16.43448543548584,414,476
15,35,63,16.677802562713623,1062,472
6,36,41,17.309706926345825,261,499
3,36,37,16.723395586013794,2068,495
1,37,61,16.74553394317627,104,499
18,37,105,13.998702049255371,268,504
13,37,43,14.137745380401611,1728,472
8,35,54,15.069080829620361,406,499
0,35,41,10.93020510673523,522,587
11,39,47,11.232958793640137,717,598
19,34,40,16.242342948913574,687,544
15,36,63,11.214133262634277,1680,472
17,37,39,15.063556671142578,120,472
6,37,41,12.926022291183472,264,587
2,39,83,15.759159088134766,121,595
0,36,41,8.28527545928955,39,193
18,38,105,15.712916851043701,1600,547
11,40,47,12.28333830833435,318,278
13,38,43,15.10680365562439,656,499
1,38,61,17.839459657669067,2581,505
8,36,54,16.70891308784485,200,499
15,37,63,13.151326417922974,1572,472
6,38,41,12.19290804862976,695,472
2,40,83,12.383055686950684,369,499
19,35,40,17.32836365699768,1070,499
17,38,39,17.357579946517944,1544,527
0,37,41,16.183589935302734,40,499
18,39,105,13.928637027740479,117,499
11,41,47,14.141965627670288,846,472
13,39,43,14.795580387115479,267,499
1,39,61,14.439113855361938,1876,485
15,38,63,15.32434868812561,1844,499
8,37,54,16.02201557159424,99,499
2,41,83,13.636989831924438,530,500
6,39,41,14.981832027435303,154,470
19,36,40,16.49081540107727,413,504
0,38,41,14.570009469985962,40,499
11,42,47,12.982654094696045,251,470
13,40,43,14.421764612197876,1666,472
18,40,105,15.928324937820435,244,499
8,38,54,13.003634929656982,2177,499
1,40,61,16.694802284240723,3153,504
6,40,41,13.871200561523438,102,499
15,39,63,15.155516386032104,1168,499
2,42,83,16.12109112739563,399,505
11,43,47,12.862488031387329,442,499
19,37,40,16.25371527671814,540,531
13,41,43,13.367069005966187,543,478
1,41,61,12.77969765663147,372,499
15,40,63,12.726147651672363,2545,561
8,39,54,14.774358034133911,167,470
18,41,105,18.61126399040222,247,556
2,43,83,13.752197027206421,617,472
19,38,40,11.910634279251099,140,669
13,42,43,11.615294218063354,2931,478
11,44,47,15.57973313331604,31,499
1,42,61,14.050293445587158,1624,492
8,40,54,13.734390258789062,1664,472
15,41,63,13.858190536499023,708,499
2,44,83,11.349764347076416,381,470
18,42,105,13.362065553665161,342,470
19,39,40,17.743472576141357,299,549
11,45,47,15.279545783996582,453,499
8,41,54,10.460655450820923,102,470
1,43,61,15.495675325393677,697,499
15,42,63,14.492865085601807,1935,472
2,45,83,15.026175737380981,125,472
18,43,105,15.199199438095093,2606,483
11,46,47,14.747440576553345,102,499
8,42,54,15.357922077178955,2658,499
1,44,61,14.114841222763062,2019,476
15,43,63,15.248515367507935,799,499
2,46,83,14.785723447799683,752,499
18,44,105,14.152960777282715,323,478
8,43,54,11.820554971694946,116,470
1,45,61,14.714742422103882,137,503
15,44,63,14.57814335823059,1858,499
2,47,83,14.809664487838745,183,504
18,45,105,16.874885320663452,1267,520
8,44,54,14.840966701507568,1695,503
0,39,41,87.95765399932861,1667,4784
1,46,61,13.20708966255188,3663,542
2,48,83,13.030061960220337,229,472
15,45,63,13.81417465209961,3018,499
18,46,105,15.580336809158325,279,499
8,45,54,11.108900785446167,255,470
1,47,61,10.994330167770386,203,499
2,49,83,11.75075101852417,121,477
18,47,105,10.739290952682495,160,472
8,46,54,13.063955307006836,1927,499
15,46,63,19.42775011062622,1547,499
1,48,61,13.538443088531494,1372,503
2,50,83,15.881048202514648,395,516
18,48,105,16.109678506851196,1345,499
8,47,54,14.044023752212524,544,470
0,40,41,37.65702486038208,184,1556
15,47,63,14.261435508728027,4091,499
1,49,61,11.693665266036987,205,470
2,51,83,14.050860404968262,1051,504
18,49,105,11.078449964523315,246,617
8,48,54,14.170873880386353,411,499
1,50,61,13.217801332473755,1253,504
15,48,63,14.628659963607788,5199,499
18,50,105,12.043130874633789,609,569
2,52,83,17.672284603118896,1601,505
8,49,54,15.43036150932312,188,472
15,49,63,14.840678453445435,2221,499
1,51,61,15.382101058959961,2339,514
18,51,105,16.67800784111023,2469,510
8,50,54,14.973381280899048,182,470
2,53,83,17.97942280769348,838,499
1,52,61,14.106553316116333,86,499
15,50,63,17.900158166885376,6072,499
18,52,105,16.104310512542725,737,499
1,53,61,10.295984029769897,202,470
2,54,83,15.313657283782959,459,472
8,51,54,16.949271202087402,255,527
15,51,63,17.682077646255493,2694,499
18,53,105,15.398334980010986,782,539
2,55,83,11.574540376663208,382,515
8,52,54,10.901623964309692,448,324
1,54,61,19.309016227722168,2345,557
2,56,83,10.716763734817505,288,470
15,52,63,17.23477864265442,772,499
18,54,105,14.214468240737915,1418,499
1,55,61,17.805856943130493,2097,524
2,57,83,12.837964534759521,436,499
8,53,54,22.950345993041992,490,672
18,55,105,18.308812141418457,77,499
15,53,63,19.39785861968994,2528,588
1,56,61,16.676371335983276,2541,552
2,58,83,15.340477466583252,230,499
18,56,105,12.355189085006714,1314,478
1,57,61,12.311923742294312,188,472
15,54,63,18.81102418899536,1815,499
2,59,83,12.248772621154785,691,482
18,57,105,15.38454794883728,86,499
1,58,61,15.41286849975586,204,472
15,55,63,15.117919683456421,4058,499
2,60,83,17.179738998413086,500,472
18,58,105,17.434499979019165,1152,514
15,56,63,15.014832973480225,859,472
2,61,83,12.802587509155273,285,480
1,59,61,16.45438051223755,219,509
18,59,105,13.208397388458252,70,499
15,57,63,15.46822452545166,4951,619
2,62,83,15.54905915260315,870,499
18,60,105,19.549845218658447,3628,566
15,58,63,15.610777854919434,2252,538
2,63,83,22.662861824035645,710,499
15,59,63,15.793137550354004,513,499
18,61,105,17.93373465538025,657,541
1,60,61,52.24073624610901,1815,2774
2,64,83,16.186349391937256,895,505
15,60,63,14.489834547042847,1973,470
18,62,105,15.80894160270691,408,504
15,61,63,7.6180503368377686,191,163
15,62,63,8.304297685623169,191,192
18,63,105,15.254711151123047,476,480
2,65,83,23.098448991775513,224,470
18,64,105,15.477754831314087,198,489
2,66,83,21.848518133163452,1416,477
18,65,105,15.71323013305664,498,505
2,67,83,15.742847204208374,181,499
18,66,105,15.4913809299469,409,499
2,68,83,13.073841571807861,404,472
18,67,105,15.541974782943726,188,470
2,69,83,15.94877815246582,416,505
18,68,105,19.146358013153076,649,499
2,70,83,18.186080932617188,772,499
18,69,105,14.379404067993164,52,472
2,71,83,16.653804063796997,907,500
18,70,105,12.92310094833374,52,472
2,72,83,16.519783973693848,262,495
18,71,105,15.281898498535156,74,472
2,73,83,16.175700664520264,548,473
18,72,105,20.33800721168518,57,472
2,74,83,20.56356930732727,249,499
18,73,105,20.029175996780396,69,499
2,75,83,16.717849254608154,290,509
18,74,105,15.153891324996948,73,472
2,76,83,12.714471817016602,415,472
18,75,105,15.377273082733154,58,504
2,77,83,16.958654403686523,972,505
18,76,105,13.987192153930664,55,499
2,78,83,11.691221952438354,602,477
2,79,83,11.003521203994751,849,472
18,77,105,16.80857491493225,58,499
2,80,83,6.448645353317261,231,59
18,78,105,13.880237579345703,53,470
2,81,83,14.454072952270508,221,499
18,79,105,18.174638271331787,46,472
2,82,83,23.445059061050415,292,509
18,80,105,14.202654123306274,38,587
18,81,105,18.821362495422363,797,499
18,82,105,16.713878870010376,46,470
18,83,105,14.930203676223755,34,470
18,84,105,12.574053287506104,38,587
18,85,105,14.339035749435425,46,470
18,86,105,19.61429715156555,65,499
18,87,105,14.155887842178345,44,472
18,88,105,12.556689739227295,46,470
18,89,105,14.524319171905518,43,470
18,90,105,12.57409930229187,42,470
18,91,105,17.34791088104248,46,499
18,92,105,12.200355529785156,48,669
18,93,105,16.97704005241394,51,495
18,94,105,15.933563232421875,55,470
18,95,105,17.430549144744873,56,499
18,96,105,13.334845781326294,71,472
18,97,105,12.445306301116943,72,472
18,98,105,13.29109811782837,134,472
18,99,105,14.42928409576416,34,472
18,100,105,13.619610786437988,33,472
18,101,105,14.42199182510376,34,472
39,0,48,6.935684442520142,3550,68
47,0,68,8.397523403167725,58,90
35,0,71,12.290251731872559,1207,587
24,0,55,12.476182222366333,1051,652
59,0,69,13.060871839523315,4509,589
33,0,14,13.26337456703186,3602,587
50,0,30,13.240972757339478,7164,587
20,0,25,13.399960041046143,3512,472
26,0,88,13.403573274612427,53,470
28,0,106,13.564295053482056,2479,472
45,0,42,13.689894676208496,6422,478
34,0,34,14.530835390090942,228,499
58,0,28,14.439695119857788,8845,499
56,0,40,14.460131645202637,2913,499
42,0,53,14.556492567062378,571,499
49,0,34,15.462317705154419,4411,472
55,0,92,15.454854249954224,1798,472
44,0,66,15.57348346710205,63,467
29,0,82,15.722729682922363,58,470
25,0,29,15.800143480300903,2481,472
37,0,63,15.753820896148682,1005,472
30,0,50,16.246166944503784,1150,472
54,0,88,16.492794513702393,63,465
21,0,48,16.781433582305908,1268,470
48,0,28,16.721325397491455,572,472
46,0,35,16.823193550109863,802,472
57,0,60,16.916837692260742,1802,499
52,0,83,16.985506057739258,1252,499
38,0,38,17.05860733985901,5106,499
51,0,31,17.064289093017578,1368,505
43,0,31,17.10172939300537,9863,499
27,0,119,17.334974765777588,2260,499
36,0,32,17.82556128501892,385,499
31,0,52,17.97356152534485,2079,499
22,0,26,18.39111351966858,1429,499
53,0,27,18.271764755249023,2793,499
40,0,39,18.349651336669922,2171,499
41,0,29,18.4059100151062,9545,499
23,0,82,18.49813461303711,8307,499
47,1,68,11.123475313186646,46,669
39,1,48,13.198844194412231,3342,609
57,1,60,7.483247995376587,5977,66
35,1,71,13.310317516326904,2687,822
20,1,25,12.348691940307617,1628,476
45,1,42,12.078815698623657,7532,612
26,1,88,12.940675735473633,60,669
50,1,30,13.784996747970581,6569,597
28,1,106,14.023369073867798,845,669
55,1,92,12.09065294265747,1596,587
34,1,34,13.714120388031006,51,587
58,1,28,13.836945056915283,1653,587
59,1,69,15.435499668121338,471,633
29,1,82,13.217535495758057,53,587
56,1,40,14.376036882400513,6734,593
18,102,105,29.146320819854736,605,1430
24,1,55,16.774084329605103,500,660
52,1,83,12.387877464294434,1013,478
36,1,32,11.989822626113892,49,587
46,1,35,12.969746828079224,2017,591
31,1,52,11.900050163269043,2918,622
25,1,29,14.23051929473877,1231,472
48,1,28,13.540608644485474,1064,611
51,1,31,13.27504277229309,120,589
21,1,48,13.829718589782715,2935,593
30,1,50,14.375616312026978,2587,588
44,1,66,15.024447202682495,32,546
49,1,34,16.47004795074463,7319,587
42,1,53,17.520527362823486,49,669
39,2,48,11.996929168701172,1532,608
38,1,38,15.322519063949585,3213,612
33,1,14,19.674283981323242,2859,742
27,1,119,15.738979816436768,980,629
40,1,39,14.667706966400146,2607,587
37,1,63,17.775532960891724,1097,669
22,1,26,15.29234766960144,3237,827
23,1,82,15.647048711776733,1322,592
53,1,27,15.75232744216919,1961,690
43,1,31,17.401584148406982,6378,660
54,1,88,18.35597276687622,66,669
41,1,29,17.196689128875732,5435,657
20,2,25,11.081171035766602,4381,472
57,2,60,13.484238147735596,12610,626
26,2,88,11.757833003997803,32,472
32,0,31,40.422990560531616,3042,587
35,2,71,17.1555335521698,931,532
28,2,106,15.742011785507202,455,472
55,2,92,16.033349990844727,1803,472
48,2,28,13.38640546798706,835,472
44,2,66,13.2996826171875,39,470
52,2,83,14.64006519317627,392,499
46,2,35,14.577542781829834,1749,503
36,2,32,14.698576211929321,1000,499
29,2,82,15.817229509353638,69,472
42,2,53,13.251548290252686,1090,472
25,2,29,15.702566862106323,4010,497
30,2,50,15.14951777458191,971,472
47,2,68,26.18252921104431,45,669
59,2,69,17.334378480911255,4140,499
24,2,55,16.81046962738037,2952,503
45,2,42,20.380300045013428,2865,499
27,2,119,13.232250213623047,763,472
39,3,48,14.33352017402649,1723,499
34,2,34,18.260345220565796,1924,472
22,2,26,13.10002326965332,344,472
21,2,48,16.317030906677246,1947,499
50,2,30,19.836848258972168,3963,499
51,2,31,17.158122301101685,254,472
18,103,105,18.580817699432373,491,566
49,2,34,16.17581033706665,4010,472
58,2,28,19.948130130767822,439,499
41,2,29,12.754877090454102,369,499
54,2,88,13.50461745262146,43,475
56,2,40,19.55502486228943,2752,499
40,2,39,15.654760599136353,1628,499
37,2,63,16.046557664871216,3499,499
31,2,52,19.813920497894287,2061,525
53,2,27,15.657008171081543,2320,499
57,3,60,11.997294902801514,654,587
20,3,25,13.248976230621338,2079,637
43,2,31,15.571159839630127,574,499
26,3,88,12.851183414459229,50,669
38,2,38,20.400246381759644,1464,499
23,2,82,19.987891912460327,507,523
32,1,31,14.000925064086914,1074,587
35,3,71,12.802610158920288,382,702
46,3,35,11.383029222488403,947,642
52,3,83,11.769400835037231,869,587
55,3,92,12.418841361999512,1561,616
29,3,82,11.70933198928833,45,669
33,2,14,24.19404149055481,832,792
25,3,29,11.734630107879639,3014,564
48,3,28,13.872862815856934,857,470
47,3,68,11.826168775558472,58,669
36,3,32,13.343536376953125,350,587
30,3,50,13.223054647445679,508,587
34,3,34,12.78410816192627,1476,587
49,3,34,11.114229679107666,116,566
45,3,42,13.451906204223633,605,589
50,3,30,12.977437734603882,325,587
59,3,69,14.653737783432007,519,604
44,3,66,17.89583730697632,43,631
37,3,63,12.504070281982422,798,669
56,3,40,13.845614671707153,1049,587
22,3,26,15.948507308959961,1174,592
20,4,25,13.045170307159424,377,587
42,3,53,18.004884958267212,1063,546
24,3,55,17.50545382499695,3279,593
57,4,60,13.536447525024414,1301,589
43,3,31,13.542239427566528,2149,587
21,3,48,17.306461334228516,638,613
41,3,29,15.812727928161621,1281,587
39,4,48,17.766984701156616,1247,753
27,3,119,18.03061532974243,7333,817
26,4,88,13.396512031555176,34,669
51,3,31,16.972726345062256,1028,596
53,3,27,15.27689814567566,3380,739
54,3,88,16.864813089370728,39,669
58,3,28,17.223336935043335,1869,683
38,3,38,12.867090940475464,186,587
23,3,82,11.856357336044312,1745,593
31,3,52,16.386046648025513,571,583
40,3,39,17.84978151321411,521,641
18,104,105,19.561554193496704,457,687
32,2,31,12.933125019073486,3962,607
55,4,92,12.395627975463867,902,470
52,4,83,12.716980934143066,716,587
36,4,32,11.330575942993164,785,460
29,4,82,14.835161924362183,47,669
49,4,34,12.001616716384888,3306,630
47,4,68,13.925925254821777,57,669
35,4,71,16.462273597717285,691,641
33,3,14,15.768841028213501,1124,860
34,4,34,13.670746803283691,1341,608
30,4,50,14.216645956039429,686,669
59,4,69,12.932196855545044,1596,669
50,4,30,13.84532380104065,633,587
46,4,35,19.023125648498535,1479,639
25,4,29,17.701539039611816,1210,608
39,5,48,11.43297266960144,2757,641
57,5,60,12.274849891662598,82,546
45,4,42,16.474185943603516,1029,710
26,5,88,11.83479380607605,39,587
20,5,25,13.21888017654419,1522,730
42,4,53,13.254804849624634,1697,591
37,4,63,14.676844120025635,86,587
44,4,66,15.07374095916748,92,669
48,4,28,19.5375874042511,2744,740
22,4,26,14.497861385345459,1217,721
24,4,55,14.782469987869263,916,611
21,4,48,14.380573749542236,1229,593
58,4,28,13.70104193687439,588,587
27,4,119,15.020747900009155,1456,591
43,4,31,16.202973127365112,231,669
41,4,29,15.669867992401123,2692,614
53,4,27,14.844232082366943,286,595
38,4,38,14.452781200408936,1588,668
54,4,88,15.084052562713623,55,669
31,4,52,14.34371280670166,77,669
23,4,82,15.306899070739746,549,587
36,5,32,12.764732360839844,747,587
32,3,31,15.077310800552368,84,587
40,4,39,16.359312534332275,1352,687
49,5,34,11.721083402633667,474,697
51,4,31,18.862541913986206,619,625
55,5,92,15.4907705783844,1256,601
28,3,106,41.20374584197998,3632,2438
56,4,40,22.812565565109253,1579,667
52,5,83,16.846425771713257,630,669
47,5,68,14.265626668930054,53,587
34,5,34,12.865788221359253,753,734
50,5,30,12.476104974746704,1900,587
29,5,82,14.986924886703491,185,669
30,5,50,13.814507007598877,1058,606
26,6,88,11.651667594909668,43,587
46,5,35,12.97651743888855,1548,624
48,5,28,10.915188550949097,275,587
35,5,71,16.500051736831665,1769,623
57,6,60,12.816734790802002,544,581
33,4,14,15.764167547225952,998,640
37,5,63,14.16486406326294,1414,594
44,5,66,14.341296434402466,49,669
22,5,26,15.022976160049438,508,589
20,6,25,16.057631015777588,1522,626
59,5,69,19.075905561447144,4709,776
54,5,88,12.307441711425781,92,669
24,5,55,14.426511526107788,553,675
45,5,42,16.866236925125122,1540,628
25,5,29,18.18468713760376,2350,686
38,5,38,13.213307619094849,623,587
43,5,31,14.068285942077637,300,669
27,5,119,14.61958122253418,4215,620
21,5,48,15.400323390960693,1602,593
58,5,28,15.115375518798828,551,636
39,6,48,18.903183460235596,136,669
55,6,92,10.927579879760742,1133,597
36,6,32,12.942590236663818,291,669
31,5,52,15.004362106323242,705,641
23,5,82,14.171143054962158,362,608
42,5,53,19.151936531066895,397,587
40,5,39,13.633582592010498,802,679
50,6,30,11.029875040054321,281,499
47,6,68,11.928314208984375,87,273
26,7,88,10.081283330917358,26,472
49,6,34,15.001967906951904,92,587
51,5,31,15.259593725204468,532,669
46,6,35,11.522057056427002,1385,478
32,4,31,17.313990592956543,1914,675
29,6,82,13.919732093811035,52,470
52,6,83,14.86587405204773,303,472
35,6,71,11.832129716873169,505,499
41,5,29,21.039761781692505,4097,756
30,6,50,14.364282369613647,453,493
28,4,106,17.227808952331543,787,587
34,6,34,16.000475883483887,544,472
37,6,63,11.133934259414673,1085,517
56,5,40,16.99495577812195,950,507
57,7,60,13.752613306045532,211,466
53,5,27,22.885542392730713,271,776
31,6,52,7.584001302719116,71,256
27,6,119,10.914284229278564,1554,518
24,6,55,12.412901401519775,810,316
48,6,28,17.178276777267456,1006,508
44,6,66,14.052726030349731,60,470
33,5,14,17.196465253829956,994,519
54,6,88,13.51749849319458,44,470
25,6,29,13.882638454437256,441,472
23,6,82,12.037699937820435,2294,632
22,6,26,15.280518054962158,520,472
59,6,69,15.022023439407349,897,499
43,6,31,13.74204969406128,1383,472
58,6,28,14.436095476150513,410,499
40,6,39,12.410529375076294,941,639
39,7,48,14.531655073165894,875,472
36,7,32,14.255864143371582,1012,499
38,6,38,15.947676658630371,3104,610
20,7,25,17.026572704315186,921,499
45,6,42,16.799644947052002,1515,501
55,7,92,15.244502544403076,1111,499
41,6,29,10.157638549804688,1741,470
47,7,68,13.929681062698364,86,674
46,7,35,12.97844409942627,583,652
50,7,30,15.11982536315918,4812,534
51,6,31,14.276739597320557,361,669
21,6,48,19.150864839553833,1190,783
42,6,53,17.92117190361023,667,587
34,7,34,12.850014209747314,980,620
28,5,106,12.946092367172241,1191,587
30,7,50,13.558821678161621,1214,597
26,8,88,17.137529134750366,31,669
29,7,82,14.869278192520142,61,669
35,7,71,15.052318334579468,661,587
52,7,83,15.130107641220093,219,587
53,6,27,12.716706991195679,1555,693
49,7,34,17.540735244750977,96,669
57,8,60,13.470592737197876,1420,639
44,7,66,11.720895528793335,54,669
31,7,52,14.573783874511719,616,621
32,5,31,17.96904754638672,1710,644
56,6,40,15.906366109848022,99,587
23,7,82,12.017327308654785,1530,668
48,7,28,14.627902030944824,395,669
24,7,55,14.769238948822021,734,638
27,7,119,15.052966594696045,1459,508
25,7,29,12.933955907821655,1623,472
22,7,26,12.827935695648193,1106,728
33,6,14,14.51383376121521,865,641
43,7,31,13.19074821472168,160,648
39,8,48,12.025288343429565,1484,736
59,7,69,13.930591583251953,2697,518
37,7,63,20.33617901802063,1770,986
40,7,39,13.546902179718018,2166,663
47,8,68,11.073201894760132,79,635
45,7,42,12.960759162902832,1123,619
36,8,32,14.130908489227295,1476,669
55,8,92,13.584200382232666,435,587
38,7,38,14.777889013290405,1845,499
54,7,88,18.060159921646118,210,669
50,8,30,12.991173267364502,183,595
51,7,31,12.713485479354858,78,587
46,8,35,13.364974737167358,683,618
58,7,28,16.879111289978027,571,587
34,8,34,11.297140121459961,2978,518
29,8,82,11.516495704650879,53,669
20,8,25,17.24058747291565,707,587
53,7,27,11.477114915847778,121,587
41,7,29,16.855863094329834,1085,615
26,9,88,12.956457614898682,57,587
30,8,50,13.580773830413818,758,476
21,7,48,15.425926923751831,434,587
52,8,83,13.385156869888306,250,546
57,9,60,13.154956579208374,766,587
28,6,106,14.831376314163208,1776,587
42,7,53,15.823730945587158,684,587
44,8,66,13.102380752563477,54,617
31,8,52,12.710520267486572,64,680
49,8,34,14.817148447036743,3074,498
32,6,31,13.002904176712036,1232,472
56,7,40,15.171386003494263,434,587
35,8,71,18.193792819976807,400,546
39,9,48,13.15239667892456,1634,479
33,7,14,15.39237356185913,1923,499
25,8,29,20.426146507263184,969,587
53,8,27,14.25753927230835,1920,482
20,9,25,31.518277406692505,421,587
38,8,38,34.38647818565369,1520,486
32,7,31,28.01917576789856,440,472
36,9,32,35.440868616104126,109,470
44,9,66,28.86302161216736,56,472
50,9,30,33.913986921310425,676,472
26,10,88,31.437275886535645,49,472
30,9,50,31.018343210220337,274,472
59,8,69,38.02307748794556,1442,518
25,9,29,19.018630743026733,2152,464
53,9,27,18.58315086364746,3321,485
37,8,63,37.40618896484375,1145,470
33,8,14,24.110135078430176,3268,472
52,9,83,31.078391790390015,222,518
48,8,28,40.18803572654724,548,499
55,9,92,36.32024431228638,463,499
27,8,119,40.167845487594604,607,503
45,8,42,37.33407521247864,1103,587
41,8,29,32.208362102508545,165,499
54,8,88,35.86537194252014,31,472
28,7,106,30.699070930480957,945,472
46,9,35,34.5859899520874,1590,632
49,9,34,29.97714853286743,117,499
56,8,40,27.26375937461853,596,562
47,9,68,38.297723054885864,78,546
39,10,48,26.737951040267944,1580,499
34,9,34,35.16414546966553,887,499
43,8,31,40.34441828727722,345,499
22,8,26,40.900169134140015,274,516
35,9,71,28.48125195503235,540,499
58,8,28,36.654736042022705,639,673
57,10,60,33.48059415817261,21,587
23,8,82,43.36551833152771,65,499
42,8,53,33.38445973396301,541,499
21,8,48,34.44773745536804,660,562
40,8,39,42.7564218044281,601,641
24,8,55,45.60079574584961,579,657
49,10,34,11.73935866355896,2910,485
48,9,28,14.558104753494263,1764,527
52,10,83,53.00586938858032,18,104
34,10,34,52.132527351379395,18,97
54,9,88,56.418065309524536,33,472
44,10,66,57.94020342826843,23,472
51,8,31,92.05122685432434,1443,481
59,9,69,58.13361477851868,913,478
45,9,42,58.27949857711792,464,511
21,9,48,55.539294958114624,642,499
40,9,39,54.02835965156555,1206,747
39,11,48,58.293627977371216,808,617
38,9,38,61.07644176483154,1603,668
50,10,30,60.29326558113098,346,470
49,11,34,48.37486791610718,223,470
53,10,27,60.76832938194275,469,474
57,11,60,58.16346216201782,276,470
41,9,29,60.50922250747681,214,684
43,9,31,59.479514598846436,545,472
55,10,92,60.627630949020386,810,589
56,9,40,60.25342535972595,1310,472
48,10,28,46.175169467926025,588,696
26,11,88,61.35831117630005,50,472
36,10,32,62.083205699920654,105,470
46,10,35,60.594828844070435,1428,729
33,9,14,61.09014320373535,1244,789
37,9,63,61.206515073776245,861,488
42,9,53,58.4356644153595,484,470
35,10,71,59.3610258102417,1141,472
29,9,82,94.91463088989258,33,472
24,9,55,56.01372313499451,404,472
25,10,29,61.994651079177856,1778,776
31,9,52,91.32194638252258,840,522
27,9,119,61.50960850715637,968,523
58,9,28,59.2584867477417,951,518
20,10,25,64.14959383010864,1220,531
30,10,50,62.832664012908936,227,499
28,8,106,62.59646391868591,1269,499
23,9,82,60.044273138046265,1434,522
32,8,31,64.6551022529602,2307,552
47,10,68,62.455607414245605,52,587
22,9,26,63.3994562625885,1319,614
34,11,34,12.950060844421387,1776,596
52,11,83,15.033463954925537,439,669
59,10,69,10.680694580078125,394,470
54,10,88,12.825560569763184,38,669
44,11,66,13.20882534980774,33,669
36,11,32,11.014976739883423,99,470
39,12,48,12.59619927406311,2032,632
50,11,30,13.225459575653076,893,629
57,12,60,12.317364692687988,123,472
48,11,28,12.196670293807983,744,587
46,11,35,12.290675640106201,1393,624
51,9,31,15.625797271728516,73,669
38,10,38,14.508574485778809,322,592
45,10,42,15.914551496505737,557,587
41,10,29,13.661354303359985,704,499
23,10,82,11.544137001037598,105,669
55,11,92,13.743935346603394,1223,472
43,10,31,14.119247436523438,564,587
49,12,34,14.386063575744629,722,501
56,10,40,14.204345941543579,1503,472
35,11,71,13.645161867141724,1596,472
21,10,48,17.25817847251892,1383,593
42,10,53,14.4512197971344,774,587
53,11,27,15.357402086257935,2920,552
24,10,55,14.457669734954834,596,634
27,10,119,14.555864095687866,802,543
25,11,29,15.368474006652832,1385,620
31,10,52,15.37894868850708,505,607
40,10,39,17.904550790786743,2127,643
32,9,31,13.887428283691406,494,669
29,10,82,15.845048904418945,33,669
33,10,14,16.7823007106781,1736,661
30,11,50,15.462254762649536,267,587
37,10,63,17.68040704727173,478,642
22,10,26,14.111969947814941,472,632
26,12,88,18.214293241500854,54,587
47,11,68,15.841166019439697,53,669
28,9,106,16.871785402297974,543,669
52,12,83,11.910760402679443,158,587
20,11,25,17.98058772087097,311,587
34,12,34,14.609445095062256,1847,499
56,11,40,6.780782461166382,473,66
54,11,88,13.090159177780151,59,675
36,12,32,11.126574754714966,1780,472
39,13,48,11.84357762336731,1403,587
58,10,28,22.698752403259277,625,698
59,11,69,16.247724294662476,1204,593
48,12,28,11.740188837051392,2605,472
46,12,35,11.92481780052185,1664,480
50,12,30,13.131667852401733,2210,475
42,11,53,11.05395793914795,18,669
44,12,66,16.764546155929565,66,670
23,11,82,12.589877367019653,1711,587
35,12,71,11.93027114868164,803,669
45,11,42,12.830950498580933,292,665
43,11,31,12.457985877990723,118,683
57,13,60,14.311424016952515,152,587
38,11,38,13.452728986740112,1449,602
21,11,48,11.98467755317688,517,643
51,10,31,14.494197607040405,405,587
49,13,34,13.150920629501343,580,592
41,11,29,14.416467428207397,1988,466
24,11,55,12.90151071548462,462,587
55,12,92,14.499250650405884,527,678
27,11,119,13.325469255447388,527,587
40,11,39,12.339936256408691,172,669
53,12,27,13.86202073097229,330,586
29,11,82,12.976942539215088,59,589
47,12,68,11.384444952011108,47,669
30,12,50,13.199166774749756,165,546
25,12,29,14.44986367225647,1288,697
37,11,63,12.87867522239685,612,672
26,13,88,13.0555419921875,41,667
52,13,83,12.618026733398438,831,669
22,11,26,13.79873776435852,1228,772
31,11,52,15.846636295318604,87,623
34,13,34,12.320341110229492,737,674
54,12,88,10.691339492797852,60,479
33,11,14,15.615686178207397,1857,602
20,12,25,13.613177299499512,856,671
28,10,106,14.762703895568848,2665,499
56,12,40,12.879516839981079,3399,472
32,10,31,17.534191370010376,769,618
59,12,69,10.532670974731445,47,472
36,13,32,12.618404388427734,300,669
46,13,35,12.38769793510437,1899,683
58,11,28,13.287070751190186,1353,636
48,13,28,13.419859647750854,2788,499
57,14,60,11.479578495025635,64,669
50,13,30,12.915249109268188,930,587
23,12,82,12.954943180084229,80,669
44,13,66,13.165940761566162,65,588
51,11,31,12.905989646911621,52,546
49,14,34,12.803465366363525,3323,499
24,12,55,12.136732816696167,686,593
41,12,29,12.775521755218506,976,669
35,13,71,15.32482123374939,826,587
39,14,48,18.60673713684082,1268,681
42,12,53,15.592983722686768,291,587
27,12,119,13.39416217803955,185,669
36,14,32,7.284136533737183,594,66
55,13,92,14.076987743377686,366,642
47,13,68,12.308551788330078,58,587
40,12,39,13.632583856582642,1853,723
29,12,82,13.048527717590332,58,683
53,13,27,13.609554052352905,1329,677
43,12,31,16.153939485549927,167,669
38,12,38,15.933074474334717,1391,755
26,14,88,12.30670952796936,212,669
52,14,83,12.25018858909607,1526,592
20,13,25,11.568989515304565,312,478
45,12,42,18.754743337631226,405,669
25,13,29,14.632303237915039,2909,566
31,12,52,13.333096742630005,623,636
21,12,48,18.619690656661987,147,546
33,12,14,13.172156810760498,1729,670
22,12,26,15.280648946762085,126,669
30,13,50,17.159875869750977,441,587
56,13,40,13.60463571548462,786,587
54,13,88,15.7430579662323,213,669
28,11,106,14.68323826789856,284,669
37,12,63,17.77897572517395,469,669
58,12,28,13.552350044250488,324,669
50,14,30,12.448663711547852,98,587
34,14,34,18.306135892868042,2523,620
46,14,35,14.468739986419678,1400,702
44,14,66,12.122505903244019,57,607
49,15,34,11.543608665466309,627,474
59,13,69,17.34789490699768,1137,593
48,14,28,14.556267738342285,1785,611
51,12,31,12.042898178100586,820,587
32,11,31,18.697436571121216,1440,716
41,13,29,12.45356798171997,217,587
57,15,60,16.071874141693115,599,689
42,13,53,12.593425512313843,937,470
29,13,82,11.692234754562378,31,546
36,15,32,12.24700379371643,294,587
55,14,92,12.400571346282959,2060,472
39,15,48,13.096000909805298,1599,618
47,14,68,12.699807405471802,74,587
40,13,39,12.581487655639648,850,743
43,13,31,12.416438817977905,438,669
53,14,27,12.614744424819946,212,669
26,15,88,11.942234992980957,31,669
24,13,55,15.626665353775024,116,596
52,15,83,12.103042602539062,117,489
23,13,82,17.10745143890381,115,588
27,13,119,14.365121841430664,341,669
38,13,38,14.326006650924683,447,590
45,13,42,12.948688983917236,462,472
35,14,71,16.859927892684937,1539,625
31,13,52,14.442716121673584,252,490
20,14,25,16.964697122573853,291,472
22,13,26,14.606606006622314,300,472
56,14,40,14.209012031555176,454,472
30,14,50,14.611261367797852,106,472
21,13,48,16.555397987365723,891,472
33,13,14,16.49888277053833,1025,551
25,14,29,18.632309198379517,6195,513
37,13,63,15.923640012741089,619,499
58,13,28,14.454101324081421,309,470
49,16,34,13.363814115524292,286,476
50,15,30,15.066962003707886,1159,570
46,15,35,14.64426064491272,1073,532
54,14,88,17.975053787231445,3502,499
28,12,106,17.85407781600952,323,499
41,14,29,13.044472217559814,176,472
48,15,28,14.432480812072754,1273,525
44,15,66,15.234527826309204,57,472
34,15,34,16.093916654586792,2560,508
32,12,31,14.064340114593506,112,499
42,14,53,12.765207767486572,919,472
57,16,60,13.450167655944824,90,470
29,14,82,13.590634822845459,57,472
55,15,92,13.77381443977356,209,485
51,13,31,16.552839040756226,588,499
47,15,68,13.99226427078247,4287,472
38,14,38,12.013115406036377,1064,484
40,14,39,14.0585777759552,2261,490
39,16,48,14.518489599227905,1258,485
36,16,32,15.20821738243103,512,499
27,14,119,13.390269041061401,286,546
53,15,27,14.672961711883545,2940,504
24,14,55,14.172629356384277,121,469
43,14,31,15.437872648239136,385,499
20,15,25,9.377384424209595,1038,473
35,15,71,12.575846910476685,775,606
26,16,88,16.17300534248352,31,587
52,16,83,16.87546730041504,26,776
30,15,50,10.892841577529907,826,472
59,14,69,21.173467874526978,1741,822
45,14,42,14.957557439804077,1346,589
31,14,52,14.196948528289795,1364,521
21,14,48,13.28791356086731,1785,478
25,15,29,12.638814210891724,1293,639
22,14,26,15.042356729507446,158,750
50,16,30,11.633491516113281,252,667
23,14,82,21.440025568008423,624,541
56,15,40,16.18759536743164,1120,587
58,14,28,13.765974521636963,2031,587
49,17,34,13.73061227798462,224,597
42,15,53,11.850063562393188,464,476
44,16,66,12.23278284072876,25,479
57,17,60,11.586801767349243,576,470
46,16,35,13.462004661560059,2481,527
32,13,31,12.886737585067749,2061,593
37,14,63,15.888517141342163,326,470
54,15,88,14.439633131027222,5871,499
41,15,29,14.689825057983398,2471,513
51,14,31,12.48986029624939,422,669
47,16,68,12.650748014450073,2650,476
40,15,39,12.657036066055298,892,604
48,16,28,15.43041205406189,772,603
38,15,38,13.872620820999146,280,669
28,13,106,16.655701160430908,462,669
53,16,27,13.070823192596436,290,738
39,17,48,14.05435562133789,1512,593
27,15,119,13.558724641799927,273,669
36,17,32,14.052483081817627,78,669
26,17,88,12.661623239517212,34,669
34,16,34,17.799164056777954,2323,546
56,16,40,6.948198080062866,468,66
24,15,55,14.747193813323975,291,675
30,16,50,12.045228242874146,352,669
59,15,69,12.291452646255493,3035,477
43,15,31,14.93709945678711,145,669
52,17,83,12.530011892318726,18,653
55,16,92,17.171710729599,1060,729
45,15,42,12.741556644439697,345,587
29,15,82,18.301788330078125,71,669
35,16,71,15.275685548782349,1740,606
20,16,25,15.348881244659424,969,587
50,17,30,9.830013036727905,677,507
31,15,52,14.123209714889526,281,612
22,15,26,12.677869081497192,255,610
21,15,48,13.905503273010254,1025,703
38,16,38,6.69966197013855,963,66
23,15,82,12.648188352584839,344,669
28,14,106,7.526293039321899,1343,68
49,18,34,12.216940641403198,1297,736
25,16,29,14.554033756256104,2281,563
44,17,66,12.792511463165283,2116,587
52,18,83,6.315596580505371,544,2
57,18,60,13.296540975570679,678,669
51,15,31,11.486818790435791,124,587
42,16,53,14.076247692108154,635,669
40,16,39,11.62167501449585,212,694
37,15,63,13.175098419189453,738,674
46,17,35,14.69845199584961,1955,664
32,14,31,14.301412105560303,413,605
39,18,48,11.034333944320679,955,678
54,16,88,13.950583934783936,334,669
53,17,27,11.519885778427124,1793,593
27,16,119,12.270760774612427,177,669
38,17,38,6.498940467834473,523,66
34,17,34,11.600199699401855,463,613
58,15,28,18.026342391967773,757,674
43,16,31,11.485793828964233,439,587
24,16,55,12.21618914604187,542,669
41,16,29,16.16333818435669,874,647
26,18,88,12.909253120422363,40,669
30,17,50,12.444946527481079,673,587
47,17,68,15.959327220916748,1404,600
45,16,42,11.890560150146484,860,587
56,17,40,13.227322340011597,337,587
20,17,25,12.586655855178833,4657,499
36,18,32,15.59637451171875,520,587
55,17,92,13.680590391159058,432,700
50,18,30,12.873570919036865,383,587
35,17,71,13.785653829574585,1208,478
31,16,52,12.260783910751343,985,611
48,17,28,18.909576416015625,660,587
22,16,26,11.461506366729736,226,669
23,16,82,10.51588773727417,306,470
21,16,48,12.074804544448853,227,697
49,19,34,11.39468765258789,98,587
28,15,106,12.73457956314087,825,587
59,16,69,17.922691106796265,1397,722
40,17,39,9.98138427734375,1132,503
29,16,82,17.48317265510559,182,669
25,17,29,13.641536235809326,1839,547
51,16,31,12.587055444717407,1552,652
46,18,35,11.342387676239014,1500,607
44,18,66,13.931742429733276,2954,499
57,19,60,13.678529262542725,1043,669
37,16,63,14.45665192604065,1788,486
34,18,34,11.871705055236816,746,669
27,17,119,12.496532917022705,247,587
26,19,88,11.267211437225342,33,669
52,19,83,17.600482940673828,162,587
43,17,31,12.572520732879639,123,587
30,18,50,12.196475744247437,375,472
39,19,48,15.31058955192566,1850,562
47,18,68,12.287148714065552,1202,594
53,18,27,15.501701354980469,2491,517
54,17,88,15.631399869918823,2147,675
32,15,31,16.67906165122986,1873,558
24,17,55,13.74692440032959,38,669
55,18,92,11.48493242263794,694,657
38,18,38,15.384899616241455,1628,587
45,17,42,14.088931560516357,166,587
42,17,53,19.054956674575806,18,669
20,18,25,13.393596887588501,2159,499
22,17,26,12.083749532699585,1925,704
58,16,28,16.78364610671997,1114,631
21,17,48,12.092551469802856,423,632
48,18,28,13.001216411590576,1027,593
56,18,40,15.878953218460083,1551,472
36,19,32,14.91065001487732,1488,619
41,17,29,17.221837282180786,198,610
35,18,71,16.03082585334778,1652,591
49,20,34,13.971775770187378,1079,476
50,19,30,16.44150996208191,1191,661
29,17,82,13.783096313476562,207,472
40,18,39,14.282501697540283,544,501
31,17,52,17.307393074035645,364,604
23,17,82,16.87997269630432,141,669
54,18,88,8.274450778961182,80,161
32,16,31,7.897925615310669,412,116
51,17,31,13.662694692611694,203,499
28,16,106,16.01970410346985,1674,472
59,17,69,16.575766563415527,1198,498
46,19,35,14.456048250198364,902,499
25,18,29,15.154577016830444,1874,518
44,19,66,14.519423007965088,888,505
57,20,60,14.292116403579712,222,472
34,19,34,14.454624891281128,1640,505
26,20,88,14.331435203552246,39,472
39,20,48,13.786067247390747,269,497
37,17,63,15.394983530044556,862,499
52,20,83,14.284038066864014,649,477
43,18,31,14.315693140029907,281,472
53,19,27,14.001859426498413,260,472
30,19,50,15.497553825378418,524,499
47,19,68,15.662065267562866,1212,499
24,18,55,14.767130136489868,688,505
27,18,119,17.54826307296753,1114,677
42,18,53,13.997994661331177,1205,472
36,20,32,11.976892948150635,2198,669
55,19,92,15.625577211380005,462,539
56,19,40,12.758431434631348,1706,587
38,19,38,15.590359926223755,2368,474
20,19,25,15.24507999420166,1831,499
48,19,28,13.983924865722656,1928,669
22,18,26,15.314912557601929,174,516
58,17,28,15.605300426483154,2418,536
45,18,42,17.659804105758667,679,547
21,18,48,17.308525562286377,903,692
41,18,29,17.629196166992188,1473,587
32,17,31,14.616072416305542,1355,476
54,19,88,14.777175664901733,1638,506
44,20,66,14.009522676467896,1750,536
49,21,34,20.101224422454834,1999,578
35,19,71,21.47355365753174,1308,523
36,21,32,13.509983539581299,1823,472
44,21,66,38.88348412513733,62,161
23,18,82,55.964468479156494,131,96
27,19,119,48.80933856964111,97,241
46,20,35,56.348705530166626,837,268
21,19,48,45.29562759399414,1423,280
42,19,53,51.00866413116455,959,587
31,18,52,60.47430729866028,456,587
34,20,34,55.736592292785645,1049,472
39,21,48,54.97044801712036,479,669
58,18,28,49.52116942405701,2383,587
41,19,29,46.645129680633545,2194,593
55,20,92,52.93447279930115,562,668
45,19,42,50.074631214141846,989,472
48,20,28,51.882344007492065,1211,472
36,22,32,39.94271779060364,1538,472
28,17,106,60.50074744224548,900,499
52,21,83,56.04894828796387,394,472
49,22,34,43.323704957962036,374,499
29,18,82,62.253077268600464,208,472
53,20,27,55.687472343444824,289,500
32,18,31,46.55141854286194,410,487
26,21,88,56.92516040802002,28,472
54,20,88,46.63799476623535,124,472
57,21,60,59.479260206222534,346,472
30,20,50,55.088191747665405,156,472
51,18,31,62.00085401535034,771,587
20,20,25,53.49381160736084,1076,568
24,19,55,55.64515137672424,242,470
38,20,38,54.23100137710571,309,499
47,20,68,55.88090944290161,87,587
50,20,30,65.21528196334839,712,592
25,19,29,62.221009731292725,273,499
35,20,71,44.61557865142822,265,499
56,20,40,56.5023934841156,515,499
40,19,39,65.74158191680908,1503,499
59,18,69,63.712653160095215,906,499
22,19,26,55.53371000289917,645,520
37,18,63,60.32646608352661,111,508
43,19,31,60.00073313713074,579,501
28,18,106,6.166592359542847,527,2
21,20,48,12.040831327438354,201,572
44,22,66,15.824405431747437,598,587
46,21,35,12.8157639503479,1503,587
42,20,53,11.949506998062134,753,480
34,21,34,13.2012300491333,1942,650
55,21,92,12.143388032913208,1079,713
48,21,28,12.287602424621582,275,587
26,22,88,12.301020383834839,37,669
58,19,28,13.766789436340332,487,718
53,21,27,12.830705165863037,524,627
38,21,38,11.33521556854248,45,669
36,23,32,13.438064336776733,1341,472
50,21,30,11.739575147628784,250,669
24,20,55,12.874086618423462,451,610
29,19,82,14.771962642669678,65,640
57,22,60,14.65551233291626,194,587
31,19,52,16.4546160697937,702,671
51,19,31,13.933564901351929,250,669
56,21,40,11.666585683822632,670,587
30,21,50,14.740628719329834,1848,590
54,21,88,15.43771481513977,3333,554
41,20,29,16.708163261413574,453,675
32,19,31,16.051783561706543,2289,522
22,20,26,12.375666856765747,2065,597
45,20,42,16.666451930999756,958,499
25,20,29,14.102176427841187,753,548
37,19,63,12.459119319915771,110,599
49,23,34,16.65917134284973,2046,539
52,22,83,17.316272974014282,26,592
23,19,82,23.7173855304718,671,658
35,21,71,15.385411262512207,896,595
40,20,39,14.580718278884888,1582,693
27,20,119,24.017113208770752,1253,599
20,21,25,17.58932662010193,3831,558
43,20,31,15.430669784545898,132,587
39,22,48,21.79732847213745,2307,620
42,21,53,11.219465255737305,1219,595
21,21,48,12.209731101989746,586,621
28,19,106,15.012195348739624,1158,669
46,22,35,12.579719066619873,1252,619
44,23,66,13.277451276779175,1389,583
47,21,68,22.218266010284424,1083,595
48,22,28,12.483964920043945,395,669
55,22,92,12.912193059921265,491,582
53,22,27,12.356613636016846,134,669
50,22,30,11.967867851257324,875,601
58,20,28,13.18715214729309,1532,666
24,21,55,11.441334009170532,88,669
34,22,34,14.248557806015015,2187,508
45,21,42,9.828502893447876,364,475
59,19,69,23.104323625564575,1470,720
26,23,88,14.627772808074951,44,692
36,24,32,14.025425910949707,4658,499
38,22,38,14.97077465057373,153,587
25,21,29,12.009429454803467,868,605
32,20,31,12.614969491958618,343,599
22,21,26,12.37472915649414,217,604
51,20,31,13.831465244293213,355,669
41,21,29,13.563893556594849,842,618
44,24,66,7.103202819824219,125,66
29,20,82,14.887871265411377,66,615
54,22,88,14.163926124572754,272,686
31,20,52,15.022061347961426,63,669
52,23,83,13.024518251419067,18,669
23,20,82,12.613348007202148,2268,514
57,23,60,16.60101842880249,121,669
49,24,34,15.060129642486572,270,649
27,21,119,12.935043096542358,102,587
42,22,53,11.879270553588867,552,587
37,20,63,16.001578330993652,3585,518
30,22,50,17.421525239944458,219,669
35,22,71,15.096180200576782,1430,615
28,20,106,12.082582235336304,225,669
56,22,40,18.72344136238098,609,587
21,22,48,13.209131002426147,1948,491
55,23,92,9.624642372131348,482,472
39,23,48,13.846055269241333,573,600
47,22,68,12.53241229057312,92,669
43,21,31,17.05348300933838,1516,563
40,21,39,18.802359580993652,628,918
48,23,28,12.52302622795105,548,608
53,23,27,12.04285979270935,867,592
45,22,42,11.515163898468018,1240,633
20,22,25,19.23640751838684,1783,655
50,23,30,12.632179021835327,191,587
46,23,35,16.97196364402771,756,587
58,21,28,13.230530261993408,517,611
26,24,88,12.247097492218018,31,587
34,23,34,13.9696683883667,19,587
59,20,69,13.42715048789978,1569,505
41,22,29,11.65664029121399,170,609
24,22,55,15.116430282592773,124,675
51,21,31,12.708441257476807,1023,587
25,22,29,13.353039741516113,188,669
38,23,38,14.102825164794922,362,669
29,21,82,13.159079551696777,45,669
30,23,50,10.496047019958496,720,472
28,21,106,10.110095500946045,326,472
49,25,34,11.65200662612915,2362,530
52,24,83,13.497509002685547,448,587
54,23,88,14.108859062194824,2564,555
23,21,82,13.72754192352295,628,670
37,21,63,11.762766599655151,1053,611
44,25,66,14.778430223464966,2016,571
36,25,32,17.981699466705322,2533,504
32,21,31,16.7390034198761,67,587
22,22,26,16.662704467773438,1395,602
21,23,48,11.774743795394897,1399,669
39,24,48,12.70880937576294,1504,599
31,21,52,18.258978366851807,580,587
51,22,31,6.669703483581543,922,66
35,23,71,15.7789146900177,214,669
57,24,60,17.366622924804688,168,587
55,24,92,15.003138303756714,207,669
56,23,40,15.68324875831604,84,669
27,22,119,18.2121798992157,1059,627
42,23,53,17.77732539176941,492,587
47,23,68,13.902889966964722,1749,815
46,24,35,11.586148500442505,1707,589
48,24,28,13.240368604660034,1211,616
20,23,25,12.280361413955688,2024,645
45,23,42,13.20769453048706,363,655
26,25,88,12.198795318603516,23,589
53,24,27,14.355709552764893,1089,629
38,24,38,10.140904188156128,1605,476
25,23,29,10.92712664604187,18,669
43,22,31,16.66213631629944,489,587
40,22,39,16.260539770126343,247,633
29,22,82,10.80934739112854,49,587
28,22,106,11.62776231765747,914,587
58,22,28,17.025469064712524,2952,514
49,26,34,13.122823476791382,410,695
30,24,50,13.63390302658081,85,669
41,23,29,16.35569739341736,510,669
34,24,34,18.139191389083862,19,669
59,21,69,18.021846532821655,2989,515
24,23,55,17.79567003250122,376,593
32,22,31,14.163293361663818,1460,472
25,24,29,7.313993453979492,18,152
54,24,88,16.37860631942749,296,612
50,24,30,22.40477705001831,760,752
52,25,83,16.832480669021606,915,780
23,22,82,16.550448894500732,1123,766
22,23,26,15.54002046585083,131,499
21,24,48,15.433722019195557,1289,505
44,26,66,16.9347140789032,592,510
37,22,63,17.591713905334473,984,499
51,23,31,16.036574363708496,86,499
55,25,92,15.074524641036987,659,477
36,26,32,19.394633531570435,857,555
31,22,52,16.635831356048584,79,470
35,24,71,16.15964365005493,1202,503
29,23,82,11.413516998291016,51,470
57,25,60,16.50505042076111,287,499
26,26,88,14.124781370162964,34,472
39,25,48,18.862797498703003,1879,532
42,24,53,16.123827695846558,748,499
46,25,35,16.028132438659668,936,499
47,24,68,17.097920417785645,61,470
25,25,29,7.467344284057617,18,101
53,25,27,17.477879285812378,1131,587
40,23,39,15.848418235778809,965,544
41,24,29,12.051598072052002,1437,587
56,24,40,19.694347143173218,371,499
43,23,31,16.560927152633667,170,470
27,23,119,19.930896282196045,169,505
48,25,28,19.549638748168945,557,499
30,25,50,13.176278829574585,759,587
20,24,25,19.949321269989014,2089,527
45,24,42,19.738771200180054,1859,519
38,25,38,19.042433738708496,2376,505
49,27,34,15.365920305252075,1576,499
34,25,34,13.759156227111816,19,592
37,23,63,10.517542123794556,172,499
59,22,69,14.129647493362427,903,618
32,23,31,13.345067977905273,71,587
28,23,106,18.11315393447876,850,499
54,25,88,13.50757646560669,2716,477
52,26,83,14.209742784500122,18,587
58,23,28,18.98223638534546,707,499
24,24,55,16.989020109176636,306,669
23,23,82,15.486715078353882,740,499
46,26,35,10.29205060005188,3700,286
43,24,31,7.349498510360718,483,85
31,23,52,12.333505153656006,957,670
36,27,32,12.552782535552979,600,499
22,24,26,16.359776496887207,1795,472
57,26,60,12.224762678146362,360,669
44,27,66,16.413506746292114,902,667
39,26,48,11.793419361114502,1117,478
55,26,92,13.634786367416382,622,669
29,24,82,12.984655618667603,60,669
51,24,31,14.73038911819458,1443,499
21,25,48,17.948904037475586,1994,525
37,24,63,7.021132469177246,729,66
26,27,88,14.062167882919312,33,675
50,25,30,19.44971537590027,359,554
53,26,27,11.686258316040039,445,587
40,24,39,12.105628490447998,1073,587
56,25,40,12.204254388809204,940,546
49,28,34,9.677747249603271,181,470
41,25,29,12.707733392715454,823,587
35,25,71,17.125669479370117,962,587
45,25,42,12.021288871765137,444,603
34,26,34,11.43177342414856,1743,517
42,25,53,17.20650005340576,1407,669
27,24,119,13.557537078857422,399,546
47,25,68,16.18384337425232,893,592
59,23,69,11.197707653045654,2199,505
25,26,29,16.05980658531189,18,669
38,26,38,12.840490341186523,672,472
30,26,50,14.791289329528809,839,585
54,26,88,12.587252140045166,388,546
32,24,31,13.58701205253601,484,546
28,24,106,13.508766174316406,508,476
24,25,55,11.618258237838745,278,674
58,24,28,12.72971248626709,1279,661
52,27,83,12.929705619812012,251,476
46,27,35,11.470298290252686,1830,538
48,26,28,18.777323484420776,470,702
55,27,92,11.109663486480713,719,587
43,25,31,11.993530035018921,177,474
22,25,26,12.651206254959106,452,587
57,27,60,12.573201656341553,814,587
36,28,32,12.894881963729858,375,587
21,26,48,11.280895471572876,199,690
39,27,48,12.695661067962646,170,669
37,25,63,11.193730354309082,1393,500
31,24,52,14.000722169876099,275,663
29,25,82,13.234699726104736,39,687
23,24,82,16.51331067085266,1741,505
44,28,66,15.084192514419556,3328,477
56,26,40,11.448560237884521,414,587
50,26,30,12.782082557678223,1289,694
51,25,31,14.784331321716309,1020,596
42,26,53,10.826639413833618,412,669
26,28,88,14.874658823013306,25,587
52,28,83,7.010014295578003,792,66
35,26,71,12.914638757705688,1174,587
45,26,42,12.266544818878174,2742,477
41,26,29,13.535871028900146,1315,587
59,24,69,11.977397680282593,1132,669
25,27,29,12.136693716049194,18,592
40,25,39,14.728063106536865,628,664
57,28,60,6.824537992477417,71,66
34,27,34,13.588422298431396,1008,634
49,29,34,15.618910312652588,917,595
47,26,68,13.553472757339478,863,592
27,25,119,14.113495588302612,80,669
38,27,38,13.72338342666626,866,587
30,27,50,12.988552331924438,1627,587
32,25,31,12.84354043006897,1864,587
54,27,88,13.142561435699463,602,587
46,28,35,11.294896841049194,947,591
43,26,31,11.429763793945312,213,587
55,28,92,12.371217489242554,1097,674
48,27,28,14.073643922805786,155,587
58,25,28,15.108988285064697,220,679
29,26,82,11.957252502441406,35,587
36,29,32,13.233868837356567,31,587
24,26,55,16.17780089378357,44,587
37,26,63,13.11355185508728,454,669
39,28,48,13.861771583557129,949,592
31,25,52,13.520402193069458,948,587
28,25,106,18.67781352996826,379,546
50,27,30,13.991668939590454,632,611
44,29,66,14.401879072189331,813,597
51,26,31,13.571373224258423,180,729
41,27,29,11.972893953323364,1050,669
23,25,82,15.726787090301514,356,602
21,27,48,18.073264598846436,266,587
42,27,53,14.480576992034912,1267,671
25,28,29,13.175978422164917,18,669
40,26,39,13.101922988891602,684,486
59,25,69,13.618048429489136,1924,618
26,29,88,14.91187334060669,21,669
45,27,42,14.593925952911377,157,596
47,27,68,13.310150384902954,63,587
38,28,38,12.966042518615723,1406,684
56,27,40,18.039032220840454,207,669
49,30,34,14.686249494552612,342,669
30,28,50,14.135636568069458,412,602
57,29,60,15.323861837387085,325,669
46,29,35,12.883067607879639,1479,639
52,29,83,17.6371591091156,2637,499
32,26,31,13.449843168258667,273,669
34,28,34,16.139920473098755,2263,607
35,27,71,18.36796998977661,2802,505
27,26,119,15.850011348724365,750,587
54,28,88,15.206791639328003,445,587
55,29,92,13.543559074401855,147,587
24,27,55,12.033351421356201,111,669
39,29,48,12.720033407211304,2196,493
58,26,28,14.377247333526611,200,587
43,27,31,16.966315746307373,175,669
37,27,63,13.91535758972168,2850,499
36,30,32,14.596436023712158,430,669
28,26,106,14.492895603179932,972,499
44,30,66,13.775607109069824,695,499
29,27,82,17.73888087272644,34,669
27,27,119,7.54150128364563,186,108
21,28,48,12.809690237045288,2000,566
42,28,53,12.453269243240356,802,472
50,28,30,14.93825364112854,188,477
23,26,82,13.892037630081177,1328,505
31,26,52,18.09826898574829,673,499
51,27,31,15.60626769065857,153,472
40,27,39,13.96766996383667,276,506
56,28,40,12.624540567398071,1040,472
49,31,34,12.91323733329773,2778,530
38,29,38,14.281020402908325,1059,515
46,30,35,12.800520658493042,1385,478
30,29,50,13.581633806228638,522,472
41,28,29,18.106417655944824,1975,532
47,28,68,15.056917190551758,2001,463
35,28,71,13.864236831665039,761,514
26,30,88,17.924006700515747,5164,499
59,26,69,18.285194396972656,665,505
45,28,42,18.193872690200806,1305,515
32,27,31,16.039918661117554,1461,513
57,30,60,17.062213897705078,792,499
52,30,83,17.199838399887085,595,499
37,28,63,12.32182765007019,261,669
24,28,55,15.04198956489563,551,472
58,27,28,13.328135967254639,295,499
34,29,34,17.98892903327942,146,470
43,28,31,13.51950454711914,1154,587
55,30,92,16.307891845703125,407,499
54,29,88,17.624042510986328,1034,504
39,30,48,15.608505725860596,141,474
29,28,82,12.899042129516602,50,669
42,29,53,13.209178447723389,742,587
36,31,32,16.551886558532715,102,587
28,27,106,15.096548795700073,722,499
44,31,66,14.301694869995117,244,522
32,28,31,6.465996265411377,296,66
51,28,31,12.655008316040039,149,669
56,29,40,12.260217189788818,167,669
50,29,30,14.039775609970093,1028,504
23,27,82,13.638298749923706,297,552
27,28,119,15.132511615753174,408,505
46,31,35,11.401573896408081,1428,670
31,27,52,13.83772349357605,63,546
30,30,50,11.466934204101562,1264,499
40,28,39,14.507015228271484,3763,520
21,29,48,17.007909059524536,232,698
47,29,68,12.86217999458313,2231,483
49,32,34,13.759446620941162,266,669
38,30,38,13.679093599319458,1682,536
35,29,71,11.69391942024231,996,595
45,29,42,12.098033428192139,331,608
24,29,55,9.439040422439575,269,493
59,27,69,12.899549961090088,205,587
26,31,88,13.088073968887329,5046,495
55,31,92,11.752614498138428,541,592
57,31,60,14.460720539093018,403,669
42,30,53,10.331933975219727,2140,499
37,29,63,15.117802858352661,495,710
52,31,83,15.581254005432129,393,587
29,29,82,11.481907606124878,48,587
32,29,31,11.50495719909668,227,587
44,32,66,12.011699438095093,2767,512
34,30,34,16.623304843902588,31,587
28,28,106,12.98809552192688,1610,472
39,31,48,15.535655498504639,1077,617
31,28,52,11.697869300842285,733,546
54,30,88,16.05755114555359,35,669
56,30,40,13.064833641052246,1221,669
43,29,31,18.086406230926514,827,587
46,32,35,12.629228353500366,756,587
27,29,119,14.335457563400269,357,731
23,28,82,15.396493434906006,1460,754
38,31,38,12.661966562271118,366,546
51,29,31,16.864047050476074,128,587
26,32,88,13.099552392959595,3199,472
45,30,42,14.312696933746338,2058,499
49,33,34,17.696425199508667,629,624
46,33,35,9.880496501922607,3700,489
42,31,53,14.353445768356323,1644,472
57,32,60,16.804487943649292,776,670
28,29,106,14.513744115829468,2891,472
51,30,31,24.085448741912842,128,499
34,31,34,28.909847736358643,261,499
43,30,31,27.59453248977661,616,499
32,30,31,30.18032717704773,241,499
39,32,48,28.990341901779175,1447,499
59,28,69,37.309978008270264,43,470
47,30,68,39.607134103775024,63,470
38,32,38,26.688878774642944,1085,472
40,29,39,40.629826068878174,321,489
42,32,53,19.553497076034546,624,479
55,32,92,35.73663282394409,1496,508
54,31,88,30.84271240234375,422,499
21,30,48,41.09179162979126,248,500
44,33,66,32.16671323776245,335,499
31,29,52,31.560360431671143,422,499
35,30,71,41.51898646354675,608,499
27,30,119,32.01532816886902,73,499
52,32,83,38.68408226966858,1068,499
45,31,42,29.79663872718811,624,499
30,31,50,47.311474323272705,580,472
26,33,88,31.04635524749756,1507,509
29,30,82,39.34082579612732,44,470
46,34,35,25.888282537460327,1830,590
24,30,55,46.028454065322876,382,499
57,33,60,25.62894582748413,397,530
28,30,106,24.393170595169067,736,499
56,31,40,38.06801152229309,749,499
23,29,82,35.831578731536865,654,514
37,30,63,42.7518892288208,691,552
39,33,48,11.189549207687378,538,587
34,32,34,12.514065504074097,223,470
42,33,53,11.4794282913208,1145,587
31,30,52,12.436550617218018,474,472
47,31,68,14.34811282157898,429,661
21,31,48,13.291446924209595,1809,696
40,30,39,14.500085830688477,349,636
54,32,88,13.682267189025879,61,680
35,31,71,12.810306072235107,951,505
55,33,92,14.502763509750366,458,676
44,34,66,15.038074016571045,3118,473
59,29,69,16.773730993270874,860,648
27,31,119,12.176578283309937,1242,472
38,33,38,17.31769824028015,1306,612
29,31,82,11.688408374786377,195,669
45,32,42,13.462509632110596,1026,537
30,32,50,13.43157172203064,726,587
52,33,83,14.459267377853394,18,751
39,34,48,10.679988861083984,1998,498
56,32,40,13.188377380371094,57,587
24,31,55,15.364877223968506,307,669
28,31,106,14.611941814422607,422,587
26,34,88,17.017452001571655,310,669
42,34,53,12.068987131118774,19,587
34,33,34,13.381556987762451,102,587
47,32,68,10.210311651229858,1582,469
23,30,82,16.11253023147583,1189,472
54,33,88,11.472162008285522,1015,598
35,32,71,11.347690105438232,1556,472
21,32,48,12.253402471542358,476,593
31,31,52,12.994590997695923,79,669
55,34,92,12.338900089263916,1076,600
40,31,39,13.29982328414917,1561,593
37,31,63,18.40562105178833,886,530
27,32,119,12.373086214065552,467,669
45,33,42,9.685794115066528,3433,488
59,30,69,13.488346338272095,3265,508
39,35,48,11.823279619216919,458,672
29,32,82,14.688132524490356,227,669
38,34,38,16.02116632461548,1707,618
56,33,40,11.631141901016235,244,601
52,34,83,14.489447593688965,2232,499
24,32,55,11.497262954711914,517,593
26,35,88,11.389364957809448,373,589
28,32,106,12.213055849075317,770,669
42,35,53,11.834989309310913,19,669
30,33,50,16.88534641265869,1386,637
59,31,69,7.974818229675293,23,79
57,34,60,29.913116693496704,225,587
23,31,82,12.80709195137024,752,634
21,33,48,11.229076862335205,2832,472
47,33,68,13.641334533691406,865,586
54,34,88,12.869934797286987,243,669
44,35,66,22.942106008529663,415,679
45,34,42,10.78653621673584,2051,526
35,33,71,14.526613473892212,2174,487
27,33,119,12.684657573699951,1038,606
31,32,52,15.127400875091553,212,669
39,36,48,11.445162057876587,1139,590
40,32,39,16.483049869537354,1624,499
37,32,63,16.221125602722168,892,626
55,35,92,17.907804012298584,1263,853
29,33,82,12.643597602844238,38,587
26,36,88,11.198145389556885,68,587
38,35,38,13.096353769302368,913,672
28,33,106,11.919861793518066,366,587
30,34,50,12.46379828453064,929,593
42,36,53,13.238520383834839,19,669
24,33,55,15.021449565887451,53,675
52,35,83,15.358572006225586,30,683
59,32,69,12.336519718170166,168,669
57,35,60,12.825338125228882,1284,472
47,34,68,12.9191575050354,371,669
56,34,40,17.54898738861084,139,544
23,32,82,13.390737533569336,414,597
21,34,48,13.527322769165039,721,643
31,33,52,10.005115985870361,230,472
35,34,71,11.527224063873291,713,715
45,35,42,12.705626726150513,590,724
44,36,66,15.519033670425415,335,669
54,35,88,16.797069311141968,68,546
37,33,63,12.344869375228882,237,690
39,37,48,13.219931840896606,1480,493
27,34,119,16.274192333221436,133,642
55,36,92,12.939653158187866,205,669
29,34,82,13.170323133468628,33,587
40,33,39,14.865435361862183,477,587
38,36,38,15.756071090698242,290,472
26,37,88,17.072949409484863,1272,490
28,34,106,17.416412830352783,721,472
52,36,83,14.931718826293945,90,518
31,34,52,13.819066762924194,117,472
57,36,60,15.984787940979004,655,472
47,35,68,15.788925170898438,354,476
30,35,50,18.119930267333984,475,543
56,35,40,15.886131525039673,1138,472
42,37,53,18.210420846939087,19,472
35,35,71,15.316399812698364,2304,499
24,34,55,18.096124410629272,1590,472
59,33,69,17.82574439048767,1847,501
21,35,48,17.692481994628906,112,470
54,36,88,13.478938579559326,743,499
44,37,66,15.689703941345215,524,499
23,33,82,20.055591106414795,2001,507
55,37,92,13.477781057357788,470,506
37,34,63,15.238263130187988,237,499
29,35,82,13.512622594833374,2308,472
39,38,48,15.546726942062378,573,499
27,35,119,15.216819286346436,350,504
59,34,69,7.568772077560425,953,74
45,36,42,23.412084579467773,1376,582
26,38,88,14.014438152313232,46,472
40,34,39,19.15756058692932,864,499
38,37,38,16.400288105010986,2197,575
42,38,53,11.301306962966919,19,669
52,37,83,14.017770290374756,30,470
30,36,50,12.076396226882935,398,593
57,37,60,12.727255582809448,554,587
47,36,68,12.80527925491333,1287,605
24,35,55,12.363600969314575,55,678
28,35,106,16.012482404708862,750,472
35,36,71,13.343608856201172,832,674
31,35,52,15.371365308761597,504,669
44,38,66,11.820787191390991,1898,592
21,36,48,13.20975947380066,364,687
54,37,88,13.356593608856201,179,667
23,34,82,12.039368867874146,107,587
56,36,40,17.920807361602783,733,763
45,37,42,11.80859899520874,372,708
55,38,92,16.07187795639038,1246,614
37,35,63,17.30916452407837,2177,587
40,35,39,11.044708967208862,178,683
29,36,82,17.2137610912323,3248,593
27,36,119,16.699085235595703,448,632
26,39,88,12.846733331680298,605,669
57,38,60,11.166522979736328,640,587
39,39,48,18.72094416618347,1066,706
42,39,53,12.992089986801147,19,669
52,38,83,13.058926820755005,101,696
59,35,69,17.08540368080139,775,599
24,36,55,12.61319088935852,62,669
47,37,68,13.354393482208252,1855,643
35,37,71,13.109866857528687,544,608
44,39,66,12.093078136444092,215,635
31,36,52,13.104355335235596,286,472
23,35,82,11.415671110153198,1695,630
55,39,92,7.092144012451172,956,66
30,37,50,16.150380611419678,1138,614
21,37,48,13.241611242294312,718,610
54,38,88,14.435039758682251,1095,580
56,37,40,13.124550342559814,1187,587
28,36,106,17.366188526153564,374,551
45,38,42,12.936421632766724,919,624
40,36,39,12.943056106567383,140,551
37,36,63,13.218441009521484,1033,623
26,40,88,12.448424577713013,646,669
42,40,53,11.16469693183899,1812,470
29,37,82,14.325339794158936,1977,615
27,37,119,14.268841981887817,621,671
57,39,60,14.068593263626099,139,587
39,40,48,13.541234254837036,1668,675
47,38,68,12.78654408454895,523,646
24,37,55,13.335213422775269,64,587
31,37,52,11.68132495880127,430,472
59,36,69,13.96458387374878,1118,616
35,38,71,12.532451152801514,1298,688
52,39,83,15.545358180999756,18,597
54,39,88,10.502540588378906,49,460
55,40,92,13.497318744659424,721,643
21,38,48,12.947129011154175,2101,616
56,38,40,11.55894160270691,284,587
30,38,50,14.529862880706787,1134,635
44,40,66,16.95346426963806,1964,613
45,39,42,10.967194557189941,1383,593
40,37,39,11.302987575531006,138,587
23,36,82,19.725658416748047,381,612
26,41,88,12.565134525299072,179,669
42,41,53,12.719229698181152,585,595
37,37,63,13.757891654968262,611,669
28,37,106,18.26526665687561,606,593
57,40,60,12.31485629081726,3844,596
47,39,68,11.657303094863892,522,646
30,39,50,7.757095813751221,192,128
31,38,52,12.065338611602783,935,472
39,41,48,13.47367000579834,131,470
24,38,55,13.683502674102783,56,499
29,38,82,16.59795379638672,3811,669
27,38,119,17.002406358718872,642,745
54,40,88,13.383666753768921,107,472
52,40,83,14.011448860168457,190,499
55,41,92,13.215193271636963,1475,508
21,39,48,13.24973177909851,469,523
44,41,66,12.389858484268188,1186,499
59,37,69,17.566227912902832,3215,505
35,39,71,17.520362615585327,1116,472
57,41,60,8.236090660095215,232,139
23,37,82,12.52896499633789,1256,504
42,42,53,11.714495658874512,24,472
56,39,40,19.126967191696167,208,499
45,40,42,17.119951486587524,1178,499
37,38,63,12.620639324188232,1421,499
39,42,48,11.980100393295288,1530,504
30,40,50,13.16381025314331,1498,474
28,38,106,15.300174236297607,2016,514
26,42,88,17.19804883003235,2718,472
47,40,68,15.385208129882812,787,497
29,39,82,14.5260648727417,1781,492
31,39,52,17.124206066131592,162,470
24,39,55,16.9421546459198,507,473
54,41,88,16.955281972885132,63,469
23,38,82,11.142085313796997,286,669
21,40,48,17.085440158843994,3203,584
52,41,83,17.371636867523193,1376,488
27,39,119,18.483335733413696,857,516
42,43,53,12.60484004020691,24,587
45,41,42,11.159334421157837,1021,484
55,42,92,19.191838264465332,454,522
37,39,63,12.335603952407837,1369,599
44,42,66,17.641669273376465,259,504
57,42,60,16.292604684829712,142,675
30,41,50,11.438669681549072,727,621
59,38,69,17.99644160270691,1593,499
35,40,71,20.352639198303223,776,499
39,43,48,15.574822664260864,1148,590
47,41,68,13.513193368911743,124,595
28,39,106,16.061854124069214,577,637
29,40,82,13.875101804733276,2501,596
31,40,52,13.462841510772705,165,669
26,43,88,16.849369287490845,816,587
24,40,55,12.643836259841919,179,669
54,42,88,12.193650960922241,350,669
23,39,82,13.18131685256958,411,669
42,44,53,11.636393308639526,1131,587
21,41,48,13.371640682220459,299,546
52,42,83,13.382975578308105,315,607
27,40,119,13.620526313781738,718,593
30,42,50,12.093169212341309,316,669
55,43,92,13.530722618103027,539,623
57,43,60,13.324816465377808,120,593
44,43,66,14.018421411514282,1994,649
59,39,69,13.261404752731323,1034,593
37,40,63,16.399845361709595,554,669
35,41,71,15.821781396865845,603,587
40,38,39,47.078330755233765,570,2123
39,44,48,14.730230331420898,188,669
29,41,82,13.044835329055786,643,587
47,42,68,16.16184639930725,425,542
42,45,53,11.258428812026978,454,669
24,41,55,13.863840579986572,1209,664
54,43,88,13.436075210571289,58,669
21,42,48,12.402053356170654,18,601
28,40,106,18.046148777008057,733,587
52,43,83,13.660659074783325,26,587
26,44,88,17.812811851501465,1219,587
27,41,119,13.812518835067749,228,615
30,43,50,13.2444908618927,459,593
31,41,52,18.759106636047363,168,587
39,45,48,6.922250270843506,228,66
55,44,92,13.959744453430176,657,605
23,40,82,17.33813786506653,325,604
57,44,60,14.67317509651184,142,593
59,40,69,14.727474212646484,720,606
37,41,63,13.489139080047607,569,669
35,42,71,11.90512728691101,1396,666
44,44,66,17.5449960231781,360,599
52,44,83,8.236422538757324,18,97
54,44,88,11.987372636795044,118,546
47,43,68,14.141942739486694,158,583
24,42,55,13.393396139144897,48,601
21,43,48,12.963011503219604,18,587
42,46,53,15.022423267364502,1269,587
29,42,82,20.528820276260376,3170,758
31,42,52,15.546891212463379,1136,472
39,46,48,15.633420467376709,262,470
23,41,82,15.174221515655518,2413,472
28,41,106,18.169368982315063,530,669
26,45,88,18.25807237625122,1424,527
27,42,119,18.280048608779907,1040,497
21,44,48,8.126653671264648,18,97
55,45,92,18.73846435546875,767,563
30,44,50,20.56916618347168,319,512
37,42,63,17.302114009857178,231,499
24,43,55,12.12509822845459,1110,515
57,45,60,19.391263484954834,1216,523
44,45,66,16.18289875984192,1895,479
54,45,88,15.195348024368286,199,468
35,43,71,18.44146966934204,1623,499
59,41,69,20.924522399902344,1118,499
52,45,83,17.22496247291565,429,472
39,47,48,8.460312366485596,39,193
21,45,48,7.844930171966553,18,135
29,43,82,14.887157917022705,397,557
42,47,53,20.79882502555847,390,499
47,44,68,23.513417720794678,1244,722
24,44,55,11.551513671875,89,688
57,46,60,12.023070335388184,226,607
26,46,88,16.036338090896606,2087,513
28,42,106,18.057321786880493,672,499
44,46,66,13.008138656616211,419,688
59,42,69,11.187142372131348,980,675
23,42,82,18.394523859024048,436,508
54,46,88,12.268080472946167,1874,501
30,45,50,15.326109886169434,836,505
52,46,83,12.999977588653564,1381,607
55,46,92,17.711094617843628,1268,534
37,43,63,17.253144025802612,824,499
21,46,48,12.401585817337036,18,586
31,43,52,22.750798225402832,353,499
27,43,119,20.819095849990845,177,499
35,44,71,15.838743925094604,677,652
42,48,53,11.795619010925293,31,669
24,45,55,10.463686227798462,89,486
29,44,82,14.08022928237915,1733,602
47,45,68,14.02879548072815,151,604
23,43,82,12.228939056396484,417,689
59,43,69,12.515378952026367,1689,593
30,46,50,11.715921401977539,276,587
28,43,106,13.555535554885864,1458,587
54,47,88,12.67130732536316,721,588
52,47,83,11.845685482025146,260,711
55,47,92,12.001270532608032,935,477
57,47,60,16.556378602981567,198,687
26,47,88,16.88960552215576,1037,890
37,44,63,12.983627319335938,120,669
31,44,52,13.03800630569458,686,670
27,44,119,13.496872425079346,422,667
44,47,66,17.661484241485596,5783,602
21,47,48,14.15400743484497,18,669
35,45,71,13.93597149848938,474,669
42,49,53,10.799179792404175,71,587
29,45,82,12.134280443191528,89,587
24,46,55,15.56028437614441,839,635
23,44,82,12.636048555374146,109,672
28,44,106,12.05049753189087,805,598
30,47,50,13.287759780883789,783,591
59,44,69,14.030582427978516,1999,634
37,45,63,13.085283517837524,2340,630
57,48,60,14.77572250366211,1434,590
47,46,68,18.73492121696472,393,711
52,48,83,16.55239510536194,26,716
55,48,92,17.254796266555786,124,571
29,46,82,11.629178285598755,4280,579
54,48,88,19.344966888427734,1139,883
35,46,71,15.862608671188354,683,554
27,45,119,18.41409921646118,75,469
31,45,52,19.744471549987793,659,587
26,48,88,21.489413261413574,641,662
44,48,66,20.17719268798828,333,492
28,45,106,12.534980535507202,390,470
30,48,50,13.817245721817017,432,507
59,45,69,14.566555976867676,522,499
23,45,82,16.757590532302856,1100,499
42,50,53,22.89764952659607,142,499
37,46,63,16.09968400001526,156,499
24,47,55,21.393064737319946,848,518
57,49,60,15.519733667373657,246,502
55,49,92,14.769629001617432,392,534
54,49,88,14.725015878677368,772,499
52,49,83,17.288439750671387,227,519
35,47,71,14.62627124786377,1064,499
47,47,68,19.138075590133667,892,567
31,46,52,13.989499807357788,406,472
29,47,82,18.476460695266724,1868,499
27,46,119,15.934005737304688,146,497
44,49,66,14.76503610610962,1821,499
26,49,88,15.716959238052368,1289,473
59,46,69,12.499809503555298,826,472
28,46,106,16.6453800201416,1426,472
30,49,50,15.27013373374939,522,472
23,46,82,14.00667428970337,306,508
55,50,92,11.364171981811523,151,600
42,51,53,17.100623607635498,755,499
54,50,88,12.081719875335693,377,669
35,48,71,11.27020001411438,1211,689
57,50,60,14.912440299987793,1992,505
24,48,55,15.138993501663208,1444,497
52,50,83,13.306774854660034,26,587
37,47,63,16.74915385246277,3572,580
59,47,69,9.643967390060425,186,470
27,47,119,12.590480089187622,188,587
31,47,52,14.683009624481201,178,593
47,48,68,15.641156435012817,419,644
29,48,82,16.648873805999756,1453,594
28,47,106,14.39241909980774,1103,667
44,50,66,16.645782470703125,242,634
26,50,88,16.239689111709595,216,631
42,52,53,11.886657953262329,102,587
55,51,92,13.111190795898438,89,641
23,47,82,16.424763679504395,660,601
57,51,60,12.661246299743652,193,675
35,49,71,13.162718296051025,3357,682
37,48,63,12.59372353553772,599,606
54,51,88,15.277665138244629,1040,593
24,49,55,14.312767028808594,924,634
52,51,83,14.609863519668579,18,587
47,49,68,13.084206342697144,623,472
59,48,69,15.371398448944092,116,669
31,48,52,14.302425861358643,176,626
29,49,82,12.783196210861206,94,669
44,51,66,12.337335348129272,1040,591
26,51,88,12.94203782081604,1463,673
55,52,92,13.58728313446045,112,669
28,48,106,16.339704751968384,48,731
27,48,119,21.807936906814575,117,678
57,52,60,13.997394800186157,128,552
52,52,83,12.455292701721191,795,669
37,49,63,13.738767385482788,889,600
35,50,71,15.546298503875732,931,627
24,50,55,16.847211599349976,86,722
47,50,68,13.375794410705566,108,669
29,50,82,12.731612920761108,2023,484
54,52,88,18.710930347442627,2154,640
27,49,119,8.008429765701294,415,99
59,49,69,15.934970378875732,560,671
23,48,82,22.50691866874695,307,1221
31,49,52,18.04636836051941,97,631
55,53,92,12.997058391571045,88,472
26,52,88,17.054306030273438,254,662
44,52,66,18.1347496509552,414,660
28,49,106,14.607247591018677,814,499
52,53,83,13.176991939544678,409,470
35,51,71,15.585715293884277,382,494
37,50,63,17.53467035293579,1371,505
29,51,82,14.675557851791382,216,507
27,50,119,15.823240280151367,548,499
47,51,68,18.24291157722473,159,499
59,50,69,15.99457836151123,108,472
57,53,60,24.07242703437805,751,499
54,53,88,17.67339301109314,3043,500
23,49,82,16.736764430999756,4608,538
55,54,92,14.09476900100708,215,470
24,51,55,22.818875789642334,839,505
26,53,88,16.920196533203125,2247,640
31,50,52,18.702491283416748,122,499
44,53,66,18.356729984283447,714,541
52,54,83,16.63275909423828,1304,505
28,50,106,21.40757393836975,550,499
37,51,63,15.245730638504028,1190,512
35,52,71,17.37180233001709,691,624
29,52,82,15.341491937637329,2181,501
54,54,88,13.757946968078613,705,587
23,50,82,14.146219491958618,419,669
55,55,92,13.710317134857178,556,587
59,51,69,15.469093322753906,188,472
27,51,119,16.65272545814514,78,499
24,52,55,13.13309383392334,694,590
31,51,52,13.270164012908936,182,587
44,54,66,12.405656814575195,94,678
52,55,83,12.75084638595581,226,603
57,54,60,19.945619106292725,129,499
26,54,88,16.47992181777954,308,581
37,52,63,12.780390977859497,142,606
35,53,71,13.063191175460815,505,669
47,52,68,24.85565972328186,1512,706
29,53,82,11.779484033584595,890,687
23,51,82,10.68265414237976,141,479
54,55,88,11.748048067092896,3160,587
28,51,106,16.44193744659424,258,669
27,52,119,12.391627788543701,220,593
55,56,92,15.3619225025177,1212,648
24,53,55,14.471588134765625,1062,669
59,52,69,18.05971908569336,590,540
52,56,83,14.57118535041809,26,587
44,55,66,15.658441066741943,1974,674
26,55,88,13.82747220993042,1663,775
57,55,60,15.977530717849731,120,669
47,53,68,12.301058292388916,123,590
29,54,82,13.31521725654602,527,690
37,53,63,14.440478324890137,141,605
54,56,88,11.984299898147583,392,546
23,52,82,12.75245976448059,118,594
35,54,71,16.76057720184326,661,669
27,53,119,13.431405782699585,212,586
52,57,83,7.664079666137695,18,152
28,52,106,15.552428245544434,363,669
24,54,55,13.619325399398804,541,674
55,57,92,15.137202024459839,1636,679
59,53,69,14.381913423538208,142,472
26,56,88,16.091095209121704,504,495
57,56,60,15.498758316040039,194,472
44,56,66,20.18520498275757,467,548
37,54,63,18.895376920700073,902,507
27,54,119,15.364898443222046,132,499
35,55,71,16.4345440864563,400,499
47,54,68,21.276036739349365,635,743
52,58,83,16.044842004776,713,499
28,53,106,17.361530303955078,1344,505
29,55,82,23.65423083305359,1308,504
54,57,88,24.577028512954712,946,499
23,53,82,24.591392278671265,1404,499
59,54,69,16.086563110351562,246,472
55,58,92,20.28454613685608,1072,472
52,59,83,7.564570903778076,18,152
26,57,88,19.006276845932007,1155,557
57,57,60,19.072646141052246,124,499
47,55,68,14.648683309555054,391,472
28,54,106,13.463766098022461,240,470
44,57,66,18.04183578491211,1945,549
37,55,63,19.488006591796875,116,499
54,58,88,13.846975564956665,787,499
59,55,69,12.784455299377441,715,593
27,55,119,20.156384229660034,142,497
29,56,82,15.950329542160034,322,520
35,56,71,20.37615656852722,1141,499
55,59,92,12.257622003555298,528,669
23,54,82,15.18093228340149,691,499
52,60,83,12.335439443588257,731,669
47,56,68,11.602957963943481,110,683
57,58,60,13.2812180519104,1202,587
44,58,66,11.35178017616272,388,605
28,55,106,12.01846170425415,2154,587
26,58,88,15.304922103881836,338,712
55,60,92,9.98533010482788,1447,472
54,59,88,13.320054054260254,275,669
59,56,69,13.46289587020874,592,593
29,57,82,13.068732738494873,150,605
37,56,63,16.006938934326172,1326,616
52,61,83,16.086477518081665,216,711
27,56,119,17.41485619544983,386,597
35,57,71,17.468427896499634,803,587
23,55,82,17.201416015625,120,676
57,59,60,12.808078289031982,542,624
55,61,92,11.012746810913086,682,669
28,56,106,13.575679540634155,474,669
44,59,66,14.926947593688965,874,690
47,57,68,16.646374940872192,127,669
26,59,88,16.083301544189453,2021,635
52,62,83,7.942944288253784,26,193
54,60,88,13.203105926513672,127,587
29,58,82,13.829779148101807,2225,587
59,57,69,16.321617603302002,635,587
37,57,63,17.218199729919434,149,594
52,63,83,7.4692559242248535,18,106
35,58,71,16.122122287750244,826,499
23,56,82,17.188387870788574,816,499
28,57,106,13.71874475479126,283,478
47,58,68,13.636996030807495,480,470
27,57,119,20.69287347793579,114,499
44,60,66,15.542160034179688,629,505
54,61,88,15.015493154525757,668,499
29,59,82,15.490630149841309,2789,543
55,62,92,21.44139552116394,193,499
59,58,69,14.106856107711792,1023,505
26,60,88,20.965354919433594,490,515
35,59,71,12.724361658096313,775,472
37,58,63,14.597773313522339,841,490
47,59,68,10.16779637336731,79,233
52,64,83,18.063040494918823,1250,519
27,58,119,14.306875705718994,644,491
23,57,82,17.743967056274414,121,499
55,63,92,11.459633588790894,228,472
44,61,66,17.245279788970947,434,499
54,62,88,15.983496189117432,2877,472
28,58,106,21.933960437774658,850,499
59,59,69,15.576000928878784,297,499
26,61,88,13.847269773483276,767,611
47,60,68,12.71084976196289,1196,635
37,59,63,13.1926109790802,800,650
29,60,82,17.83876895904541,147,515
35,60,71,13.707584381103516,1202,673
52,65,83,11.498078346252441,286,689
27,59,119,11.892404794692993,310,626
23,58,82,11.615800619125366,114,587
55,64,92,11.795725107192993,228,587
44,62,66,11.59275770187378,485,587
28,59,106,12.438945770263672,545,675
54,63,88,14.667059183120728,996,807
37,60,63,11.971521139144897,769,710
47,61,68,12.162939548492432,395,669
26,62,88,13.1226646900177,206,614
59,60,69,14.21020245552063,303,552
52,66,83,12.044154405593872,26,669
35,61,71,13.889824151992798,1174,587
29,61,82,14.129315614700317,432,681
27,60,119,11.49277400970459,507,655
23,59,82,11.791810512542725,114,669
55,65,92,12.502900123596191,1165,669
44,63,66,12.314378499984741,188,669
54,64,88,12.632738828659058,326,669
59,61,69,11.739755630493164,565,615
47,62,68,12.682641744613647,188,669
37,61,63,12.920363903045654,962,607
28,60,106,15.483266830444336,492,587
26,63,88,15.796554803848267,2955,848
27,61,119,13.649426460266113,268,515
29,62,82,15.037989139556885,1934,853
52,67,83,16.219684839248657,18,587
35,62,71,16.690606832504272,996,595
23,60,82,14.961524724960327,250,499
55,66,92,14.071017980575562,1330,472
37,62,63,8.142820835113525,160,163
44,64,66,15.65657091140747,431,472
59,62,69,12.833366870880127,172,510
28,61,106,13.528309106826782,764,499
26,64,88,13.055840253829956,239,493
54,65,88,18.592194318771362,748,499
52,68,83,13.469228506088257,349,470
47,63,68,21.410815954208374,194,470
35,63,71,17.813183307647705,1556,472
59,63,69,11.847354412078857,258,472
55,67,92,16.794097900390625,1111,472
27,62,119,21.067265510559082,745,548
23,61,82,20.784059524536133,1156,499
29,63,82,22.937318563461304,1746,540
28,62,106,14.720632076263428,1220,499
54,66,88,12.125749111175537,3028,472
26,65,88,18.94884967803955,109,499
59,64,69,13.12554931640625,417,505
52,69,83,19.827282905578613,458,515
27,63,119,14.580732107162476,817,502
23,62,82,14.73604416847229,237,470
54,67,88,12.352843761444092,431,669
28,63,106,15.529775619506836,356,599
35,64,71,21.043747663497925,713,505
29,64,82,17.937357187271118,264,543
55,68,92,21.55621838569641,551,504
26,66,88,13.768178462982178,1349,653
44,65,66,39.924540519714355,458,1476
59,65,69,13.347196102142334,1110,675
52,70,83,12.450295448303223,694,593
54,68,88,13.575105905532837,646,589
35,65,71,11.72732925415039,1298,688
23,63,82,14.920841455459595,889,476
29,65,82,11.488185167312622,2429,601
55,69,92,15.02727746963501,261,597
28,64,106,17.674643754959106,614,628
26,67,88,14.221993684768677,604,926
27,64,119,25.449096202850342,863,602
52,71,83,17.118058681488037,405,470
59,66,69,20.8803551197052,198,499
54,69,88,18.017057418823242,76,472
23,64,82,19.366372108459473,451,499
35,66,71,19.950342178344727,3357,534
29,66,82,19.87997579574585,339,528
28,65,106,17.927270889282227,957,483
55,70,92,19.363398790359497,202,499
26,68,88,19.30015802383423,1599,499
27,65,119,18.96851086616516,988,481
52,72,83,19.432830572128296,1361,499
54,70,88,14.79381012916565,1175,499
28,66,106,13.02176308631897,756,472
35,67,71,16.376810550689697,213,538
59,67,69,21.58785915374756,300,505
23,65,82,20.81539034843445,247,499
55,71,92,17.94349956512451,107,470
29,67,82,22.921356678009033,1226,580
26,69,88,18.321854829788208,258,495
27,66,119,19.72584891319275,489,499
52,73,83,18.9168803691864,319,519
54,71,88,19.441848754882812,99,497
35,68,71,15.54409646987915,857,499
23,66,82,13.853282690048218,167,677
59,68,69,17.498778104782104,301,505
28,67,106,18.164206743240356,1027,483
55,72,92,14.779481649398804,1087,587
26,70,88,12.403227090835571,110,683
29,68,82,14.844731330871582,2996,774
52,74,83,13.495429992675781,26,587
54,72,88,12.840380907058716,89,587
27,67,119,19.7382869720459,582,587
23,67,82,14.820897102355957,382,472
47,64,68,105.95731163024902,675,3720
52,75,83,8.196858644485474,18,104
29,69,82,13.848982334136963,513,502
55,73,92,16.32457947731018,837,472
28,68,106,19.200708627700806,493,499
26,71,88,16.48681092262268,1257,530
27,68,119,14.413575410842896,226,503
54,73,88,19.029638528823853,141,499
23,68,82,17.30562734603882,236,499
55,74,92,13.718654155731201,760,499
52,76,83,17.55815315246582,402,499
29,70,82,19.167714834213257,1485,502
28,69,106,18.722662210464478,336,499
26,72,88,19.202141284942627,463,544
47,65,68,29.625641584396362,813,831
27,69,119,18.508522510528564,148,520
54,74,88,19.2281436920166,104,499
35,69,71,51.232786655426025,799,4660
55,75,92,17.41073727607727,571,499
23,69,82,19.004494667053223,310,470
52,77,83,17.483981370925903,869,518
29,71,82,17.784934759140015,282,503
26,73,88,17.078904390335083,1257,508
27,70,119,11.69679856300354,966,691
54,75,88,12.8740074634552,95,477
28,70,106,23.371288299560547,365,499
23,70,82,14.794544696807861,1427,708
55,76,92,17.698710680007935,194,597
29,72,82,13.580737352371216,1324,646
26,74,88,13.438075304031372,370,614
27,71,119,13.48692011833191,98,546
52,78,83,22.933510541915894,347,737
35,70,71,30.354201078414917,588,681
54,76,88,19.95230197906494,117,472
28,71,106,20.84139132499695,356,499
26,75,88,14.606888055801392,117,472
55,77,92,17.82207727432251,1579,472
23,71,82,20.98819375038147,295,516
27,72,119,16.77406644821167,1264,514
29,73,82,20.66933822631836,295,528
52,79,83,17.499918937683105,425,499
54,77,88,15.798838138580322,275,499
55,78,92,16.026930570602417,390,472
23,72,82,15.56154489517212,325,505
28,72,106,20.86332130432129,517,499
26,76,88,20.00045418739319,230,498
29,74,82,17.865636825561523,1791,521
27,73,119,19.69183087348938,1145,486
52,80,83,17.085787057876587,519,499
54,78,88,14.456596851348877,371,472
23,73,82,16.469517946243286,294,619
55,79,92,19.411235094070435,369,472
27,74,119,13.867889881134033,36,472
26,77,88,17.97886562347412,2273,505
29,75,82,15.548453330993652,1139,527
28,73,106,19.522727489471436,1134,499
54,79,88,13.528327465057373,500,593
52,81,83,18.91728973388672,398,499
23,74,82,15.278734683990479,233,669
29,76,82,13.95132851600647,1017,499
55,80,92,16.294525623321533,348,499
28,74,106,15.337258577346802,560,499
27,75,119,16.565492868423462,44,472
47,66,68,93.35775375366211,678,3620
26,78,88,20.45044732093811,327,549
54,80,88,19.01647663116455,340,519
52,82,83,15.586050510406494,469,499
47,67,68,8.427693367004395,719,136
23,75,82,16.629493236541748,639,499
29,77,82,17.311225175857544,1296,592
28,75,106,16.330246925354004,963,499
55,81,92,17.943806171417236,1095,472
27,76,119,18.42739987373352,67,472
54,81,88,12.723097324371338,1190,472
26,79,88,19.699925184249878,324,517
23,76,82,15.999435663223267,188,472
29,78,82,14.802026748657227,281,518
55,82,92,17.60124158859253,1080,499
28,76,106,21.513899326324463,578,499
27,77,119,20.006406784057617,68,470
54,82,88,20.250300884246826,374,472
29,79,82,11.432371377944946,3099,487
23,77,82,13.59059190750122,593,472
26,80,88,20.28136968612671,116,521
55,83,92,13.322199821472168,591,472
27,78,119,12.226115465164185,39,472
28,77,106,13.673656702041626,595,499
29,80,82,10.81096625328064,120,470
23,78,82,12.976212501525879,611,581
26,81,88,15.73385238647461,1207,579
54,83,88,21.39795160293579,447,470
55,84,92,13.119044303894043,783,499
27,79,119,10.59110951423645,64,472
29,81,82,8.82186770439148,102,218
28,78,106,12.908032894134521,2427,499
23,79,82,10.176030397415161,512,499
55,85,92,10.87589716911316,495,499
27,80,119,11.47872519493103,60,509
28,79,106,14.045448064804077,516,499
26,82,88,20.402418613433838,684,499
54,84,88,20.35542917251587,407,499
55,86,92,9.820814847946167,395,470
27,81,119,10.696481227874756,36,470
23,80,82,22.082871913909912,533,563
28,80,106,10.70520544052124,298,470
26,83,88,11.885612964630127,149,470
54,85,88,12.035694599151611,188,472
27,82,119,10.947870254516602,41,470
55,87,92,13.167697668075562,575,472
28,81,106,14.026689052581787,189,499
23,81,82,16.098280906677246,788,499
54,86,88,12.696966886520386,265,470
55,88,92,14.454605340957642,307,504
27,83,119,15.428786754608154,66,271
26,84,88,21.540745973587036,538,605
28,82,106,15.847365617752075,682,533
27,84,119,14.844019889831543,65,502
55,89,92,19.13027787208557,224,499
28,83,106,12.905747652053833,514,499
27,85,119,11.105962991714478,44,470
54,87,88,33.81758499145508,380,1055
26,85,88,26.18396759033203,540,638
55,90,92,17.831928253173828,537,499
28,84,106,17.206347227096558,453,502
27,86,119,14.599539518356323,47,470
55,91,92,13.200422286987305,270,472
26,86,88,21.412838459014893,498,625
27,87,119,15.272568225860596,39,472
28,85,106,19.695945978164673,542,524
26,87,88,16.360787868499756,385,583
27,88,119,13.648114681243896,35,470
28,86,106,10.517234802246094,1057,271
27,89,119,18.61772584915161,82,499
28,87,106,18.81640911102295,516,499
28,88,106,14.254990100860596,439,499
27,90,119,15.674356698989868,77,499
28,89,106,7.7992353439331055,196,122
27,91,119,13.947786569595337,64,535
28,90,106,8.668705224990845,18,97
27,92,119,14.855832815170288,47,470
28,91,106,16.45067834854126,422,499
27,93,119,18.806299924850464,47,520
28,92,106,20.09682011604309,627,499
27,94,119,16.482771635055542,37,472
28,93,106,19.382206439971924,281,499
27,95,119,14.488354444503784,38,472
28,94,106,13.70619797706604,572,499
27,96,119,15.215343713760376,42,470
28,95,106,14.340883016586304,1081,499
27,97,119,13.826913118362427,504,499
28,96,106,17.53737783432007,598,499
27,98,119,13.74907398223877,36,472
28,97,106,12.660126209259033,236,470
27,99,119,16.999414443969727,63,499
28,98,106,14.252705335617065,68,472
27,100,119,18.090890645980835,62,499
28,99,106,15.335407257080078,417,472
27,101,119,14.723402976989746,65,499
28,100,106,15.157288074493408,239,470
27,102,119,12.228601455688477,50,472
27,103,119,14.1988365650177,48,472
28,101,106,23.939318895339966,835,714
27,104,119,12.463431358337402,39,470
28,102,106,23.134793996810913,366,1013
27,105,119,16.240824460983276,58,470
28,103,106,15.15834379196167,237,499
27,106,119,15.261314153671265,47,472
27,107,119,12.26590347290039,435,472
28,104,106,27.29109764099121,281,1413
27,108,119,11.857766389846802,53,472
28,105,106,14.448709487915039,192,470
27,109,119,16.745312213897705,55,472
27,110,119,6.653739929199219,58,90
27,111,119,12.598300218582153,57,470
27,112,119,6.655796051025391,54,86
27,113,119,13.746440649032593,66,499
27,114,119,19.251054286956787,83,518
27,115,119,15.720530986785889,264,470
27,116,119,16.733004808425903,480,579
27,117,119,12.015730381011963,631,292
27,118,119,12.01671576499939,515,572
94,0,36,14.201037168502808,539,470
76,0,92,14.295717000961304,43,470
80,0,46,14.286746740341187,2196,472
61,0,51,14.439093112945557,919,472
92,0,119,14.360705852508545,27,470
83,0,51,15.618997812271118,1519,499
88,0,53,15.663067817687988,696,499
65,0,32,15.77105975151062,5044,499
73,0,77,16.870728492736816,46,499
84,0,47,17.115631103515625,8546,549
71,0,25,17.389049768447876,1005,558
70,0,53,17.455060243606567,46,470
86,0,40,17.477357387542725,2069,472
60,0,44,17.649248123168945,3489,472
69,0,74,17.88557243347168,2259,472
95,0,116,18.03106665611267,60,470
87,0,52,18.08384370803833,6232,466
72,0,83,18.208564519882202,138,470
89,0,36,18.145421266555786,1288,472
67,0,51,18.248941659927368,3220,472
75,0,34,18.224668741226196,927,472
78,0,47,18.219684839248657,3244,472
77,0,58,18.272849321365356,6253,509
85,0,43,18.35157537460327,1780,472
82,0,108,19.327088117599487,384,499
90,0,35,19.36872100830078,8725,499
97,0,76,19.840734243392944,2365,499
91,0,38,19.95575499534607,1830,499
64,0,70,20.078697443008423,6357,499
98,0,23,19.972983598709106,450,499
81,0,59,20.106072425842285,3900,499
93,0,19,20.540848970413208,3020,472
96,0,48,20.590010404586792,3063,472
62,0,74,20.969029188156128,2714,472
66,0,43,23.194729804992676,650,499
74,0,66,23.252044439315796,5438,499
79,0,36,23.25892925262451,5936,499
63,0,68,23.37818741798401,2447,499
68,0,25,23.53332281112671,1113,499
99,0,31,24.057666778564453,6080,542
92,1,119,13.774779319763184,221,470
76,1,92,14.575692415237427,43,472
80,1,46,15.253337144851685,463,472
73,1,77,12.98564887046814,33,472
65,1,32,14.127130270004272,7166,521
83,1,51,14.986098766326904,2016,495
75,1,34,12.974558591842651,1132,472
88,1,53,15.558324575424194,51,470
94,1,36,17.21191096305847,1973,499
78,1,47,13.338544607162476,3925,484
70,1,53,15.486158847808838,23,472
95,1,116,14.906856536865234,188,470
72,1,83,14.956953763961792,143,470
87,1,52,15.544172286987305,129,470
82,1,108,14.437528848648071,53,470
81,1,59,13.682766199111938,5053,499
61,1,51,19.445778608322144,2202,497
85,1,43,15.665643692016602,2005,472
60,1,44,16.845115661621094,1388,527
77,1,58,16.815753698349,3783,499
98,1,23,15.16928768157959,51,470
93,1,19,14.665948152542114,2995,472
84,1,47,18.26975727081299,7175,555
96,1,48,15.116039037704468,1523,472
69,1,74,18.220332622528076,5276,499
90,1,35,16.89060139656067,322,499
89,1,36,18.168212413787842,856,472
97,1,76,16.916086196899414,5053,507
62,1,74,16.15661931037903,4296,499
86,1,40,19.59381890296936,3977,484
68,1,25,14.344538927078247,3556,472
71,1,25,20.816190242767334,3198,499
79,1,36,15.561815023422241,204,499
99,1,31,14.780198335647583,4592,522
91,1,38,19.104276418685913,4113,472
67,1,51,21.022201538085938,640,520
76,2,92,11.186706066131592,36,470
65,2,32,13.12730073928833,6556,499
92,2,119,15.234691619873047,188,470
64,1,70,23.712324380874634,2965,499
66,1,43,20.763325929641724,52,470
83,2,51,13.508501529693604,1985,499
94,2,36,12.821062326431274,1729,587
74,1,66,21.43785572052002,2578,506
75,2,34,13.932868719100952,1380,528
88,2,53,14.138373613357544,2241,472
82,2,108,11.85826587677002,2967,605
70,2,53,13.112417697906494,80,691
87,2,52,12.4917151927948,3995,504
78,2,47,14.840954542160034,2205,675
72,2,83,13.490930557250977,138,669
85,2,43,12.59371566772461,174,546
61,2,51,13.39411211013794,2340,593
63,1,68,24.026785135269165,6438,499
95,2,116,14.610454320907593,38,669
81,2,59,13.990373849868774,8770,472
62,2,74,11.41492748260498,3498,470
90,2,35,12.967026233673096,2175,591
86,2,40,12.273422956466675,2385,759
89,2,36,13.0990469455719,2084,588
71,2,25,11.48215651512146,1329,587
68,2,25,11.934727668762207,2153,508
98,2,23,14.65485429763794,1242,593
73,2,77,20.163970470428467,55,470
77,2,58,15.575406312942505,408,669
79,2,36,11.97056794166565,4175,539
69,2,74,15.11417031288147,4570,499
96,2,48,15.690754175186157,1900,587
99,2,31,12.654594421386719,2399,593
80,2,46,22.79863691329956,2770,499
67,2,51,13.357111930847168,887,587
91,2,38,14.453674077987671,3451,499
93,2,19,18.542410850524902,2722,472
60,2,44,20.484302282333374,5132,502
76,3,92,14.976309537887573,34,587
84,2,47,19.857036352157593,8686,482
64,2,70,12.232369184494019,113,587
66,2,43,12.497361898422241,2210,587
75,3,34,11.500134229660034,1826,607
65,3,32,14.666270732879639,1004,592
92,3,119,14.312654256820679,205,669
88,3,53,12.742587566375732,3052,587
97,2,76,21.52900004386902,4873,629
81,3,59,10.590451002120972,3652,468
74,2,66,14.311599731445312,2200,630
63,2,68,11.721328973770142,2837,634
70,3,53,13.633698463439941,35,669
85,3,43,13.03866195678711,3317,529
83,3,51,15.658363580703735,780,742
61,3,51,13.465808868408203,2352,514
94,3,36,17.147178888320923,1339,695
72,3,83,15.496849536895752,79,590
82,3,108,16.72683882713318,1017,677
78,3,47,15.979988813400269,511,607
90,3,35,13.10053300857544,1425,587
69,3,74,11.34881329536438,3694,587
71,3,25,12.976446866989136,921,625
68,3,25,13.394160270690918,905,669
96,3,48,11.74212121963501,1632,478
86,3,40,13.848798274993896,630,635
87,3,52,17.110143661499023,2298,606
95,3,116,15.704694986343384,227,669
62,3,74,15.267261505126953,3956,693
79,3,36,13.110734462738037,2109,546
93,3,19,10.97065281867981,199,669
73,3,77,15.18638801574707,32,587
76,4,92,10.686292171478271,45,669
77,3,58,15.218353986740112,406,470
99,3,31,16.04874610900879,4053,587
91,3,38,14.099353075027466,1682,587
89,3,36,18.395827531814575,925,610
60,3,44,13.108510971069336,2392,679
98,3,23,18.51951503753662,1195,593
67,3,51,15.916321516036987,10294,597
80,3,46,17.77277135848999,3375,675
81,4,59,12.474759101867676,3355,587
92,4,119,13.392781019210815,210,669
66,3,43,14.735058307647705,2022,594
65,4,32,13.51026725769043,1880,628
83,4,51,11.45368480682373,1670,472
63,3,68,12.294046878814697,2442,593
64,3,70,15.618887186050415,4707,546
88,4,53,13.63210916519165,2565,599
97,3,76,13.475298404693604,2126,593
84,3,47,16.777343034744263,5434,683
74,3,66,13.144548892974854,4832,680
75,4,34,16.67451548576355,1672,587
70,4,53,14.5981764793396,53,676
85,4,43,14.65236210823059,1394,574
86,4,40,11.66207242012024,1722,574
94,4,36,13.935587406158447,1138,666
69,4,74,13.272428035736084,1854,614
95,4,116,12.549391031265259,57,587
87,4,52,12.686666488647461,1440,621
73,4,77,10.862709760665894,31,669
68,4,25,12.92837405204773,741,587
62,4,74,12.456334114074707,1456,592
78,4,47,13.832024097442627,878,587
72,4,83,14.464537620544434,43,669
96,4,48,13.701701164245605,2505,587
82,4,108,16.184509754180908,1412,592
61,4,51,18.133418083190918,1945,712
99,4,31,11.525459051132202,853,638
79,4,36,15.316772699356079,1766,649
77,4,58,13.667514562606812,23,587
90,4,35,17.239055156707764,822,587
91,4,38,12.299491882324219,1109,636
89,4,36,13.281500816345215,936,497
64,4,70,10.78297233581543,1091,470
71,4,25,20.039458513259888,551,653
83,5,51,11.757052659988403,592,657
98,4,23,15.051973104476929,1081,599
76,5,92,17.876132249832153,34,587
60,4,44,15.594788074493408,793,652
93,4,19,19.400731563568115,848,587
68,5,25,8.619123220443726,504,172
92,5,119,13.75200343132019,241,669
65,5,32,14.051608562469482,1024,605
88,5,53,13.433518648147583,721,546
81,5,59,14.802341222763062,915,546
63,4,68,14.887965679168701,3334,602
97,4,76,14.52314829826355,1947,605
80,4,46,16.357548713684082,1682,587
66,4,43,15.643347263336182,1013,552
70,5,53,12.849061012268066,73,271
84,4,47,15.197117567062378,1277,470
75,5,34,14.525002479553223,1296,524
95,5,116,14.80902099609375,28,472
62,5,74,14.776171922683716,786,478
73,5,77,15.041128635406494,26,470
86,5,40,16.220954656600952,88,499
74,4,66,19.386754512786865,1844,650
96,5,48,15.051307201385498,2458,470
87,5,52,16.174640655517578,2211,499
69,5,74,16.668386459350586,1077,499
78,5,47,16.68982172012329,1281,499
77,5,58,13.634130477905273,96,472
67,4,51,25.525391817092896,2644,1147
91,5,38,14.962850570678711,737,505
61,5,51,16.79601788520813,1892,499
99,5,31,16.50104784965515,1958,505
85,5,43,21.406243801116943,2732,545
64,5,70,14.535263538360596,325,472
72,5,83,20.313998460769653,40,470
82,5,108,18.524768829345703,944,594
94,5,36,22.54659128189087,1798,505
80,5,46,11.566633939743042,2153,476
92,6,119,13.663145780563354,56,669
76,6,92,15.466301441192627,35,470
60,5,44,15.555690050125122,636,475
88,6,53,14.037295818328857,475,587
81,6,59,13.763870000839233,834,681
98,5,23,16.45426917076111,897,499
66,5,43,13.673316717147827,429,587
70,6,53,13.538560628890991,72,672
79,5,36,21.464553833007812,1116,527
68,6,25,16.139970064163208,1419,512
89,5,36,19.891446113586426,1709,472
83,6,51,18.382835865020752,1352,478
90,5,35,22.706690311431885,2257,517
75,6,34,15.141231775283813,1080,587
84,5,47,15.73410964012146,577,649
63,5,68,16.751667022705078,2698,499
65,6,32,18.052292585372925,868,689
62,6,74,12.99449872970581,63,470
93,5,19,20.338953733444214,1015,523
69,6,74,12.193013668060303,388,587
71,5,25,22.119157075881958,1445,655
95,6,116,14.841479301452637,36,472
73,6,77,15.190528392791748,22,587
87,6,52,14.420336246490479,1941,569
96,6,48,14.678908586502075,2217,499
99,6,31,11.396785974502563,398,669
97,5,76,20.70202946662903,1836,641
78,6,47,14.740115404129028,4219,472
74,5,66,16.23454260826111,852,499
91,6,38,13.445157766342163,578,587
77,6,58,15.25800371170044,642,669
61,6,51,13.716266870498657,447,643
92,7,119,10.903018236160278,192,587
72,6,83,12.654177904129028,126,669
86,6,40,19.189348220825195,561,505
67,5,51,16.329076528549194,350,607
85,6,43,15.230142593383789,3439,542
82,6,108,14.588603019714355,1113,598
80,6,46,13.761595964431763,524,669
60,6,44,13.47118067741394,1641,654
94,6,36,15.083122491836548,782,639
81,7,59,13.74256157875061,58,587
66,6,43,12.79459261894226,2356,480
64,6,70,16.447195053100586,1262,601
98,6,23,13.62221646308899,1203,669
75,7,34,11.083472967147827,828,470
70,7,53,13.76519227027893,67,679
63,6,68,11.891052722930908,698,669
88,7,53,15.851577043533325,381,587
68,7,25,14.579789876937866,580,704
62,7,74,11.784010410308838,261,601
76,7,92,16.771616220474243,30,669
65,7,32,12.658002853393555,673,472
83,7,51,14.830637216567993,584,632
69,7,74,12.74272632598877,63,546
73,7,77,11.235558986663818,195,669
93,6,19,13.078600883483887,1071,610
78,7,47,10.444911241531372,112,470
89,6,36,17.545677661895752,644,669
87,7,52,12.095685720443726,36,587
71,6,25,14.126035690307617,886,702
99,7,31,12.04252290725708,610,593
84,6,47,16.64357852935791,44,587
79,6,36,19.05464792251587,2380,527
96,7,48,13.182141065597534,2126,701
97,6,76,12.94338083267212,271,669
91,7,38,12.42185640335083,2416,587
67,6,51,11.401608943939209,225,587
90,6,35,19.4920437335968,3056,583
61,7,51,12.879510402679443,1308,606
72,7,83,13.379873752593994,126,669
95,7,116,19.217492818832397,181,669
77,7,58,16.474738359451294,3473,472
70,8,53,11.08751106262207,103,669
85,7,43,14.605677127838135,1866,472
66,7,43,12.591454267501831,1232,677
80,7,46,14.101804494857788,1083,470
63,7,68,11.441475629806519,1299,604
86,7,40,16.143659830093384,2094,483
60,7,44,13.999627351760864,70,587
64,7,70,13.355593919754028,784,723
81,8,59,13.6138014793396,471,587
94,7,36,13.833809614181519,994,583
76,8,92,11.25596308708191,35,669
82,7,108,15.619820833206177,624,587
74,6,66,19.642664670944214,1757,538
88,8,53,12.976701736450195,18,546
83,8,51,12.032825946807861,1239,651
75,8,34,14.528081893920898,1020,722
98,7,23,15.12351131439209,985,587
62,8,74,13.140606880187988,434,587
68,8,25,13.971274137496948,1627,781
89,7,36,12.05569314956665,1153,587
87,8,52,11.989725589752197,1334,587
79,7,36,11.071220636367798,277,670
69,8,74,13.63601279258728,2816,484
73,8,77,14.041298151016235,56,587
84,7,47,12.424607515335083,55,669
78,8,47,14.378637075424194,1168,591
71,7,25,13.620619058609009,579,589
65,8,32,17.131991863250732,669,664
97,7,76,13.57410454750061,1952,476
93,7,19,16.481175899505615,1263,692
99,8,31,15.043293714523315,233,587
96,8,48,15.007915735244751,3044,505
92,8,119,25.48315930366516,246,669
72,8,83,12.493655443191528,36,587
95,8,116,10.769208431243896,194,669
80,8,46,11.438918590545654,1325,603
90,7,35,16.201680660247803,524,615
85,8,43,12.605223655700684,1865,627
91,8,38,17.936336517333984,2057,499
61,8,51,16.760135412216187,50,587
66,8,43,13.19547986984253,816,588
81,9,59,12.384805679321289,43,669
94,8,36,12.465259313583374,650,587
88,9,53,11.409337043762207,414,669
82,8,108,12.67402195930481,1193,691
67,7,51,18.221123218536377,204,587
74,7,66,12.899906396865845,370,596
86,8,40,13.922830820083618,62,587
63,8,68,14.19295334815979,60,587
76,9,92,13.522719860076904,45,669
83,9,51,12.678515195846558,594,669
64,8,70,14.316288471221924,3903,525
70,9,53,16.123465538024902,104,676
75,9,34,13.472931146621704,996,493
62,9,74,14.066448450088501,1482,575
60,8,44,16.793860912322998,1958,499
84,8,47,11.51151156425476,245,753
98,8,23,15.4041428565979,1250,619
79,8,36,13.57350754737854,1045,611
87,9,52,13.96080493927002,170,592
68,9,25,15.312794208526611,556,675
69,9,74,14.067890167236328,2468,520
73,9,77,13.910629034042358,29,587
71,8,25,13.551467180252075,531,587
77,8,58,21.583406925201416,304,689
97,8,76,13.736716270446777,354,472
88,10,53,7.9925127029418945,18,152
99,9,31,14.227935791015625,1708,484
72,9,83,13.262535572052002,51,470
95,9,116,13.250336170196533,43,470
93,8,19,15.06916856765747,240,471
65,9,32,16.442079544067383,254,472
92,9,119,14.927611827850342,238,470
80,9,46,12.639810562133789,439,480
89,8,36,19.63908314704895,391,669
60,9,44,7.64157772064209,86,161
91,9,38,12.422592878341675,343,470
78,9,47,18.882346868515015,1991,499
90,8,35,13.883116006851196,332,482
81,10,59,14.264732122421265,46,470
67,8,51,14.056425333023071,240,470
74,8,66,13.915009021759033,1203,470
86,9,40,14.213986158370972,213,480
96,9,48,20.36829400062561,3101,538
79,9,36,11.534249067306519,1956,596
70,10,53,14.364704132080078,25,470
64,9,70,15.243029117584229,309,506
63,9,68,15.809523820877075,1152,546
87,10,52,11.916146278381348,764,596
62,10,74,13.708386898040771,1366,468
82,9,108,16.82623815536499,2509,517
75,10,34,14.895686149597168,831,501
84,9,47,13.597119808197021,164,472
85,9,43,19.100436210632324,618,501
76,10,92,16.783165216445923,36,470
83,10,51,16.460265159606934,982,499
61,9,51,18.5919771194458,240,499
66,9,43,18.820279598236084,1087,505
69,10,74,12.908176183700562,946,665
73,10,77,12.569668531417847,34,587
77,9,58,11.641373872756958,186,669
98,9,23,14.179660320281982,700,499
94,9,36,19.142879247665405,752,505
60,10,44,7.7109739780426025,665,193
71,9,25,13.332841873168945,1277,678
68,10,25,14.88357925415039,4144,530
95,10,116,11.679451704025269,50,587
88,11,53,13.1386137008667,1041,587
97,9,76,13.40291142463684,2005,652
99,10,31,13.165241956710815,122,472
92,10,119,12.999699115753174,56,694
72,10,83,14.68149471282959,136,669
78,10,47,12.314967632293701,996,587
80,10,46,15.274044752120972,411,681
91,10,38,14.479965209960938,2527,559
67,9,51,11.837210416793823,332,478
89,9,36,16.05655789375305,504,545
93,9,19,17.201252222061157,663,571
90,9,35,14.558980464935303,1613,472
75,11,34,9.937499523162842,1456,464
86,10,40,13.072973012924194,51,660
96,10,48,13.874643564224243,1273,550
62,11,74,12.641245365142822,626,582
79,10,36,13.406662225723267,2620,505
65,10,32,19.95436429977417,295,669
61,10,51,12.008819341659546,1079,514
66,10,43,11.793501853942871,477,506
83,11,51,12.333400011062622,1733,472
70,11,53,14.425523042678833,39,587
69,11,74,12.391847372055054,1285,472
81,11,59,17.079234838485718,59,587
63,10,68,14.492184400558472,437,587
82,10,108,14.060979127883911,1212,602
87,11,52,14.865739107131958,1017,623
73,11,77,13.542912006378174,44,669
77,10,58,13.773080587387085,261,546
74,9,66,18.305458784103394,63,587
98,10,23,14.42710256576538,1658,622
85,10,43,15.867759466171265,1439,755
71,10,25,14.170776128768921,525,628
64,10,70,17.970100164413452,1042,630
95,11,116,13.804502248764038,185,587
68,11,25,14.96715760231018,2196,479
84,10,47,17.96516442298889,925,475
76,11,92,18.053787231445312,43,587
97,10,76,14.820333480834961,3581,472
92,11,119,12.712143898010254,237,587
99,11,31,14.355199575424194,277,593
88,12,53,15.980371952056885,2509,512
94,10,36,18.178579807281494,2855,470
80,11,46,11.541165351867676,1243,598
67,10,51,11.508650064468384,1277,502
78,11,47,14.574594259262085,3078,549
72,11,83,14.880248546600342,49,546
75,12,34,11.773497819900513,691,587
60,11,44,20.08260440826416,1801,691
79,11,36,9.768938779830933,841,470
91,11,38,13.61174201965332,562,619
86,11,40,11.771302938461304,887,595
90,10,35,13.080594778060913,686,663
65,11,32,11.341495752334595,2480,477
83,12,51,12.71555781364441,1617,587
62,12,74,13.154930830001831,1080,676
81,12,59,12.096436500549316,498,669
89,10,36,16.361711025238037,473,667
77,11,58,11.760510444641113,340,669
61,11,51,14.327137470245361,61,565
93,10,19,18.410098791122437,2186,520
96,11,48,16.37649917602539,63,587
70,12,53,15.394627332687378,79,691
82,11,108,15.108659029006958,1979,669
69,12,74,15.885499238967896,610,587
66,11,43,16.66246223449707,18,546
87,12,52,15.20531678199768,354,587
85,11,43,13.881139278411865,70,601
73,12,77,15.66279911994934,47,669
63,11,68,19.068634510040283,349,587
74,10,66,17.50964045524597,1445,699
98,11,23,17.571045875549316,1848,727
65,12,32,13.165384769439697,1689,488
88,13,53,18.168797254562378,1609,499
83,13,51,14.054521322250366,3864,499
78,12,47,23.27281641960144,49,161
70,13,53,20.317485809326172,50,468
73,13,77,19.435144424438477,42,470
72,12,83,28.4918212890625,30,470
87,13,52,20.394787549972534,247,470
81,13,59,24.918083906173706,157,470
63,12,68,18.157713174819946,1526,472
90,11,35,28.74180507659912,879,497
97,11,76,32.94660544395447,194,470
62,13,74,26.306123971939087,49,470
75,13,34,30.133202075958252,855,476
98,12,23,18.583661556243896,1278,472
84,11,47,33.851218461990356,108,470
65,13,32,15.178777694702148,400,524
92,12,119,33.60404658317566,28,472
61,12,51,25.30540943145752,147,470
76,12,92,33.85469841957092,36,470
94,11,36,32.73472881317139,1328,501
93,11,19,24.720651149749756,1638,507
85,12,43,22.522061109542847,251,499
60,12,44,31.126033306121826,111,499
79,12,36,30.89837384223938,413,499
99,12,31,34.16517686843872,1228,505
66,12,43,23.85861110687256,1786,514
77,12,58,26.788146018981934,1038,499
74,11,66,20.440802097320557,394,541
71,11,25,36.92950105667114,569,499
89,11,36,27.985254287719727,368,497
69,13,74,24.373274326324463,128,497
68,12,25,36.302385330200195,1013,516
87,14,52,14.02671194076538,884,472
91,12,38,41.772788286209106,1183,470
95,12,116,47.96810841560364,44,470
62,14,74,14.759174108505249,3000,522
90,12,35,15.456132411956787,2049,499
80,12,46,49.53500843048096,660,575
78,13,47,9.510143518447876,259,194
65,14,32,12.839722871780396,1156,460
81,14,59,12.76734185218811,63,460
66,13,43,12.890601873397827,1382,487
76,13,92,12.822774410247803,28,460
87,15,52,12.756417989730835,1232,460
61,13,51,13.98975920677185,117,460
74,12,66,14.388031244277954,2017,428
60,13,44,14.706478595733643,1070,460
99,13,31,14.431276321411133,96,460
75,14,34,14.613692045211792,709,460
68,13,25,14.680522441864014,1274,460
70,14,53,14.673040628433228,71,460
92,13,119,14.521576642990112,191,460
89,12,36,14.547548055648804,417,460
94,12,36,14.519586563110352,858,460
95,13,116,14.519586563110352,56,460
64,11,70,14.760469913482666,658,460
69,14,74,14.781649112701416,2320,455
82,12,108,14.694387674331665,768,460
62,15,74,14.846447706222534,1060,460
67,11,51,15.234195470809937,684,460
97,12,76,15.035647869110107,154,460
73,14,77,15.215410709381104,36,460
91,13,38,15.095175743103027,450,460
84,12,47,15.230266571044922,160,460
90,13,35,15.195756912231445,1034,478
85,13,43,16.5762357711792,1127,504
88,14,53,16.802661180496216,974,515
63,13,68,17.96793031692505,196,460
72,13,83,17.90998935699463,59,460
86,12,40,17.83992314338684,837,460
83,14,51,17.86982274055481,1145,460
71,12,25,18.010896682739258,734,460
77,13,58,18.047327995300293,1150,460
96,12,48,17.915135383605957,188,460
93,12,19,19.236199855804443,1422,517
98,13,23,19.52715277671814,1199,512
79,13,36,21.210391759872437,423,499
78,14,47,12.404253482818604,1843,460
65,15,32,13.197808027267456,1935,505
64,12,70,11.961346864700317,80,669
75,15,34,12.092101812362671,1854,460
60,14,44,12.130981683731079,248,454
81,15,59,14.165473461151123,121,460
73,15,77,11.882457733154297,33,669
89,13,36,12.579495668411255,728,599
69,15,74,12.697460174560547,1180,587
97,13,76,12.298727750778198,1456,587
91,14,38,12.354396104812622,2957,464
87,16,52,14.755114793777466,1476,485
92,14,119,13.048392057418823,337,587
76,14,92,14.984725952148438,31,460
94,13,36,13.301477909088135,1954,516
61,14,51,14.176563024520874,198,669
80,13,46,28.270320415496826,798,1099
90,14,35,13.671741247177124,940,593
85,14,43,12.553199529647827,66,587
84,13,47,13.99376654624939,201,669
86,13,40,11.831233263015747,69,587
74,13,66,15.70706820487976,169,638
68,14,25,15.524017095565796,1502,489
71,13,25,12.215901136398315,637,609
62,16,74,15.454660415649414,89,587
63,14,68,12.510133743286133,145,669
67,12,51,15.487072467803955,655,595
83,15,51,12.913893699645996,1779,807
96,13,48,12.990047454833984,2147,612
93,13,19,11.745851278305054,685,546
99,14,31,17.572911262512207,1699,569
95,14,116,18.14288640022278,33,669
66,14,43,20.64711833000183,1943,648
70,15,53,19.203708171844482,58,587
78,15,47,12.11984395980835,53,587
72,14,83,16.690512657165527,56,587
88,15,53,17.68557095527649,1697,592
82,13,108,20.725094318389893,168,669
98,14,23,15.775599241256714,3013,463
77,14,58,17.878968000411987,304,587
94,14,36,8.771767377853394,3356,133
65,16,32,13.088859558105469,900,603
96,14,48,8.633082866668701,57,297
89,14,36,12.8113853931427,1650,485
69,16,74,13.33435845375061,143,460
64,13,70,14.567410230636597,934,499
81,16,59,14.530073642730713,204,460
92,15,119,14.39646577835083,59,460
80,14,46,13.818063974380493,345,460
76,15,92,14.428611278533936,42,460
86,14,40,12.631181955337524,888,458
84,14,47,13.097240686416626,1504,460
71,14,25,12.32424783706665,1267,460
87,17,52,15.24693250656128,2207,499
60,15,44,16.434614419937134,784,505
73,16,77,16.133410930633545,203,460
75,16,34,16.599660396575928,1146,499
90,15,35,14.340652704238892,254,499
97,14,76,16.018640518188477,1518,460
68,15,25,14.178548574447632,776,499
91,15,38,16.9675874710083,570,504
70,16,53,10.892734289169312,81,587
62,17,74,14.692036151885986,1061,460
74,14,66,15.586047172546387,709,660
85,15,43,16.684043645858765,1311,527
63,15,68,15.689546823501587,496,460
61,15,51,18.060293436050415,533,506
83,16,51,15.585170269012451,1446,460
93,14,19,15.425211429595947,567,460
79,14,36,25.317071676254272,2250,941
72,15,83,12.419380187988281,55,587
99,15,31,14.91778564453125,1202,470
88,16,53,12.539096117019653,1300,593
95,15,116,14.748509407043457,203,460
66,15,43,14.481552600860596,1772,470
78,16,47,14.283265113830566,3038,469
98,15,23,13.26578974723816,1564,630
82,14,108,13.280738830566406,18,592
67,13,51,18.50343108177185,270,499
65,17,32,12.13067364692688,1530,669
96,15,48,11.745094060897827,3515,453
77,15,58,15.597192525863647,114,587
94,15,36,14.815972805023193,2186,677
89,15,36,12.482928991317749,758,587
64,14,70,11.711097002029419,714,669
87,18,52,12.131138801574707,1074,592
73,17,77,12.285822629928589,35,587
92,16,119,13.428633213043213,182,669
81,17,59,14.240173101425171,329,587
76,16,92,13.876437425613403,40,669
91,16,38,12.399547100067139,1461,587
69,17,74,16.177563905715942,514,641
68,16,25,12.710598707199097,623,587
97,15,76,13.61803126335144,1378,587
86,15,40,14.93106460571289,412,499
80,15,46,15.305095672607422,323,592
84,15,47,15.097986698150635,2953,554
60,16,44,14.5487380027771,94,499
93,15,19,11.303359985351562,3186,460
71,15,25,15.481857299804688,1766,460
70,17,53,13.37081265449524,86,587
90,16,35,15.65764307975769,785,587
75,17,34,15.678966283798218,818,606
88,17,53,12.002391338348389,1606,603
61,16,51,13.369003295898438,208,629
79,15,36,13.34725832939148,626,597
62,18,74,15.577500820159912,805,589
83,17,51,14.166415691375732,1762,692
85,16,43,15.055463075637817,53,587
72,16,83,14.048550844192505,25,587
98,16,23,12.457002878189087,1407,587
63,16,68,15.272493362426758,1641,466
95,16,116,14.025546789169312,39,587
99,16,31,14.790480375289917,3438,499
82,15,108,13.996204853057861,1229,460
96,16,48,11.43840503692627,98,675
78,17,47,14.733675479888916,185,587
74,15,66,17.847209453582764,1529,542
66,16,43,15.587177515029907,602,587
67,14,51,14.558481931686401,243,669
89,16,36,12.187979459762573,413,669
65,18,32,13.94608187675476,2678,465
77,16,58,14.468814611434937,51,669
73,18,77,11.012720346450806,56,587
97,16,76,9.9684476852417,628,480
69,18,74,10.258742094039917,740,460
94,16,36,15.749258995056152,2192,541
81,18,59,11.554743766784668,346,587
64,15,70,14.565541744232178,73,697
76,17,92,11.578423500061035,33,587
93,16,19,10.119638204574585,1406,484
87,19,52,13.399743556976318,61,722
80,16,46,11.780411005020142,2047,696
92,17,119,14.00947618484497,199,669
68,17,25,13.800846815109253,1453,629
62,19,74,10.414339065551758,929,465
71,16,25,13.65980863571167,1598,619
90,17,35,12.738173007965088,732,587
75,18,34,12.772271394729614,1262,593
88,18,53,12.64693284034729,1382,619
86,16,40,15.184723615646362,319,669
60,17,44,14.994479179382324,3554,497
95,17,116,11.344482421875,33,681
79,16,36,13.399413585662842,813,593
91,17,38,16.709183931350708,2535,505
61,18,51,14.176863431930542,2592,460
72,17,83,12.977849006652832,52,669
63,17,68,12.680690050125122,240,669
84,16,47,16.815969705581665,787,587
99,17,31,12.758487939834595,84,669
85,17,43,14.009845972061157,491,671
96,17,48,13.557182312011719,922,609
82,16,108,14.102080821990967,904,669
83,18,51,16.352354049682617,526,587
70,18,53,18.953614473342896,141,688
98,17,23,16.21492028236389,1465,593
66,17,43,13.96123194694519,406,593
77,17,58,11.669860124588013,94,628
74,16,66,14.413547039031982,310,767
65,19,32,13.112397193908691,1645,604
89,17,36,13.897327184677124,1174,685
67,15,51,15.322768688201904,71,587
97,17,76,11.96609878540039,2192,477
81,19,59,11.808934211730957,105,669
76,18,92,11.742655277252197,25,587
78,18,47,16.96977686882019,129,587
73,19,77,13.910641431808472,44,587
69,19,74,13.40947413444519,55,587
94,17,36,13.608801126480103,1218,669
64,16,70,13.524233341217041,378,587
87,20,52,12.991903066635132,665,687
93,17,19,14.166166067123413,1710,597
62,20,74,11.639657258987427,376,591
92,18,119,13.325254917144775,56,669
88,19,53,11.245753526687622,417,669
75,19,34,11.926915407180786,755,593
95,18,116,11.334251403808594,39,669
90,18,35,12.948992490768433,274,690
86,17,40,12.584727764129639,1461,675
71,17,25,13.979884386062622,1469,627
60,18,44,13.09801173210144,214,669
80,17,46,16.60178232192993,1157,607
63,18,68,11.825868606567383,1304,463
79,17,36,12.640583276748657,276,690
61,19,51,12.427340030670166,159,691
91,18,38,12.700504541397095,369,681
66,18,43,11.40116572380066,502,587
98,18,23,11.696578741073608,1638,594
77,18,58,11.443437576293945,154,587
68,18,25,18.43917465209961,658,593
70,19,53,12.360841274261475,2603,460
83,19,51,12.905112981796265,968,620
82,17,108,13.461606979370117,154,587
72,18,83,16.301631689071655,78,669
65,20,32,12.872758865356445,1078,587
73,20,77,10.821136713027954,44,587
74,17,66,13.320974826812744,1232,654
85,18,43,16.73511505126953,1911,535
84,17,47,17.60781764984131,2631,462
81,20,59,12.824711561203003,1133,619
89,18,36,13.381829261779785,657,700
99,18,31,17.74471616744995,4275,484
97,18,76,13.936441421508789,716,587
67,16,51,14.054708003997803,69,669
64,17,70,12.550150156021118,276,675
69,20,74,13.106092691421509,216,669
62,21,74,11.41426968574524,595,587
76,19,92,15.559118747711182,29,669
93,18,19,12.903270721435547,300,669
78,19,47,15.076655149459839,775,587
92,19,119,12.689300775527954,41,669
88,20,53,12.956464529037476,763,587
87,21,52,15.45699143409729,366,655
63,19,68,11.037293434143066,145,590
86,18,40,12.042576789855957,202,598
60,19,44,11.472524642944336,605,652
75,20,34,14.29224443435669,835,599
82,18,108,7.702516794204712,18,101
96,18,48,21.609684467315674,3299,610
90,19,35,14.440929651260376,831,651
61,21,51,13.30133867263794,853,460
71,18,25,14.008644104003906,813,587
94,18,36,18.968873023986816,1021,644
79,18,36,14.468912839889526,1198,624
80,18,46,14.709882736206055,604,768
91,19,38,15.511950254440308,3901,499
66,19,43,14.81857967376709,386,460
98,19,23,15.017038106918335,195,460
84,18,47,13.00733232498169,142,461
74,18,66,13.993878841400146,472,460
89,19,36,13.282214879989624,1699,460
81,21,59,13.654062986373901,1696,460
95,19,116,21.55289363861084,199,669
77,20,58,17.51091766357422,235,460
73,21,77,15.629490613937378,37,460
68,19,25,17.841835260391235,567,460
69,21,74,13.4940824508667,2242,526
72,19,83,16.947458267211914,43,460
97,19,76,14.825588941574097,366,467
85,19,43,16.212197303771973,225,504
92,20,119,13.302350521087646,57,460
99,19,31,16.626858949661255,415,470
67,17,51,15.936577081680298,80,460
82,19,108,11.377765655517578,261,587
83,20,51,19.662916898727417,1073,499
65,21,32,18.715086460113525,1373,460
64,18,70,16.77987027168274,252,505
90,20,35,11.85989260673523,683,460
96,19,48,13.63016152381897,76,669
75,21,34,13.801119089126587,1897,616
86,19,40,15.014557600021362,260,526
79,19,36,12.042028665542603,153,733
62,22,74,18.607502460479736,95,458
60,20,44,15.563923120498657,2436,555
70,20,53,23.58123517036438,2992,530
71,19,25,13.737439393997192,925,590
76,20,92,18.438084602355957,31,460
87,22,52,16.754600286483765,215,498
91,20,38,12.114552974700928,183,460
78,20,47,19.18708109855652,303,460
94,19,36,14.876299619674683,1309,600
61,22,51,16.251585006713867,155,609
98,20,23,11.54874300956726,41,669
95,20,116,11.095867395401001,38,674
84,19,47,12.610027313232422,339,669
80,19,46,17.26853346824646,1446,618
77,21,58,11.24016547203064,21,587
74,19,66,12.871955394744873,1393,505
69,22,74,11.189179420471191,65,587
89,20,36,13.18821930885315,2001,465
88,21,53,23.723941326141357,1383,505
81,22,59,14.205904483795166,739,595
68,20,25,13.176395416259766,863,593
63,20,68,24.030994415283203,659,499
97,20,76,13.718283653259277,389,592
83,21,51,12.74703574180603,1537,503
67,18,51,13.516645431518555,448,587
72,20,83,15.540934085845947,46,587
85,20,43,15.731586217880249,2139,479
82,20,108,14.510119438171387,18,656
64,19,70,14.317260503768921,665,592
73,22,77,17.829145193099976,217,587
66,20,43,21.091684818267822,3280,499
62,23,74,12.277122974395752,77,593
92,21,119,16.735739946365356,57,669
87,23,52,12.638136863708496,1817,789
91,21,38,12.396801233291626,143,669
78,21,47,12.231919288635254,839,589
90,21,35,15.588882446289062,2183,691
99,20,31,17.643284559249878,3456,476
71,22,25,13.747578859329224,813,599
60,21,44,14.400965452194214,97,673
96,20,48,15.583043336868286,234,732
86,20,40,15.136384963989258,148,600
65,22,32,17.503294706344604,1159,594
76,21,92,14.07322907447815,38,669
94,20,36,13.850372791290283,565,592
79,20,36,16.846251726150513,192,619
75,22,34,17.75354790687561,1022,1109
61,24,51,15.057657480239868,1065,616
74,20,66,12.666178941726685,971,628
80,20,46,13.054832696914673,2425,482
98,21,23,15.514726400375366,305,669
89,21,36,12.744879245758057,420,669
95,21,116,14.437026739120483,203,669
88,22,53,12.780057191848755,1521,592
70,21,53,20.106062650680542,2403,516
81,23,59,13.70519495010376,53,587
63,21,68,12.7716646194458,1472,608
67,19,51,12.059738159179688,1041,587
84,20,47,17.13800597190857,1158,604
77,22,58,17.170158624649048,814,587
97,21,76,14.243054389953613,208,669
73,23,77,11.295577764511108,27,669
72,21,83,13.943408727645874,46,587
69,23,74,18.496811628341675,1046,642
68,21,25,17.200690984725952,1076,595
66,21,43,12.805999040603638,1241,587
85,21,43,14.095234155654907,88,678
78,22,47,11.657821416854858,1381,636
99,21,31,11.647291660308838,427,587
86,21,40,11.845525026321411,666,589
90,22,35,12.77380084991455,2371,460
62,24,74,14.549245834350586,575,587
92,22,119,14.104963064193726,183,587
71,23,25,12.714831829071045,925,606
60,22,44,12.710646390914917,90,673
83,22,51,17.86350917816162,2779,500
65,23,32,13.014737129211426,809,617
79,21,36,11.371176958084106,985,612
75,23,34,12.389809370040894,2135,464
64,20,70,17.424679040908813,935,680
98,22,23,12.070619583129883,102,669
82,21,108,19.44644284248352,292,669
96,21,48,16.265064239501953,99,669
88,23,53,11.4122314453125,922,593
74,21,66,13.249093532562256,1397,638
61,25,51,13.5289945602417,64,675
76,22,92,16.73932957649231,30,669
87,24,52,18.555761098861694,307,813
91,22,38,19.135799169540405,2397,499
94,21,36,17.100187301635742,1921,486
81,24,59,12.628905296325684,393,587
77,24,58,11.450569152832031,400,669
80,21,46,15.74426007270813,483,593
89,22,36,15.392975807189941,751,612
95,22,116,15.520735263824463,34,587
63,22,68,13.526698112487793,792,625
73,24,77,11.450083017349243,25,587
84,21,47,13.570765018463135,138,669
97,22,76,13.477962255477905,630,594
67,20,51,15.03927493095398,532,589
99,22,31,11.59751033782959,1331,587
86,22,40,11.277018070220947,161,589
69,24,74,13.809764862060547,78,587
72,22,83,14.424471855163574,93,669
66,22,43,13.80388855934143,1397,460
85,22,43,13.789889574050903,2055,471
65,24,32,11.411462545394897,1243,680
90,23,35,12.503957986831665,401,595
92,23,119,12.150074481964111,210,669
70,22,53,18.746458053588867,978,624
62,25,74,12.871646404266357,382,583
68,22,25,16.660273551940918,1000,669
96,22,48,11.135705947875977,122,669
78,23,47,16.850714445114136,1134,614
79,22,36,14.42509913444519,286,684
71,24,25,15.583572387695312,681,853
82,22,108,12.680374383926392,18,622
88,24,53,12.259037256240845,1420,592
61,27,51,12.651336431503296,1089,593
75,24,34,15.402231454849243,1467,674
64,21,70,15.256200075149536,291,647
87,25,52,13.224980354309082,2062,776
76,23,92,14.863876104354858,35,669
60,23,44,19.458064556121826,2607,538
91,23,38,14.264625310897827,481,597
83,23,51,19.94822072982788,2080,529
74,22,66,16.076486587524414,267,650
94,22,36,15.024327039718628,2247,468
80,22,46,14.173055648803711,1344,478
95,23,116,14.881567239761353,32,460
89,23,36,15.422644853591919,1020,460
81,25,59,17.04647183418274,354,587
73,25,77,15.801408052444458,46,460
77,25,58,17.122708082199097,908,460
86,23,40,13.938336610794067,209,460
63,23,68,17.286245107650757,1231,472
67,21,51,15.554200649261475,436,460
65,25,32,13.620622158050537,651,460
72,23,83,15.872206211090088,45,460
68,23,25,13.462305784225464,942,460
69,25,74,16.913326740264893,454,482
62,26,74,15.810970306396484,402,455
85,23,43,16.692322492599487,82,460
84,22,47,19.97666645050049,954,575
97,23,76,19.155328512191772,1248,506
92,24,119,16.71467399597168,54,460
70,23,53,17.447662115097046,1683,513
99,23,31,19.526259899139404,297,499
66,23,43,18.578009605407715,1353,506
79,23,36,15.015420198440552,76,460
78,24,47,15.529632568359375,305,460
90,24,35,18.964861392974854,1162,499
64,22,70,14.35340666770935,1553,492
60,24,44,12.657638788223267,101,679
67,22,51,6.960554838180542,951,66
82,23,108,16.439326763153076,2075,479
61,28,51,16.237560033798218,217,501
91,24,38,13.68533182144165,1001,587
87,26,52,15.552328109741211,1972,460
88,25,53,17.71255660057068,1092,505
76,24,92,14.782177686691284,34,460
83,24,51,14.010461807250977,2267,658
80,23,46,13.785503625869751,283,667
89,24,36,12.633735656738281,150,587
96,23,48,20.086782455444336,1066,584
94,23,36,14.346467733383179,2814,460
73,26,77,12.126944065093994,49,669
75,25,34,18.645479679107666,4002,524
95,24,116,14.257967472076416,185,460
81,26,59,14.116700172424316,1779,470
77,26,58,14.205806493759155,1243,465
74,23,66,18.686009168624878,451,684
72,24,83,12.409969806671143,43,669
65,26,32,14.287945985794067,2486,474
68,24,25,12.121323108673096,135,669
86,24,40,17.762641429901123,1103,499
82,24,108,11.058361291885376,491,587
63,24,68,19.18079376220703,832,679
66,24,43,16.041719436645508,1900,460
64,23,70,16.539774656295776,1475,505
91,25,38,18.278827905654907,2982,528
96,24,48,17.171398639678955,3738,574
99,24,31,27.79894185066223,3545,747
73,27,77,39.81218504905701,43,211
70,24,53,46.27358150482178,717,127
62,27,74,50.00734996795654,362,258
84,23,47,51.40680241584778,112,613
82,25,108,36.22370433807373,269,262
94,24,36,45.924532890319824,400,687
89,25,36,47.57266545295715,587,460
72,25,83,42.90806198120117,50,460
77,27,58,44.61034917831421,222,461
87,27,52,48.9073646068573,1786,488
80,24,46,48.02428889274597,120,460
76,25,92,48.68245482444763,34,460
63,25,68,38.96385359764099,125,460
69,26,74,55.14342665672302,1215,460
95,25,116,46.87583684921265,27,460
61,29,51,49.85549449920654,1010,477
97,24,76,54.57598400115967,1388,478
90,25,35,52.21271085739136,184,587
91,26,38,31.34955382347107,345,491
79,24,36,53.15302658081055,1434,638
65,27,32,43.8638174533844,1746,488
92,25,119,55.41960906982422,43,460
67,23,51,52.0596559047699,1503,542
85,24,43,56.16138458251953,1003,529
83,25,51,50.616628885269165,1134,460
60,25,44,52.69246768951416,358,462
99,25,31,27.53282070159912,109,460
78,25,47,54.33503842353821,230,460
75,26,34,49.04536557197571,1270,541
66,25,43,39.09254193305969,771,505
86,25,40,43.238242626190186,417,502
96,25,48,34.06093192100525,342,532
64,24,70,37.852261781692505,981,587
74,24,66,48.667691230773926,3012,593
88,26,53,53.7815146446228,724,499
81,27,59,50.90639138221741,693,519
72,26,83,7.526650667190552,34,156
70,25,53,15.178202867507935,1257,676
82,26,108,11.004540920257568,18,669
90,26,35,7.78688383102417,538,66
73,28,77,15.945361614227295,47,669
84,24,47,12.094747543334961,2334,632
62,28,74,14.179668426513672,172,587
94,25,36,11.96269416809082,1017,609
91,27,38,11.995209217071533,1062,708
77,28,58,12.679097652435303,2087,446
65,28,32,11.722431421279907,941,594
61,30,51,13.051701545715332,1000,596
67,24,51,11.849514961242676,719,702
80,25,46,13.71638536453247,1315,477
92,26,119,12.486108779907227,51,587
95,26,116,14.304399251937866,28,587
86,26,40,12.037965297698975,870,499
78,26,47,12.7035071849823,316,669
75,27,34,12.782956600189209,878,669
83,26,51,13.109738111495972,2535,460
60,26,44,14.014917612075806,1618,629
85,25,43,14.509567975997925,1622,480
76,26,92,16.313660144805908,32,669
88,27,53,11.255412578582764,1513,621
64,25,70,12.970942497253418,114,587
69,27,74,16.421873092651367,762,606
97,25,76,17.533912181854248,547,546
66,26,43,15.593086004257202,24,669
89,26,36,18.72186827659607,888,546
96,26,48,15.284467935562134,2714,523
99,26,31,17.02147626876831,2791,545
87,28,52,19.37560272216797,238,618
79,25,36,18.628875255584717,3206,510
63,26,68,19.38951563835144,1273,593
70,26,53,11.41706395149231,1450,587
74,25,66,15.21876573562622,151,600
81,28,59,14.550976753234863,726,587
82,27,108,12.936290979385376,205,667
94,26,36,10.991072177886963,455,593
84,25,47,12.533573865890503,148,591
73,29,77,13.324379682540894,41,587
72,27,83,14.596373081207275,33,611
77,29,58,11.61421537399292,151,662
91,28,38,13.312097787857056,987,628
65,29,32,13.878597497940063,1169,591
90,27,35,18.803349494934082,456,669
83,27,51,11.988975286483765,357,669
78,27,47,12.33261752128601,261,590
76,27,92,11.132555961608887,38,587
62,29,74,17.815181016921997,910,580
64,26,70,11.19443655014038,455,669
67,25,51,14.475147724151611,143,679
92,27,119,14.192194700241089,52,587
69,28,74,11.54918885231018,1112,689
95,27,116,13.6672842502594,29,587
85,26,43,12.09142017364502,238,623
80,26,46,15.782951593399048,1088,682
89,27,36,11.905856370925903,1183,592
61,31,51,17.034964323043823,75,587
86,27,40,15.836905241012573,1195,593
99,27,31,11.613670110702515,279,587
75,31,34,15.704521894454956,1854,460
79,26,36,11.769028902053833,133,690
81,29,59,11.152029275894165,254,677
63,27,68,12.236274719238281,1482,597
60,27,44,15.637664079666138,857,644
66,27,43,14.00439715385437,24,669
82,28,108,11.218548059463501,18,587
87,29,52,13.588512182235718,2896,460
70,27,53,13.29425835609436,223,669
88,28,53,17.33047604560852,2089,463
72,28,83,12.429695129394531,1443,587
96,27,48,15.847578048706055,3129,555
97,26,76,17.47475028038025,753,581
77,30,58,11.308244228363037,197,587
73,30,77,13.773589611053467,2241,460
94,27,36,15.700135707855225,4966,460
74,26,66,17.91427969932556,1759,636
90,28,35,11.560317516326904,770,587
83,28,51,11.451149463653564,682,587
64,27,70,11.377276420593262,429,674
91,29,38,13.619957447052002,2233,590
84,26,47,17.821011781692505,3146,499
92,28,119,11.485189199447632,36,669
95,28,116,12.252713441848755,33,587
80,27,46,11.610394477844238,654,609
62,30,74,14.686250686645508,224,668
61,33,51,12.063996076583862,1328,587
78,28,47,15.767484426498413,1779,789
76,28,92,16.343552827835083,26,669
65,30,32,17.33505916595459,2423,531
67,26,51,16.310275554656982,833,669
63,28,68,12.748225688934326,1455,624
99,28,31,13.69266676902771,2231,460
69,29,74,16.56526255607605,818,599
66,28,43,12.800865173339844,19,669
85,27,43,17.154714345932007,1149,691
70,28,53,12.90402364730835,390,669
89,28,36,15.819570064544678,681,669
82,29,108,13.778858184814453,2232,460
79,27,36,15.40867567062378,1558,593
86,28,40,15.927798986434937,108,593
81,30,59,15.368597984313965,905,689
87,30,52,14.064433336257935,740,669
97,27,76,11.973534107208252,459,687
75,32,34,17.50813055038452,4002,524
88,29,53,14.921180009841919,1480,599
96,28,48,14.057324409484863,204,624
72,29,83,14.622983932495117,2419,475
60,28,44,17.67257285118103,100,674
91,30,38,10.319279432296753,93,460
73,31,77,14.398233413696289,2409,460
94,32,36,13.043081283569336,455,593
77,31,58,14.78793978691101,4130,460
90,29,35,12.79579210281372,1160,587
83,29,51,12.717238903045654,1186,587
76,29,92,7.642732381820679,34,156
92,29,119,11.979987382888794,192,665
74,27,66,13.773749351501465,406,635
64,28,70,12.767354488372803,1371,742
61,34,51,10.965544939041138,90,669
62,31,74,12.176649332046509,111,587
84,27,47,15.020110845565796,2273,504
95,29,116,14.185377359390259,29,673
78,29,47,12.18452525138855,98,669
87,31,52,9.23533034324646,134,118
80,28,46,15.548832416534424,1042,670
67,27,51,13.646395444869995,981,465
99,29,31,13.676893949508667,173,460
66,29,43,14.830456495285034,19,460
85,28,43,14.284094333648682,2709,566
89,29,36,14.343921422958374,644,460
65,31,32,17.61158585548401,2192,513
70,29,53,15.73654818534851,1645,531
97,28,76,15.071116924285889,264,464
63,29,68,18.13898777961731,1228,510
81,31,59,16.274494171142578,210,470
75,33,34,14.709881782531738,878,460
86,29,40,16.61481285095215,2166,522
69,30,74,18.672255277633667,175,505
94,33,36,13.298903226852417,4966,460
82,30,108,18.06939458847046,413,499
96,29,48,15.867447137832642,205,489
88,30,53,16.022226810455322,4166,460
72,30,83,15.646460771560669,1466,460
60,29,44,15.228743076324463,1225,459
79,28,36,18.365766525268555,458,499
91,31,38,15.339517831802368,80,460
77,32,58,15.083205461502075,756,464
61,36,51,11.986443519592285,200,460
83,30,51,14.883180618286133,562,460
90,30,35,14.905694246292114,1460,469
64,29,70,14.857068538665771,103,460
85,29,43,7.094808101654053,166,108
76,30,92,15.664617538452148,33,460
92,30,119,15.671627521514893,49,460
78,30,47,12.295124530792236,425,678
74,28,66,16.56515097618103,4400,488
87,32,52,12.587789058685303,2245,629
95,30,116,14.13515853881836,25,587
80,29,46,12.663354635238647,1072,607
73,32,77,19.5702965259552,2023,626
99,30,31,12.52187466621399,1151,587
67,28,51,14.370522499084473,418,669
62,32,74,18.122185230255127,246,499
84,28,47,18.191545963287354,169,499
81,32,59,11.223503112792969,795,595
63,30,68,11.605435132980347,221,591
89,30,36,14.655935287475586,822,675
66,30,43,15.814826488494873,19,587
94,34,36,12.959096908569336,160,599
97,29,76,14.780821084976196,1233,494
88,31,53,13.034660577774048,24,669
90,31,35,11.421109199523926,641,587
60,30,44,13.020170450210571,146,669
82,31,108,13.681495428085327,18,669
91,32,38,13.087863445281982,1362,587
96,30,48,14.094997882843018,221,652
86,30,40,15.966764450073242,153,671
69,31,74,16.086311101913452,1420,499
64,30,70,12.830644845962524,803,587
74,29,66,11.219617366790771,1419,596
70,30,53,18.47166109085083,82,669
61,37,51,14.541438102722168,625,587
83,31,51,14.060359239578247,2655,537
77,33,58,15.030989170074463,1203,468
80,30,46,11.173828601837158,945,677
72,31,83,15.91488265991211,367,587
92,31,119,13.696520328521729,233,669
79,29,36,16.264522552490234,732,615
76,31,92,14.039018392562866,30,645
73,33,77,11.965408325195312,1834,622
85,30,43,15.059649229049683,1346,745
87,33,52,13.675796508789062,319,623
78,31,47,15.586302042007446,2626,499
67,29,51,11.02399754524231,578,597
95,31,116,15.077799797058105,26,587
63,31,68,10.987785816192627,862,593
62,33,74,14.053555965423584,688,587
89,31,36,12.288024425506592,2213,460
81,33,59,13.282991170883179,215,673
84,29,47,15.731151342391968,5341,600
66,31,43,13.78063702583313,19,669
82,32,108,11.611390829086304,467,587
60,31,44,11.729297876358032,496,592
91,33,38,12.045401096343994,167,598
88,32,53,12.663636922836304,24,587
90,32,35,12.614969491958618,1501,673
72,32,83,11.798406839370728,1102,593
97,30,76,15.078829526901245,656,587
94,35,36,15.970086336135864,366,756
86,31,40,13.317728281021118,1025,679
61,38,51,12.6970694065094,292,587
69,32,74,13.798386812210083,366,587
96,31,48,14.753332376480103,2191,540
92,32,119,12.875345945358276,44,669
70,31,53,13.956989288330078,4290,540
76,32,92,13.22852373123169,21,587
77,34,58,15.513256788253784,442,596
85,31,43,14.071003198623657,2051,491
87,34,52,13.950000762939453,1307,621
83,41,51,16.52388072013855,1762,589
64,31,70,17.700095176696777,76,669
73,34,77,15.649160861968994,265,612
74,30,66,17.904723405838013,351,669
78,32,47,14.374930381774902,116,669
95,32,116,13.824474573135376,39,669
67,30,51,14.595380783081055,698,587
62,34,74,11.864660501480103,1526,598
80,31,46,17.95285940170288,331,600
63,32,68,14.253418922424316,934,704
81,34,59,12.484647750854492,1537,669
60,32,44,10.892051696777344,114,669
82,33,108,11.548647165298462,18,509
79,30,36,20.105281829833984,225,669
84,30,47,13.031999588012695,76,669
89,32,36,14.569705724716187,648,669
90,33,35,11.952622413635254,197,669
61,39,51,11.334869623184204,126,669
91,34,38,14.08393144607544,128,669
97,31,76,12.598166227340698,1022,600
88,33,53,14.896015882492065,19,587
69,33,74,12.061341047286987,765,587
86,32,40,13.271198511123657,977,684
92,33,119,12.227519512176514,382,587
72,33,83,14.479296684265137,609,587
83,42,51,11.367818832397461,1073,592
87,35,52,12.588615655899048,165,667
77,35,58,13.2784423828125,1868,469
66,32,43,19.786986589431763,19,669
64,32,70,12.022151708602905,868,587
76,33,92,15.297348737716675,27,587
70,32,53,15.760109901428223,328,605
85,32,43,13.703487396240234,81,669
73,35,77,13.421024799346924,1135,594
62,35,74,12.715384006500244,550,587
95,33,116,13.690309524536133,41,669
78,33,47,14.134204864501953,119,669
84,31,47,10.780678987503052,92,587
60,33,44,12.101403713226318,612,587
74,31,66,15.057928323745728,599,587
82,34,108,11.722600936889648,202,667
81,35,59,12.843878984451294,207,587
89,33,36,11.350512504577637,1026,587
80,32,46,15.828183650970459,456,604
63,33,68,14.83669638633728,1043,465
90,34,35,12.34311556816101,1235,595
97,32,76,10.035090208053589,648,269
96,32,48,22.390211582183838,174,662
79,31,36,16.66613531112671,3676,610
82,35,108,7.0222461223602295,18,101
88,34,53,14.945924520492554,19,460
92,34,119,14.156076192855835,44,460
67,31,51,22.351511001586914,1594,523
72,34,83,13.984802961349487,131,460
95,34,116,11.498078346252441,117,245
91,35,38,18.67656636238098,1592,499
61,40,51,19.126511096954346,188,477
87,36,52,14.366345167160034,1195,555
62,36,74,12.546167135238647,730,317
66,33,43,14.98581075668335,436,460
64,33,70,15.030046463012695,249,460
77,36,58,15.126461029052734,278,463
70,33,53,15.738934993743896,2295,528
73,36,77,15.386263847351074,3059,506
86,33,40,20.79912281036377,690,460
80,33,46,13.218917846679688,1375,469
81,36,59,15.215325593948364,1098,470
74,32,66,15.575563669204712,1301,509
89,34,36,15.309326171875,445,460
76,34,92,19.768538236618042,24,460
69,34,74,24.234405994415283,181,505
78,34,47,17.932997226715088,2136,460
83,43,51,21.754630088806152,1537,490
96,33,48,15.64637041091919,1836,584
60,34,44,19.7739417552948,1382,562
67,32,51,12.036321640014648,346,737
85,33,43,23.17945647239685,503,499
84,32,47,21.123005628585815,3181,502
95,35,116,10.819281816482544,33,669
79,32,36,16.867862462997437,202,508
63,34,68,20.599327087402344,1108,503
88,35,53,14.750471830368042,19,460
66,34,43,11.242295026779175,941,669
62,37,74,12.477818727493286,294,669
97,33,76,21.46889042854309,488,551
61,41,51,13.44975733757019,128,587
64,34,70,12.94232964515686,382,587
82,36,108,17.53928303718567,1014,460
92,35,119,17.2457914352417,33,460
70,34,53,12.119725942611694,241,593
87,37,52,15.419913291931152,1257,658
89,35,36,10.862637281417847,710,669
81,37,59,11.667238235473633,196,597
80,34,46,12.327122926712036,211,606
72,35,83,19.028899431228638,999,630
91,36,38,17.272878170013428,2177,499
86,34,40,14.275604486465454,199,669
77,37,58,16.88892698287964,1966,472
74,33,66,13.054470539093018,1204,616
69,35,74,12.051755666732788,967,626
78,35,47,12.117379426956177,114,751
76,35,92,13.43839716911316,25,669
73,37,77,18.888702392578125,2784,594
66,35,43,9.62467885017395,714,460
83,44,51,15.448405981063843,2779,495
60,35,44,14.475666999816895,266,682
96,34,48,15.396719217300415,247,653
84,33,47,14.66939640045166,110,669
63,35,68,13.347105503082275,149,591
85,34,43,15.635619878768921,2165,544
70,35,53,11.033233880996704,411,669
82,37,108,11.4028480052948,956,587
92,36,119,11.61832070350647,24,669
97,34,76,12.993037939071655,214,587
95,36,116,15.840921878814697,3334,473
67,33,51,17.360057830810547,445,593
62,38,74,13.837005138397217,1705,460
61,42,51,13.335924625396729,188,592
87,38,52,11.527154207229614,278,705
88,36,53,15.778453588485718,19,587
64,35,70,14.117776870727539,71,669
72,36,83,11.814597129821777,81,669
74,34,66,11.060751914978027,140,587
79,33,36,17.584286212921143,1628,652
78,36,47,11.693476438522339,119,669
86,35,40,12.933104515075684,1362,638
76,36,92,11.413902759552002,27,587
69,36,74,12.931356430053711,447,599
91,37,38,14.673368453979492,320,669
80,35,46,15.529052972793579,1347,654
81,38,59,15.82274341583252,1098,595
77,38,58,16.528260946273804,164,671
63,36,68,11.516392230987549,1062,594
73,38,77,15.300477743148804,252,587
97,35,76,10.851795673370361,1789,276
60,36,44,13.99801778793335,200,674
84,34,47,13.206282138824463,64,587
62,39,74,11.673233985900879,378,612
67,34,51,12.472684383392334,1023,587
92,37,119,13.212817907333374,25,669
82,38,108,13.739211082458496,751,595
85,35,43,14.139634370803833,1550,559
95,37,116,13.751051902770996,1000,684
66,36,43,19.004693508148193,1581,641
96,35,48,17.4291832447052,3757,592
88,37,53,13.634353160858154,1274,615
61,43,51,14.531246662139893,126,669
72,37,83,12.967889070510864,478,669
70,36,53,16.714268445968628,299,587
79,34,36,12.973006248474121,173,669
76,37,92,11.931977987289429,22,546
74,35,66,14.27280044555664,46,669
64,36,70,16.10485029220581,194,669
81,39,59,12.14158034324646,188,597
87,39,52,17.507598161697388,1371,609
80,36,46,12.933724641799927,313,593
78,37,47,14.818759441375732,1782,460
69,37,74,14.201823949813843,1629,618
86,36,40,15.262939214706421,855,723
63,37,68,11.946333169937134,199,680
77,39,58,14.107921838760376,1796,494
79,35,36,9.04389214515686,137,240
82,39,108,12.134026050567627,892,589
85,36,43,12.16714334487915,107,703
67,35,51,13.27972960472107,949,611
73,39,77,15.279423952102661,46,669
83,45,51,30.741239309310913,2080,1512
84,35,47,15.159343957901001,2095,520
95,38,116,13.481414079666138,920,587
92,38,119,15.192235946655273,21,669
60,37,44,16.735935926437378,1123,656
66,37,43,14.562459707260132,611,460
97,36,76,19.033746004104614,236,675
61,44,51,14.861006259918213,188,477
88,38,53,15.085163593292236,1414,460
62,40,74,18.6832377910614,319,669
64,37,70,13.116371393203735,616,460
76,38,92,14.491322755813599,37,460
69,38,74,13.063182353973389,1219,460
82,40,108,7.416051387786865,18,135
81,40,59,14.417537689208984,773,460
72,38,83,17.513921976089478,3807,505
87,40,52,14.515026330947876,571,460
80,37,46,14.487202644348145,1129,460
78,38,47,14.488199472427368,99,460
70,37,53,17.54606032371521,1308,512
96,36,48,18.756197929382324,308,563
74,36,66,16.98870587348938,501,499
86,37,40,14.680960655212402,1179,480
77,40,58,12.410584449768066,189,422
67,36,51,12.655203819274902,846,499
63,38,68,16.55994153022766,423,499
92,39,119,10.975322484970093,172,460
73,40,77,13.014710187911987,744,500
85,37,43,14.021088600158691,1044,467
84,36,47,13.558807849884033,106,499
83,46,51,14.084108591079712,682,460
97,37,76,11.337325096130371,1015,460
95,39,116,13.957883596420288,2027,460
88,39,53,11.653271436691284,1867,287
60,38,44,13.968193769454956,395,461
66,38,43,13.625307083129883,217,460
64,38,70,11.696473121643066,262,456
72,39,83,11.122037172317505,1134,593
61,45,51,14.019824504852295,922,488
96,37,48,11.5383460521698,546,564
76,39,92,14.067582845687866,27,460
87,41,52,12.874552726745605,645,606
74,37,66,11.729820251464844,315,611
69,39,74,14.112727880477905,99,460
82,41,108,14.318413019180298,837,460
81,41,59,14.39801812171936,948,614
62,41,74,16.80227255821228,1166,510
80,38,46,15.646116495132446,302,606
70,38,53,15.607523918151855,3533,479
67,37,51,10.900763511657715,743,587
78,39,47,17.097212076187134,115,669
92,40,119,12.355489730834961,27,587
63,39,68,12.58829641342163,283,622
77,41,58,16.927693128585815,162,589
73,41,77,12.994196653366089,2038,460
83,47,51,11.500479698181152,562,669
86,38,40,18.858914613723755,105,669
60,39,44,11.47028923034668,230,613
85,38,43,14.162091493606567,65,587
61,46,51,11.064392328262329,320,669
95,40,116,14.196152925491333,855,587
72,40,83,11.83076524734497,768,593
97,38,76,14.700312614440918,191,676
84,37,47,15.4687020778656,3492,461
66,39,43,13.320992946624756,31,587
67,38,51,6.864952564239502,913,66
64,39,70,13.836090087890625,1302,460
74,38,66,10.97584342956543,54,673
88,40,53,16.209052324295044,24,587
76,40,92,13.570963621139526,2051,460
96,38,48,14.11708688735962,331,798
87,42,52,13.812844038009644,2738,484
69,40,74,13.218953609466553,259,589
81,42,59,13.197189569473267,248,679
62,42,74,12.69487714767456,90,587
70,39,53,12.164289236068726,315,615
80,39,46,13.224879503250122,835,595
82,42,108,15.752678871154785,1154,587
63,40,68,11.672334432601929,806,599
77,42,58,11.593335151672363,2937,463
73,42,77,11.954654693603516,1579,460
78,40,47,14.012139558792114,824,587
86,39,40,11.769741773605347,628,654
83,48,51,14.141716480255127,2655,556
72,41,83,11.335239171981812,921,649
85,39,43,13.405828475952148,388,669
66,40,43,11.232511281967163,261,669
97,39,76,11.970435380935669,999,595
61,47,51,13.224388837814331,479,626
84,38,47,12.73186993598938,145,674
60,40,44,15.620154857635498,379,645
95,41,116,13.908881664276123,2969,574
64,40,70,12.883462905883789,1247,669
76,41,92,11.211817502975464,1309,587
74,39,66,13.694071292877197,1700,516
92,41,119,19.51202964782715,27,592
81,43,59,11.160235166549683,1406,587
67,39,51,15.833504915237427,1512,616
69,41,74,12.81263256072998,167,589
87,43,52,13.014662742614746,160,607
62,43,74,13.399993896484375,1606,593
88,41,53,15.965426445007324,24,587
96,39,48,15.085068464279175,345,598
63,41,68,11.323759317398071,1422,593
82,43,108,13.044410943984985,369,587
80,40,46,13.510398387908936,1086,610
77,44,58,12.898176431655884,1797,669
70,40,53,15.815792798995972,3068,560
78,41,47,12.981124639511108,133,587
73,43,77,13.919571876525879,643,587
83,49,51,11.55712628364563,183,638
85,40,43,13.991127014160156,814,634
66,41,43,13.885427474975586,543,587
60,41,44,12.507341623306274,325,669
95,42,116,12.46497130393982,532,710
97,40,76,14.389765977859497,227,673
84,39,47,14.88261866569519,2037,499
82,44,108,8.617855072021484,18,152
87,44,52,11.839710712432861,1570,460
61,48,51,16.619954347610474,875,671
81,44,59,13.497890949249268,1138,560
88,42,53,11.208508968353271,224,669
76,42,92,15.146379232406616,2640,499
74,40,66,15.374252557754517,61,587
63,42,68,11.490163087844849,559,499
67,40,51,13.70097041130066,293,669
92,42,119,15.295206308364868,23,587
77,45,58,10.031623125076294,121,460
69,42,74,14.897592306137085,1163,672
80,41,46,14.051599979400635,997,522
62,44,74,16.131706714630127,185,675
64,41,70,21.01966667175293,98,587
72,42,83,24.52866220474243,484,734
70,41,53,14.515216827392578,272,471
73,44,77,13.766138315200806,2615,467
83,50,51,13.779886484146118,332,460
96,40,48,19.08837580680847,374,569
78,42,47,16.404399156570435,2170,1045
85,41,43,14.07650351524353,1392,651
66,42,43,13.908486127853394,102,460
84,40,47,11.551585912704468,97,460
95,43,116,13.394168615341187,744,465
61,49,51,10.447776079177856,574,460
87,45,52,12.043213129043579,328,460
82,45,108,12.924505949020386,1184,460
76,43,92,12.365922212600708,2990,460
92,43,119,12.134854555130005,30,460
81,45,59,14.131371259689331,249,509
97,41,76,16.839292526245117,620,499
88,43,53,14.439404010772705,1170,460
74,41,66,13.701535940170288,1088,499
67,41,51,14.006606340408325,1709,505
63,43,68,14.094257593154907,264,516
77,46,58,14.4227774143219,222,505
80,42,46,11.975684881210327,2187,504
69,43,74,16.402218341827393,1892,503
70,42,53,12.603942394256592,1753,473
64,42,70,14.16732406616211,261,460
78,43,47,11.029346704483032,107,460
73,45,77,13.933053731918335,1337,460
62,45,74,16.05465292930603,307,498
72,43,83,14.487894773483276,2727,538
84,41,47,10.829925537109375,558,597
85,42,43,10.917316675186157,176,669
87,46,52,11.873340129852295,1263,460
96,41,48,15.452504396438599,740,567
97,42,76,11.098564147949219,247,675
95,44,116,15.091662406921387,1317,702
76,44,92,13.953125476837158,4101,515
61,50,51,16.42262887954712,158,669
92,44,119,13.527415752410889,3740,460
74,42,66,12.381994009017944,295,668
63,44,68,12.445882797241211,717,709
81,46,59,13.418266296386719,1829,721
82,46,108,15.75342869758606,540,669
80,43,46,11.392975091934204,693,607
88,44,53,14.0425124168396,287,689
77,47,58,14.626839876174927,731,620
70,43,53,11.780566453933716,583,605
69,44,74,12.122072458267212,1169,587
64,43,70,11.657187938690186,182,669
67,42,51,16.71421980857849,2867,578
78,44,47,12.14302396774292,117,669
60,42,44,35.51275444030762,438,1919
73,46,77,12.368614673614502,43,669
62,46,74,12.251940250396729,386,665
84,42,47,13.611930131912231,832,600
72,44,83,14.414511442184448,305,647
96,42,48,12.212631702423096,533,669
87,47,52,13.563939094543457,2792,460
97,43,76,12.193837881088257,1150,600
69,45,74,6.858778476715088,721,68
95,45,116,12.874666452407837,1008,605
76,45,92,12.177867650985718,1905,460
92,45,119,12.303049564361572,422,669
74,43,66,12.287294387817383,1245,625
81,47,59,12.138624906539917,249,595
82,47,108,12.015134334564209,881,600
63,45,68,12.583544969558716,272,740
77,48,58,12.386895656585693,2939,499
73,47,77,9.681928634643555,1329,462
67,43,51,11.275038003921509,18,587
88,45,53,14.558947086334229,1991,515
64,44,70,14.43544054031372,446,669
70,44,53,15.086768388748169,1719,612
62,47,74,14.491682529449463,510,669
72,45,83,13.095305681228638,1162,587
84,43,47,14.341710805892944,647,593
95,46,116,10.72153615951538,98,669
80,44,46,21.18697166442871,1029,643
92,46,119,10.832519054412842,1783,460
87,48,52,13.703973293304443,1379,587
76,46,92,12.694816589355469,81,587
81,48,59,12.442237615585327,278,677
63,46,68,12.945128917694092,1120,603
96,43,48,17.14891028404236,317,669
97,44,76,16.00298810005188,1304,676
73,48,77,11.434702396392822,329,589
74,44,66,15.107134342193604,464,669
60,43,44,23.660767316818237,860,1362
67,44,51,13.197840452194214,18,726
77,49,58,13.839624643325806,1012,611
88,46,53,13.569092988967896,52,669
69,46,74,19.375444173812866,79,587
64,45,70,11.504389762878418,157,698
87,49,52,7.613812208175659,178,172
70,45,53,12.484272003173828,216,677
80,45,46,11.491357564926147,411,460
84,44,47,12.638684034347534,1132,595
92,47,119,11.853820323944092,1738,460
76,47,92,11.482357263565063,212,460
63,47,68,10.880973100662231,200,502
72,46,83,16.08256697654724,370,593
97,45,76,11.472734451293945,215,466
82,48,108,25.61146116256714,552,681
67,45,51,9.579849243164062,294,460
96,44,48,12.838884353637695,221,478
81,49,59,14.331981420516968,321,460
62,48,74,19.643626928329468,154,593
87,50,52,9.503365278244019,175,246
95,47,116,19.31058168411255,637,602
74,45,66,14.442324876785278,1096,499
88,47,53,12.171363115310669,344,460
73,49,77,14.892127990722656,1209,470
84,45,47,8.504732370376587,194,308
69,47,74,13.466324806213379,791,460
77,50,58,14.493083238601685,2333,460
64,46,70,14.34463357925415,896,503
70,46,53,13.422609567642212,906,460
63,48,68,11.11186671257019,728,520
96,45,48,10.199243307113647,200,480
92,48,119,14.58446478843689,2718,460
73,50,77,7.5954954624176025,396,97
82,49,108,11.206084489822388,630,460
84,46,47,7.2873311042785645,171,237
76,48,92,14.580102443695068,171,462
87,51,52,10.555315256118774,402,440
62,49,74,11.73114538192749,844,504
95,48,116,10.835304737091064,549,460
67,46,51,13.906870603561401,162,460
72,47,83,15.089308500289917,1168,505
81,50,59,13.9121675491333,169,460
88,48,53,11.522937536239624,31,460
97,46,76,16.14914560317993,847,518
74,46,66,14.00039529800415,701,490
70,47,53,11.703007698059082,272,669
69,48,74,13.360075950622559,293,499
73,51,77,7.9336419105529785,3212,98
64,47,70,13.873353958129883,56,669
63,49,68,11.316090106964111,452,474
77,51,58,16.876403331756592,145,589
76,49,92,10.407702684402466,57,460
92,49,119,11.85584807395935,2934,460
96,46,48,14.452192783355713,430,595
67,47,51,11.232208490371704,77,587
95,49,116,12.90910267829895,91,587
97,47,76,11.523608207702637,203,675
81,51,59,12.53585147857666,106,587
62,50,74,14.92879605293274,163,593
88,49,53,14.820154190063477,261,669
72,48,83,15.481203317642212,1247,677
82,50,108,18.68558120727539,1408,587
69,49,74,11.88132381439209,135,668
70,48,53,12.977821350097656,2225,592
74,47,66,14.520177125930786,111,727
73,52,77,13.593931913375854,329,589
63,50,68,12.690290212631226,202,550
77,52,58,11.227452039718628,147,677
76,50,92,11.209366798400879,1590,496
64,48,70,14.094568252563477,562,587
92,50,119,12.138113021850586,1049,669
95,50,116,10.729012489318848,995,518
97,48,76,10.823124408721924,163,587
72,49,83,8.5666344165802,1122,262
62,51,74,11.714919328689575,1082,587
67,48,51,14.864047527313232,127,669
82,51,108,11.356244325637817,1171,460
69,50,74,12.085971117019653,732,587
78,45,47,76.95924162864685,981,3754
81,52,59,16.165458917617798,157,669
70,49,53,12.461663961410522,280,611
96,47,48,18.910166025161743,299,657
74,48,66,12.733327150344849,1390,611
63,51,68,11.855327129364014,1398,593
73,53,77,13.501542091369629,2088,512
77,53,58,12.939901351928711,125,603
76,51,92,12.993788480758667,1826,499
64,49,70,12.839797735214233,162,674
88,50,53,18.075942516326904,65,667
92,51,119,13.468737125396729,1063,587
95,51,116,13.110195398330688,840,629
72,50,83,12.589302062988281,312,617
97,49,76,12.923693895339966,1083,612
62,52,74,11.6854887008667,1543,465
69,51,74,13.321216821670532,747,627
67,49,51,16.497029781341553,153,669
70,50,53,13.611158609390259,92,669
73,54,77,11.443931341171265,439,462
82,52,108,16.332062482833862,1695,470
74,49,66,13.238039255142212,1092,477
64,50,70,11.603738784790039,247,467
63,52,68,13.338156938552856,601,512
78,46,47,15.787461042404175,400,858
88,51,53,11.646090984344482,63,458
77,54,58,13.396349668502808,636,505
76,52,92,14.045684337615967,267,519
81,53,59,17.46916174888611,160,669
92,52,119,12.645962715148926,1357,476
72,51,83,11.939348220825195,627,472
62,53,74,11.301368951797485,157,466
95,52,116,13.928303003311157,292,460
88,52,53,7.053159713745117,102,146
67,50,51,11.200563192367554,135,460
70,51,53,11.137994050979614,447,460
74,50,66,12.749240636825562,89,460
69,52,74,14.829164743423462,3515,499
64,51,70,12.460423946380615,100,466
77,55,58,11.919512271881104,2217,460
82,53,108,14.26393175125122,980,499
63,53,68,14.566773414611816,265,516
76,53,92,12.620834350585938,1005,460
92,53,119,12.358441829681396,74,460
73,55,77,15.777148246765137,2393,473
81,54,59,14.834847211837769,134,460
95,53,116,12.201828956604004,765,513
72,52,83,15.112183332443237,740,505
62,54,74,15.140886068344116,793,460
77,56,58,11.429145574569702,574,462
97,50,76,33.49804902076721,2169,1426
69,53,74,13.760180473327637,137,499
82,54,108,13.327383518218994,2889,478
74,51,66,15.671787738800049,1159,499
63,54,68,13.173322439193726,549,502
76,54,92,13.8000328540802,683,502
73,56,77,13.858000755310059,420,501
81,55,59,12.495325565338135,127,460
92,54,119,15.605420112609863,1718,460
72,53,83,11.378633260726929,399,680
64,52,70,18.30625009536743,166,505
95,54,116,12.897537231445312,122,587
70,52,53,21.909104347229004,303,991
62,55,74,12.37622618675232,331,589
97,51,76,11.120023965835571,288,676
69,54,74,11.344099521636963,592,587
76,55,92,11.845635175704956,95,669
63,55,68,12.92117190361023,224,591
77,57,58,16.738821029663086,2266,483
64,53,70,10.959047079086304,192,587
74,52,66,14.09523606300354,1059,503
81,56,59,13.478525400161743,101,587
92,55,119,12.82350778579712,2717,460
95,55,116,12.745612144470215,536,733
62,56,74,11.548721551895142,493,654
72,54,83,15.868178844451904,314,611
82,55,108,20.51067590713501,1552,499
69,55,74,10.744863033294678,134,669
73,57,77,19.32978892326355,3176,507
63,56,68,13.483970642089844,876,593
92,56,119,12.227946281433105,68,587
64,54,70,13.952847719192505,321,587
95,56,116,12.581783056259155,1292,627
97,52,76,19.427240133285522,1400,535
62,57,74,12.97500205039978,385,675
81,57,59,13.812630891799927,142,587
74,53,66,16.04142665863037,219,676
76,56,92,18.083314180374146,2721,953
72,55,83,13.714970588684082,556,505
69,56,74,12.831695556640625,2003,547
82,56,108,16.215816259384155,19,460
73,58,77,15.595192670822144,433,462
92,57,119,10.491496562957764,953,460
64,55,70,10.365168333053589,1170,460
95,57,116,10.27772831916809,59,364
63,57,68,12.927652359008789,422,526
81,58,59,10.273111581802368,144,255
97,53,76,12.566444158554077,2192,499
74,54,66,11.260212182998657,2576,491
62,58,74,12.812033891677856,1229,508
82,57,108,7.0159876346588135,19,169
69,57,74,10.737214803695679,271,467
76,57,92,14.578945875167847,1803,478
72,56,83,13.107456684112549,442,499
95,58,116,11.420793056488037,732,308
73,59,77,15.682272672653198,3687,476
92,58,119,14.078687191009521,1474,460
64,56,70,14.06672477722168,230,464
63,58,68,13.836150407791138,170,499
97,54,76,14.350712776184082,290,462
74,55,66,14.31204104423523,1038,464
62,59,74,14.224593877792358,637,504
82,58,108,15.125831604003906,24,460
73,60,77,7.198783874511719,303,108
69,58,74,15.02581524848938,2518,479
76,58,92,13.652498722076416,219,473
72,57,83,13.478221654891968,851,477
64,57,70,10.274610757827759,65,386
95,59,116,12.585347175598145,641,460
92,59,119,13.767711162567139,1177,460
62,60,74,10.758918046951294,1381,466
63,59,68,13.548635721206665,424,461
74,56,66,13.207610368728638,132,460
72,58,83,10.65419864654541,310,485
82,59,108,12.004528045654297,19,460
97,55,76,15.76159930229187,482,499
69,59,74,13.308550834655762,318,463
76,59,92,13.934827327728271,158,473
73,61,77,14.215171098709106,1659,477
64,58,70,11.703173398971558,922,460
95,60,116,15.421815156936646,460,733
62,61,74,11.50474739074707,210,593
92,60,119,13.675817489624023,1078,478
63,60,68,13.890831708908081,463,593
72,59,83,12.363407373428345,481,669
97,56,76,11.560200452804565,1284,473
69,60,74,11.161902666091919,1809,479
74,57,66,15.671528816223145,1047,499
73,62,77,11.677887439727783,306,687
76,60,92,12.1226065158844,658,693
82,60,108,15.60576868057251,24,668
64,59,70,16.925238370895386,478,587
95,61,116,14.981783151626587,252,468
69,61,74,11.108883380889893,172,508
92,61,119,15.048662900924683,84,460
62,62,74,16.961605072021484,581,499
72,60,83,14.57199740409851,810,547
63,61,68,16.294034004211426,357,505
73,63,77,12.377541542053223,4398,471
82,61,108,11.71047592163086,19,460
76,61,92,13.565019607543945,230,481
97,57,76,15.934303283691406,506,460
74,58,66,15.258774042129517,569,462
64,60,70,10.373965501785278,323,493
95,62,116,9.466514110565186,552,460
69,62,74,9.566114902496338,614,460
62,63,74,10.581304788589478,194,505
73,64,77,11.666564464569092,125,499
97,58,76,11.20980954170227,1463,521
92,62,119,15.747375249862671,929,499
76,62,92,11.919275045394897,515,475
72,61,83,13.85827350616455,146,467
82,62,108,15.62650203704834,19,460
63,62,68,15.87302541732788,1379,499
64,61,70,13.342052459716797,1288,460
74,59,66,15.497561693191528,184,494
95,63,116,12.69032335281372,788,500
69,63,74,12.195054769515991,656,460
73,65,77,9.275534629821777,180,108
62,64,74,13.17560601234436,1125,499
97,59,76,12.294451713562012,477,466
76,63,92,13.201720952987671,171,474
92,63,119,13.994827270507812,292,460
63,63,68,12.359983205795288,709,466
72,62,83,15.04502248764038,532,507
82,63,108,13.79879641532898,24,460
64,62,70,12.082314252853394,191,493
95,64,116,13.612732172012329,1463,460
69,64,74,14.27345609664917,169,467
74,60,66,16.13184404373169,1401,499
73,66,77,13.878193140029907,98,460
62,65,74,15.165609359741211,149,505
97,60,76,12.9085693359375,850,504
76,64,92,12.463620901107788,1510,465
92,64,119,12.096658706665039,636,546
72,63,83,11.304526805877686,243,604
64,63,70,11.704958438873291,692,460
63,64,68,14.492240190505981,608,669
69,65,74,10.921611070632935,347,669
95,65,116,13.12083625793457,810,460
74,61,66,11.679881572723389,683,621
73,67,77,14.747329473495483,2528,483
82,64,108,20.845587015151978,19,669
62,66,74,13.40910291671753,1036,587
72,64,83,11.682573318481445,1465,460
92,65,119,13.864293575286865,775,460
97,61,76,16.05546998977661,640,594
64,64,70,12.970277070999146,1539,511
76,65,92,16.822598218917847,297,687
82,65,108,6.654903173446655,19,146
69,66,74,12.842580318450928,1930,515
95,66,116,12.654783964157104,1964,468
63,65,68,15.292168140411377,98,499
74,62,66,12.616582155227661,671,522
73,68,77,9.08216404914856,86,308
62,67,74,13.920473337173462,191,505
92,66,119,13.035905599594116,331,460
95,67,116,9.611806869506836,545,299
72,65,83,15.770418167114258,424,584
64,65,70,13.08027195930481,75,460
63,66,68,11.561897277832031,1851,460
74,63,66,10.98965072631836,510,460
97,62,76,15.545565366744995,959,468
82,66,108,13.453835010528564,19,460
69,67,74,13.689552545547485,181,476
76,66,92,16.579559087753296,1645,464
74,64,66,7.161189794540405,193,59
92,67,119,10.334961175918579,466,460
64,66,70,11.845792531967163,882,460
72,66,83,13.13904333114624,2095,499
62,68,74,16.90401601791382,1121,505
73,69,77,22.682307481765747,790,1418
63,67,68,12.91542673110962,1750,499
97,63,76,13.694947719573975,1904,544
74,65,66,6.626614093780518,207,132
82,67,108,13.588114261627197,542,486
69,68,74,14.468207597732544,1025,518
76,67,92,13.383312940597534,607,499
92,68,119,11.187536716461182,231,460
95,68,116,23.222855806350708,1525,552
64,67,70,11.771493911743164,108,460
73,70,77,10.528096199035645,103,462
72,67,83,11.910990953445435,195,460
82,68,108,10.331666707992554,19,460
62,69,74,13.270249843597412,182,505
97,64,76,11.47797679901123,323,471
92,69,119,7.494143009185791,68,249
69,69,74,13.260782718658447,1325,515
76,68,92,13.21316146850586,1724,499
72,68,83,10.403441429138184,2915,532
64,68,70,11.938766241073608,3169,462
95,69,116,15.058410406112671,87,669
82,69,108,11.557358026504517,19,587
73,71,77,14.679339408874512,161,688
62,70,74,13.562580585479736,1238,592
97,65,76,15.546650171279907,145,669
76,69,92,13.243088006973267,279,669
92,70,119,17.112793684005737,625,546
64,69,70,10.843018531799316,186,233
69,70,74,15.761543989181519,206,587
72,69,83,11.934669971466064,911,505
82,70,108,11.726805686950684,19,460
95,70,116,14.005166053771973,744,499
62,71,74,11.83810019493103,209,460
73,72,77,16.39172863960266,144,501
97,66,76,12.65343952178955,164,460
92,71,119,11.945356607437134,1109,454
69,71,74,11.305722713470459,188,460
72,70,83,11.70790719985962,138,507
76,70,92,14.306175470352173,900,519
82,71,108,11.500624418258667,24,460
95,71,116,10.919461011886597,352,499
62,72,74,11.35426640510559,188,460
73,73,77,9.437039613723755,135,479
97,67,76,12.301800966262817,135,474
92,72,119,11.700368404388428,700,460
72,71,83,11.417556762695312,244,460
69,72,74,13.680999517440796,252,499
76,71,92,13.306657075881958,178,460
82,72,108,11.430554389953613,629,499
62,73,74,11.750816106796265,304,499
95,72,116,12.829513788223267,1754,463
73,74,77,11.718013525009155,158,460
97,68,76,11.386356353759766,264,485
92,73,119,11.088109493255615,265,460
72,72,83,12.364614725112915,1053,505
76,72,92,10.934450626373291,1533,505
69,73,74,12.068066835403442,198,533
82,73,108,10.950280666351318,24,460
95,73,116,12.856928586959839,846,540
97,69,76,10.60568380355835,245,460
73,75,77,13.333311557769775,714,523
92,74,119,10.251724243164062,1356,460
82,74,108,7.637478351593018,19,171
76,73,92,9.229838609695435,268,467
72,73,83,12.615498542785645,290,491
97,70,76,10.214413166046143,126,460
92,75,119,11.191075801849365,53,460
82,75,108,10.412743330001831,19,460
76,74,92,10.739957094192505,268,465
95,74,116,15.272860050201416,1606,987
72,74,83,10.994874000549316,2568,541
97,71,76,12.740818500518799,417,460
92,76,119,11.895691633224487,1397,499
82,76,108,11.605585098266602,19,460
95,75,116,11.404873371124268,215,460
76,75,92,13.239891052246094,945,467
72,75,83,13.018704891204834,403,592
73,76,77,31.555209636688232,663,1860
82,77,108,8.195856094360352,24,345
97,72,76,13.14111328125,504,460
92,77,119,13.03363561630249,709,460
76,76,92,12.515873193740845,163,467
95,76,116,13.964885950088501,418,536
72,76,83,14.216403722763062,599,499
82,78,108,12.930288314819336,24,460
76,77,92,9.116426706314087,167,467
97,73,76,12.372559309005737,188,460
92,78,119,12.371331930160522,797,501
95,77,116,13.292634725570679,301,550
72,77,83,12.476966857910156,891,566
82,79,108,13.837863206863403,19,460
92,79,119,11.47103238105774,272,460
97,74,76,11.91048550605774,349,460
76,78,92,12.399888753890991,1170,515
72,78,83,9.596572875976562,878,466
95,78,116,14.077504873275757,677,540
97,75,76,11.462103605270386,649,460
82,80,108,12.971534252166748,19,669
76,79,92,11.709081649780273,948,460
92,80,119,12.97674560546875,2849,557
95,79,116,9.192287921905518,269,481
72,79,83,11.813923358917236,330,460
82,81,108,10.805777311325073,19,460
76,80,92,10.940263271331787,91,460
92,81,119,13.733113288879395,1084,498
72,80,83,10.943918466567993,188,460
82,82,108,10.800774097442627,24,460
95,80,116,18.868123054504395,1038,822
76,81,92,12.464054107666016,819,499
72,81,83,10.82731819152832,451,460
92,82,119,12.710689544677734,90,460
82,83,108,6.444946527481079,19,171
95,81,116,13.554175853729248,988,620
76,82,92,13.946463346481323,371,499
92,83,119,11.393030405044556,1048,460
82,84,108,11.504418849945068,19,460
82,85,108,8.03771710395813,19,146
72,82,83,20.175429105758667,411,1147
95,82,116,13.801680564880371,374,495
92,84,119,13.07871961593628,1314,460
76,83,92,14.627538919448853,1515,499
82,86,108,11.891136407852173,24,460
95,83,116,10.34049129486084,1182,460
76,84,92,11.330212831497192,180,460
92,85,119,11.796772480010986,236,460
95,84,116,13.837003469467163,278,506
82,87,108,15.251315355300903,683,460
92,86,119,10.691550731658936,2143,499
76,85,92,11.584674835205078,466,460
82,88,108,10.448023319244385,1941,473
76,86,92,11.57931923866272,249,460
92,87,119,12.632736444473267,205,478
95,85,116,14.521795272827148,417,499
82,89,108,11.600386619567871,165,460
95,86,116,9.248786687850952,483,348
92,88,119,13.286599397659302,680,503
76,87,92,14.041302680969238,1769,460
82,90,108,10.601215124130249,41,499
76,88,92,11.755654573440552,287,460
92,89,119,12.731988668441772,912,499
95,87,116,16.002528190612793,252,499
82,91,108,7.760298013687134,148,230
82,92,108,9.177695989608765,148,217
92,90,119,11.140172481536865,182,460
76,89,92,12.779139280319214,381,499
95,88,116,16.51624870300293,1052,524
82,93,108,9.032406330108643,148,229
92,91,119,13.913055419921875,1145,464
82,94,108,8.322378396987915,148,217
95,89,116,12.381111860275269,664,462
76,90,92,17.882437467575073,362,579
92,92,119,12.003719568252563,190,468
82,95,108,9.161143779754639,148,226
95,90,116,13.07753324508667,709,482
82,96,108,7.981743097305298,148,217
76,91,92,16.027920961380005,859,499
92,93,119,11.786861181259155,2297,460
82,97,108,7.30146336555481,148,226
95,91,116,11.118919610977173,1989,463
92,94,119,10.404792785644531,2239,499
82,98,108,7.649419784545898,148,217
95,92,116,11.461702108383179,190,471
82,99,108,7.71750545501709,148,235
92,95,119,10.916827201843262,1077,460
95,93,116,11.652031421661377,271,499
82,100,108,11.65982985496521,151,229
92,96,119,12.347753763198853,1435,460
82,101,108,7.560231924057007,151,220
95,94,116,11.729979276657104,407,460
82,102,108,7.999240398406982,151,211
92,97,119,13.911798000335693,276,460
82,103,108,8.328419208526611,151,229
95,95,116,15.434235572814941,811,510
82,104,108,7.939204931259155,151,219
92,98,119,16.00106191635132,2675,460
95,96,116,12.292183876037598,197,474
82,105,108,8.72262454032898,151,211
92,99,119,14.976234912872314,1399,460
95,97,116,16.35609483718872,2478,550
82,106,108,14.571459770202637,397,460
92,100,119,14.254500389099121,658,499
95,98,116,12.366373300552368,362,469
82,107,108,12.859106540679932,102,460
92,101,119,12.792328834533691,89,460
95,99,116,17.54332709312439,1143,598
92,102,119,13.425595760345459,1345,460
95,100,116,14.275792837142944,722,512
92,103,119,11.341237306594849,420,460
95,101,116,14.98089599609375,618,503
92,104,119,13.97842025756836,1470,460
95,102,116,11.634258031845093,335,465
92,105,119,17.880521059036255,790,499
95,103,116,14.484153747558594,1376,502
92,106,119,17.294337272644043,578,499
95,104,116,17.797322750091553,496,536
92,107,119,11.314293622970581,1556,460
95,105,116,14.812943458557129,266,499
92,108,119,15.806671380996704,469,460
95,106,116,11.972134828567505,740,470
92,109,119,12.585753679275513,325,460
95,107,116,16.03470230102539,588,464
92,110,119,15.906831502914429,3113,460
95,108,116,15.064186811447144,346,494
92,111,119,14.593077659606934,3019,460
92,112,119,13.784302949905396,379,460
95,109,116,19.51291823387146,1372,601
92,113,119,14.501108646392822,599,460
95,110,116,15.821382522583008,1895,526
92,114,119,13.020378589630127,1442,460
95,111,116,14.874377965927124,1426,555
92,115,119,13.42512583732605,252,460
95,112,116,13.43458080291748,448,649
92,116,119,8.986499309539795,188,460
92,117,119,13.686354160308838,279,460
95,113,116,19.325328588485718,521,546
92,118,119,11.892996788024902,411,460
95,114,116,17.8823344707489,280,576
95,115,116,22.689197540283203,273,658
145,0,44,10.598812580108643,762,460
130,0,113,11.412766695022583,34,587
151,0,92,12.101341009140015,34,669
167,0,36,12.314807415008545,1577,587
176,0,66,12.433394193649292,2224,587
163,0,55,12.502164602279663,262,587
101,0,46,12.838654041290283,3295,460
147,0,43,12.790912628173828,2379,587
116,0,34,12.953880071640015,818,460
110,0,74,13.01249647140503,1937,460
148,0,51,12.895572662353516,5651,460
109,0,28,13.073991298675537,323,460
135,0,27,12.97082805633545,5505,460
154,0,21,12.900473594665527,1327,460
166,0,43,12.941941738128662,861,669
172,0,35,12.964387655258179,1663,587
115,0,179,13.426304817199707,129,669
152,0,54,13.298749446868896,71,587
155,0,61,13.412163972854614,1635,587
132,0,25,13.520832538604736,1069,587
170,0,76,13.427721977233887,2511,587
106,0,73,13.883053064346313,34,460
171,0,60,13.635998487472534,42,460
174,0,92,13.634005308151245,68,587
143,0,59,13.77357530593872,1702,460
136,0,28,13.813948154449463,6017,460
126,0,36,13.907654762268066,3698,460
138,0,39,14.107467651367188,4785,499
164,0,116,14.010056018829346,40,587
112,0,71,14.239001512527466,62,460
128,0,36,14.179739236831665,1756,460
179,0,21,13.97437071800232,1928,695
113,0,76,14.291371583938599,38,460
156,0,54,14.118091583251953,1681,460
160,0,35,14.16810655593872,1432,460
111,0,80,14.386914253234863,58,460
165,0,32,14.305493831634521,1398,587
103,0,88,14.715965986251831,39,460
120,0,41,14.651136875152588,1913,460
107,0,44,14.716917276382446,3175,460
150,0,125,14.566872835159302,31,460
104,0,80,14.772201299667358,1079,460
142,0,64,14.619899034500122,1616,460
162,0,87,14.542617082595825,64,460
119,0,69,14.73403000831604,1489,460
141,0,37,14.670515537261963,475,460
108,0,45,14.81952691078186,2585,460
102,0,21,14.853627681732178,283,460
124,0,45,14.76591968536377,2578,460
168,0,20,14.586466789245605,2218,460
177,0,21,15.234008312225342,467,587
100,0,82,15.742086410522461,13708,531
159,0,63,15.573215246200562,53,669
137,0,52,15.711827278137207,1155,614
175,0,49,15.620359182357788,970,665
134,0,30,15.88722825050354,1423,460
114,0,43,16.044271230697632,1562,519
178,0,33,15.835263729095459,10157,499
118,0,30,16.243581771850586,6670,499
173,0,31,16.088169813156128,786,587
117,0,67,16.857972860336304,1000,575
144,0,23,17.035359621047974,584,587
139,0,30,17.418102025985718,1386,587
158,0,69,17.382298469543457,2115,587
121,0,63,18.11542773246765,1696,460
127,0,49,18.16819429397583,1554,460
161,0,39,18.101706743240356,954,460
125,0,52,18.285198211669922,1046,460
105,0,49,18.448283195495605,1294,460
149,0,50,18.269864797592163,2735,460
157,0,67,20.05079412460327,71,669
131,0,37,20.20247507095337,1506,587
123,0,67,20.78152871131897,3618,499
169,0,42,20.63284969329834,2906,499
129,0,41,20.81429100036621,14962,499
146,0,42,20.85773730278015,16553,499
122,0,59,21.409730434417725,71,544
153,0,57,21.655031204223633,2551,620
145,1,44,11.972474336624146,52,587
163,1,55,11.301193714141846,52,669
147,1,43,11.189065933227539,10046,460
154,1,21,11.097850561141968,2127,460
109,1,28,11.447646141052246,52,669
176,1,66,12.54362940788269,3076,460
135,1,27,12.258445024490356,2841,460
136,1,28,11.459277153015137,3563,499
148,1,51,12.34126591682434,2519,587
130,1,113,13.910291194915771,52,587
166,1,43,12.788115501403809,690,631
120,1,41,11.422203302383423,4063,460
151,1,92,14.153221368789673,45,669
171,1,60,12.581228494644165,64,587
156,1,54,12.176391363143921,2888,567
113,1,76,12.41694450378418,51,587
155,1,61,13.12782073020935,1355,587
162,1,87,12.00653338432312,40,587
101,1,46,14.206221103668213,1072,587
165,1,32,12.479195594787598,1500,611
172,1,35,14.097705841064453,1307,460
103,1,88,13.05923843383789,50,587
142,1,64,13.098302125930786,2696,587
104,1,80,13.114946842193604,3357,587
108,1,45,13.124648809432983,3672,587
110,1,74,14.938589811325073,56,587
116,1,34,14.97977590560913,1816,613
106,1,73,14.112810373306274,39,743
124,1,45,13.282576322555542,2642,604
126,1,36,14.190162420272827,7847,460
111,1,80,13.787755966186523,54,669
140,0,118,28.14701747894287,54,648
143,1,59,14.368589162826538,689,587
139,1,30,10.826144456863403,1658,460
164,1,116,14.138926029205322,43,587
141,1,37,13.782791376113892,1567,617
102,1,21,13.77566385269165,54,669
137,1,52,12.820902824401855,448,587
150,1,125,13.98005199432373,52,684
107,1,44,14.024372100830078,8831,499
152,1,54,15.482428073883057,77,587
132,1,25,15.394354581832886,2973,672
167,1,36,16.52713632583618,3655,499
174,1,92,15.189918041229248,28,669
128,1,36,14.951240062713623,2287,593
134,1,30,13.298165321350098,1552,620
100,1,82,13.693569660186768,92,587
119,1,69,14.753402948379517,1817,593
168,1,20,14.928975582122803,4307,792
121,1,63,11.8335120677948,1833,587
115,1,179,16.595335960388184,33,669
117,1,67,13.23321795463562,2499,627
112,1,71,16.028979301452637,59,587
159,1,63,14.713184595108032,53,669
118,1,30,14.228735446929932,3202,661
149,1,50,12.309032917022705,54,669
179,1,21,16.504828214645386,963,815
177,1,21,15.362123012542725,54,587
138,1,39,16.670607089996338,3176,499
144,1,23,13.824394226074219,51,587
160,1,35,16.633071184158325,1074,592
133,0,63,31.1700701713562,1712,587
127,1,49,13.03626799583435,3722,716
175,1,49,16.057767152786255,5423,605
125,1,52,13.71325945854187,1008,618
178,1,33,16.34518074989319,4644,587
114,1,43,16.48346519470215,2686,690
105,1,49,14.695674896240234,4569,705
156,2,54,6.850770711898804,3001,66
122,1,59,11.9627206325531,68,587
157,1,67,13.182580471038818,77,587
131,1,37,13.264477968215942,3257,587
158,1,69,16.030675172805786,1819,587
153,1,57,12.403924226760864,4362,612
145,2,44,11.896800756454468,2008,612
173,1,31,18.273340702056885,1333,715
169,1,42,14.073729038238525,3700,612
102,2,21,6.939897298812866,648,66
123,1,67,15.226802349090576,198,669
161,1,39,18.164584636688232,1026,587
136,2,28,11.425494909286499,515,673
109,2,28,12.481088638305664,969,685
120,2,41,11.287687063217163,1367,587
135,2,27,13.06500244140625,1713,611
154,2,21,14.262497901916504,640,630
147,2,43,14.427605867385864,3166,587
176,2,66,13.42732834815979,2766,587
126,2,36,10.689416408538818,935,460
151,2,92,12.458556413650513,36,587
146,1,42,18.03295111656189,1022,587
170,1,76,25.45125699043274,4216,1914
113,2,76,12.580780267715454,47,669
171,2,60,13.41923475265503,46,587
124,2,45,11.882697105407715,3065,594
101,2,46,13.26725459098816,1659,705
141,2,37,13.012822151184082,787,589
162,2,87,14.894562482833862,58,587
150,2,125,12.962214231491089,57,669
116,2,34,13.791569948196411,1591,705
174,2,92,12.666306972503662,77,587
148,2,51,16.37302851676941,4492,672
155,2,61,15.323762655258179,3694,587
110,2,74,14.117008447647095,1355,460
168,2,20,12.329038143157959,1058,587
163,2,55,18.114612102508545,1843,587
107,2,44,13.52115535736084,1942,595
140,1,118,13.998350620269775,63,586
100,2,82,13.084480285644531,3227,587
165,2,32,15.508838415145874,1605,705
119,2,69,13.032582998275757,1647,587
108,2,45,14.79630708694458,4833,772
134,2,30,13.566291093826294,749,587
172,2,35,15.7476065158844,2178,618
132,2,25,14.14260983467102,3508,641
117,2,67,13.359294652938843,2086,613
130,2,113,18.149487018585205,35,587
128,2,36,14.35822057723999,1305,593
118,2,30,13.255832433700562,831,721
125,2,52,12.257469177246094,1941,676
138,2,39,13.516146183013916,8357,587
149,2,50,13.852433204650879,1367,624
152,2,54,15.68171739578247,33,669
166,2,43,18.722049236297607,692,587
127,2,49,13.461980104446411,403,587
106,2,73,16.963342905044556,33,669
164,2,116,16.780629634857178,55,587
142,2,64,17.44667339324951,829,603
143,2,59,17.173163414001465,1747,587
137,2,52,16.818960428237915,932,602
177,2,21,14.666232347488403,2589,460
167,2,36,16.585225105285645,5536,587
115,2,179,15.895033597946167,77,587
112,2,71,15.80156683921814,56,669
104,2,80,18.263856410980225,3550,587
159,2,63,15.689429521560669,59,669
158,2,69,12.616929531097412,813,669
131,2,37,12.684608936309814,3282,589
144,2,23,15.386610984802246,1110,587
114,2,43,14.082277536392212,1360,593
121,2,63,16.691185235977173,3132,587
111,2,80,18.51728105545044,83,587
157,2,67,13.361922025680542,33,669
133,1,63,15.809900045394897,2241,460
122,2,59,13.870411157608032,59,669
160,2,35,16.48130702972412,1209,500
179,2,21,16.797988653182983,794,612
173,2,31,13.02041745185852,1605,636
129,1,41,26.951651334762573,5559,634
175,2,49,15.940678596496582,4312,646
105,2,49,15.205962419509888,3858,798
169,2,42,13.649900913238525,4672,688
103,2,88,21.141357421875,40,587
139,2,30,20.689826488494873,2578,631
178,2,33,16.667564868927002,6692,617
102,3,21,13.742352962493896,983,593
153,2,57,15.359647989273071,1552,587
109,3,28,13.721220016479492,1951,657
136,3,28,14.33957815170288,443,587
120,3,41,14.322094440460205,2094,625
151,3,92,13.018497228622437,41,669
123,2,67,16.605431079864502,309,678
126,3,36,13.845467567443848,1942,599
171,3,60,12.95861005783081,51,669
155,3,61,10.999296188354492,867,615
170,2,76,14.01315450668335,4553,728
134,3,30,10.41537880897522,1946,474
146,2,42,14.428164958953857,818,587
154,3,21,15.176704406738281,1169,587
116,3,34,11.973589897155762,632,587
174,3,92,12.018477439880371,198,587
124,3,45,14.120348453521729,1271,635
162,3,87,12.615726709365845,35,587
101,3,46,14.206571817398071,1519,587
113,3,76,15.238361835479736,193,669
140,2,118,12.277605772018433,34,669
147,3,43,16.454509019851685,3642,587
163,3,55,12.984466075897217,1407,587
110,3,74,13.120592594146729,1607,612
156,3,54,21.985203981399536,681,587
135,3,27,17.28108501434326,820,587
132,3,25,12.808725357055664,1858,655
128,3,36,12.560509443283081,968,592
165,3,32,13.675085306167603,956,587
150,3,125,14.758976459503174,48,669
131,3,37,10.67740249633789,2194,575
130,3,113,13.871750116348267,32,587
166,3,43,13.039800882339478,383,587
104,3,80,11.744115114212036,1843,602
107,3,44,15.713984251022339,8299,617
161,2,39,21.813917636871338,1278,587
164,3,116,13.310251474380493,60,587
108,3,45,15.990569591522217,4405,617
112,3,71,12.756285905838013,52,669
106,3,73,14.06353497505188,34,669
168,3,20,16.985013723373413,1039,606
149,3,50,14.492886066436768,2183,618
133,2,63,12.04746675491333,2239,587
121,3,63,12.743542909622192,354,687
179,3,21,11.99998164176941,196,587
141,3,37,18.081059217453003,560,788
125,3,52,16.121601343154907,518,700
122,3,59,13.268889904022217,63,587
118,3,30,17.203450202941895,3105,757
114,3,43,14.43377161026001,2289,658
137,3,52,15.701741456985474,1079,597
172,3,35,18.15845227241516,744,610
145,3,44,26.887836933135986,3837,587
158,3,69,15.280655145645142,1032,661
175,3,49,13.628886699676514,3274,587
152,3,54,17.00162172317505,30,669
148,3,51,20.088743209838867,755,661
117,3,67,18.471758365631104,2471,688
173,3,31,14.331469535827637,841,692
142,3,64,16.804891347885132,2505,703
177,3,21,16.79840850830078,2885,546
115,3,179,16.598155736923218,61,669
119,3,69,19.987837076187134,1012,587
167,3,36,16.935141801834106,1575,587
102,4,21,13.337409019470215,937,593
103,3,88,13.735949754714966,43,587
105,3,49,14.359525203704834,611,592
144,3,23,16.435967206954956,1497,587
151,4,92,11.181274175643921,44,587
143,3,59,17.641419172286987,247,587
111,3,80,16.685688495635986,39,669
178,3,33,14.371953010559082,865,606
127,3,49,18.84373140335083,2185,587
174,4,92,9.811012029647827,213,460
139,3,30,14.683413982391357,1767,641
157,3,67,16.96933650970459,26,669
136,4,28,12.773425817489624,1010,587
129,2,41,16.247090578079224,5801,697
171,4,60,11.310729026794434,42,669
159,3,63,18.467049837112427,59,669
120,4,41,13.09259581565857,217,669
169,3,42,16.220850229263306,9337,860
123,3,67,12.289563417434692,309,555
160,3,35,18.301398038864136,1394,587
109,4,28,15.109982013702393,2571,599
153,3,57,17.163738489151,3702,694
154,4,21,13.229853391647339,595,623
138,3,39,23.219826221466064,1206,607
163,4,55,13.477807760238647,1515,633
130,4,113,11.337337493896484,36,231
147,4,43,14.007065534591675,27,293
126,4,36,17.0302152633667,176,587
176,3,66,31.411618947982788,2701,669
135,4,27,14.577870607376099,1923,460
146,3,42,16.828805923461914,79,669
155,4,61,17.753434419631958,1912,587
122,4,59,10.813663959503174,63,460
166,4,43,13.689697265625,715,475
140,3,118,17.02349066734314,62,460
134,4,30,18.381401538848877,284,669
124,4,45,17.785360097885132,1789,603
108,4,45,13.46688175201416,852,460
165,4,32,16.05595827102661,3408,460
106,4,73,13.270948648452759,38,460
107,4,44,14.321269512176514,797,460
104,4,80,14.444419622421265,1504,460
101,4,46,17.841761112213135,1667,460
162,4,87,18.04920768737793,61,460
110,4,74,17.152472734451294,937,460
168,4,20,13.308815956115723,1713,546
164,4,116,13.964239120483398,44,460
150,4,125,16.003840446472168,59,460
141,4,37,12.774018287658691,1063,460
121,4,63,13.061722755432129,1314,466
156,4,54,17.226725816726685,461,460
170,3,76,19.488866806030273,1114,652
112,4,71,13.879869937896729,51,460
113,4,76,18.398547410964966,51,460
131,4,37,16.05932354927063,672,490
149,4,50,14.086437225341797,2310,460
161,3,39,14.890538692474365,662,460
118,4,30,13.293564319610596,294,460
128,4,36,18.14856243133545,1134,508
179,4,21,14.854982376098633,833,502
132,4,25,18.508391618728638,781,510
125,4,52,14.775238990783691,360,565
100,3,82,32.80073666572571,8032,577
133,3,63,16.268426656723022,1498,499
116,4,34,22.21838903427124,3846,776
129,3,41,12.595614194869995,3142,470
157,4,67,63.58027482032776,22,132
164,5,116,57.65908718109131,32,460
161,4,39,57.05778980255127,1345,460
151,5,92,67.22184419631958,46,460
135,5,27,60.05676078796387,2702,460
139,4,30,66.6074492931366,638,460
149,5,50,57.200342416763306,314,460
120,5,41,65.8021547794342,147,460
152,4,54,69.33348298072815,26,460
108,5,45,59.24523305892944,996,460
136,5,28,67.52178621292114,1226,540
147,5,43,62.59663987159729,591,495
158,4,69,70.12385129928589,168,669
104,5,80,59.370341539382935,602,460
114,4,43,70.86775517463684,1175,515
122,5,59,60.5929639339447,60,460
146,4,42,61.775655031204224,806,460
176,4,66,62.087048053741455,1241,460
178,4,33,68.68541979789734,470,460
179,5,21,57.93041801452637,393,460
127,4,49,68.79790186882019,1162,555
174,5,92,68.80809760093689,29,460
111,4,80,69.02792644500732,57,460
115,4,179,69.92235851287842,49,460
156,5,54,59.92018461227417,1011,460
155,5,61,61.73158526420593,2365,460
163,5,55,63.957430362701416,1415,460
172,4,35,71.41459894180298,902,530
141,5,37,60.340760469436646,893,477
116,5,34,57.05972719192505,3315,464
165,5,32,60.92531657218933,2724,460
160,4,35,68.08433938026428,869,535
132,5,25,59.72136998176575,1002,507
166,5,43,62.77784490585327,1064,499
133,4,63,59.02930521965027,3610,511
155,6,61,58.2621955871582,547,460
154,5,21,124.08365273475647,583,460
121,5,63,118.6087498664856,218,460
163,6,55,58.59151101112366,1883,460
147,6,43,59.54079508781433,218,460
178,5,33,59.1739399433136,498,460
165,6,32,58.52243423461914,4315,456
110,5,74,119.38041591644287,1148,530
144,4,23,128.92636799812317,1129,460
119,4,69,129.31373023986816,260,460
150,5,125,119.53909993171692,54,669
131,5,37,119.02344107627869,616,534
140,4,118,120.68556880950928,39,669
179,6,21,59.91328501701355,445,587
153,4,57,125.571772813797,948,629
167,4,36,129.74890971183777,468,460
117,4,67,130.4482159614563,524,460
124,5,45,120.52858209609985,375,460
113,5,76,119.5768404006958,51,669
134,5,30,120.92842984199524,441,499
107,5,44,120.35062456130981,603,599
102,5,21,130.12548303604126,816,593
112,5,71,120.03926062583923,34,648
106,5,73,120.75573205947876,30,460
103,4,88,130.537672996521,40,669
156,6,54,60.69842267036438,128,460
145,4,44,131.67849707603455,1476,460
136,6,28,61.749322175979614,781,618
170,4,76,120.5656840801239,1250,522
104,6,80,61.537338972091675,1244,591
159,4,63,128.57828831672668,61,669
164,6,116,63.17273569107056,51,460
152,5,54,62.297372341156006,32,587
143,4,59,130.20674467086792,526,499
142,4,64,131.2101743221283,1617,460
116,6,34,60.31885814666748,879,647
139,5,30,62.990829944610596,219,509
135,6,27,63.036880016326904,1009,460
101,5,46,121.2626211643219,465,460
129,4,41,116.96817255020142,1970,673
160,5,35,59.794994592666626,1215,466
132,6,25,59.62787890434265,574,633
141,6,37,61.10308480262756,753,475
169,4,42,129.20130968093872,2609,499
126,5,36,124.71046996116638,2056,553
120,6,41,64.08627271652222,1199,547
157,5,67,67.46006298065186,25,587
125,5,52,119.96391272544861,759,613
176,5,66,63.1670982837677,1593,499
127,5,49,63.00390648841858,792,499
133,5,63,61.10190415382385,956,669
166,6,43,61.360925912857056,898,587
168,5,20,123.45439577102661,1013,646
108,6,45,64.44519138336182,842,599
137,4,52,135.44764685630798,916,617
172,5,35,64.4320113658905,2186,625
146,5,42,65.10732340812683,156,669
114,5,43,65.30064606666565,504,689
128,5,36,123.79826211929321,87,587
118,5,30,124.51390027999878,574,669
109,5,28,136.06180572509766,1606,669
123,4,67,136.94349098205566,121,669
105,4,49,143.70015335083008,1241,858
130,5,113,141.8747148513794,32,669
118,6,30,48.11332297325134,80,161
160,6,35,56.170103311538696,693,460
128,6,36,51.98564887046814,239,460
112,6,71,57.58358454704285,68,460
116,7,34,57.142369985580444,1871,622
123,5,67,49.081000089645386,119,669
113,6,76,58.49666452407837,89,460
135,7,27,57.66959047317505,3366,460
169,5,42,57.05797457695007,589,460
171,5,60,186.9324209690094,51,460
130,6,113,40.579245805740356,38,587
172,6,35,54.21196722984314,616,468
165,7,32,59.802751302719116,3439,460
142,5,64,58.32566571235657,1905,587
141,7,37,57.752424240112305,574,694
121,6,63,60.807761430740356,1542,615
159,5,63,58.94168829917908,52,669
136,7,28,59.0547251701355,444,460
145,5,44,59.110677003860474,1248,460
125,6,52,57.18900465965271,748,460
158,5,69,120.77588868141174,772,472
107,6,44,59.792709827423096,1845,460
153,5,57,60.09483242034912,664,466
134,6,30,59.909873247146606,325,464
176,6,66,57.24870562553406,723,527
173,4,31,190.65106916427612,928,472
109,6,28,50.74893498420715,1923,560
102,6,21,59.937352418899536,1110,644
137,5,52,56.15268540382385,524,490
170,5,76,59.57695960998535,1686,611
131,6,37,60.78491449356079,3793,465
139,6,30,59.569090366363525,1036,470
127,6,49,57.56988263130188,2614,488
104,7,80,59.77681565284729,422,465
122,6,59,121.10541820526123,51,460
157,6,67,58.282896757125854,36,587
174,6,92,120.76892113685608,71,460
108,7,45,57.3789005279541,261,669
144,5,23,61.68925666809082,819,625
177,4,21,191.14102149009705,3041,669
150,6,125,61.57084918022156,47,587
106,6,73,60.6322386264801,31,460
105,5,49,47.28305125236511,1641,460
147,7,43,62.57565951347351,228,465
162,5,87,181.7499017715454,49,669
111,5,80,121.91605615615845,27,669
179,7,21,62.26882362365723,459,506
101,6,46,60.96804237365723,1230,504
126,6,36,60.1598744392395,3459,509
140,5,118,62.370930910110474,33,460
167,5,36,62.37133455276489,1526,505
143,5,59,61.58265423774719,854,522
117,5,67,62.618674993515015,1372,591
100,4,82,179.75775361061096,533,516
151,6,92,124.97077536582947,53,587
164,7,116,62.09340214729309,47,587
166,7,43,60.21217107772827,1138,587
119,5,69,63.9562726020813,521,587
120,7,41,61.43231749534607,248,669
178,6,33,64.80175495147705,990,524
156,7,54,63.39716696739197,100,587
163,7,55,65.52062225341797,919,672
149,6,50,126.42164969444275,2131,633
155,7,61,66.13004207611084,604,587
138,4,39,189.31007862091064,976,587
103,5,88,64.3891990184784,32,587
114,6,43,60.332937240600586,2276,667
132,7,25,64.28870987892151,1429,611
133,6,63,62.671608448028564,1413,685
146,6,42,61.13460636138916,235,587
175,4,49,196.8068163394928,2174,619
154,6,21,67.4002091884613,1620,630
161,5,39,128.89566826820374,557,669
160,7,35,9.638583183288574,3252,501
124,6,45,67.30608129501343,1318,751
148,4,51,198.0406367778778,879,587
115,5,179,127.73566102981567,34,587
152,6,54,67.4125919342041,36,669
168,6,20,65.24289274215698,2469,803
135,8,27,11.231457471847534,290,587
169,6,42,11.485260009765625,3668,485
118,7,30,15.98905062675476,5455,621
110,6,74,71.2100260257721,2582,594
142,6,64,11.632097959518433,2295,622
123,6,67,12.295998811721802,877,587
116,8,34,12.941446304321289,2881,466
165,8,32,12.44239592552185,2464,467
172,7,35,12.99329948425293,1798,674
128,7,36,14.482547283172607,1264,796
134,7,30,12.264461755752563,773,587
141,8,37,13.475323677062988,810,627
171,6,60,14.208306074142456,36,587
107,7,44,13.022197246551514,453,589
113,7,76,14.711292266845703,55,669
158,6,69,13.68735146522522,2663,587
130,7,113,14.963088512420654,185,669
173,5,31,13.796613216400146,1573,669
136,8,28,14.224441528320312,647,630
170,6,76,13.813434362411499,2958,690
102,7,21,14.039565086364746,698,620
125,7,52,15.065659284591675,1397,634
109,7,28,14.934621334075928,454,666
147,8,43,14.158825635910034,164,669
119,6,69,12.29759168624878,315,669
122,7,59,15.143851518630981,54,669
174,7,92,15.204802989959717,42,669
155,8,61,11.714170932769775,332,587
101,7,46,14.15668511390686,804,651
146,7,42,10.403053045272827,141,460
150,7,125,15.328176736831665,58,669
175,5,49,10.597426176071167,2469,460
131,7,37,16.18502712249756,473,681
137,6,52,16.21492624282837,714,619
112,7,71,18.657529592514038,84,675
154,7,21,10.85575246810913,2542,494
127,7,49,16.403157711029053,721,587
117,6,67,14.416792869567871,123,669
167,6,36,14.719971179962158,69,669
143,6,59,14.569080829620361,566,587
105,6,49,15.929422378540039,49,587
162,6,87,15.569590091705322,36,669
111,6,80,15.335512161254883,69,587
176,7,66,17.18387222290039,1537,587
159,6,63,17.621410846710205,48,669
121,7,63,17.895362377166748,496,588
156,8,54,13.278127908706665,78,669
164,8,116,14.655510187149048,44,669
120,8,41,13.92343807220459,103,592
103,6,88,12.590489149093628,34,669
139,7,30,17.35656714439392,1417,593
177,5,21,16.943776607513428,2077,587
114,7,43,13.039632081985474,403,587
149,7,50,13.812517642974854,1206,591
178,7,33,14.449175596237183,226,683
104,8,80,17.62748384475708,880,607
106,7,73,17.16767954826355,41,587
166,8,43,15.167879343032837,230,676
129,5,41,77.28865027427673,1256,593
100,5,82,16.040419101715088,544,888
138,5,39,14.132948160171509,1119,583
145,6,44,19.050448417663574,1057,691
126,7,36,16.89009404182434,808,460
140,6,118,16.922431230545044,48,669
144,6,23,18.311851501464844,1980,620
148,5,51,11.865333795547485,233,669
168,7,20,10.730624198913574,3164,460
115,6,179,12.339982509613037,80,669
124,7,45,12.87517237663269,561,671
160,8,35,13.230689287185669,1172,587
179,8,21,18.182363748550415,1368,631
152,7,54,12.275847911834717,38,669
163,8,55,17.4925754070282,1044,587
151,7,92,18.932438850402832,45,587
132,8,25,16.15351390838623,1904,915
116,9,34,10.864755630493164,3066,466
133,7,63,16.276471376419067,718,587
108,8,45,21.445791244506836,1351,692
169,7,42,13.33168649673462,241,669
110,7,74,13.105501651763916,895,636
134,8,30,11.291179180145264,1236,587
135,9,27,13.976958274841309,940,587
123,7,67,13.079672574996948,926,587
107,8,44,11.604997873306274,5364,460
165,9,32,13.10796308517456,1488,587
171,7,60,11.760693073272705,64,669
172,8,35,12.843706607818604,1076,587
118,8,30,14.959842205047607,713,832
113,8,76,12.480547428131104,40,587
141,9,37,13.546351432800293,2092,674
157,7,67,25.64224672317505,33,669
161,6,39,19.604395389556885,929,595
109,8,28,11.234409809112549,1051,675
142,7,64,15.800843000411987,2629,647
128,8,36,15.835161447525024,144,669
125,8,52,13.076659202575684,942,654
170,7,76,13.92802906036377,476,669
147,9,43,12.752059698104858,234,674
174,8,92,12.583032369613647,58,587
122,8,59,12.831981182098389,63,587
131,8,37,12.333290100097656,847,600
102,8,21,14.742928266525269,18,587
150,8,125,12.653120279312134,47,669
101,8,46,13.237993001937866,849,635
111,7,80,12.424070358276367,69,587
146,8,42,13.461890697479248,269,505
144,7,23,10.473477363586426,1789,484
112,8,71,13.52361249923706,50,669
114,8,43,11.958111047744751,79,587
136,9,28,16.132060527801514,282,587
119,7,69,14.523741722106934,26,737
126,8,36,11.207562685012817,531,602
154,8,21,13.78138017654419,653,546
153,6,57,30.68164825439453,475,587
105,7,49,13.577012300491333,1362,637
130,8,113,17.01321530342102,49,587
177,6,21,12.986127138137817,1648,658
137,7,52,14.443946361541748,286,624
167,7,36,14.085696697235107,1296,633
143,7,59,14.086727380752563,137,587
156,9,54,13.856876850128174,363,587
160,9,35,11.03469204902649,2316,460
158,7,69,17.65545892715454,676,587
138,6,39,12.918917655944824,425,587
159,7,63,14.209942102432251,44,587
106,8,73,13.429673433303833,38,587
139,8,30,14.013739347457886,318,669
127,8,49,15.088778972625732,3011,816
164,9,116,14.462366342544556,28,669
124,8,45,12.20252275466919,621,608
175,6,49,15.891932249069214,1888,593
148,6,51,13.092174053192139,390,669
168,8,20,13.051860570907593,1767,503
176,8,66,15.61155915260315,1430,607
115,7,179,12.872752904891968,215,669
120,9,41,15.410987138748169,805,686
104,9,80,14.941122055053711,135,587
145,7,44,14.481366395950317,1864,669
152,8,54,13.442317485809326,176,587
117,7,67,17.00321078300476,1316,585
132,9,25,12.208917617797852,1838,669
162,7,87,16.865355968475342,61,587
116,10,34,12.415926694869995,3678,527
103,7,88,16.677250623703003,37,669
155,9,61,18.440168142318726,1046,587
121,8,63,17.596023321151733,519,587
135,10,27,11.247451305389404,220,587
149,8,50,16.930753469467163,1171,744
100,6,82,16.992783069610596,83,615
140,7,118,16.51452898979187,48,669
108,9,45,13.525164127349854,1782,609
133,8,63,13.964829921722412,658,592
173,6,31,22.208499908447266,966,593
107,9,44,11.707208395004272,897,620
178,8,33,18.19724702835083,965,669
123,8,67,12.6734938621521,1035,613
179,9,21,16.399137258529663,437,695
110,8,74,13.327787160873413,1481,594
171,8,60,12.31653094291687,52,587
169,8,42,13.614604473114014,1314,680
151,8,92,15.689631700515747,38,669
134,9,30,14.642268657684326,1112,679
118,9,30,13.259607315063477,4129,505
165,10,32,14.043434619903564,2269,555
142,8,64,12.50002670288086,1951,546
163,9,55,17.477877616882324,412,546
129,6,41,21.021726608276367,419,676
166,9,43,21.121700763702393,1274,905
172,9,35,15.03877878189087,276,587
128,9,36,12.033594846725464,227,586
147,10,43,12.74060344696045,415,587
161,7,39,14.898248672485352,663,587
174,9,92,12.85522747039795,60,587
113,9,76,15.712746381759644,222,672
109,9,28,15.116443157196045,1348,625
160,10,35,10.309410810470581,3103,460
144,8,23,12.030807733535767,1350,607
150,9,125,12.757625579833984,47,587
111,8,80,12.307767868041992,27,669
101,9,46,12.450114727020264,114,587
141,10,37,15.961920738220215,1162,605
157,8,67,15.909226417541504,176,669
119,8,69,12.311341285705566,18,587
138,7,39,11.334224939346313,2599,500
102,9,21,13.945326566696167,1071,587
143,8,59,11.872201442718506,90,669
159,8,63,12.229989528656006,75,669
127,9,49,11.830072164535522,79,669
131,9,37,15.290000915527344,1119,612
122,9,59,15.708992719650269,60,604
106,9,73,12.626187562942505,45,587
167,8,36,13.455609321594238,580,669
153,7,57,14.081637859344482,645,460
177,7,21,13.909728765487671,1611,605
132,10,25,11.163860559463501,4183,466
125,9,52,17.16191005706787,546,674
112,9,71,15.50752854347229,43,592
114,9,43,15.622225284576416,80,684
146,9,42,16.0312922000885,384,587
105,8,49,15.95606255531311,378,605
116,11,34,12.997070789337158,2364,461
164,10,116,15.49065637588501,37,669
137,8,52,16.548086881637573,801,587
136,10,28,17.958568334579468,1064,682
156,10,54,17.21556258201599,885,587
170,8,76,21.5905339717865,1865,675
148,7,51,18.78896689414978,609,679
154,9,21,20.878448963165283,217,669
126,9,36,21.439927101135254,1258,587
139,9,30,21.55539083480835,729,669
127,10,49,11.676574945449829,78,161
112,10,71,10.48812747001648,28,256
159,9,63,13.733412027359009,76,266
117,8,67,23.70542001724243,1362,278
179,10,21,22.566011667251587,164,460
147,11,43,18.448552131652832,383,460
152,9,54,25.476657390594482,32,460
120,10,41,26.623534679412842,1980,460
108,10,45,23.93980312347412,933,621
169,9,42,22.664509773254395,594,481
103,8,88,25.571961879730225,46,460
129,7,41,20.80252504348755,1108,506
134,10,30,22.214995861053467,1072,460
146,10,42,14.704324007034302,376,460
177,8,21,15.779268980026245,3404,460
113,10,76,19.236870288848877,79,463
160,11,35,19.262821912765503,5619,496
105,9,49,14.249428987503052,1442,491
178,9,33,24.580785036087036,951,499
128,10,36,21.188302755355835,1014,517
115,8,179,28.863072633743286,111,460
135,11,27,27.092547178268433,658,587
155,10,61,27.729320526123047,123,460
107,10,44,26.064392566680908,2147,460
162,8,87,28.324719667434692,46,460
151,9,92,24.98602867126465,29,460
174,10,92,21.111839294433594,81,460
102,10,21,20.278340816497803,1191,460
114,10,43,18.376691341400146,1106,496
156,11,54,15.698121070861816,2599,460
172,10,35,24.7964448928833,1619,520
149,9,50,29.492021560668945,534,503
121,9,63,29.683311939239502,657,505
131,10,37,20.621097087860107,1547,513
110,9,74,29.07548761367798,1253,499
130,9,113,44.1554594039917,39,587
158,8,69,46.63894319534302,104,587
176,9,66,81.71704149246216,387,128
159,10,63,61.377657413482666,53,592
169,10,42,59.316224098205566,287,598
163,10,55,80.16305470466614,1185,507
162,9,87,57.02011680603027,40,669
115,9,179,57.78169369697571,73,587
161,8,39,78.50315308570862,931,694
118,10,30,81.1243543624878,450,619
139,10,30,66.43227124214172,922,698
125,10,52,74.62443828582764,885,615
140,8,118,84.2416296005249,31,669
133,9,63,83.89539790153503,1398,489
174,11,92,57.59890699386597,27,460
167,9,36,75.548184633255,345,587
148,8,51,68.91943693161011,1110,669
121,10,63,55.5181097984314,676,461
134,11,30,59.70417785644531,478,460
106,10,73,75.79827237129211,49,587
156,12,54,56.305665254592896,1484,586
116,12,34,73.40713953971863,1226,593
160,12,35,59.845213890075684,1471,460
179,11,21,61.54478192329407,1606,460
152,10,54,61.3637011051178,31,460
105,10,49,59.87077832221985,1205,469
135,12,27,58.75574541091919,1894,587
168,9,20,88.53146290779114,1451,496
124,9,45,88.66227507591248,656,674
119,9,69,78.87922286987305,789,489
102,11,21,58.209214210510254,863,593
127,11,49,66.11391949653625,1069,616
165,11,32,82.97237253189087,1815,541
164,11,116,74.17933678627014,31,460
154,10,21,70.30385231971741,1844,644
155,11,61,59.35368371009827,1632,587
171,9,60,84.85299038887024,25,460
104,10,80,88.74089169502258,465,460
150,10,125,80.02343797683716,56,460
144,9,23,80.06330418586731,2149,460
147,12,43,62.492055892944336,85,460
170,9,76,72.23537802696228,1275,460
143,9,59,78.94251418113708,261,460
101,10,46,80.36986446380615,2167,572
107,11,44,60.037519454956055,1139,491
151,10,92,60.009644508361816,35,587
123,9,67,85.87374901771545,1706,489
129,8,41,62.20062828063965,1882,486
137,9,52,75.19321942329407,378,587
145,8,44,89.38923954963684,2327,499
122,10,59,78.46343064308167,45,587
141,11,37,80.62281370162964,789,650
117,9,67,65.30631160736084,2466,504
153,8,57,78.26732039451599,1182,592
166,10,43,83.49238300323486,472,669
132,11,25,78.26240873336792,819,595
131,11,37,59.035959243774414,343,631
157,9,67,81.69709372520447,26,587
149,10,50,59.60109543800354,1983,683
126,10,36,72.62648630142212,346,499
136,11,28,76.43298029899597,1752,499
100,7,82,89.17123341560364,159,662
175,7,49,94.17075610160828,654,614
109,10,28,85.41470241546631,1300,1147
114,11,43,75.28660345077515,393,546
108,11,45,84.34695720672607,1676,1864
150,11,125,56.43851566314697,30,669
148,9,51,58.62179493904114,122,460
124,10,45,57.80691647529602,290,669
171,10,60,57.059329986572266,44,587
126,11,36,54.65324950218201,2556,617
128,11,36,118.11090850830078,1716,593
115,10,179,59.680503368377686,73,669
147,13,43,57.409356355667114,277,595
110,10,74,113.63119769096375,450,587
151,11,92,57.19138741493225,40,587
145,9,44,56.88552641868591,888,587
163,11,55,60.35490894317627,589,587
162,10,87,60.318633794784546,43,669
136,12,28,55.25895929336548,1168,621
120,11,41,120.1753191947937,127,587
164,12,116,58.168426752090454,34,587
100,8,82,55.14767646789551,160,770
103,9,88,120.20693802833557,34,669
122,11,59,57.4755756855011,52,587
119,10,69,58.88294982910156,615,587
133,10,63,60.38653373718262,789,460
135,13,27,59.39824414253235,806,460
139,11,30,60.481234550476074,1932,633
107,12,44,58.158172607421875,4950,495
102,12,21,59.25303030014038,1235,631
179,12,21,59.9593780040741,584,587
111,9,80,138.86652994155884,49,669
175,8,49,54.28117537498474,536,693
177,9,21,120.30144095420837,1685,460
146,11,42,120.50639605522156,117,460
156,13,54,60.512168645858765,998,499
141,12,37,58.187424182891846,1229,652
165,12,32,59.438533306121826,1983,460
157,10,67,57.20437145233154,38,460
142,9,64,142.02182817459106,1434,546
140,9,118,61.345223903656006,33,669
160,13,35,60.623499393463135,681,657
153,9,57,58.336174964904785,1255,587
118,11,30,61.74220538139343,622,593
132,12,25,58.42591381072998,2960,485
152,11,54,61.08250021934509,200,669
104,11,80,60.121482849121094,448,460
158,9,69,104.04327058792114,1202,460
166,11,43,58.937750816345215,928,667
168,10,20,61.09780430793762,2896,460
138,8,39,139.17510199546814,2205,460
167,10,36,61.97421360015869,1660,460
121,11,63,61.918832302093506,82,499
155,12,61,60.35574269294739,47,460
116,13,34,61.44417953491211,1409,460
161,9,39,62.396976470947266,362,499
112,11,71,126.28138828277588,53,587
108,12,45,38.37989664077759,590,688
149,11,50,58.310826778411865,988,490
101,11,46,60.23209261894226,103,587
125,11,52,62.911208629608154,884,587
169,11,42,63.71713852882385,689,587
114,12,43,43.38448429107666,1054,691
130,10,113,107.88521099090576,52,460
106,11,73,62.56019639968872,188,460
113,11,76,122.25208592414856,25,460
170,10,76,61.09238600730896,265,460
105,11,49,62.1956102848053,127,508
143,10,59,61.13056135177612,748,460
109,11,28,56.364850759506226,1272,623
117,10,67,60.54914355278015,84,669
173,7,31,147.4239845275879,661,613
159,11,63,64.76669430732727,54,669
137,10,52,60.94899272918701,247,460
154,11,21,62.08164024353027,1822,646
174,12,92,63.72403073310852,36,460
123,10,67,61.44437217712402,829,621
176,10,66,69.26777005195618,956,505
178,10,33,123.12029552459717,1884,467
131,12,37,60.70123291015625,1851,533
144,10,23,62.96411156654358,993,599
172,11,35,121.86078214645386,1293,708
127,12,49,64.91543650627136,412,664
129,9,41,65.05927848815918,979,694
134,12,30,67.71458959579468,2071,575
160,14,35,7.644263505935669,841,75
136,13,28,10.397839784622192,357,465
145,10,44,11.116897821426392,18,488
124,11,45,12.853562831878662,293,669
151,12,92,12.063608646392822,24,587
171,11,60,12.862533807754517,46,553
165,13,32,10.691744804382324,2316,605
150,12,125,13.684967041015625,59,669
148,10,51,13.39665150642395,364,673
128,12,36,13.087570905685425,101,669
164,13,116,12.526352167129517,42,669
110,11,74,13.051313638687134,83,587
100,9,82,13.045324325561523,1479,587
153,10,57,11.639280080795288,588,587
107,13,44,12.840410232543945,431,601
104,12,80,11.493496894836426,1238,460
118,12,30,12.060108423233032,170,696
119,11,69,13.520430326461792,367,669
155,13,61,11.871046304702759,958,593
158,10,69,12.108261108398438,2612,460
102,13,21,13.74672818183899,675,617
146,12,42,13.513184070587158,269,677
135,14,27,14.22382378578186,3805,460
147,14,43,15.317306756973267,254,546
130,11,113,11.8329918384552,44,669
116,14,34,12.586358308792114,1034,610
152,12,54,13.118906259536743,188,587
177,10,21,14.13283920288086,674,648
175,9,49,14.288103342056274,543,789
122,12,59,14.980313777923584,53,587
137,11,52,11.569085836410522,741,621
167,11,36,13.21138596534729,277,669
103,10,88,15.25139594078064,57,669
138,9,39,13.576687097549438,1968,612
141,13,37,15.022064447402954,1319,614
162,11,87,16.29452109336853,44,669
156,14,54,15.048802137374878,544,669
173,8,31,12.433711528778076,277,591
169,12,42,13.281200408935547,1612,685
114,13,43,13.282197713851929,93,669
126,12,36,17.221206665039062,147,593
115,11,179,17.043033599853516,65,669
101,12,46,13.847904920578003,2323,658
108,13,45,14.01353120803833,2207,481
111,10,80,15.761383771896362,40,593
142,10,64,15.487397193908691,1065,669
139,12,30,16.438820838928223,901,595
125,12,52,14.331155061721802,1675,649
133,11,63,17.12899398803711,1498,633
161,10,39,15.321835279464722,1598,952
163,12,55,17.710590600967407,1094,687
120,12,41,17.726245164871216,548,651
113,12,76,14.743497610092163,81,675
106,12,73,15.214097499847412,34,630
129,10,41,10.437050342559814,655,472
170,11,76,15.173184871673584,694,653
154,12,21,14.38292121887207,741,587
157,11,67,17.225685596466064,26,669
117,11,67,14.812430381774902,65,587
140,10,118,17.368103742599487,34,669
121,12,63,16.51052474975586,140,674
168,11,20,16.852638721466064,2995,505
159,12,63,15.406146764755249,58,592
131,13,37,14.71915602684021,797,684
112,12,71,16.95192050933838,62,590
143,11,59,16.55084776878357,614,546
172,12,35,13.338021516799927,699,642
105,12,49,16.973724365234375,103,617
144,11,23,15.520610570907593,1169,587
145,11,44,9.757264137268066,1480,460
174,13,92,16.75975728034973,46,587
109,12,28,17.719670057296753,1061,639
166,12,43,19.056640625,2052,688
127,13,49,15.126873970031738,1413,661
132,13,25,19.80768585205078,726,679
123,11,67,17.986658811569214,873,462
149,12,50,19.730565786361694,1737,596
179,13,21,21.527166604995728,781,1254
134,13,30,14.58003830909729,988,669
171,12,60,11.411264181137085,46,460
160,15,35,14.349486351013184,2676,557
178,11,33,19.519059658050537,1315,652
151,13,92,11.963737726211548,57,460
136,14,28,13.475998163223267,278,669
176,11,66,20.183883905410767,490,593
124,12,45,12.864810705184937,343,669
100,10,82,11.824638366699219,120,651
155,14,61,10.85545825958252,160,677
118,13,30,11.240419864654541,655,587
146,13,42,11.808767318725586,232,669
158,11,69,12.584861516952515,122,583
150,13,125,14.704078674316406,59,587
147,15,43,12.628591537475586,238,460
130,12,113,12.628087997436523,33,587
164,14,116,14.909835815429688,45,587
116,15,34,12.692009925842285,2009,469
153,11,57,14.534096240997314,803,592
148,11,51,15.610344648361206,1085,546
119,12,69,13.973547458648682,18,669
152,13,54,12.852670431137085,201,669
141,14,37,12.056605339050293,494,669
128,13,36,15.951703786849976,398,667
111,11,80,11.923411846160889,34,460
135,15,27,14.093086242675781,1305,587
115,12,179,12.419546842575073,111,669
113,13,76,11.104037523269653,50,669
101,13,46,12.542837858200073,114,669
173,9,31,13.31860613822937,419,612
165,14,32,17.876835823059082,2051,499
138,10,39,14.013931035995483,1813,460
126,13,36,13.877860069274902,59,669
107,14,44,16.850661039352417,462,615
137,12,52,15.039093255996704,219,669
167,12,36,15.05491042137146,396,669
133,12,63,13.063920736312866,2066,460
102,14,21,16.0469868183136,798,587
110,12,74,17.946862936019897,18,669
106,13,73,12.688124895095825,33,587
114,14,43,14.74077296257019,2941,487
169,13,42,14.75868535041809,121,734
117,12,67,12.458346128463745,248,669
121,13,63,12.346735000610352,202,698
156,15,54,14.902148008346558,241,669
103,11,88,15.545608282089233,33,669
131,14,37,11.727680683135986,542,696
129,11,41,13.094569444656372,2334,692
120,13,41,13.744940280914307,2422,511
162,12,87,15.30217456817627,40,587
168,12,20,12.572051525115967,1723,741
108,14,45,15.023197650909424,640,736
142,11,64,14.864213943481445,1046,462
157,12,67,13.254457473754883,194,587
159,13,63,12.57357907295227,111,587
140,11,118,13.508874893188477,39,587
139,13,30,15.450989007949829,2832,499
163,13,55,14.841449737548828,18,669
175,10,49,17.438968181610107,1498,785
172,13,35,12.843420267105103,1430,695
125,13,52,15.59287142753601,1054,622
144,12,23,12.335026741027832,1538,674
161,11,39,15.7042555809021,426,703
145,12,44,12.606000661849976,589,669
112,13,71,13.990375757217407,55,611
122,13,59,18.474202632904053,47,669
132,14,25,12.102296352386475,2405,464
170,12,76,15.730290651321411,1257,606
179,14,21,11.761940956115723,842,587
177,11,21,19.232521772384644,1416,726
166,13,43,13.664906978607178,1004,587
143,12,59,15.231244564056396,241,669
104,13,80,22.015246868133545,519,654
109,13,28,14.845195531845093,1321,646
151,14,92,12.392154216766357,33,669
124,13,45,11.758790493011475,1489,595
118,14,30,11.69403600692749,831,587
136,15,28,12.837342500686646,2144,471
127,14,49,15.151763677597046,116,587
105,13,49,16.847400903701782,250,707
134,14,30,14.68952202796936,126,587
116,16,34,9.995466232299805,976,482
123,12,67,15.723875761032104,837,593
150,14,125,10.994150161743164,37,669
155,15,61,12.988378286361694,786,587
154,13,21,19.62998604774475,737,546
171,13,60,14.82418155670166,41,669
178,12,33,15.663006782531738,771,614
141,15,37,11.787463665008545,1228,723
160,16,35,16.58366847038269,1741,621
147,16,43,12.91347622871399,516,669
152,14,54,12.447562217712402,47,684
119,13,69,12.631978988647461,576,640
108,15,45,9.057040214538574,2162,311
176,12,66,16.697652578353882,1308,632
148,12,51,13.077476739883423,378,587
100,11,82,16.03314518928528,90,588
153,12,57,13.41077709197998,2832,452
158,12,69,14.428061962127686,524,669
130,13,113,13.874601364135742,25,587
115,13,179,12.399262189865112,57,587
138,11,39,11.54411244392395,2012,460
173,10,31,11.854201793670654,604,677
146,14,42,15.443170547485352,283,669
101,14,46,12.839033126831055,163,669
133,13,63,11.777660846710205,2258,471
159,14,63,11.600618839263916,87,669
113,14,76,14.568923473358154,64,587
174,14,92,22.89628314971924,89,669
117,13,67,12.747334003448486,220,587
106,14,73,12.907918214797974,27,669
103,12,88,12.949361562728882,34,669
126,14,36,14.041766166687012,856,593
107,15,44,13.941164016723633,1979,598
135,16,27,15.621190309524536,2199,460
165,15,32,14.644537925720215,1600,687
157,13,67,12.711414813995361,183,460
162,13,87,12.9705069065094,33,669
164,15,116,17.16273522377014,32,669
156,16,54,13.629812717437744,2185,617
114,15,43,14.056382417678833,71,605
128,14,36,16.563812255859375,1893,620
111,12,80,16.675953149795532,45,587
110,13,74,14.759442329406738,650,587
137,13,52,15.459745645523071,205,669
140,12,118,13.797615051269531,50,669
102,15,21,15.551671266555786,19,669
142,12,64,14.930289030075073,1364,587
120,14,41,15.13855791091919,178,587
167,13,36,16.11260175704956,1155,604
131,15,37,16.06507921218872,1244,699
169,14,42,16.26929211616516,2523,463
129,12,41,16.95063328742981,2869,534
121,14,63,18.923022031784058,503,680
149,13,50,31.87163519859314,1212,587
119,14,69,14.052545070648193,18,93
150,15,125,16.946690797805786,39,84
126,15,36,14.883451700210571,175,598
103,13,88,16.345709562301636,30,587
153,13,57,19.505353689193726,1188,460
106,15,73,16.859962224960327,31,460
117,14,67,16.913781881332397,794,452
155,16,61,22.724196910858154,147,460
176,13,66,19.764564752578735,2584,460
137,14,52,14.852290868759155,926,633
179,15,21,26.57530927658081,856,460
110,14,74,15.256972312927246,569,460
174,15,92,17.1924147605896,54,460
171,14,60,22.707992553710938,70,460
152,15,54,20.42845129966736,47,468
138,12,39,19.739004611968994,240,460
167,14,36,14.690311193466187,1607,478
141,16,37,22.112914562225342,1734,498
177,12,21,28.056886672973633,1132,576
154,14,21,24.642025232315063,1380,460
134,15,30,25.3229923248291,771,460
130,14,113,21.35815119743347,198,460
115,14,179,21.385807514190674,119,460
145,13,44,29.545109033584595,246,460
170,13,76,28.925790309906006,103,460
147,17,43,23.083802700042725,370,460
118,15,30,26.864063501358032,4886,499
116,17,34,26.02173089981079,1171,534
148,13,51,22.566623210906982,294,499
172,14,35,31.134270429611206,329,613
173,11,31,23.177211046218872,1115,635
100,12,82,24.104803800582886,1169,538
168,13,20,34.072518825531006,2205,499
142,13,64,21.1865291595459,755,498
120,15,41,42.15690040588379,1101,2070
112,14,71,81.26208758354187,70,86
135,17,27,73.51565790176392,109,304
101,15,46,76.88559770584106,1182,587
145,14,44,56.10648059844971,18,674
100,13,82,53.908445835113525,490,648
157,14,67,74.57546639442444,42,587
134,16,30,56.87213373184204,818,669
122,14,59,85.64432859420776,51,460
106,16,73,58.946364641189575,26,592
111,13,80,74.28381538391113,44,460
137,15,52,58.970083236694336,336,460
140,13,118,73.71927785873413,43,460
176,14,66,59.03201174736023,848,606
154,15,21,57.17041277885437,174,460
147,18,43,56.74080562591553,162,587
105,14,49,83.20524144172668,731,601
127,15,49,83.30844569206238,2073,672
142,14,64,52.5276734828949,1473,589
115,15,179,57.779711961746216,157,669
162,14,87,76.02868032455444,53,669
139,14,30,88.15275835990906,919,595
167,15,36,59.22114944458008,145,613
164,16,116,76.09092283248901,67,587
150,16,125,66.00544023513794,39,588
179,16,21,60.33757734298706,199,460
151,15,92,84.98505091667175,51,460
103,14,88,60.81410503387451,31,587
165,16,32,76.90787434577942,2040,607
108,16,45,80.65443873405457,802,505
161,12,39,88.12647724151611,1048,505
168,14,20,55.89672923088074,1949,762
156,17,54,77.04963684082031,83,587
173,12,31,57.36249852180481,1345,673
120,16,41,33.20363664627075,137,485
121,15,63,72.07707619667053,938,460
119,15,69,67.50062990188599,1058,460
163,14,55,89.68563294410706,1612,594
118,16,30,58.5927300453186,1448,591
153,14,57,61.87424349784851,3956,460
149,14,50,68.4306378364563,1191,515
178,13,33,83.28859329223633,264,587
128,15,36,77.87839341163635,85,587
171,15,60,62.45520734786987,78,587
152,16,54,62.42549991607666,215,669
126,16,36,64.29351592063904,739,593
117,15,67,62.82998609542847,628,495
110,15,74,62.73440861701965,1475,758
132,15,25,90.45381045341492,1219,499
107,16,44,80.26180267333984,1721,513
166,14,43,89.796710729599,842,526
133,14,63,82.7694206237793,1873,624
113,15,76,81.69075584411621,44,460
155,17,61,64.62422132492065,356,460
144,13,23,92.45919275283813,901,460
160,17,35,85.67101097106934,2273,482
159,15,63,83.70055317878723,1702,587
141,17,37,65.1250491142273,1355,547
158,13,69,86.26038527488708,704,460
174,16,92,66.74529480934143,35,460
102,16,21,81.35553574562073,24,460
104,14,80,91.92824673652649,1021,460
175,11,49,94.91973638534546,1499,482
169,15,42,83.05873680114746,475,602
123,13,67,93.20333242416382,1422,675
129,13,41,101.01465964317322,1226,3071
148,14,51,114.39698100090027,983,481
137,16,52,58.67213797569275,915,305
138,13,39,117.65725827217102,586,460
117,16,67,55.285773277282715,222,460
111,14,80,59.1942503452301,25,460
152,17,54,55.55437207221985,58,460
164,17,116,58.27427816390991,71,460
136,16,28,142.32686614990234,759,593
128,16,36,56.108168840408325,150,593
151,16,92,57.863747119903564,65,460
130,15,113,116.47270798683167,192,460
120,17,41,57.17041873931885,147,460
145,15,44,60.309157848358154,1404,482
123,14,67,48.37074327468872,1212,501
171,16,60,56.30570149421692,74,460
122,15,59,60.13547325134277,59,669
115,16,179,59.261252641677856,82,669
132,16,25,55.50578045845032,1734,606
131,16,37,132.9171848297119,1263,526
177,13,21,117.59188389778137,1425,649
167,16,36,59.73732948303223,1622,641
150,17,125,59.691569805145264,44,460
104,15,80,52.97813177108765,747,669
113,16,76,55.337727546691895,54,460
174,17,92,53.02248167991638,48,669
143,13,59,145.64784479141235,577,669
176,15,66,60.90915060043335,955,460
101,16,46,61.8938250541687,1296,460
161,13,39,59.36441659927368,780,593
119,16,69,58.682623624801636,639,587
108,17,45,59.437700033187866,2533,474
179,17,21,59.700681924819946,46,460
165,17,32,59.499722480773926,2152,656
127,16,49,60.58019757270813,281,587
102,17,21,53.31121277809143,397,669
178,14,33,58.18273329734802,600,469
146,15,42,138.9929473400116,508,460
125,14,52,148.05685019493103,308,587
118,17,30,58.8591423034668,267,625
135,18,27,63.13882565498352,4226,460
144,14,23,55.781516551971436,1340,589
159,16,63,54.03525686264038,2772,460
153,15,57,58.67129063606262,404,587
140,14,118,61.44506549835205,68,669
157,15,67,62.18973922729492,40,589
156,18,54,59.55101943016052,92,587
126,17,36,57.99737024307251,644,587
116,18,34,118.09060645103455,1497,650
100,14,82,62.74956393241882,1635,677
106,17,73,62.32167983055115,30,678
169,16,42,51.61307907104492,1717,593
173,13,31,60.00389337539673,1304,642
109,14,28,145.94667220115662,971,662
170,14,76,118.99025559425354,715,606
133,15,63,56.80947160720825,878,613
112,15,71,67.45749974250793,57,460
114,16,43,137.1591238975525,94,587
103,15,88,61.21429204940796,41,607
147,19,43,62.35096883773804,179,460
166,15,43,57.77718210220337,526,507
134,17,30,63.107295513153076,71,460
107,17,44,58.097841024398804,343,526
121,16,63,60.64706516265869,1151,611
175,12,49,55.11304998397827,2153,460
158,14,69,55.26746392250061,842,467
129,14,41,33.72732973098755,406,576
139,15,30,62.51164388656616,3197,510
105,15,49,63.08841419219971,753,616
162,15,87,62.85374116897583,57,587
160,18,35,57.72760987281799,2878,499
149,15,50,60.95972967147827,1875,734
154,16,21,64.13516402244568,797,602
142,15,64,63.627161741256714,2570,628
172,15,35,120.3070023059845,961,524
168,15,20,62.569748878479004,1046,610
124,14,45,148.19823575019836,375,499
141,18,37,57.83860969543457,1994,587
155,18,61,59.80351996421814,40,587
163,15,55,63.23084497451782,2024,513
110,16,74,62.14180040359497,718,611
161,14,39,8.609573125839233,1413,246
137,17,52,11.50044059753418,1970,486
148,15,51,12.240286111831665,60,669
171,17,60,11.122640132904053,68,460
111,15,80,11.900333881378174,55,587
118,18,30,9.885557174682617,4585,454
133,16,63,9.079074621200562,901,66
123,15,67,11.762595176696777,697,587
117,17,67,12.703711986541748,187,669
130,16,113,12.447880268096924,33,669
102,18,21,11.470335006713867,31,587
176,16,66,11.76986575126648,1070,587
122,16,59,12.915032625198364,57,669
128,17,36,13.59084153175354,937,593
115,17,179,12.892218828201294,51,587
150,18,125,12.362650394439697,54,587
151,17,92,13.940259456634521,36,669
146,16,42,12.240368127822876,369,669
152,18,54,14.449734687805176,40,587
174,18,92,12.77449083328247,54,587
101,17,46,12.703850984573364,1120,669
156,19,54,12.861902952194214,2942,465
104,16,80,13.65226697921753,729,587
108,18,45,13.841969728469849,694,669
167,17,36,14.585495948791504,142,587
169,17,42,12.94139289855957,1318,594
135,19,27,13.830779075622559,511,587
143,14,59,14.356173276901245,250,587
103,16,88,12.658090114593506,38,669
120,18,41,15.98245120048523,602,674
179,18,21,14.308470487594604,218,669
173,14,31,13.203838348388672,1097,541
106,18,73,13.292895317077637,23,587
177,14,21,15.166606903076172,487,587
144,15,23,14.269188165664673,1296,632
112,16,71,13.230184555053711,58,669
165,18,32,14.579668521881104,1439,602
119,17,69,14.698528528213501,1127,633
131,17,37,15.396993160247803,1634,587
116,19,34,14.00392460823059,1237,638
157,16,67,14.531963586807251,40,606
140,15,118,14.559865236282349,67,669
145,16,44,16.587639570236206,840,588
113,17,76,15.35356616973877,36,669
175,13,49,13.236394882202148,1389,587
178,15,33,15.703609466552734,84,621
153,16,57,15.447477579116821,291,587
149,16,50,12.994277238845825,896,624
100,15,82,14.959930181503296,155,648
159,17,63,15.589102029800415,73,587
138,14,39,18.1446213722229,1259,743
127,17,49,16.287780046463013,3183,552
166,16,43,14.79726243019104,1188,693
124,15,45,12.76207971572876,755,610
142,16,64,13.579084873199463,541,669
109,15,28,15.875513076782227,1829,609
126,18,36,16.50615358352661,1205,593
136,17,28,19.212524890899658,477,669
170,15,76,16.29973006248474,539,681
161,15,39,9.00412368774414,478,316
134,18,30,15.912987470626831,43,587
114,17,43,16.686425924301147,69,587
132,17,25,19.112682580947876,962,592
139,16,30,16.436774969100952,3106,541
125,15,52,18.8910915851593,2578,638
107,18,44,17.419357776641846,2075,591
110,17,74,14.546146631240845,862,587
158,15,69,18.052117824554443,203,587
154,17,21,17.181830167770386,1806,587
163,16,55,15.874836683273315,18,587
172,16,35,17.102657079696655,1234,582
141,19,37,16.66027855873108,1726,719
155,19,61,16.78983473777771,688,589
105,16,49,18.947436571121216,68,587
160,19,35,18.84409785270691,2613,499
162,16,87,19.125473976135254,60,587
129,15,41,19.869165182113647,1702,631
168,16,20,18.771437644958496,1049,615
171,18,60,12.598893404006958,34,587
148,16,51,13.315314769744873,865,610
123,16,67,12.922163009643555,160,615
111,16,80,13.469951152801514,26,669
122,17,59,11.928789854049683,73,587
133,17,63,13.510602474212646,3379,460
102,19,21,12.348862886428833,223,669
118,19,30,14.40645432472229,708,584
115,18,179,12.82314419746399,117,669
150,19,125,12.94696307182312,51,669
169,18,42,11.02262544631958,277,600
137,18,52,16.059173822402954,1253,587
128,18,36,13.842380046844482,1065,643
108,19,45,12.01098346710205,824,687
156,20,54,12.581065654754639,758,606
152,19,54,13.46245551109314,41,669
174,19,92,13.641294479370117,43,669
120,19,41,12.084764957427979,1598,466
151,18,92,14.228170394897461,40,675
165,19,32,11.886674642562866,2039,460
135,20,27,12.821518898010254,1142,669
143,15,59,13.170962810516357,515,587
176,17,66,16.233866453170776,1691,889
117,18,67,17.297819137573242,124,587
166,17,43,11.637062788009644,297,669
175,14,49,13.063792943954468,723,599
164,18,116,30.144033670425415,44,587
100,16,82,12.478870391845703,3309,469
153,17,57,12.833243131637573,2817,480
106,19,73,14.425928592681885,2031,669
134,19,30,11.346336841583252,43,669
103,17,88,14.793822526931763,45,587
167,18,36,15.052350759506226,574,599
104,17,80,15.768587827682495,114,587
146,17,42,17.069990873336792,141,669
173,15,31,15.525821447372437,303,669
170,16,76,12.511852264404297,362,587
142,17,64,13.448432683944702,2737,583
112,17,71,15.616796731948853,67,669
159,18,63,14.483884334564209,3329,460
113,18,76,15.30608606338501,46,669
178,16,33,14.650682926177979,1605,607
101,18,46,17.840007305145264,92,587
149,17,50,14.697407245635986,659,598
121,17,63,28.995326042175293,1334,1254
140,16,118,16.033901929855347,65,587
127,18,49,14.95642638206482,505,587
130,17,113,20.91099500656128,25,587
109,16,28,14.714792966842651,2673,623
179,19,21,17.621806144714355,103,669
114,18,43,14.172221183776855,2118,650
116,20,34,17.416311264038086,4352,630
138,15,39,16.46893072128296,649,638
139,17,30,13.941845893859863,2726,656
161,16,39,15.014502048492432,1500,643
131,18,37,18.256601333618164,437,671
119,18,69,18.392518520355225,603,587
157,17,67,18.607423067092896,52,595
110,18,74,14.162761449813843,440,669
124,16,45,17.017080307006836,457,674
158,16,69,13.872328042984009,1098,591
148,17,51,11.391947746276855,50,587
162,17,87,12.43810248374939,63,669
136,18,28,16.769431829452515,321,669
107,19,44,14.84943675994873,299,673
126,19,36,17.04721760749817,484,587
147,20,43,32.63816285133362,263,669
163,17,55,14.080387830734253,1319,592
168,17,20,12.475067853927612,383,669
125,16,52,15.792694330215454,804,660
144,16,23,20.445792198181152,1342,706
154,18,21,14.72345495223999,671,587
105,17,49,13.629756212234497,91,669
129,16,41,13.128430604934692,2417,594
141,20,37,14.340078115463257,1368,756
171,19,60,12.977374076843262,54,669
118,20,30,11.087034940719604,2184,587
145,17,44,20.6373929977417,2052,629
122,18,59,12.157062768936157,66,587
160,20,35,14.423988580703735,2641,522
177,15,21,21.52250862121582,1011,597
132,18,25,18.25132918357849,1268,599
115,19,179,11.965470790863037,47,587
133,18,63,14.22673225402832,573,669
102,20,21,14.135671138763428,102,587
123,17,67,14.92582654953003,72,669
150,20,125,13.595109939575195,45,669
169,19,42,14.070497512817383,1973,592
111,17,80,15.836727380752563,39,669
151,19,92,12.940519332885742,38,669
137,19,52,14.35832691192627,345,669
128,19,36,14.183489561080933,101,669
176,18,66,12.034721374511719,647,584
174,20,92,13.779220581054688,28,587
165,20,32,13.724939107894897,2799,480
108,20,45,14.397898435592651,1691,687
152,20,54,14.27838134765625,29,669
135,21,27,13.714669227600098,492,587
166,18,43,12.512763738632202,859,587
106,20,73,11.936999320983887,3383,460
175,15,49,12.54615044593811,3903,509
134,20,30,12.067636251449585,723,629
156,21,54,15.451361656188965,493,713
167,19,36,12.595375299453735,98,587
104,18,80,12.820281505584717,98,669
120,20,41,15.72666883468628,1923,696
100,17,82,13.819980382919312,146,669
143,16,59,14.93076777458191,1110,637
164,19,116,13.974071502685547,42,587
103,18,88,13.585559129714966,49,669
153,18,57,14.544777870178223,958,686
117,19,67,15.307050704956055,289,669
170,17,76,13.314457416534424,137,669
142,18,64,13.510123252868652,2700,460
112,18,71,13.455082654953003,25,587
146,18,42,14.767067909240723,179,669
101,19,46,14.270505905151367,387,591
131,19,37,11.795999526977539,910,587
116,21,34,13.136596441268921,1050,600
109,17,28,13.792489051818848,1481,616
173,16,31,15.698744058609009,801,636
113,19,76,15.295286417007446,50,587
139,18,30,13.285878658294678,1691,512
179,20,21,14.277570009231567,256,587
129,17,41,11.88739562034607,2598,465
138,16,39,15.14398741722107,2058,657
161,17,39,15.169347286224365,1188,587
132,19,25,12.003759384155273,2578,479
157,18,67,15.162399530410767,52,700
127,19,49,17.530835151672363,2366,632
121,18,63,18.495633125305176,2128,614
140,17,118,19.438311100006104,54,688
130,18,113,18.897223234176636,35,587
149,18,50,20.217209577560425,18,669
119,19,69,17.883191108703613,167,587
178,17,33,20.76947522163391,4096,1054
110,19,74,18.042867183685303,18,723
159,19,63,21.307281494140625,892,588
155,20,61,31.444698572158813,749,587
172,17,35,32.536041021347046,1289,605
153,19,57,10.575546979904175,87,95
144,17,23,19.54682445526123,1199,66
133,19,63,19.408528089523315,363,669
112,19,71,14.854036331176758,53,587
164,20,116,16.940735578536987,51,460
165,21,32,19.215423822402954,2329,460
131,20,37,14.71912956237793,319,460
111,18,80,20.370789527893066,69,460
116,22,34,14.20406723022461,2791,478
168,18,20,24.982755661010742,2154,467
170,18,76,16.420960187911987,95,464
117,20,67,16.46159529685974,128,457
104,19,80,17.761448860168457,154,460
103,19,88,17.127501964569092,33,460
177,16,21,23.79423499107361,52,460
109,18,28,14.32618761062622,1188,607
120,21,41,17.729061126708984,149,460
158,17,69,25.963359594345093,488,460
128,20,36,20.084545850753784,69,460
152,21,54,19.70565700531006,36,460
115,20,179,23.389384031295776,47,486
143,17,59,17.720335245132446,369,460
169,20,42,21.379308938980103,4166,534
166,19,43,20.490827560424805,698,559
108,21,45,20.900652408599854,564,519
124,17,45,27.942163228988647,867,524
139,19,30,15.758641481399536,956,509
147,21,43,27.78218650817871,1850,559
101,20,46,17.85414433479309,621,460
113,20,76,16.925936937332153,70,460
162,18,87,28.61176037788391,46,460
176,19,66,22.995835304260254,561,460
137,20,52,23.452885389328003,470,460
100,18,82,20.867037057876587,140,479
114,19,43,32.057289123535156,109,681
107,20,44,31.0586838722229,447,515
175,16,49,25.005579710006714,276,504
106,21,73,25.119023323059082,3222,499
119,20,69,62.305134773254395,26,89
110,20,74,62.06294345855713,787,68
115,21,179,54.640822410583496,94,105
158,18,69,56.28090834617615,1280,476
174,21,92,76.93781042098999,35,460
155,21,61,64.56228971481323,197,460
118,21,30,81.54817461967468,116,460
125,17,52,82.38280844688416,1198,477
122,19,59,81.33060646057129,64,460
113,21,76,54.62406873703003,53,460
109,19,28,57.469367265701294,3198,460
172,18,35,64.41917371749878,1391,467
148,18,51,83.33355903625488,971,511
175,17,49,51.9234254360199,631,509
170,19,76,58.254066944122314,632,460
153,20,57,64.23289465904236,135,460
150,21,125,79.39765763282776,45,460
168,19,20,58.48559045791626,250,460
111,19,80,58.56703996658325,69,460
134,21,30,77.02889609336853,906,460
165,22,32,58.772005558013916,1350,499
101,21,46,55.86114192008972,1213,599
178,18,33,67.26010489463806,450,476
112,20,71,60.04920697212219,46,669
171,20,60,83.44601941108704,38,460
162,19,87,56.24494528770447,58,460
157,19,67,70.29916405677795,40,669
177,17,21,59.219560623168945,130,460
144,18,23,64.87765407562256,905,739
146,19,42,75.42699074745178,269,669
164,21,116,60.655924558639526,50,587
127,20,49,71.33643102645874,430,587
114,20,43,55.954941272735596,2341,594
138,17,39,72.65022468566895,971,627
137,21,52,57.60536193847656,1479,460
142,19,64,76.91937923431396,2039,460
173,17,31,75.07412552833557,981,680
151,20,92,81.32923436164856,34,460
152,22,54,60.75013875961304,5681,460
147,22,43,58.638283252716064,227,669
103,20,88,60.96052670478821,34,669
166,20,43,59.745296478271484,734,677
160,21,35,85.06496262550354,1016,587
116,23,34,61.429474115371704,614,669
130,19,113,70.48534774780273,28,587
108,22,45,59.978333711624146,638,587
105,18,49,86.13514161109924,541,681
107,21,44,56.00083661079407,906,513
169,21,42,60.901850938797,474,516
104,20,80,61.73834180831909,165,587
140,18,118,71.26517915725708,40,589
149,19,50,71.16231441497803,1383,578
124,18,45,60.388864517211914,1787,593
131,21,37,62.95559811592102,307,658
129,18,41,75.44507360458374,303,592
154,19,21,87.8150544166565,783,499
167,20,36,81.30884504318237,257,587
163,18,55,88.95790481567383,1816,625
159,20,63,71.74637150764465,1257,642
117,21,67,63.766687631607056,295,522
135,22,27,83.00110983848572,1342,611
143,18,59,64.034188747406,193,669
145,18,44,88.39730978012085,1307,615
161,18,39,76.35010552406311,1187,646
139,20,30,62.57663559913635,1767,617
132,20,25,76.19016599655151,2270,733
176,20,66,62.014934062957764,1061,587
121,19,63,76.06908130645752,1480,721
141,21,37,90.70537257194519,2330,769
118,22,30,16.192097187042236,5876,558
156,22,54,94.85365629196167,308,669
149,20,50,51.869693994522095,18,101
148,19,51,57.19034695625305,58,180
162,20,87,58.13608765602112,34,460
107,22,44,56.490989446640015,497,460
103,21,88,57.07902264595032,33,263
146,20,42,58.25079584121704,1029,460
137,22,52,57.449504137039185,775,487
127,21,49,57.918450593948364,1191,462
158,19,69,62.061474561691284,650,596
145,19,44,54.20294904708862,1504,480
169,22,42,56.862658739089966,1627,597
133,20,63,120.93426942825317,647,587
143,19,59,54.51422595977783,751,546
111,20,80,60.479639530181885,74,460
130,20,113,57.649728536605835,25,639
173,18,31,58.09911394119263,1565,643
167,21,36,55.7358660697937,1305,669
116,24,34,57.72299647331238,7720,452
104,21,80,57.536582946777344,99,587
100,19,82,115.96055221557617,1033,460
135,23,27,55.4938178062439,615,460
138,18,39,58.816174268722534,1564,606
178,19,33,60.7522656917572,732,480
176,21,66,54.333478927612305,740,499
156,23,54,43.04909110069275,408,587
163,19,55,55.93236589431763,855,587
140,19,118,57.7482476234436,52,602
164,22,116,59.77182960510254,75,460
115,22,179,65.05204820632935,69,587
125,18,52,62.5358784198761,2110,605
155,22,61,62.609203815460205,193,460
170,20,76,61.8395881652832,269,460
110,21,74,66.15105533599854,909,460
177,18,21,60.8327910900116,31,460
109,20,28,62.597496509552,1486,460
165,23,32,61.69153022766113,2320,647
122,20,59,62.7492413520813,54,460
151,21,92,59.22778010368347,32,587
171,21,60,61.02238464355469,46,460
131,22,37,57.59262824058533,2002,470
154,20,21,57.33575916290283,931,611
105,19,49,58.98363900184631,135,475
174,22,92,63.33766293525696,74,669
136,19,28,146.1073136329651,864,592
112,21,71,61.72635459899902,49,669
124,19,45,58.51214075088501,576,587
159,21,63,57.11879205703735,75,546
132,21,25,55.93315887451172,1858,636
123,18,67,142.56757020950317,72,669
166,21,43,59.93334174156189,461,460
153,21,57,62.89530539512634,255,669
119,21,69,67.62320232391357,224,460
114,21,43,60.700648069381714,129,468
150,22,125,63.01159477233887,47,466
141,22,37,55.05411148071289,1004,460
144,19,23,61.63832688331604,163,587
152,23,54,60.401169300079346,1493,460
134,22,30,62.963345527648926,76,587
126,20,36,146.9637212753296,811,587
157,20,67,62.15630650520325,41,460
161,19,39,57.0613808631897,1154,587
147,23,43,60.550840616226196,863,669
108,23,45,60.17728781700134,613,491
128,21,36,121.49349331855774,147,532
113,22,76,64.24457597732544,74,669
121,20,63,56.452282190322876,842,628
106,22,73,116.57027554512024,757,587
129,19,41,60.17642426490784,990,749
118,23,30,49.423441886901855,583,606
120,22,41,122.93214964866638,642,783
172,19,35,65.42460179328918,1581,609
142,20,64,62.79210066795349,4206,511
101,22,46,65.66175818443298,226,751
175,18,49,66.63155746459961,360,669
139,21,30,61.52564787864685,219,638
160,22,35,65.31720876693726,1474,687
117,22,67,62.946526765823364,117,669
148,20,51,12.013282060623169,5836,533
149,21,50,13.712130546569824,1904,697
162,21,87,12.225115537643433,58,669
133,21,63,11.771824359893799,166,587
137,23,52,12.110216617584229,2215,629
158,20,69,12.479860544204712,2398,525
116,25,34,12.012380838394165,3942,455
146,21,42,13.3946852684021,48,669
167,22,36,12.620062351226807,224,683
176,22,66,12.293305158615112,1186,546
173,19,31,12.927082061767578,495,607
171,22,60,11.800072431564331,48,587
135,24,27,12.773027181625366,188,587
103,22,88,14.12369418144226,2368,587
136,20,28,11.775057554244995,701,629
107,23,44,14.446650505065918,2174,594
164,23,116,12.602120637893677,45,669
169,23,42,14.001434087753296,329,599
143,20,59,13.859186172485352,648,669
178,20,33,13.307616472244263,1878,614
177,19,21,12.742245435714722,223,669
105,20,49,12.454026222229004,432,669
145,20,44,14.466893911361694,463,683
153,22,57,12.003649950027466,1125,587
134,23,30,11.866788387298584,43,669
156,24,54,13.772146701812744,480,587
140,20,118,13.662994146347046,61,604
163,20,55,13.736825704574585,881,638
130,21,113,14.479101181030273,34,669
132,22,25,12.645932674407959,574,765
111,21,80,14.622552871704102,33,669
109,21,28,13.377688646316528,1807,605
127,22,49,15.267069816589355,1911,650
100,20,82,14.519999980926514,1257,669
152,24,54,12.742952108383179,1928,587
174,23,92,13.802233934402466,46,669
112,22,71,13.821301460266113,33,587
122,21,59,14.261375427246094,54,587
115,23,179,14.537164449691772,43,587
110,22,74,14.511274576187134,1542,676
125,19,52,14.69960331916809,629,587
106,23,73,11.99121904373169,397,587
166,22,43,13.694493293762207,830,592
114,22,43,13.839107751846313,3384,505
165,24,32,14.886694192886353,956,587
157,21,67,13.923664569854736,34,460
131,23,37,15.175284147262573,470,669
121,21,63,13.292198657989502,634,587
161,20,39,14.069008588790894,554,587
159,22,63,14.67583441734314,2443,587
118,24,30,12.723926544189453,1270,678
150,23,125,14.489900827407837,52,669
151,22,92,15.674919843673706,61,669
144,20,23,14.604843854904175,31,669
147,24,43,14.560887813568115,48,587
155,23,61,16.205652713775635,1106,587
108,24,45,14.819725751876831,998,593
138,19,39,17.043671369552612,505,608
120,23,41,13.809706449508667,1033,595
129,20,41,13.9335298538208,441,641
172,20,35,14.316995859146118,1801,587
124,20,45,16.729533195495605,1851,676
139,22,30,11.583640575408936,1036,588
170,21,76,17.521160364151,945,692
128,22,36,15.99254822731018,113,669
119,22,69,16.525023221969604,26,587
142,21,64,14.043043375015259,177,669
113,23,76,16.052093505859375,66,669
126,21,36,16.503835916519165,49,676
175,19,49,13.860494375228882,252,669
160,23,35,13.010899543762207,2194,533
101,23,46,15.30070161819458,763,592
148,21,51,13.142739534378052,98,607
141,23,37,18.868134021759033,2005,544
149,22,50,12.770898818969727,1259,672
123,19,67,19.82824730873108,118,460
146,22,42,9.382725954055786,1677,463
133,22,63,11.41147756576538,164,587
152,25,54,7.977378845214844,1027,66
137,24,52,12.842590808868408,1083,626
116,26,34,12.644592523574829,567,669
103,23,88,11.459625720977783,1765,460
104,22,80,24.492666006088257,171,669
173,20,31,12.324097394943237,1008,713
167,23,36,12.666828393936157,745,642
176,23,66,12.585886240005493,822,587
107,24,44,12.060266971588135,108,587
165,25,32,9.615850925445557,3439,460
171,23,60,13.234078884124756,79,587
122,22,59,11.189661979675293,3707,460
138,20,39,9.320707321166992,3239,460
153,23,57,12.779860734939575,80,669
112,23,71,11.716704607009888,48,587
145,21,44,13.107621908187866,1585,679
169,24,42,13.689078092575073,1142,629
175,20,49,7.780139684677124,292,131
177,20,21,13.51728868484497,102,587
100,21,82,12.687966108322144,90,669
105,21,49,13.849990367889404,557,587
164,24,116,14.3209867477417,45,587
111,22,80,13.788221836090088,46,587
135,25,27,15.210295915603638,905,587
132,23,25,13.92570948600769,1429,617
109,22,28,14.024072170257568,2679,466
178,21,33,15.130373239517212,141,674
134,24,30,15.024274110794067,43,587
115,24,179,13.832428932189941,57,669
140,21,118,14.961552143096924,48,679
143,21,59,15.709620475769043,517,669
142,22,64,10.87870478630066,2496,472
161,21,39,13.168345928192139,1341,765
130,22,113,15.384765625,26,635
120,24,41,11.992497205734253,121,587
156,25,54,15.583735227584839,224,674
163,21,55,15.60872483253479,18,669
157,22,67,13.894892692565918,31,669
114,23,43,14.418290853500366,128,601
170,22,76,12.414395809173584,78,669
118,25,30,14.30428171157837,1291,587
128,23,36,12.871582269668579,993,634
121,22,63,15.12236475944519,820,613
119,23,69,12.960732698440552,18,587
129,21,41,14.037699699401855,1112,939
139,23,30,13.407795667648315,318,669
147,25,43,15.184150457382202,2096,599
155,24,61,15.185999155044556,125,669
108,25,45,15.153515577316284,1342,596
172,21,35,14.838015079498291,865,684
101,24,46,12.686105966567993,184,669
110,23,74,17.977006435394287,916,630
159,23,63,17.0815486907959,225,669
113,24,76,15.024512529373169,38,587
125,20,52,18.30204677581787,232,669
123,20,67,12.199073791503906,1058,681
141,24,37,13.26829719543457,853,587
150,24,125,17.836268424987793,196,669
133,23,63,11.820247888565063,840,587
126,22,36,15.803987503051758,3561,505
151,23,92,17.925384759902954,67,669
160,24,35,14.28653359413147,1430,567
166,23,43,19.357268810272217,1003,596
131,24,37,18.760913372039795,872,702
136,21,28,21.97603678703308,228,600
174,24,92,20.104981899261475,35,587
144,21,23,18.631856203079224,223,587
127,23,49,21.03866934776306,953,618
137,25,52,11.802268505096436,1222,602
148,22,51,15.194045782089233,133,686
103,24,88,12.051581621170044,2006,587
149,23,50,15.271791458129883,972,592
165,26,32,11.500094413757324,1815,541
122,23,59,10.553593873977661,3892,520
171,24,60,11.190025806427002,63,668
106,24,73,21.812766551971436,1914,739
146,23,42,15.63257908821106,64,587
176,24,66,12.665682077407837,1333,587
112,24,71,11.488891363143921,54,587
158,21,69,26.72835397720337,587,938
124,21,45,20.56591248512268,750,592
173,21,31,13.861628293991089,1567,641
117,23,67,31.68100094795227,71,587
138,21,39,12.595015525817871,592,587
105,22,49,11.800593376159668,1307,600
175,21,49,12.297630786895752,462,606
104,23,80,14.935379266738892,1217,621
107,25,44,14.372584342956543,1278,669
152,26,54,16.877114295959473,407,669
153,24,57,13.230692625045776,486,675
167,24,36,15.148036241531372,168,617
134,25,30,11.454241752624512,40,587
100,22,82,13.241312742233276,313,669
111,23,80,12.514514684677124,43,587
162,22,87,30.75063157081604,99,669
156,26,54,11.439544916152954,1291,589
155,25,61,9.126060247421265,2706,449
132,24,25,13.077877283096313,2270,770
145,22,44,14.478533029556274,2073,630
135,26,27,13.293918371200562,1349,587
178,22,33,13.313677072525024,1025,694
121,23,63,10.617940187454224,1197,467
140,22,118,13.09239149093628,71,587
164,25,116,14.703587055206299,39,587
116,27,34,17.920355796813965,2523,891
115,25,179,13.505028009414673,36,587
157,23,67,12.632869005203247,36,669
169,25,42,15.972058057785034,131,587
130,23,113,13.511769771575928,33,623
118,26,30,12.84704303741455,428,587
161,22,39,14.199630498886108,892,728
143,22,59,14.599862098693848,991,587
114,24,43,13.584057331085205,221,669
170,23,76,13.11024022102356,1266,587
109,23,28,15.666863203048706,1380,636
129,22,41,12.87221074104309,119,701
128,24,36,13.370612144470215,144,669
119,24,69,13.295934200286865,756,642
139,24,30,12.99084997177124,729,646
163,22,55,15.467818260192871,878,643
108,26,45,13.049168825149536,1610,642
160,25,35,11.122369527816772,2929,576
125,21,52,12.487995624542236,1140,692
172,22,35,13.42776870727539,445,683
166,24,43,11.721065044403076,640,588
141,25,37,12.51650595664978,449,654
113,25,76,13.212384939193726,34,669
110,24,74,13.501734495162964,1236,692
131,25,37,12.127331256866455,128,587
142,23,64,17.865213632583618,329,669
126,23,36,12.888770580291748,84,587
174,25,92,12.40561056137085,32,669
101,25,46,14.863884925842285,817,587
123,21,67,14.749455451965332,1077,585
150,25,125,14.720033168792725,46,669
133,24,63,15.540163516998291,727,587
151,24,92,15.516521215438843,54,587
146,24,42,13.261817455291748,2005,460
147,26,43,18.715171813964844,105,587
144,22,23,15.774713277816772,102,587
136,22,28,16.818602561950684,1220,624
104,24,80,13.166290044784546,4248,460
171,25,60,17.797813892364502,34,169
106,25,73,17.783802270889282,63,161
131,26,37,9.89082932472229,3464,291
157,24,67,15.132613182067871,34,460
143,23,59,14.04775857925415,535,460
167,25,36,17.70251989364624,623,460
173,22,31,19.042624950408936,762,460
149,24,50,21.381367921829224,634,467
155,26,61,16.70675754547119,137,460
169,26,42,15.023611068725586,1219,464
113,26,76,11.186620712280273,45,471
134,26,30,17.530529975891113,712,460
158,22,69,19.601770877838135,173,460
170,24,76,14.22644567489624,290,460
100,23,82,17.662972450256348,301,460
153,25,57,18.277180194854736,319,461
161,23,39,14.722647905349731,3905,460
142,24,64,11.254127264022827,2466,460
165,27,32,22.045315980911255,2320,499
114,25,43,15.203717231750488,2531,505
129,23,41,14.905965089797974,4144,510
118,27,30,15.949506759643555,188,460
126,24,36,12.266849279403687,74,587
176,25,66,22.387946367263794,756,460
141,26,37,13.547122240066528,765,460
130,24,113,17.2066011428833,29,460
128,25,36,15.725069522857666,113,460
156,27,54,19.542102336883545,524,458
162,23,87,19.604777336120605,54,460
145,23,44,19.644498109817505,886,460
124,22,45,22.28072166442871,543,587
125,22,52,15.123038053512573,973,489
110,25,74,15.267181873321533,2591,544
166,25,43,15.90552043914795,685,499
160,26,35,17.11962389945984,848,560
137,26,52,27.14255452156067,547,703
122,24,59,26.024617671966553,1257,522
178,23,33,21.06047034263611,155,674
159,24,63,30.11316227912903,69,587
120,25,41,36.29415512084961,732,2077
101,26,46,67.8097996711731,1345,104
116,28,34,75.31687331199646,632,478
149,25,50,60.47595810890198,1488,460
143,24,59,61.201271057128906,477,669
107,26,44,79.71046352386475,757,587
114,26,43,60.80305099487305,184,484
129,24,41,60.38780999183655,149,669
137,27,52,56.90009021759033,1493,507
117,24,67,80.84492325782776,555,587
162,24,87,59.326953172683716,36,460
167,26,36,62.23017859458923,313,460
153,26,57,62.18062663078308,2355,517
160,27,35,57.60244107246399,476,587
178,24,33,57.46397542953491,2953,460
124,23,45,59.47134041786194,910,595
172,23,35,74.12776303291321,716,542
136,23,28,68.82479572296143,872,460
145,24,44,59.75039529800415,634,460
123,22,67,72.25136089324951,1528,600
150,26,125,71.70286154747009,46,460
128,26,36,60.40546417236328,1838,679
112,25,71,82.46178483963013,38,460
100,24,82,62.695608139038086,413,460
108,27,45,75.60303521156311,593,656
115,26,179,78.36844491958618,26,460
110,26,74,58.851529121398926,1701,492
134,27,30,62.968204498291016,107,460
126,25,36,61.44257616996765,377,681
130,25,113,60.83110022544861,25,460
156,28,54,60.58207583427429,2464,488
161,24,39,62.949466943740845,693,612
142,25,64,62.909361600875854,487,587
119,25,69,76.67067408561707,899,461
140,23,118,79.53219699859619,70,669
105,23,49,82.43486404418945,77,460
138,22,39,82.59438753128052,1483,460
146,25,42,71.22442960739136,146,723
171,26,60,66.78980159759521,33,587
166,26,43,59.26934480667114,246,460
127,24,49,86.37515926361084,520,628
125,23,52,60.47722244262695,2942,490
174,26,92,74.26655292510986,43,587
104,25,80,69.2643051147461,931,460
131,27,37,64.93422746658325,283,587
158,23,69,63.87401795387268,1293,745
122,25,59,59.04536509513855,1448,522
106,26,73,67.05574035644531,60,587
152,27,54,82.4376573562622,1782,587
103,25,88,86.07766485214233,1690,499
113,27,76,64.57047867774963,205,669
157,25,67,64.8149025440216,11243,499
121,24,63,80.60957431793213,1297,508
176,26,66,62.399115324020386,1143,544
120,26,41,56.72795295715332,113,515
155,27,61,64.74397778511047,1463,593
175,22,49,83.44079375267029,624,587
133,25,63,73.0765974521637,969,673
141,27,37,62.788639307022095,875,587
109,24,28,79.11805248260498,261,669
111,24,80,82.64120292663574,50,669
173,23,31,65.3442702293396,841,692
148,23,51,87.61928796768188,152,642
169,27,42,65.77601957321167,954,499
164,26,116,81.72240376472473,28,676
151,25,92,73.9859733581543,35,669
170,25,76,66.10988330841064,309,669
139,25,30,79.7098457813263,1691,639
147,27,43,73.73950529098511,109,587
163,23,55,80.33913516998291,18,692
118,28,30,66.32872366905212,233,669
171,27,60,12.445460796356201,2750,460
157,26,67,12.898239850997925,4003,476
166,27,43,14.194448471069336,1148,460
138,23,39,15.192501544952393,2848,499
146,26,42,15.378279685974121,3237,499
161,25,39,16.36989426612854,2160,527
165,28,32,86.93722414970398,775,2449
151,26,92,51.3881995677948,51,240
113,28,76,55.16314244270325,39,460
123,23,67,57.08886742591858,607,466
176,27,66,56.49199056625366,1916,566
150,27,125,58.49760127067566,48,460
112,26,71,58.620216369628906,58,460
149,26,50,61.08626842498779,180,587
115,27,179,58.559566497802734,36,460
142,26,64,58.18254995346069,1420,587
117,25,67,59.65314817428589,1723,610
137,28,52,59.94818353652954,1149,739
103,26,88,57.28140616416931,820,460
130,26,113,58.75088405609131,42,460
105,24,49,58.19336414337158,242,460
172,24,35,59.36279511451721,908,475
141,28,37,56.877450704574585,787,460
120,27,41,57.37617778778076,322,692
133,26,63,57.03455185890198,709,587
171,28,60,45.80543375015259,3390,467
127,25,49,58.55889439582825,1523,492
173,24,31,57.16284728050232,661,486
124,24,45,59.85239887237549,191,460
104,26,80,58.58649682998657,317,460
125,24,52,58.820927143096924,1622,460
155,28,61,58.089600563049316,148,669
163,24,55,55.279242753982544,283,505
139,26,30,56.681936502456665,956,600
134,28,30,60.253132581710815,390,499
126,26,36,60.1692168712616,2248,593
111,25,80,58.05441164970398,54,587
156,29,54,60.11379909515381,293,607
175,23,49,58.64830708503723,764,696
100,25,82,60.773192167282104,1523,588
174,27,92,59.84781002998352,54,669
109,25,28,58.934213399887085,41,669
107,27,44,62.833903551101685,249,590
169,28,42,58.4359929561615,588,502
116,29,34,64.55435299873352,1226,505
136,24,28,61.51702070236206,408,626
119,26,69,60.87559771537781,932,587
160,28,35,61.85142469406128,1008,499
159,25,63,118.93248558044434,2498,593
152,28,54,60.244966983795166,2013,591
129,25,41,62.65587663650513,2188,617
138,24,39,45.56414842605591,1413,638
122,26,59,60.55418109893799,73,669
114,27,43,62.7638373374939,577,557
153,27,57,62.222400426864624,665,601
145,25,44,61.8534414768219,1207,635
147,28,43,58.129785776138306,2033,587
106,27,73,60.567626953125,686,587
166,28,43,46.699519872665405,404,669
146,27,42,45.73754024505615,586,587
121,25,63,60.389739990234375,933,587
148,24,51,59.491862535476685,116,669
140,24,118,61.38694739341736,64,669
170,26,76,58.94431519508362,729,587
128,27,36,62.79369235038757,127,460
143,25,59,64.91798067092896,517,669
110,27,74,62.94863414764404,1406,662
162,25,87,63.90822172164917,55,669
131,28,37,62.23793268203735,1063,633
157,27,67,49.05453944206238,73,669
108,28,45,63.7192018032074,395,604
167,27,36,66.0494031906128,1763,512
158,24,69,64.76601767539978,255,541
165,29,32,40.995166540145874,1167,537
171,29,60,10.527228116989136,3273,506
151,27,92,15.219133853912354,46,669
123,24,67,13.092975854873657,1743,592
109,26,28,9.062744379043579,339,270
150,28,125,12.143466472625732,40,669
133,27,63,11.607128858566284,1175,588
137,29,52,12.069119691848755,1292,633
142,27,64,12.462796211242676,457,669
124,25,45,11.70195984840393,245,587
112,27,71,12.804688453674316,23,587
113,29,76,14.499228715896606,46,669
163,25,55,11.42229413986206,880,593
129,26,41,9.870378017425537,326,464
130,27,113,12.472917795181274,33,587
111,26,80,11.285228967666626,32,587
105,25,49,12.70701265335083,84,460
134,29,30,11.397273778915405,321,587
117,26,67,13.283097505569458,106,587
172,25,35,13.143417358398438,757,587
104,27,80,12.641751527786255,426,606
125,25,52,12.867536306381226,497,587
160,29,35,11.279889106750488,503,669
115,28,179,14.290560245513916,51,587
127,26,49,13.497859239578247,128,669
126,27,36,12.602307081222534,210,599
122,27,59,11.361822843551636,1054,595
147,29,43,11.30636477470398,221,587
169,29,42,11.87557315826416,784,480
155,29,61,13.30284595489502,1171,593
119,27,69,12.040120124816895,335,587
101,27,46,78.52018475532532,1252,499
178,25,33,73.81401085853577,1503,460
164,27,116,70.2906596660614,35,460
152,29,54,11.925185680389404,1339,587
118,29,30,68.45099186897278,385,912
116,30,34,12.239923238754272,1171,718
121,26,63,11.60014796257019,1329,604
173,25,31,14.396679162979126,604,687
100,26,82,13.215460538864136,168,612
120,28,41,14.96652102470398,323,669
114,28,43,12.464385032653809,5459,470
175,24,49,13.758955717086792,230,669
110,28,74,11.306809663772583,1093,602
159,26,63,13.012941837310791,211,669
140,25,118,12.374373197555542,63,669
149,27,50,16.1155948638916,1098,669
103,27,88,15.980499267578125,2344,587
174,28,92,14.229998111724854,38,587
162,26,87,12.052459955215454,43,669
176,28,66,16.910213708877563,1275,646
136,25,28,14.440773487091064,1959,537
138,25,39,14.581443071365356,2982,460
157,28,67,12.548496007919312,2658,729
108,29,45,12.435792684555054,1806,657
143,26,59,13.605562210083008,136,669
107,28,44,15.544987440109253,172,669
141,29,37,18.16507124900818,560,743
166,29,43,15.449871063232422,661,669
146,28,42,15.25592827796936,1379,587
153,28,57,15.55416750907898,371,588
131,29,37,14.084256410598755,201,596
170,27,76,15.09729266166687,444,669
158,25,69,11.841805458068848,599,621
128,28,36,15.028600215911865,112,669
167,28,36,13.35249137878418,104,669
106,28,73,17.003175497055054,286,599
148,25,51,17.009411573410034,4476,536
139,27,30,20.601808786392212,399,831
161,26,39,64.31442189216614,1722,2479
163,26,55,9.792069911956787,2278,460
137,30,52,10.263325452804565,972,526
165,30,32,15.871672630310059,941,662
123,25,67,12.008325338363647,940,593
151,28,92,12.450358629226685,44,676
142,28,64,11.198277473449707,1834,504
105,26,49,10.75350284576416,206,669
145,26,44,21.30777931213379,1872,1031
124,26,45,11.810259580612183,725,608
112,28,71,12.369840860366821,24,587
150,29,125,13.277432203292847,39,669
113,30,76,12.796269655227661,38,590
109,27,28,14.023654699325562,102,669
171,30,60,14.707153797149658,645,587
130,28,113,13.111018419265747,1078,587
133,28,63,13.889945030212402,717,587
127,27,49,11.969706535339355,2101,630
121,27,63,11.39818286895752,306,694
110,29,74,10.859068155288696,768,491
117,27,67,13.182649850845337,1182,593
152,30,54,12.00297474861145,429,587
104,28,80,13.22208023071289,554,622
122,28,59,12.956035137176514,92,587
175,25,49,11.92736291885376,891,596
100,27,82,12.46287751197815,2699,499
155,30,61,13.360021591186523,283,593
169,30,42,13.462617635726929,103,587
120,29,41,12.747345447540283,97,587
136,26,28,11.066739797592163,216,460
140,26,118,12.402681350708008,60,587
129,27,41,15.622862100601196,199,697
149,28,50,12.786714792251587,1695,587
114,29,43,13.560588121414185,111,600
111,27,80,16.06001877784729,25,669
116,31,34,14.249507188796997,1237,670
172,26,35,15.991166353225708,1654,587
162,27,87,13.193893909454346,42,669
108,30,45,12.19720983505249,951,635
119,28,69,15.2142653465271,138,669
146,29,42,11.359218835830688,82,587
115,29,179,15.926692485809326,86,669
159,27,63,14.325714588165283,634,606
101,28,46,15.465543508529663,980,582
103,28,88,13.997159004211426,1310,587
160,30,35,16.367374420166016,869,658
126,28,36,16.13500189781189,72,669
143,27,59,12.764556646347046,92,669
166,30,43,12.205542087554932,1482,625
170,28,76,12.202887773513794,1109,653
157,29,67,13.43239140510559,1870,593
167,29,36,11.067301511764526,659,683
125,26,52,17.183262586593628,1758,587
147,30,43,16.918027877807617,2062,593
106,29,73,11.262788534164429,1406,669
153,29,57,12.881821155548096,371,588
156,30,54,29.65315294265747,192,589
174,29,92,15.280303239822388,29,669
131,30,37,13.181938409805298,2002,677
142,29,64,9.56852650642395,1733,508
141,30,37,14.662439823150635,893,601
148,26,51,12.838561534881592,101,669
173,26,31,18.153741598129272,1115,688
158,26,69,14.725678205490112,967,589
163,27,55,11.725448846817017,1826,495
161,27,39,12.371774196624756,658,669
128,29,36,16.65166139602661,113,669
105,27,49,11.931734800338745,388,669
112,29,71,10.993332624435425,2070,460
124,27,45,11.93686580657959,273,669
165,31,32,13.208671569824219,610,762
150,30,125,12.341960906982422,45,669
113,31,76,12.074015617370605,50,669
104,29,80,11.2029128074646,1334,587
152,31,54,11.449359893798828,906,694
137,31,52,15.69380497932434,1513,617
110,30,74,11.83156442642212,561,670
123,26,67,15.361413478851318,1114,606
133,29,63,12.94866394996643,1434,651
145,27,44,14.932660818099976,1240,655
121,28,63,12.942354440689087,1761,623
127,28,49,13.313809633255005,349,587
171,31,60,14.00818133354187,1437,587
139,28,30,17.641430139541626,291,778
151,29,92,16.38950538635254,46,587
130,29,113,14.104440689086914,545,730
146,30,42,10.255730628967285,2625,460
136,27,28,12.884962558746338,1003,591
140,27,118,13.027689933776855,44,669
115,30,179,11.532871007919312,77,669
162,28,87,12.477524995803833,68,669
155,31,61,14.244478225708008,1308,587
117,28,67,15.60316777229309,184,669
129,28,41,14.33771800994873,1337,591
111,28,80,13.978776931762695,27,587
160,31,35,13.093928813934326,681,661
125,27,52,12.738918781280518,299,669
153,30,57,12.629883527755737,1040,593
108,31,45,14.50508737564087,415,675
119,29,69,14.47477388381958,26,587
103,29,88,14.154759645462036,1005,669
120,30,41,16.370765924453735,212,612
173,27,31,11.197077989578247,1097,628
106,30,73,13.324866533279419,55,669
126,29,36,14.275095462799072,2065,518
164,28,116,30.06656789779663,27,669
169,31,42,16.892855405807495,835,677
116,32,34,15.801543951034546,2523,549
157,30,67,14.064820528030396,1321,587
101,29,46,14.90032434463501,399,619
122,29,59,17.799314737319946,1073,617
178,26,33,30.398532152175903,1146,587
156,31,54,13.957030534744263,2466,485
163,28,55,11.237517356872559,1852,587
170,29,76,14.607280492782593,109,669
147,31,43,14.248552083969116,229,669
175,26,49,18.05625295639038,569,599
114,30,43,16.66038179397583,106,595
158,27,69,12.051351070404053,182,646
174,30,92,14.23030686378479,25,669
148,27,51,12.542608499526978,136,669
142,30,64,13.045005083084106,707,612
161,28,39,11.725809574127197,4552,460
141,31,37,13.385331869125366,753,659
159,28,63,16.5303692817688,3400,515
100,28,82,19.482788801193237,157,670
166,31,43,16.925476551055908,867,653
167,30,36,16.841090202331543,107,669
176,29,66,31.469621896743774,1729,611
172,27,35,18.62287998199463,448,669
150,31,125,10.816023588180542,44,669
124,28,45,12.399430513381958,309,596
107,29,44,30.873589754104614,1103,593
138,26,39,31.58759880065918,389,669
105,28,49,13.530555009841919,1586,610
112,30,71,14.70164966583252,2076,586
128,30,36,15.152063846588135,1884,665
113,32,76,13.77917194366455,40,669
152,32,54,13.560829401016235,2313,460
121,29,63,12.547938585281372,1675,596
151,30,92,12.595767259597778,44,587
171,32,60,13.03368616104126,216,593
127,29,49,13.174938678741455,375,590
145,28,44,13.482108116149902,4225,497
137,32,52,14.688286781311035,325,684
110,31,74,15.519648313522339,1220,762
146,31,42,13.699054956436157,272,669
139,29,30,14.205379962921143,211,603
130,30,113,14.110089778900146,347,600
133,30,63,16.024190187454224,481,649
104,30,80,17.074028730392456,199,600
119,30,69,11.055703163146973,18,97
108,32,45,11.510326385498047,3097,466
106,31,73,12.044031381607056,51,161
100,29,82,10.507591724395752,184,460
103,30,88,13.714063882827759,599,462
153,31,57,14.234220743179321,828,473
155,32,61,16.37217617034912,267,460
141,32,37,13.32506537437439,494,460
158,28,69,14.338122129440308,253,587
140,28,118,18.765344381332397,26,460
164,29,116,15.344098329544067,29,460
159,29,63,13.547167539596558,217,460
149,29,50,31.430944681167603,993,592
111,29,80,17.407599687576294,29,460
173,28,31,16.03423047065735,1008,460
115,31,179,19.058271884918213,52,460
178,27,33,15.764266014099121,1391,460
175,27,49,15.368721961975098,1108,587
150,32,125,12.691552877426147,51,460
143,28,59,30.526719570159912,127,587
160,32,35,18.12870168685913,841,460
117,29,67,19.899234294891357,638,620
131,31,37,30.363797664642334,98,669
163,29,55,16.8463613986969,758,612
161,29,39,16.07251286506653,557,460
157,31,67,17.608787536621094,722,499
147,32,43,17.27268409729004,1352,587
125,28,52,19.116411447525024,584,460
162,29,87,21.055423736572266,31,460
120,31,41,19.101012229919434,147,460
126,30,36,19.209755659103394,1416,465
166,32,43,17.432600736618042,1232,501
172,28,35,17.26873803138733,744,499
142,31,64,19.308509588241577,966,644
169,32,42,20.85752820968628,1633,499
167,31,36,17.880154609680176,2434,499
101,30,46,20.697380542755127,777,499
176,30,66,18.104346990585327,544,554
146,32,42,12.266800165176392,3296,536
123,27,67,28.973814487457275,650,587
116,33,34,34.54408001899719,341,1515
151,31,92,60.92679476737976,30,170
130,31,113,61.5771484375,996,101
100,30,82,58.33054542541504,462,155
148,28,51,71.73943638801575,155,514
153,32,57,59.736594676971436,1410,457
117,30,67,56.85780954360962,128,435
163,30,55,56.61032700538635,2736,613
158,29,69,59.01366209983826,411,499
170,30,76,73.96015286445618,23,669
162,30,87,56.37966775894165,25,460
120,32,41,56.225669860839844,274,460
155,33,61,61.35867786407471,1215,631
106,32,73,63.184322357177734,1468,695
114,31,43,74.26820540428162,162,468
113,33,76,68.66934728622437,59,589
141,33,37,60.249852418899536,1994,587
178,28,33,59.42812657356262,2245,460
169,33,42,54.685903549194336,235,460
172,29,35,55.035542011260986,699,704
145,29,44,67.68761205673218,739,460
131,32,37,58.22496843338013,334,460
150,33,125,59.52389907836914,51,460
105,29,49,71.23704957962036,276,460
174,31,92,74.66230630874634,29,460
128,31,36,69.88466668128967,142,669
171,33,60,68.04467296600342,1038,508
137,33,52,67.99304151535034,661,510
107,30,44,71.95292043685913,2161,465
157,32,67,58.3758282661438,327,460
111,30,80,60.58344316482544,30,460
119,31,69,65.57784342765808,398,471
125,29,52,58.06402134895325,459,669
160,33,35,59.42446994781494,503,587
129,29,41,78.57010698318481,195,591
159,30,63,61.09995126724243,3412,479
176,31,66,55.345664978027344,1010,501
167,32,36,55.78582167625427,1591,623
108,33,45,65.84804940223694,418,517
104,31,80,66.67540097236633,2539,497
143,29,59,60.629369497299194,65,587
161,30,39,59.48562407493591,426,621
127,30,49,69.53837203979492,1301,587
140,29,118,62.18625211715698,43,669
156,32,54,76.90385484695435,262,641
101,31,46,56.72855019569397,409,499
142,32,64,56.99781799316406,1494,607
149,30,50,62.522040605545044,2551,614
173,29,31,62.40338397026062,762,460
175,28,49,62.09312891960144,4180,539
112,31,71,72.39380288124084,821,460
166,33,43,58.049962759017944,1307,599
126,31,36,59.28421640396118,190,669
147,33,43,60.37899446487427,109,669
138,27,39,74.11237668991089,460,460
122,30,59,78.10082125663757,210,460
152,33,54,71.51270413398743,192,587
146,33,42,57.200212240219116,568,460
124,29,45,74.87852764129639,164,606
110,32,74,70.41076922416687,762,613
115,32,179,63.66814851760864,80,552
164,30,116,65.26487445831299,43,691
123,28,67,58.148268699645996,903,587
133,31,63,71.03570222854614,1485,711
100,31,82,10.11645221710205,1158,460
103,31,88,68.84484648704529,1608,606
130,32,113,11.396662712097168,319,604
121,30,63,75.74816274642944,364,987
151,32,92,15.739737749099731,46,587
160,34,35,10.87173843383789,508,405
122,31,59,11.69452166557312,2637,486
176,32,66,14.994569540023804,3299,497
112,32,71,15.544016122817993,2065,478
101,32,46,17.734955072402954,1747,499
103,32,88,49.00837254524231,85,237
161,31,39,57.24291014671326,478,481
148,29,51,61.696136713027954,120,477
119,32,69,58.60596036911011,581,482
153,33,57,61.63575506210327,810,471
130,33,113,52.63874411582947,425,485
120,33,41,59.94059753417969,147,460
170,31,76,60.43762540817261,321,587
162,31,87,60.44938349723816,22,587
155,34,61,60.1879301071167,154,691
128,32,36,59.35878276824951,406,460
138,28,39,56.989479780197144,1904,460
104,32,80,58.53641724586487,508,460
157,33,67,59.38506364822388,714,460
152,34,54,57.37263822555542,155,669
164,31,116,55.29406404495239,62,628
178,29,33,60.61431002616882,845,499
126,32,36,58.0020546913147,1817,628
172,30,35,60.81391739845276,329,590
113,34,76,61.359294176101685,75,669
151,33,92,52.2145471572876,45,587
122,32,59,46.52765941619873,195,621
121,31,63,53.82065773010254,2090,729
107,31,44,60.50723361968994,95,587
124,30,45,58.009276390075684,1843,608
150,34,125,61.176393032073975,51,587
111,31,80,60.68166446685791,27,587
140,30,118,59.41254258155823,45,587
169,34,42,61.30117154121399,2390,675
141,34,37,61.61902594566345,1726,678
147,34,43,58.58803629875183,1400,587
127,31,49,59.51820492744446,1197,587
117,31,67,62.913655519485474,912,592
115,33,179,57.4398193359375,103,669
131,33,37,61.42974829673767,449,669
108,34,45,60.391345500946045,411,587
110,33,74,57.75177073478699,1817,671
112,33,71,43.44212293624878,1912,564
173,30,31,59.68885779380798,346,682
142,33,64,60.40853214263916,255,587
105,30,49,62.638916015625,1120,605
133,32,63,57.282771825790405,723,587
143,30,59,61.68491053581238,81,669
175,29,49,60.88677215576172,1513,587
114,32,43,64.18025708198547,167,614
146,34,42,61.257272720336914,1581,587
156,33,54,62.43468999862671,399,467
158,30,69,65.88655138015747,255,460
159,31,63,63.71904158592224,222,460
123,29,67,59.24354267120361,1166,507
163,31,55,66.24845218658447,1288,460
125,30,52,64.1250524520874,798,460
100,32,82,59.029388666152954,104,460
101,33,46,44.95986795425415,79,460
149,31,50,62.4880006313324,1676,460
174,32,92,64.76511335372925,39,460
145,30,44,64.96471095085144,691,513
129,30,41,65.19526362419128,578,512
103,33,88,11.215400457382202,969,587
176,33,66,51.29396104812622,762,499
167,33,36,66.2582414150238,167,499
166,34,43,66.13354229927063,898,587
141,35,37,7.628842830657959,765,66
137,34,52,68.78222990036011,1144,499
171,34,60,70.0403470993042,2292,595
107,32,44,9.708041429519653,504,460
161,32,39,12.113823413848877,2160,630
162,32,87,12.158558368682861,31,673
148,30,51,13.144518852233887,4288,544
152,35,54,12.147178411483765,479,587
121,32,63,11.475935697555542,725,590
151,34,92,11.66085147857666,43,669
119,33,69,13.552953243255615,433,707
170,32,76,13.304982662200928,253,721
122,33,59,12.407983303070068,183,637
140,31,118,12.191500186920166,43,587
124,31,45,12.514966249465942,740,602
153,34,57,14.56167483329773,884,615
147,35,43,12.67871642112732,51,669
111,32,80,12.878199577331543,27,587
155,35,61,14.606847763061523,344,597
138,29,39,14.547384977340698,2614,460
112,34,71,12.6491219997406,150,669
157,34,67,14.495398759841919,851,587
104,33,80,14.727856397628784,772,669
164,32,116,14.457685708999634,219,669
131,34,37,13.548534870147705,432,420
178,30,33,14.47240138053894,398,587
127,32,49,13.779393911361694,609,591
113,35,76,14.335829257965088,34,587
117,32,67,13.898585557937622,2098,592
172,31,35,14.471573114395142,1581,661
108,35,45,13.84972620010376,888,735
169,35,42,14.141310930252075,1110,729
120,34,41,16.191835641860962,148,587
156,34,54,11.326460123062134,953,602
110,34,74,14.075440883636475,766,655
100,33,82,11.432352304458618,134,669
106,33,73,76.95118474960327,494,716
133,33,63,13.649957656860352,569,546
130,34,113,17.177669048309326,3117,818
126,33,36,15.845603466033936,996,587
143,31,59,13.502787351608276,1072,460
150,35,125,15.386137008666992,70,587
115,34,179,15.472374200820923,112,669
101,34,46,12.15014123916626,1061,587
158,31,69,12.593333005905151,1564,499
145,31,44,12.232381343841553,1490,587
114,33,43,14.174251556396484,1049,480
125,31,52,13.249727964401245,1300,625
167,34,36,11.246530294418335,163,587
174,33,92,13.757248163223267,25,702
146,35,42,14.551316022872925,79,587
103,34,88,12.082661628723145,168,587
105,31,49,16.229989051818848,3398,479
129,31,41,12.98006272315979,1433,641
175,30,49,16.30695080757141,765,687
142,34,64,17.372952461242676,266,460
149,32,50,15.108630180358887,847,669
163,32,55,15.713291645050049,1080,620
140,32,118,7.152634859085083,57,66
166,35,43,11.820460796356201,1138,587
123,30,67,16.264910459518433,947,669
141,36,37,12.73770546913147,875,587
107,33,44,11.019613027572632,967,678
128,33,36,23.41145610809326,1357,738
159,32,63,18.630246877670288,2795,484
162,33,87,11.789057731628418,23,669
137,35,52,14.50015139579773,624,669
121,33,63,11.337892532348633,298,602
152,36,54,12.006057262420654,1267,581
170,33,76,12.444980144500732,210,607
124,32,45,11.718839168548584,1522,460
171,35,60,16.22058367729187,1131,587
138,30,39,12.545494318008423,3159,460
113,36,76,11.649330854415894,33,669
176,34,66,20.09563446044922,1927,499
161,33,39,16.40613317489624,658,669
155,36,61,13.415056228637695,147,694
153,35,57,13.899633646011353,193,691
178,31,33,12.794711589813232,869,669
130,35,113,11.364408493041992,1760,587
117,33,67,12.6179940700531,569,628
164,33,116,13.159577369689941,49,587
131,35,37,12.9401695728302,339,602
169,36,42,12.548785924911499,365,738
104,34,80,13.531309366226196,686,600
143,32,59,11.930372476577759,115,669
172,32,35,13.364327430725098,448,669
156,35,54,13.097593307495117,251,613
100,34,82,12.623478412628174,1459,603
110,35,74,13.457959651947021,564,662
151,35,92,16.620944499969482,34,587
122,34,59,15.916683197021484,4115,478
157,35,67,15.300737142562866,1110,587
106,34,73,13.503225326538086,73,587
120,35,41,14.413748502731323,147,669
150,36,125,13.540782690048218,75,587
112,35,71,15.903643131256104,1819,497
174,34,92,11.694099426269531,24,460
101,35,46,13.547081708908081,85,587
147,36,43,16.737485885620117,183,587
146,36,42,12.10985016822815,1936,587
114,34,43,13.108296394348145,68,591
145,32,44,14.06967282295227,699,638
125,32,52,13.660663843154907,954,685
127,33,49,16.772392988204956,817,585
126,34,36,15.415230751037598,185,669
140,33,118,11.533994197845459,65,587
123,31,67,11.395514249801636,431,587
133,34,63,16.13639187812805,713,587
149,33,50,12.640256404876709,912,674
115,35,179,15.75466012954712,121,587
142,35,64,12.777782678604126,208,587
166,36,43,12.164423704147339,230,675
148,31,51,21.268409252166748,103,605
167,35,36,14.981522798538208,189,587
103,35,88,14.739792346954346,523,669
119,34,69,20.92253804206848,790,618
129,32,41,15.095516443252563,3532,543
159,33,63,11.084524154663086,53,669
107,34,44,12.991955757141113,356,675
158,32,69,18.991828441619873,273,615
128,34,36,13.086209535598755,662,597
137,36,52,12.479883670806885,838,609
163,33,55,15.8669273853302,1464,587
105,32,49,17.409836053848267,342,823
152,37,54,12.463040351867676,739,629
138,31,39,10.900418758392334,681,669
108,36,45,22.538662433624268,3065,1011
155,37,61,11.708380937576294,435,675
111,33,80,25.21813678741455,27,593
171,36,60,12.76317024230957,163,669
151,36,92,10.340726137161255,1859,460
133,35,63,7.280222177505493,269,66
110,36,74,11.350464582443237,195,587
113,37,76,13.675809383392334,2762,460
164,34,116,12.737345457077026,47,669
178,32,33,13.47671365737915,963,617
131,36,37,13.497774600982666,673,731
130,36,113,13.691843271255493,1490,665
124,33,45,16.17225933074951,1663,502
117,34,67,13.710463047027588,1117,612
100,35,82,12.909406185150146,143,587
157,36,67,12.17213773727417,325,669
156,36,54,13.227773904800415,112,589
143,33,59,13.629438877105713,90,587
104,35,80,14.245329141616821,210,669
150,37,125,12.532319068908691,47,669
161,34,39,15.493782997131348,4552,460
101,36,46,12.422213077545166,1435,546
146,37,42,12.342158555984497,269,669
169,37,42,15.219714164733887,913,621
114,35,43,12.202402591705322,1492,600
122,35,59,13.872803211212158,214,592
120,36,41,13.324381828308105,1754,620
153,36,57,15.636440992355347,582,623
147,37,43,12.604823350906372,460,669
123,32,67,11.337223529815674,578,587
106,35,73,14.130183219909668,513,617
126,35,36,12.200233936309814,153,587
125,33,52,12.59602975845337,1166,587
140,34,118,12.187194108963013,47,587
176,35,66,17.172579288482666,543,635
148,32,51,11.421727180480957,138,687
112,36,71,15.236493110656738,103,669
166,37,43,12.626742362976074,472,587
145,33,44,14.320410251617432,896,722
159,34,63,12.032548904418945,689,603
103,36,88,13.089107275009155,493,587
119,35,69,13.096713542938232,514,619
164,35,116,6.344281196594238,267,66
127,34,49,15.384068012237549,2227,499
115,36,179,14.657450914382935,42,587
142,36,64,15.174480438232422,878,587
149,34,50,15.400112390518188,2121,478
121,34,63,24.145957708358765,1721,647
158,33,69,12.347140789031982,303,671
170,34,76,23.45423674583435,1073,638
151,37,92,9.988041877746582,1568,460
137,37,52,13.510086297988892,779,624
175,31,49,30.058191537857056,429,587
150,38,125,7.244951248168945,39,105
152,38,54,13.260777235031128,554,726
105,33,49,13.804959058761597,1666,592
171,37,60,11.51265549659729,818,460
129,33,41,16.780518770217896,503,675
128,35,36,14.989386796951294,224,669
163,34,55,14.882288932800293,24,546
138,32,39,13.638320446014404,1230,587
107,35,44,16.90275263786316,2876,513
111,34,80,12.549854755401611,27,678
110,37,74,11.665594339370728,1277,460
133,36,63,12.686311721801758,125,669
108,37,45,14.746200561523438,3508,580
162,34,87,29.954650163650513,62,669
143,34,59,11.803475379943848,127,669
124,34,45,12.587480783462524,1342,632
101,37,46,11.232111692428589,187,669
157,37,67,12.234127759933472,921,669
155,38,61,15.050047636032104,578,587
120,37,41,11.779073476791382,254,669
147,38,43,11.902273893356323,302,669
146,38,42,12.21011209487915,872,587
169,38,42,12.384398460388184,200,587
114,36,43,12.69894552230835,1549,605
156,37,54,13.923516750335693,3726,465
104,36,80,13.560065507888794,471,626
100,36,82,14.310856580734253,69,587
166,38,43,10.749197721481323,526,688
123,33,67,13.105399131774902,1183,669
130,37,113,15.898612022399902,1317,599
113,38,76,17.148247003555298,2383,500
117,35,67,16.19287657737732,348,674
125,34,52,13.809242963790894,1780,636
122,36,59,15.515036582946777,2603,520
112,37,71,13.332058906555176,82,669
153,37,57,15.84049105644226,2450,770
159,35,63,13.352274656295776,585,546
148,33,51,15.01423954963684,121,711
176,36,66,15.321630239486694,2532,460
140,35,118,15.866724252700806,76,669
174,35,92,30.146660327911377,31,591
145,34,44,15.794410467147827,2104,633
106,36,73,17.488023042678833,2888,626
115,37,179,14.359851121902466,83,460
127,35,49,15.303079843521118,416,460
103,37,88,15.969489097595215,2557,460
119,36,69,15.950289011001587,216,460
163,35,55,12.397895336151123,19,460
170,35,76,15.191871881484985,1728,529
151,38,92,14.283493757247925,997,512
164,36,116,16.881314277648926,51,460
155,39,61,9.711612939834595,246,464
105,34,49,15.178759813308716,822,499
110,38,74,13.21035885810852,1697,460
150,39,125,15.977076053619385,39,461
172,33,35,37.59361934661865,281,676
142,37,64,18.81471824645996,1968,467
158,34,69,18.281843185424805,640,504
171,38,60,15.944870710372925,142,460
149,35,50,18.9343900680542,19,460
147,39,43,12.17851734161377,336,669
175,32,49,17.719884157180786,725,734
157,38,67,13.506656646728516,126,460
104,37,80,11.77168321609497,1443,587
114,37,43,11.799710512161255,984,627
166,39,43,11.47004246711731,661,587
169,39,42,12.58943247795105,1320,659
138,33,39,17.662225484848022,1038,503
137,38,52,19.367350101470947,1244,460
162,35,87,15.869935512542725,24,460
120,38,41,14.427886009216309,18,674
156,38,54,13.733014583587646,402,648
100,37,82,13.583302736282349,225,669
146,39,42,14.602013111114502,1330,669
143,35,59,16.148991107940674,58,460
153,38,57,11.130728244781494,323,706
124,35,45,16.241507530212402,104,460
101,38,46,16.598354816436768,1600,580
129,34,41,20.108089447021484,205,487
121,35,63,23.041219234466553,1385,499
127,36,49,8.944714546203613,315,259
130,38,113,14.534737825393677,903,578
117,36,67,14.21923303604126,678,605
108,38,45,19.384570121765137,611,499
133,37,63,19.533278226852417,527,499
112,38,71,14.32200574874878,1020,599
152,39,54,23.041879892349243,109,499
125,35,52,15.252687931060791,1189,631
123,34,67,16.776089191436768,2204,478
122,37,59,14.936511993408203,439,670
113,39,76,16.410380601882935,4120,495
159,36,63,14.545231103897095,3081,508
111,35,80,22.641046285629272,1141,499
107,36,44,24.48771619796753,193,534
110,39,74,14.87521743774414,2023,460
176,37,66,20.929714918136597,1307,460
106,37,73,20.306450843811035,1594,509
157,39,67,15.235796213150024,1938,460
151,39,92,19.7016658782959,4621,515
104,38,80,23.75343632698059,1593,460
120,39,41,45.392895460128784,18,93
110,40,74,35.98962926864624,19,217
146,40,42,47.073657512664795,155,242
137,39,52,49.987950563430786,629,587
105,35,49,53.92766213417053,252,587
127,37,49,47.73935604095459,1222,582
171,39,60,52.474114418029785,958,594
100,38,82,49.764753580093384,1791,460
104,39,80,28.27466082572937,1731,587
147,40,43,52.45268964767456,475,669
170,36,76,56.06810688972473,917,309
176,38,66,39.32257580757141,1188,626
155,40,61,56.30412268638611,480,675
174,36,92,60.09456753730774,46,591
121,36,63,49.51083827018738,297,652
162,36,87,51.265751123428345,22,675
158,35,69,53.924845933914185,184,460
125,36,52,47.546969413757324,816,460
130,39,113,48.886415004730225,183,460
117,37,67,48.95628905296326,172,618
124,36,45,50.627480268478394,230,679
123,35,67,47.50968337059021,482,466
153,39,57,50.86738896369934,80,460
172,34,35,55.05023980140686,181,460
150,40,125,55.42086124420166,44,460
138,34,39,52.36494421958923,1205,506
113,40,76,47.29843235015869,1550,460
149,36,50,54.54374051094055,19,669
119,37,69,58.88380432128906,26,719
114,38,43,54.082396507263184,79,587
152,40,54,48.64315629005432,959,655
164,37,116,58.045180559158325,40,669
169,40,42,53.77718806266785,1996,519
157,40,67,39.072723388671875,355,587
108,39,45,50.625075817108154,1062,499
115,38,179,61.27382206916809,135,593
143,36,59,52.961243867874146,122,460
129,35,41,52.577863454818726,1586,567
148,34,51,63.86295247077942,212,563
151,40,92,40.11943054199219,2286,530
106,38,73,41.83751916885376,1685,642
112,39,71,51.03469395637512,147,476
142,38,64,57.64162993431091,208,499
145,35,44,63.04662084579468,52,460
107,37,44,48.474977254867554,638,460
111,36,80,50.17864966392517,2510,460
103,38,88,62.1243314743042,368,460
163,36,55,61.51463317871094,24,669
101,39,46,54.46985912322998,473,611
159,37,63,51.933178663253784,402,499
161,35,39,83.47714805603027,3103,4314
156,39,54,57.04024624824524,160,499
175,33,49,60.223530769348145,577,555
120,40,41,12.96541428565979,129,686
133,38,63,55.80060839653015,625,531
110,41,74,12.882844686508179,24,674
100,39,82,9.932264566421509,1730,469
127,38,49,11.005207538604736,779,587
104,40,80,11.546016931533813,1961,594
176,39,66,11.813004732131958,2498,617
122,38,59,59.51920509338379,4310,610
170,37,76,13.464059591293335,887,787
146,41,42,16.346001625061035,153,831
155,41,61,13.40410590171814,253,591
140,36,118,73.66654992103577,32,648
137,40,52,15.897593259811401,1133,775
105,36,49,15.886230707168579,340,674
171,40,60,16.10647749900818,725,592
166,40,43,67.97792148590088,1232,675
157,41,67,14.460829973220825,543,524
117,38,67,15.791277647018433,459,258
153,40,57,17.08426260948181,1420,477
159,38,63,13.34175181388855,3198,508
138,35,39,18.63724684715271,1435,499
148,35,51,16.542418956756592,3808,492
111,37,80,15.49654769897461,2726,460
123,36,67,20.173226833343506,1405,509
147,41,43,21.932284116744995,422,669
130,40,113,21.5641770362854,895,691
119,38,69,53.46363353729248,18,93
117,39,67,41.06815433502197,329,263
147,42,43,36.94018006324768,177,669
138,36,39,39.3353385925293,1533,587
133,39,63,51.81928253173828,1006,588
103,39,88,54.959182024002075,932,596
130,41,113,37.8967547416687,828,612
155,42,61,46.64612793922424,1270,613
176,40,66,48.63940238952637,1229,632
111,38,80,40.35507392883301,93,587
125,37,52,59.76623797416687,1563,607
149,37,50,59.163766860961914,19,739
110,42,74,51.579888343811035,19,460
170,38,76,47.40496230125427,188,460
158,36,69,60.21795058250427,552,460
108,40,45,58.2304744720459,1516,470
162,37,87,60.45317339897156,29,460
123,37,67,39.824530601501465,389,460
143,37,59,58.09672260284424,51,460
129,36,41,57.62003993988037,2605,483
152,41,54,59.51492619514465,107,587
166,41,43,45.68786120414734,1307,460
156,40,54,54.79869079589844,1678,593
107,38,44,57.10769510269165,1675,626
163,37,55,57.033721923828125,19,669
105,37,49,47.16551756858826,764,642
127,39,49,52.149932622909546,198,534
151,41,92,58.873258113861084,131,460
140,37,118,48.7979679107666,64,669
101,40,46,57.46504545211792,604,460
171,41,60,47.367860317230225,522,537
164,38,116,61.06104588508606,42,587
148,36,51,42.860912799835205,83,460
121,37,63,62.478330850601196,806,478
159,39,63,43.49017119407654,364,460
122,39,59,49.88223743438721,415,465
137,41,52,48.043447732925415,1079,460
113,41,76,61.659886837005615,192,466
174,37,92,62.55689215660095,45,460
150,41,125,61.76452946662903,51,587
115,39,179,60.224645137786865,43,669
142,39,64,58.999558210372925,1065,504
100,40,82,54.13076114654541,359,491
145,36,44,59.33019399642944,263,587
124,37,45,62.79557538032532,859,499
106,39,73,60.11078691482544,1013,539
153,41,57,45.64665412902832,201,500
161,36,39,57.9855751991272,348,592
112,40,71,61.10278558731079,762,499
175,34,49,57.56931757926941,1708,526
108,41,45,7.4546074867248535,521,142
119,39,69,13.841865301132202,1258,603
138,37,39,12.470574378967285,856,680
125,38,52,11.323796033859253,716,587
117,40,67,14.758126497268677,157,669
158,37,69,11.916959524154663,1389,593
133,40,63,13.295291900634766,551,587
143,38,59,12.75568675994873,196,669
123,38,67,13.265626907348633,1109,587
155,43,61,13.992656230926514,173,607
152,42,54,13.332293272018433,635,587
164,39,116,11.787684917449951,33,587
156,41,54,13.379422426223755,509,585
149,38,50,14.254173517227173,2195,635
150,42,125,11.858360290527344,38,583
162,38,87,14.141311407089233,6670,460
110,43,74,14.488675594329834,24,546
107,39,44,13.56491470336914,561,602
105,38,49,13.071430683135986,233,460
101,41,46,12.74997091293335,297,587
163,38,55,13.752112865447998,19,460
151,42,92,13.573234558105469,324,669
148,37,51,13.390632629394531,118,669
112,41,71,11.395468711853027,1080,587
169,41,42,74.74165725708008,181,669
142,40,64,13.694778203964233,849,587
140,38,118,14.406076669692993,3197,460
121,38,63,14.18716287612915,353,713
104,41,80,66.00120139122009,412,588
113,42,76,14.304315567016602,1299,634
174,38,92,14.445375442504883,26,638
137,42,52,14.84174370765686,286,706
176,41,66,17.46178674697876,2358,719
171,42,60,15.565718173980713,380,669
106,40,73,14.728220224380493,1085,587
157,42,67,62.11678338050842,1184,603
122,40,59,16.106813430786133,1539,649
108,42,45,11.458714008331299,896,602
161,37,39,16.171940088272095,214,649
127,40,49,18.51203441619873,900,560
124,38,45,17.927279949188232,23,669
159,40,63,18.965161561965942,1677,521
114,39,43,80.36436176300049,2183,777
158,38,69,10.895031213760376,224,669
166,42,43,22.90418553352356,518,801
138,38,39,13.330300569534302,277,669
117,41,67,12.84427285194397,413,587
156,42,54,10.6217782497406,844,459
143,39,59,11.649932622909546,680,669
125,39,52,13.956419944763184,1597,460
110,44,74,11.721819639205933,19,669
163,39,55,11.67050313949585,28,669
101,42,46,12.532006740570068,503,587
152,43,54,13.320038080215454,139,669
155,44,61,13.556571960449219,1174,588
133,41,63,15.468850374221802,1194,464
112,42,71,12.014739990234375,940,602
164,40,116,14.101958751678467,35,587
162,39,87,14.025967359542847,560,587
103,40,88,29.823182821273804,584,596
105,39,49,14.498282432556152,368,632
175,35,49,24.777756690979004,723,843
123,39,67,15.872867584228516,1025,522
130,42,113,30.129568099975586,1109,587
151,43,92,14.571605682373047,144,587
176,42,66,12.932223558425903,403,618
106,41,73,12.379370212554932,631,669
111,39,80,30.580522537231445,612,587
150,43,125,16.30081605911255,38,587
121,39,63,14.381302118301392,3094,472
142,41,64,15.38803219795227,739,669
149,39,50,17.54579758644104,1437,499
157,43,67,14.027936220169067,236,587
137,43,52,15.075186729431152,801,587
124,39,45,11.259373664855957,723,696
129,37,41,31.762016773223877,207,669
174,39,92,15.738802671432495,31,591
148,38,51,17.17739510536194,178,669
104,42,80,16.466822385787964,1660,460
170,39,76,33.0501754283905,2222,661
113,43,76,16.563944339752197,664,667
145,37,44,30.487494945526123,31,669
161,38,39,13.718016624450684,210,637
100,41,82,30.930099964141846,322,684
153,42,57,30.541808128356934,92,670
115,40,179,31.710873126983643,81,587
158,39,69,11.245885133743286,828,587
108,43,45,15.283149719238281,1771,656
127,41,49,14.94633674621582,815,708
171,43,60,18.228167295455933,2383,630
156,43,54,11.687572717666626,1527,608
122,41,59,18.0451762676239,1116,619
114,40,43,15.325992107391357,124,669
143,40,59,12.370509624481201,109,587
140,39,118,21.32489776611328,1375,463
119,40,69,30.25860285758972,262,669
152,44,54,11.709487676620483,291,701
159,41,63,17.777957916259766,3772,523
163,40,55,12.252650022506714,24,669
155,45,61,11.936762809753418,215,655
117,42,67,14.545344114303589,448,587
175,36,49,11.51261830329895,1468,591
103,41,88,12.126540899276733,398,602
110,45,74,15.351659536361694,19,669
133,42,63,14.08895754814148,1021,588
101,43,46,14.70602536201477,548,669
112,43,71,14.198025465011597,152,615
164,41,116,14.630114078521729,3403,460
142,42,64,11.281305074691772,250,669
105,40,49,13.826436042785645,432,682
151,44,92,13.396240472793579,343,669
157,44,67,11.868411302566528,583,593
150,44,125,13.501154899597168,42,669
107,40,44,29.531726360321045,407,669
104,43,80,11.279983758926392,308,674
124,40,45,12.058703184127808,69,587
174,40,92,12.225811004638672,39,673
111,40,80,14.651023626327515,612,576
176,43,66,15.41049861907959,2111,478
137,44,52,13.649280309677124,378,587
129,38,41,13.676304340362549,1259,630
148,39,51,13.678168296813965,101,587
108,44,45,12.90320348739624,167,587
170,40,76,14.212204456329346,698,633
100,42,82,14.088562965393066,96,587
130,43,113,18.31225895881653,883,596
113,44,76,14.855716228485107,936,698
115,41,179,14.12386703491211,239,669
149,40,50,16.831536531448364,872,587
171,44,60,13.3882474899292,1551,627
153,43,57,16.246260404586792,740,587
152,45,54,11.381682634353638,128,587
127,42,49,15.23352575302124,288,672
159,42,63,12.183676958084106,273,640
163,41,55,12.792239904403687,1195,675
175,37,49,11.24747347831726,473,615
155,46,61,13.303855895996094,417,587
158,40,69,18.611747980117798,972,597
112,44,71,11.55862832069397,1147,613
117,43,67,14.948153257369995,1239,537
105,41,49,11.522006273269653,142,460
125,40,52,29.373849153518677,1278,602
110,46,74,13.0200035572052,24,587
122,42,59,18.329830169677734,553,606
133,43,63,13.207160234451294,1807,522
101,44,46,13.25167965888977,375,669
140,40,118,17.533859491348267,1327,587
162,40,87,27.228821754455566,431,669
114,41,43,19.049389600753784,362,1269
142,43,64,13.014227628707886,1574,606
106,42,73,25.944572687149048,790,587
113,45,76,8.351131677627563,87,206
151,45,92,13.308445930480957,192,669
104,44,80,12.783862829208374,1087,592
111,41,80,12.134129762649536,585,630
157,45,67,13.503204822540283,122,590
107,41,44,13.150377035140991,216,587
164,42,116,14.877410650253296,3309,460
121,40,63,26.945374488830566,335,673
143,41,59,20.746767282485962,54,587
176,44,66,12.882958173751831,1761,592
130,44,113,10.50833797454834,84,306
119,41,69,20.469004154205322,319,697
174,41,92,14.23507046699524,46,587
124,41,45,15.228742837905884,1606,460
115,42,179,12.70944333076477,61,460
103,42,88,20.330047845840454,3369,663
137,45,52,16.401479244232178,219,460
145,38,44,28.828754663467407,261,587
129,39,41,16.750119924545288,1171,494
158,41,69,9.984450340270996,210,125
100,43,82,15.156025648117065,200,460
148,40,51,17.780045747756958,4841,641
133,44,63,10.023089408874512,272,108
170,41,76,17.808996200561523,2676,499
171,45,60,16.189093112945557,321,460
152,46,54,15.198430061340332,688,517
156,44,54,29.907041788101196,142,733
149,41,50,17.805478811264038,1401,492
153,44,57,16.630484342575073,126,462
117,44,67,13.01876163482666,396,459
111,42,80,11.235467672348022,2095,610
155,47,61,16.252042531967163,1434,470
125,41,52,14.471580028533936,1343,484
101,45,46,13.820629358291626,554,224
175,38,49,17.595396041870117,873,460
107,42,44,13.04392671585083,218,608
113,46,76,14.01780390739441,3030,506
143,42,59,12.566152334213257,53,669
130,45,113,12.06219744682312,591,687
121,41,63,12.976135492324829,277,569
114,42,43,15.093104362487793,348,308
164,43,116,13.217893838882446,2458,587
122,43,59,16.190083503723145,2925,523
110,47,74,16.81174373626709,24,460
142,44,64,15.508076667785645,234,499
140,41,118,16.426942586898804,3975,460
162,41,87,15.964477062225342,395,460
106,43,73,15.530062913894653,254,460
159,43,63,20.50399136543274,753,460
174,42,92,12.92773723602295,45,591
123,40,67,42.516080379486084,1245,2398
150,45,125,28.01946711540222,42,669
176,45,66,13.703882932662964,641,640
163,42,55,20.3766028881073,1961,460
119,42,69,13.398349046707153,310,684
112,45,71,19.446498155593872,556,493
124,42,45,14.183026552200317,909,730
115,43,179,13.130259990692139,62,587
157,46,67,17.14533042907715,610,507
129,40,41,11.676478385925293,195,669
127,43,49,23.970133781433105,2439,499
105,42,49,20.449949741363525,412,499
145,39,44,12.62870192527771,261,685
100,44,82,12.222793102264404,1076,587
103,43,88,13.962051153182983,1225,626
137,46,52,13.177381038665771,205,669
171,46,60,11.44152045249939,1231,294
151,46,92,21.11314296722412,222,460
104,45,80,20.836519479751587,1189,460
149,42,50,11.567970752716064,162,669
148,41,51,13.802413702011108,1309,723
133,45,63,13.129241466522217,769,622
156,45,54,12.53411054611206,137,671
111,43,80,11.384997844696045,81,669
125,42,52,11.77781343460083,518,728
158,42,69,18.217475652694702,1751,460
153,45,57,15.021103858947754,2721,466
113,47,76,11.604374170303345,75,688
143,43,59,11.633349895477295,53,587
107,43,44,11.91436243057251,307,669
122,44,59,11.373257398605347,88,669
106,44,73,10.83254361152649,75,460
142,45,64,11.323478937149048,2124,587
155,48,61,14.471810817718506,225,589
159,44,63,11.900019407272339,106,587
119,43,69,12.04242205619812,143,587
163,43,55,12.443525791168213,24,669
123,41,67,13.887051582336426,849,587
174,43,92,13.949362754821777,48,669
121,42,63,15.23960256576538,1580,594
137,47,52,10.820725440979004,345,622
157,47,67,12.239326000213623,939,587
164,44,116,15.744093656539917,2714,477
110,48,74,15.72239065170288,19,669
124,43,45,13.679048538208008,153,698
112,46,71,14.340125799179077,2360,466
115,44,179,13.37653636932373,69,587
176,46,66,15.349372863769531,2074,491
140,42,118,16.915670156478882,1043,803
103,44,88,13.372857093811035,285,678
152,47,54,23.339344263076782,128,587
130,46,113,18.3125,1489,460
133,46,63,11.456469058990479,720,610
145,40,44,14.851126670837402,263,587
170,42,76,25.0121328830719,106,669
117,45,67,23.03521227836609,1663,607
150,46,125,18.2623553276062,209,673
148,42,51,12.644995212554932,1111,587
156,46,54,12.050709247589111,1074,591
105,43,49,16.21912145614624,801,596
149,43,50,13.94835615158081,52,669
151,47,92,14.743363380432129,1088,587
175,39,49,23.027511835098267,378,606
162,42,87,21.7906436920166,398,587
153,46,57,11.935332536697388,189,676
158,43,69,12.914741039276123,1889,587
159,45,63,10.787776470184326,1871,530
143,44,59,12.560518741607666,387,460
125,43,52,14.228957653045654,360,535
119,44,69,10.770511150360107,26,474
104,46,80,17.414291620254517,2522,499
111,44,80,15.706531047821045,1953,654
113,48,76,13.787370920181274,2548,566
142,46,64,13.193259954452515,228,669
122,45,59,13.66277003288269,1244,722
106,45,73,14.39503026008606,85,669
123,42,67,11.176367044448853,493,669
174,44,92,11.378144264221191,1018,587
137,48,52,11.340569019317627,325,684
171,47,60,21.28092312812805,3027,512
157,48,67,11.572553634643555,134,589
155,49,61,15.065781593322754,236,671
176,47,66,11.204997777938843,152,587
110,49,74,12.299806594848633,19,596
163,44,55,14.915159702301025,24,669
115,45,179,12.231477975845337,61,587
100,45,82,24.7051420211792,1667,491
124,44,45,12.639068126678467,1191,652
121,43,63,14.612587928771973,914,587
112,47,71,14.454309940338135,1067,599
140,43,118,15.855134963989258,2684,528
152,48,54,15.53552770614624,2419,498
164,45,116,18.78166961669922,2668,510
105,44,49,14.871147155761719,1985,467
150,47,125,16.533867597579956,40,669
170,43,76,17.888471841812134,2140,489
127,44,49,36.13570475578308,167,664
174,45,92,13.791744947433472,3945,460
157,49,67,13.38610053062439,3301,468
163,45,55,15.046438932418823,19,146
119,45,69,20.454556703567505,18,103
159,46,63,21.608041524887085,66,238
140,44,118,13.962392091751099,66,669
176,48,66,19.845123052597046,209,587
103,45,88,30.223689794540405,1087,669
155,50,61,20.594772815704346,1114,622
145,41,44,30.361099243164062,263,587
149,44,50,28.738868474960327,315,460
170,44,76,12.571876049041748,143,602
151,48,92,28.482842445373535,1080,460
122,46,59,25.025678157806396,78,587
148,43,51,30.454130172729492,893,466
162,43,87,27.860868215560913,801,460
150,48,125,14.531723260879517,2298,460
164,46,116,16.18506908416748,676,460
137,49,52,24.036911249160767,661,491
143,45,59,26.939940929412842,451,460
133,47,63,32.139522314071655,1030,526
106,46,73,24.904072761535645,77,460
152,49,54,17.674315452575684,199,718
171,48,60,24.31158471107483,332,477
156,47,54,31.726155757904053,305,478
117,46,67,32.86304759979248,251,504
157,50,67,12.303536653518677,164,588
110,50,74,24.969956874847412,19,460
121,44,63,23.79138422012329,1781,460
115,46,179,24.81072187423706,165,460
105,45,49,18.495097637176514,667,461
112,48,71,22.712120056152344,97,505
113,49,76,29.11859941482544,1262,876
111,45,80,29.75066351890564,270,464
127,45,49,14.799426317214966,3748,581
130,47,113,36.632826805114746,70,460
158,44,69,32.38807201385498,34,460
100,46,82,26.52131986618042,654,460
153,47,57,32.807764291763306,714,460
104,47,80,31.085115671157837,688,460
175,40,49,33.8296799659729,481,627
119,46,69,11.67776608467102,566,587
159,47,63,11.259516716003418,2160,624
123,43,67,30.564730167388916,726,499
163,46,55,13.778636932373047,19,669
142,47,64,33.60293984413147,818,541
125,44,52,35.2985577583313,885,567
103,46,88,12.088659763336182,506,587
151,49,92,11.735746145248413,1327,587
148,44,51,13.322404861450195,1401,460
122,47,59,13.660086870193481,3520,488
143,46,59,14.021946668624878,2388,460
171,49,60,13.332840204238892,4114,460
162,44,87,14.892891883850098,1712,460
150,49,125,15.242018938064575,3354,460
133,48,63,16.896732330322266,1622,498
157,51,67,21.841294050216675,1847,507
174,46,92,45.960405349731445,2557,587
152,50,54,55.44577622413635,638,121
142,48,64,48.67224311828613,192,687
100,47,82,52.05115842819214,34,587
162,45,87,42.81015396118164,1090,621
121,45,63,54.583876848220825,125,587
119,47,69,51.821900367736816,463,620
110,51,74,55.03266000747681,19,669
151,50,92,46.68859815597534,562,669
149,45,50,59.15954661369324,41,460
112,49,71,55.11379265785217,776,603
123,44,67,52.66092920303345,1002,589
145,42,44,60.23902726173401,223,460
140,45,118,62.07915115356445,859,477
106,47,73,58.74802780151367,406,460
105,46,49,56.06555247306824,725,479
176,49,66,62.042022705078125,1566,592
158,45,69,54.46674609184265,60,460
159,48,63,54.09564661979675,127,489
164,47,116,60.358701944351196,733,460
155,51,61,63.21193718910217,223,460
137,50,52,61.044084548950195,1133,460
157,52,67,37.1756157875061,214,499
122,48,59,48.351852893829346,97,499
130,48,113,58.205586194992065,637,448
150,50,125,47.13054800033569,2628,460
148,45,51,49.560054540634155,282,460
115,47,179,59.58764719963074,138,460
125,45,52,54.02514600753784,884,460
153,48,57,58.52671694755554,247,462
163,47,55,56.55418872833252,1471,460
127,46,49,59.68097448348999,188,460
143,47,59,49.33427858352661,2331,460
156,48,54,62.45499587059021,127,462
171,50,60,49.53955864906311,573,476
103,47,88,54.63365435600281,1593,534
175,41,49,58.94376277923584,492,499
111,46,80,60.35043692588806,1249,505
174,47,92,28.70721936225891,841,499
133,49,63,47.057026624679565,2801,516
104,48,80,61.01176857948303,598,499
113,50,76,62.745636224746704,1250,599
117,47,67,64.71402025222778,266,503
152,51,54,11.022483348846436,124,669
142,49,64,10.963939905166626,1276,592
100,48,82,12.350719928741455,37,669
123,45,67,10.94893503189087,246,669
151,51,92,11.889695167541504,457,587
119,48,69,12.552572250366211,834,587
162,46,87,12.63100004196167,106,669
105,47,49,11.195547580718994,660,592
145,43,44,11.859675884246826,102,669
158,46,69,11.462389945983887,50,669
149,46,50,12.538221597671509,261,587
176,50,66,12.479075193405151,955,630
121,46,63,15.014539241790771,3874,559
140,46,118,14.479920625686646,936,629
106,48,73,15.250698328018188,228,587
148,46,51,11.83803415298462,108,587
115,48,179,11.845019340515137,172,669
112,50,71,16.974797010421753,787,481
164,48,116,15.028064489364624,409,700
127,47,49,11.991453170776367,255,587
170,45,76,76.48948979377747,124,689
159,49,63,15.70460033416748,2103,477
150,51,125,13.59946608543396,5440,468
163,48,55,12.536606788635254,118,587
133,50,63,11.783820629119873,538,609
174,48,92,12.352942705154419,753,532
153,49,57,13.26255750656128,2313,468
113,51,76,10.495805978775024,477,151
143,48,59,13.216604709625244,4318,460
171,51,60,13.533753871917725,295,669
103,48,88,13.38464069366455,190,491
125,46,52,14.61029052734375,1675,626
156,49,54,13.845800638198853,1474,593
157,53,67,16.182260274887085,759,592
117,48,67,12.05365538597107,1416,586
122,49,59,16.86631178855896,1892,474
152,52,54,11.399975776672363,846,669
130,49,113,16.270002126693726,1093,603
137,51,52,17.4657142162323,332,626
155,52,61,18.208404302597046,1433,546
104,49,80,13.291716814041138,334,669
175,42,49,15.171356916427612,687,625
111,47,80,15.213175058364868,220,617
142,50,64,11.932801961898804,315,594
110,52,74,23.272862672805786,24,669
148,47,51,6.913054466247559,114,66
123,46,67,12.633088111877441,446,620
149,47,50,11.749205112457275,42,669
105,48,49,12.52135419845581,214,669
151,52,92,13.0162935256958,374,587
176,51,66,11.5266273021698,1851,587
162,47,87,13.192189931869507,1350,594
158,47,69,12.775110721588135,60,587
119,49,69,13.480035781860352,353,714
100,49,82,14.648743152618408,1809,460
140,47,118,11.27590036392212,509,634
121,47,63,12.515074014663696,339,788
115,49,179,12.111923694610596,38,669
127,48,49,11.970480918884277,434,707
153,50,57,10.815377235412598,177,670
112,51,71,13.065878868103027,165,669
156,50,54,11.256550312042236,196,594
149,48,50,6.408574342727661,98,66
163,49,55,13.275911092758179,31,587
174,49,92,14.448687076568604,2287,673
133,51,63,15.151350736618042,2071,638
150,52,125,15.516761302947998,2293,508
122,50,59,12.945871114730835,81,669
125,47,52,14.69385313987732,1622,596
111,48,80,12.857571363449097,390,617
155,53,61,13.559306144714355,139,669
103,49,88,14.958996534347534,521,619
117,49,67,14.112462282180786,83,587
157,54,67,14.927228689193726,102,672
104,50,80,13.353900909423828,148,674
130,50,113,14.27888298034668,444,669
159,50,63,17.341760635375977,1615,465
151,53,92,10.144275188446045,215,460
143,49,59,16.590081691741943,2235,460
148,48,51,12.443835020065308,63,587
152,53,54,15.422590494155884,23,669
110,53,74,12.72230863571167,19,587
164,49,116,18.58459162712097,3787,382
170,46,76,18.490559816360474,2320,500
175,43,49,15.057100296020508,798,587
171,52,60,17.20997405052185,3499,489
176,52,66,11.913425207138062,1404,587
100,50,82,11.183880805969238,491,669
123,47,67,12.974863529205322,446,620
113,52,76,19.108654737472534,2683,481
162,48,87,12.661736011505127,165,587
140,48,118,12.08674144744873,787,599
119,50,69,14.154271841049194,143,587
115,50,179,12.337417840957642,118,600
142,51,64,19.454819917678833,2429,632
153,51,57,12.171749353408813,81,587
158,48,69,16.098766088485718,53,669
156,51,54,11.304189205169678,335,678
163,50,55,12.717180013656616,46,587
121,48,63,17.550095558166504,339,593
149,49,50,13.882734060287476,102,587
112,52,71,15.19449520111084,1644,594
104,51,80,11.090495824813843,367,669
155,54,61,11.74960708618164,1394,596
111,49,80,11.931482076644897,1360,593
106,49,73,29.858901262283325,1450,603
133,52,63,13.50058388710022,350,620
103,50,88,12.799935817718506,141,585
130,51,113,12.569590091705322,234,646
148,49,51,11.681567192077637,335,669
125,48,52,13.995992660522461,1278,602
117,50,67,13.65946912765503,1130,745
176,53,66,11.6231210231781,391,669
150,53,125,15.378987073898315,2202,460
110,54,74,13.058411836624146,25,669
157,55,67,14.549721002578735,1409,591
143,50,59,13.885159254074097,2891,460
123,48,67,12.080532550811768,1056,599
151,54,92,14.676781177520752,896,595
122,51,59,16.41982126235962,113,669
162,49,87,12.384082078933716,542,587
159,51,63,16.036551475524902,2630,460
113,53,76,13.37657642364502,356,620
100,51,82,14.759101867675781,121,669
119,51,69,12.440739393234253,26,587
140,49,118,13.759060859680176,183,605
175,44,49,16.362966775894165,1055,616
153,52,57,11.16275954246521,1153,669
174,50,92,21.44963049888611,70,460
142,52,64,14.914774179458618,237,589
112,53,71,11.457574129104614,1704,743
163,51,55,13.502633810043335,41,667
155,55,61,11.999735116958618,173,688
121,49,63,14.333929538726807,585,669
106,50,73,12.835026025772095,866,587
104,52,80,13.856504440307617,1943,460
119,52,69,8.238417625427246,18,152
159,52,63,9.712064027786255,27,175
130,52,113,13.41874098777771,354,461
111,50,80,14.831652641296387,292,620
156,52,54,20.451411485671997,2554,479
133,53,63,16.85627555847168,1968,485
103,51,88,17.253990411758423,421,460
148,50,51,17.32450771331787,305,469
151,55,92,15.318762302398682,66,460
125,49,52,17.11971664428711,1343,523
113,54,76,14.258367538452148,2254,460
164,50,116,29.491132020950317,509,669
100,52,82,13.976057767868042,82,460
143,51,59,16.72830033302307,805,460
117,51,67,18.28273320198059,201,523
150,54,125,17.85982632637024,1899,508
110,55,74,18.04029893875122,732,482
122,52,59,17.429977655410767,1716,465
162,50,87,17.544497966766357,1711,499
170,47,76,32.366862058639526,190,669
176,54,66,20.288892030715942,1009,499
157,56,67,20.01352620124817,210,501
175,45,49,16.491151332855225,448,536
174,51,92,14.821506977081299,789,481
115,51,179,28.583552598953247,71,591
171,53,60,33.543750286102295,331,618
158,49,69,29.03767156600952,99,587
163,52,55,13.227253913879395,47,460
142,53,64,15.971359252929688,1773,465
140,50,118,19.45646572113037,1215,528
153,53,57,19.55968475341797,461,506
159,53,63,12.808872699737549,75,669
106,51,73,14.610526084899902,964,467
119,53,69,13.295568943023682,1143,612
155,56,61,15.667104959487915,151,466
112,54,71,17.379291772842407,787,526
111,51,80,14.117464065551758,1267,610
121,50,63,16.16043496131897,230,575
130,53,113,14.460107564926147,231,587
156,53,54,14.079283237457275,196,460
100,53,82,10.871162176132202,254,587
164,51,116,11.173543214797974,110,676
113,55,76,11.624064922332764,482,601
162,51,87,9.751283168792725,1266,468
150,55,125,11.9655282497406,831,587
133,54,63,16.023407459259033,140,515
103,52,88,15.855101108551025,401,499
176,55,66,12.304070234298706,1143,669
143,52,59,15.396209239959717,1229,460
157,57,67,12.407819986343384,244,589
110,56,74,14.787404775619507,780,587
170,48,76,13.864059209823608,279,669
175,46,49,13.425748348236084,596,637
158,50,69,12.218234300613403,29,587
171,54,60,13.259564638137817,930,594
104,53,80,25.116734266281128,861,932
159,54,63,11.40505051612854,410,587
106,52,73,11.354633569717407,910,587
122,53,59,17.869754552841187,2661,565
174,52,92,15.984800338745117,674,601
119,54,69,11.568299531936646,256,601
140,51,118,13.467381000518799,967,460
151,56,92,20.47314953804016,920,506
111,52,80,11.685508728027344,160,677
142,54,64,15.108046770095825,147,669
153,54,57,15.10785460472107,2113,486
112,55,71,13.220942258834839,280,730
143,53,59,6.693920373916626,1241,66
155,57,61,14.523961782455444,222,587
113,56,76,11.913449764251709,1061,632
150,56,125,11.479161500930786,214,669
130,54,113,15.187426567077637,652,587
133,55,63,11.290432929992676,562,695
100,54,82,14.7910475730896,160,587
162,52,87,13.92827320098877,1354,460
164,52,116,15.066887140274048,3220,469
115,52,179,22.362650632858276,161,669
121,51,63,16.866987228393555,237,650
176,56,66,11.635892868041992,216,669
158,51,69,10.807031154632568,98,587
159,55,63,10.910396814346313,188,669
103,53,88,15.565516710281372,1608,587
157,58,67,14.413582801818848,127,608
117,52,67,30.020623445510864,590,601
171,55,60,13.257394790649414,1685,464
151,57,92,11.3184494972229,642,587
110,57,74,15.379745960235596,1927,490
170,49,76,15.625089406967163,279,669
175,47,49,15.530582189559937,1003,587
125,50,52,32.90526604652405,874,1042
153,55,57,11.32489275932312,160,587
143,54,59,10.983816146850586,801,587
112,56,71,11.603260278701782,883,591
142,55,64,12.113470554351807,1159,637
174,53,92,14.086588382720947,920,587
155,58,61,11.467268466949463,110,674
104,54,80,15.347500085830688,862,587
122,54,59,15.085102081298828,326,587
119,55,69,15.089480876922607,319,612
106,53,73,15.548807144165039,1992,478
163,53,55,29.854320287704468,340,587
123,49,67,51.549115896224976,1241,2398
113,57,76,12.308188915252686,592,677
111,53,80,14.54250955581665,2593,466
150,57,125,11.920806169509888,903,587
130,55,113,12.76668930053711,877,622
100,55,82,12.683803796768188,1165,587
133,56,63,13.634807109832764,622,645
115,53,179,12.836238622665405,38,669
162,53,87,13.106005430221558,840,583
140,52,118,19.805936574935913,295,669
164,53,116,14.370176553726196,442,669
158,52,69,12.45197582244873,80,669
121,52,63,14.80974793434143,118,673
176,57,66,16.031038522720337,1372,587
175,48,49,11.046496391296387,940,629
157,59,67,14.07062292098999,1538,492
143,55,59,11.004224300384521,1007,587
155,59,61,11.252896308898926,317,669
171,56,60,14.853806495666504,1799,503
170,50,76,13.625829219818115,1429,592
112,57,71,12.569406747817993,308,174
125,51,52,13.809724569320679,400,609
123,50,67,11.147834539413452,357,669
163,54,55,11.58616018295288,102,587
103,54,88,16.90131378173828,1802,513
113,58,76,11.621541500091553,1016,706
174,54,92,13.654622316360474,393,669
151,58,92,16.36423087120056,1178,607
122,55,59,12.997002124786377,188,669
110,58,74,16.220651865005493,1879,519
106,54,73,13.481523036956787,159,659
119,56,69,13.635062456130981,150,586
153,56,57,15.771524667739868,339,587
150,58,125,13.306208610534668,779,656
117,53,67,19.008983373641968,144,669
142,56,64,16.68928599357605,237,617
162,54,87,11.463331699371338,281,669
111,54,80,16.077654600143433,255,620
115,54,179,13.145774126052856,66,587
133,57,63,13.404160022735596,749,690
140,53,118,13.905622959136963,1876,475
130,56,113,16.0692138671875,581,596
170,51,76,8.468812704086304,812,111
100,56,82,16.383013248443604,1782,499
104,55,80,21.378847122192383,1286,587
119,57,69,7.31779670715332,26,89
158,53,69,15.38273310661316,81,669
121,53,63,15.509698867797852,629,499
112,58,71,11.583332061767578,471,274
159,56,63,28.13271164894104,127,669
164,54,116,18.77925181388855,4206,638
157,60,67,15.275783777236938,196,472
143,56,59,15.5556960105896,1758,460
122,56,59,13.302919149398804,141,460
171,57,60,15.525527954101562,121,460
119,58,69,6.804322719573975,18,101
174,55,92,16.229064226150513,968,460
142,57,64,13.411394596099854,2598,465
150,59,125,14.205492734909058,1898,452
117,54,67,14.142796754837036,794,460
155,60,61,18.759926080703735,311,499
123,51,67,17.93285036087036,961,510
110,59,74,17.03164267539978,1839,528
103,55,88,17.740347862243652,369,558
113,59,76,18.171707153320312,1066,499
106,55,73,17.12773108482361,178,500
151,59,92,18.49140691757202,381,499
111,55,80,14.788384199142456,252,495
162,55,87,16.05977725982666,2874,531
115,55,179,14.73050594329834,74,460
140,54,118,14.438716173171997,74,460
170,52,76,13.730336427688599,1012,471
133,58,63,16.177773475646973,982,531
100,57,82,13.884613990783691,1121,460
104,56,80,13.22484540939331,468,460
121,54,63,13.828858852386475,140,460
158,54,69,15.536290168762207,92,460
112,59,71,14.052235126495361,134,467
159,57,63,14.753295183181763,257,460
119,59,69,11.200237035751343,601,669
143,57,59,14.228192329406738,9183,460
171,58,60,13.38307809829712,2297,472
164,55,116,15.58509635925293,626,513
150,60,125,11.258330345153809,1408,587
110,60,74,11.568694114685059,1033,628
142,58,64,12.898001194000244,226,587
122,57,59,16.025862455368042,520,1317
113,60,76,11.430445671081543,261,601
117,55,67,13.536946535110474,182,628
123,52,67,13.216684818267822,389,600
174,56,92,14.050400495529175,242,669
151,60,92,11.695347785949707,684,598
157,61,67,18.211063146591187,1050,514
103,56,88,13.582369089126587,650,651
162,56,87,12.055343866348267,89,669
170,53,76,11.077641487121582,366,587
133,59,63,11.886891841888428,405,621
106,56,73,14.904150485992432,2029,546
115,56,179,13.775142431259155,50,669
111,56,80,14.247491836547852,1174,634
140,55,118,13.065056085586548,867,587
100,58,82,13.45007610321045,549,700
159,58,63,11.453374862670898,39,720
104,57,80,15.659160852432251,84,678
112,60,71,13.100455522537231,414,669
150,61,125,10.939708232879639,665,669
158,55,69,14.971683740615845,96,669
119,60,69,13.796209573745728,419,605
121,55,63,17.245927095413208,631,694
110,61,74,12.234348773956299,1061,690
151,61,92,10.941264629364014,111,591
143,58,59,14.613810062408447,2169,460
164,56,116,14.028667211532593,1699,460
142,59,64,13.027052164077759,1394,589
171,59,60,15.022399425506592,1195,460
123,53,67,12.32276964187622,478,587
174,57,92,12.787818193435669,468,587
157,62,67,12.831183195114136,196,716
162,57,87,12.242591619491577,99,587
133,60,63,11.026056051254272,1329,587
113,61,76,15.398174285888672,997,587
140,56,118,11.641775369644165,987,607
106,57,73,13.63423752784729,238,669
170,54,76,15.076268672943115,1589,592
100,59,82,12.948268413543701,129,587
103,57,88,18.052762985229492,2374,499
112,61,71,11.733940839767456,848,739
117,56,67,19.15544557571411,1623,612
150,62,125,11.306363105773926,197,583
159,59,63,12.846444129943848,224,620
111,57,80,17.455763578414917,2234,511
121,56,63,12.437638998031616,468,669
158,56,69,14.53130316734314,94,669
104,58,80,16.465017080307007,729,587
123,54,67,11.440861463546753,576,587
164,57,116,12.866357326507568,2050,460
130,57,113,48.53696393966675,346,1956
151,62,92,13.580770492553711,1319,574
157,63,67,12.103928565979004,130,589
142,60,64,13.794662237167358,1217,686
174,58,92,13.823804378509521,1728,460
119,61,69,16.834416389465332,1073,673
122,58,59,29.842750787734985,1933,1259
110,62,74,18.777219533920288,2527,510
115,57,179,28.71679449081421,51,587
111,58,80,14.842413902282715,280,298
158,57,69,13.451420783996582,31,460
100,60,82,19.898406267166138,689,460
150,63,125,17.951605796813965,173,460
133,61,63,24.18678045272827,95,460
112,62,71,19.038969039916992,634,499
117,57,67,19.639063358306885,456,552
104,59,80,15.260013818740845,380,460
164,58,116,14.69454312324524,282,460
170,55,76,22.261077880859375,460,499
151,63,92,15.069029569625854,1670,472
106,58,73,23.596243619918823,867,499
119,62,69,13.957662582397461,468,460
123,55,67,16.916333198547363,441,460
130,58,113,16.184606790542603,561,534
162,58,87,27.563042640686035,129,460
140,57,118,25.9242205619812,1165,548
157,64,67,16.734745979309082,1132,505
174,59,92,15.645187377929688,2135,554
113,62,76,27.908327341079712,464,528
142,61,64,17.029356956481934,803,504
121,57,63,20.72815251350403,910,499
115,58,179,11.785835266113281,61,460
133,62,63,6.352813482284546,214,59
110,63,74,17.39168906211853,1681,512
158,58,69,13.449061632156372,82,460
150,64,125,13.083854675292969,108,460
100,61,82,13.343685150146484,196,460
111,59,80,15.372666358947754,706,505
119,63,69,11.244842052459717,752,592
162,59,87,11.467913627624512,395,589
106,59,73,12.455859899520874,2376,505
130,59,113,12.489072799682617,772,615
123,56,67,12.693012475967407,3745,459
140,58,118,12.424956321716309,1539,587
142,62,64,11.309775590896606,1220,600
104,60,80,15.535619735717773,901,460
115,59,179,11.095474243164062,56,669
174,60,92,12.399354934692383,93,669
151,64,92,15.196566104888916,220,701
170,56,76,15.973596811294556,114,669
159,60,63,35.52280354499817,687,1321
121,58,63,12.547411441802979,322,669
112,63,71,18.240843772888184,2732,502
117,58,67,18.328591346740723,332,504
164,59,116,18.478058338165283,292,499
113,63,76,16.348482608795166,1953,526
110,64,74,13.877663373947144,856,619
157,65,67,20.287387132644653,245,669
150,65,125,12.062039852142334,277,587
103,58,88,44.525639295578,331,1950
119,64,69,12.800447463989258,469,669
140,59,118,11.536706924438477,104,587
130,60,113,11.862335681915283,503,602
100,62,82,14.538598775863647,810,460
158,59,69,16.057349681854248,48,587
123,57,67,13.268139600753784,82,669
115,60,179,12.055160284042358,73,669
151,65,92,12.247849702835083,380,591
174,61,92,13.271807193756104,235,698
111,60,80,17.329995155334473,920,508
121,59,63,12.496754169464111,510,587
162,60,87,16.266302824020386,1355,505
164,60,116,11.580171346664429,358,669
106,60,73,16.577996253967285,1263,653
142,63,64,15.813203573226929,235,604
117,59,67,12.96202540397644,180,673
104,61,80,15.808152914047241,391,669
176,58,66,104.53391432762146,338,460
112,64,71,14.382088422775269,813,669
170,57,76,15.915274620056152,81,587
113,64,76,12.29791784286499,596,620
110,65,74,13.64702296257019,62,587
157,66,67,13.17998719215393,41,669
103,59,88,12.216804265975952,729,587
100,63,82,11.045199155807495,114,669
150,66,125,13.61662220954895,125,669
130,61,113,11.6403226852417,445,591
119,65,69,12.525089740753174,190,687
115,61,179,10.628031492233276,94,669
158,60,69,13.218892335891724,33,587
151,66,92,12.405070304870605,325,607
170,58,76,9.943794250488281,545,460
140,60,118,16.34930968284607,1158,509
121,60,63,13.12907361984253,452,669
174,62,92,13.768411636352539,2098,462
112,65,71,11.283821105957031,105,587
117,60,67,11.939881324768066,183,669
162,61,87,13.344651937484741,106,587
104,62,80,12.089612007141113,1792,460
106,61,73,13.310400247573853,63,587
164,61,116,13.660995960235596,399,587
130,62,113,7.1961493492126465,173,150
159,61,63,28.91136121749878,1543,748
176,59,66,14.568978309631348,188,669
110,66,74,11.965794801712036,460,669
103,60,88,11.521787405014038,179,587
100,64,82,12.464598417282104,3184,460
115,62,179,11.991819143295288,58,587
150,67,125,14.603455543518066,1385,460
119,66,69,15.765161991119385,654,603
158,61,69,13.625514030456543,39,587
162,62,87,11.411254405975342,616,617
170,59,76,12.641016006469727,1163,460
110,67,74,7.461130142211914,31,190
112,66,71,12.266169548034668,466,587
117,61,67,12.330162048339844,253,592
151,67,92,15.658870458602905,165,607
104,63,80,13.550352096557617,2313,460
140,61,118,15.17605447769165,179,669
111,61,80,29.2423152923584,858,593
176,60,66,12.855278968811035,519,460
130,63,113,13.835639238357544,672,499
174,63,92,16.065123081207275,131,669
121,61,63,16.486162185668945,234,766
164,62,116,15.808614253997803,448,669
115,63,179,11.604117631912231,118,460
113,65,76,29.785243034362793,520,669
100,65,82,12.514913082122803,90,460
106,62,73,19.119998931884766,484,653
103,61,88,16.017464876174927,1498,460
158,62,69,10.18069338798523,34,169
162,63,87,12.899930953979492,1272,479
121,62,63,8.580878973007202,527,252
150,68,125,16.299099922180176,390,466
119,67,69,14.449769020080566,348,499
110,68,74,16.032050848007202,59,460
117,62,67,16.111154079437256,662,498
112,67,71,16.693156003952026,1289,567
104,64,80,15.352692604064941,347,460
159,62,63,26.95168662071228,419,1013
176,61,66,14.3759286403656,253,460
140,62,118,16.302374601364136,1518,598
115,64,179,11.884291887283325,38,460
151,68,92,17.983185529708862,695,530
174,64,92,15.399860620498657,87,460
164,63,116,15.375049352645874,1274,460
130,64,113,16.637415409088135,214,496
119,68,69,7.1421709060668945,398,40
111,62,80,17.349594354629517,2425,505
170,60,76,21.705039262771606,2766,559
103,62,88,12.143186092376709,178,477
113,66,76,14.87793517112732,266,489
100,66,82,15.346043109893799,2110,460
158,63,69,13.628705978393555,32,460
106,63,73,17.219176292419434,602,499
110,69,74,8.691986799240112,261,252
150,69,125,12.075793266296387,926,460
117,63,67,10.298884630203247,457,460
112,68,71,10.134729385375977,188,460
176,62,66,11.504844903945923,39,669
104,65,80,12.65815782546997,660,460
115,65,179,12.140969038009644,83,669
164,64,116,11.502002477645874,762,669
162,64,87,19.477351903915405,1458,526
100,67,82,10.579897165298462,2356,486
113,67,76,11.527708768844604,1098,509
140,63,118,15.296275854110718,306,724
111,63,80,13.55362868309021,451,736
170,61,76,13.222342252731323,240,627
151,69,92,15.305857419967651,406,591
174,65,92,15.334633588790894,1942,459
110,70,74,11.352732419967651,261,587
103,63,88,15.485808610916138,177,654
112,69,71,11.279946088790894,118,669
106,64,73,13.784087657928467,504,590
158,64,69,16.058945178985596,35,669
117,64,67,12.54451608657837,188,587
176,63,66,12.364895582199097,194,669
164,65,116,11.002192497253418,701,460
115,66,179,11.432556867599487,85,669
104,66,80,13.659273862838745,167,587
150,70,125,18.710439205169678,582,587
113,68,76,11.720616102218628,1188,523
100,68,82,12.238349199295044,152,669
162,65,87,14.163720846176147,92,669
174,66,92,12.398152828216553,89,669
151,70,92,13.105794191360474,2546,514
140,64,118,14.42014217376709,947,499
103,64,88,11.8089439868927,175,603
106,65,73,11.141128778457642,539,669
130,65,113,29.367189168930054,177,676
110,71,74,13.946635484695435,261,669
112,70,71,12.428260326385498,270,682
117,65,67,12.163069486618042,232,587
170,62,76,18.436317920684814,847,464
111,64,80,21.05445170402527,1569,505
164,66,116,13.207838296890259,459,587
150,71,125,11.525386333465576,852,593
104,67,80,13.175720930099487,2088,460
115,67,179,14.59959864616394,70,587
100,69,82,11.587667226791382,180,669
176,64,66,15.949846506118774,39,768
140,65,118,9.550101518630981,861,476
151,71,92,11.625268936157227,400,643
162,66,87,15.10313367843628,2009,499
106,66,73,12.262813806533813,664,460
130,66,113,12.533299446105957,287,499
158,65,69,24.587090253829956,46,669
174,67,92,17.076757669448853,2712,460
110,72,74,15.129215955734253,436,460
164,67,116,14.24931287765503,1297,460
170,63,76,16.967633962631226,2252,503
150,72,125,14.17213225364685,65,460
111,65,80,14.793284177780151,223,460
117,66,67,19.9312686920166,484,653
115,68,179,14.829720258712769,44,460
176,65,66,14.06242060661316,1266,460
104,68,80,15.475530862808228,1442,499
140,66,118,14.565115928649902,89,460
151,72,92,14.397767782211304,460,479
113,69,76,28.965068817138672,126,669
100,70,82,17.280545473098755,217,499
162,67,87,13.474575519561768,88,460
110,73,74,10.239476680755615,102,190
158,66,69,11.882687091827393,31,460
106,67,73,13.665660619735718,671,499
103,65,88,28.682589769363403,1062,670
164,68,116,11.076097965240479,382,460
130,67,113,18.59437370300293,1112,498
111,66,80,11.069908857345581,2018,460
115,69,179,10.39697527885437,24,460
174,68,92,18.84642004966736,294,460
150,73,125,14.227010250091553,83,460
170,64,76,17.24352264404297,97,460
106,68,73,12.40830135345459,156,460
158,67,69,12.532028675079346,31,460
104,69,80,16.671524047851562,172,460
162,68,87,14.464969635009766,115,460
113,70,76,15.72904920578003,1116,479
140,67,118,17.308624982833862,1120,460
115,70,179,7.669787883758545,34,174
151,73,92,17.013436317443848,124,460
100,71,82,17.040184259414673,244,499
103,66,88,15.491188764572144,833,529
130,68,113,13.15456247329712,421,498
164,69,116,14.440815687179565,1428,477
111,67,80,14.668733835220337,164,460
150,74,125,11.894943952560425,744,451
174,69,92,15.841676712036133,1177,505
106,69,73,13.00512957572937,303,686
158,68,69,13.215105056762695,1816,460
115,71,179,11.356051445007324,31,587
162,69,87,12.505960702896118,1637,460
170,65,76,14.971643686294556,2093,503
140,68,118,13.369572401046753,1382,513
104,70,80,16.611443519592285,1382,503
123,58,67,132.84311485290527,5442,6612
130,69,113,13.318102359771729,336,627
150,75,125,11.410442352294922,746,587
103,67,88,15.241186380386353,1407,463
151,74,92,17.57616114616394,338,602
164,70,116,13.166785478591919,4542,486
113,71,76,20.86101508140564,199,669
100,72,82,20.457175970077515,246,587
174,70,92,16.30885934829712,1580,513
123,59,67,9.983586311340332,338,40
140,69,118,12.417762279510498,1058,587
115,72,179,15.567154169082642,24,587
162,70,87,16.011207818984985,85,669
104,71,80,14.169429779052734,153,692
106,70,73,19.49610471725464,424,670
103,68,88,12.739377737045288,112,473
150,76,125,13.79898476600647,1545,460
130,70,113,15.603698968887329,154,615
151,75,92,15.677926063537598,94,465
123,60,67,8.51012110710144,29,259
113,72,76,13.703086614608765,1886,484
111,68,80,29.676881790161133,625,605
170,66,76,25.33107900619507,943,499
140,70,118,13.909914493560791,631,499
164,71,116,21.285203456878662,961,499
174,71,92,15.993720531463623,106,460
100,73,82,19.50414252281189,210,499
123,61,67,7.593785524368286,29,132
115,73,179,16.614959955215454,60,460
103,69,88,14.13045620918274,902,460
130,71,113,12.25753927230835,120,466
162,71,87,18.489196062088013,692,499
113,73,76,11.840706825256348,1301,460
104,72,80,17.153025150299072,757,460
150,77,125,16.213175773620605,1284,528
111,69,80,12.054714679718018,163,460
100,74,82,9.16256332397461,172,318
151,76,92,17.08884334564209,466,519
174,72,92,10.896166324615479,759,467
170,67,76,16.78976607322693,2063,508
164,72,116,14.92232608795166,2046,460
115,74,179,14.622830629348755,34,460
130,72,113,16.29835057258606,258,460
162,72,87,15.710772514343262,81,460
104,73,80,15.135089874267578,547,460
113,74,76,16.30886173248291,722,578
103,70,88,18.230828285217285,251,494
111,70,80,16.020774364471436,2162,466
150,78,125,16.628551244735718,467,466
174,73,92,15.277854442596436,114,460
170,68,76,15.326934576034546,1299,464
151,77,92,18.983509302139282,104,532
100,75,82,19.52427864074707,338,499
115,75,179,12.69320821762085,25,669
164,73,116,16.77568817138672,376,490
130,73,113,12.691218852996826,792,377
111,71,80,11.214734554290771,681,669
104,74,80,13.910389423370361,468,591
162,73,87,16.321165561676025,1282,503
174,74,92,11.298433780670166,1856,460
106,71,73,49.78212380409241,1776,1847
150,79,125,17.120439291000366,1094,633
103,71,88,18.12560272216797,1345,559
151,78,92,11.552576541900635,548,710
170,69,76,12.544066667556763,220,669
115,76,179,11.672366619110107,65,669
164,74,116,12.127351760864258,1035,623
100,76,82,14.999964237213135,180,669
140,71,118,46.82618856430054,296,1937
130,74,113,12.938261032104492,445,679
104,75,80,12.761423110961914,429,669
111,72,80,13.673667430877686,916,675
113,75,76,26.071967124938965,1391,862
162,74,87,11.047662019729614,85,587
174,75,92,11.502598524093628,191,597
103,72,88,12.017996788024902,127,465
115,77,179,11.20434021949768,36,460
151,79,92,12.677998542785645,116,460
150,80,125,13.174448013305664,230,460
164,75,116,11.275728464126587,299,479
106,72,73,14.827733755111694,175,460
130,75,113,9.959012985229492,448,293
174,76,92,10.2566499710083,1128,460
111,73,80,11.75518274307251,1618,463
100,77,82,16.17736029624939,212,499
140,72,118,14.875327587127686,1319,502
170,70,76,20.105833768844604,2201,563
104,76,80,16.865578413009644,590,499
164,76,116,12.037795782089233,1733,499
162,75,87,17.85926914215088,2066,545
103,73,88,13.977633714675903,181,460
115,78,179,13.924391508102417,78,460
123,62,67,67.39693212509155,1928,3009
130,76,113,12.105910062789917,834,540
150,81,125,15.231281042098999,314,472
151,80,92,17.08446764945984,576,515
170,71,76,9.57340145111084,68,464
100,78,82,12.939805507659912,307,460
111,74,80,14.01891803741455,89,460
174,77,92,14.794690132141113,137,466
150,82,125,6.371190309524536,118,109
115,79,179,8.455053806304932,34,169
130,77,113,7.441736221313477,831,121
140,73,118,15.579879522323608,1328,505
162,76,87,14.153772354125977,81,460
104,77,80,17.03048872947693,904,499
100,79,82,8.516410827636719,149,172
164,77,116,16.347284078598022,614,499
103,74,88,16.519676685333252,175,499
111,75,80,9.807159662246704,1520,466
174,78,92,9.143507719039917,114,466
123,63,67,16.215782642364502,211,530
151,81,92,16.41348671913147,129,511
130,78,113,11.362353086471558,191,618
170,72,76,17.172324657440186,528,501
150,83,125,13.550780057907104,500,593
115,80,179,13.497988939285278,31,587
104,78,80,9.60678505897522,874,460
140,74,118,15.931376934051514,102,681
162,77,87,14.951922178268433,1459,545
103,75,88,13.308265447616577,1356,480
100,80,82,15.116958379745483,209,587
174,79,92,14.160547018051147,1953,509
111,76,80,14.708962678909302,188,587
123,64,67,14.148014783859253,401,587
151,82,92,12.796584129333496,2360,466
115,81,179,11.829665184020996,2378,460
150,84,125,12.009870767593384,553,587
130,79,113,14.441492795944214,384,596
170,73,76,14.512938499450684,2122,569
104,79,80,12.362897396087646,193,669
140,75,118,12.80235505104065,1130,629
103,76,88,11.789135932922363,396,593
100,81,82,11.107415199279785,201,669
162,78,87,13.341235637664795,86,587
170,74,76,7.3611249923706055,251,59
123,65,67,11.410818338394165,3827,459
151,83,92,12.311110734939575,137,479
115,82,179,12.246476650238037,799,500
111,77,80,15.16835069656372,269,669
164,78,116,30.928823709487915,469,723
130,80,113,11.802075386047363,218,469
150,85,125,13.523900508880615,1174,507
170,75,76,8.268957614898682,171,248
140,76,118,14.740728378295898,1076,513
103,77,88,14.13046932220459,1147,511
162,79,87,14.683502435684204,1681,545
151,84,92,13.296603441238403,622,504
115,83,179,12.753583431243896,1795,506
164,79,116,13.473780393600464,1815,520
174,80,92,29.361849784851074,93,587
150,86,125,14.125879049301147,2252,535
130,81,113,15.073359727859497,1230,530
140,77,118,10.587303876876831,396,462
103,78,88,11.371708869934082,227,460
162,80,87,11.421930313110352,82,460
151,85,92,10.08634877204895,1926,501
174,81,92,11.676453828811646,1765,499
164,80,116,11.930524826049805,422,460
150,87,125,11.311524868011475,1527,535
130,82,113,12.713356733322144,737,501
140,78,118,15.929895639419556,552,499
103,79,88,13.01676630973816,1353,549
162,81,87,14.523622751235962,1456,499
174,82,92,11.087310314178467,85,460
115,84,179,27.215357780456543,2234,1890
164,81,116,14.654352188110352,1892,519
151,86,92,19.505752086639404,192,460
140,79,118,10.66346549987793,1053,473
150,88,125,19.050724506378174,958,498
111,78,80,46.766682624816895,1686,3362
103,80,88,13.46298336982727,221,466
130,83,113,19.875014543533325,407,517
162,82,87,14.001865148544312,89,460
174,83,92,13.547230243682861,64,460
164,82,116,11.703761577606201,614,518
115,85,179,13.423577070236206,2455,460
140,80,118,9.504472494125366,399,460
151,87,92,13.294968128204346,293,460
150,89,125,11.242449283599854,660,499
103,81,88,11.109111785888672,1303,499
174,84,92,8.991636514663696,400,460
111,79,80,18.229453563690186,411,624
162,83,87,15.45941972732544,2212,499
151,88,92,10.50097131729126,1871,527
115,86,179,13.089120626449585,142,460
164,83,116,14.245615005493164,1715,476
140,81,118,13.193973064422607,1090,460
130,84,113,20.644015073776245,487,516
150,90,125,17.516549587249756,2811,524
151,89,92,9.065354108810425,240,460
103,82,88,16.6194007396698,510,460
174,85,92,16.000816345214844,737,460
115,87,179,9.746939182281494,207,460
164,84,116,14.272408723831177,1576,506
162,84,87,15.831277132034302,470,497
150,91,125,7.541599988937378,137,92
151,90,92,8.225522756576538,176,163
115,88,179,7.656363248825073,249,262
103,83,88,9.947696685791016,710,474
130,85,113,16.659902572631836,209,463
140,82,118,19.94291615486145,1191,516
162,85,87,10.120524644851685,591,505
151,91,92,9.759597778320312,303,121
164,85,116,13.75140380859375,389,478
174,86,92,21.072518348693848,1749,499
150,92,125,14.428890705108643,775,484
103,84,88,13.706650018692017,703,460
130,86,113,13.502404928207397,227,460
115,89,179,16.26063847541809,200,503
140,83,118,15.879149198532104,2000,572
162,86,87,14.330531597137451,813,499
174,87,92,11.008543968200684,392,460
130,87,113,10.907806873321533,434,461
115,90,179,10.588102579116821,2955,279
103,85,88,12.628871440887451,1239,460
150,93,125,16.779664039611816,108,461
164,86,116,19.749995708465576,1615,507
140,84,118,11.888554811477661,849,499
130,88,113,6.639082908630371,333,108
174,88,92,10.721622467041016,188,460
103,86,88,11.51764464378357,116,460
115,91,179,12.21106743812561,1626,463
123,66,67,128.23106575012207,4808,7037
150,94,125,14.085547924041748,1897,505
164,87,116,13.588222980499268,311,500
174,89,92,10.093886852264404,297,460
130,89,113,12.9096040725708,365,460
140,85,118,15.465344667434692,115,460
103,87,88,11.68480634689331,368,471
115,92,179,15.473235368728638,1108,499
174,90,92,13.414597272872925,272,560
164,88,116,14.252294063568115,1465,588
150,95,125,15.029388904571533,892,460
130,90,113,13.043350219726562,591,460
140,86,118,13.13481092453003,872,511
115,93,179,15.196707487106323,1704,503
150,96,125,11.950659036636353,578,495
130,91,113,12.041261434555054,721,460
174,91,92,14.45150899887085,1020,499
140,87,118,15.824143886566162,895,517
150,97,125,7.251415491104126,96,106
164,89,116,20.666566610336304,1579,560
130,92,113,13.645861625671387,562,499
115,94,179,15.451363325119019,1965,505
150,98,125,14.1665518283844,857,499
164,90,116,13.137606143951416,434,473
140,88,118,18.088781356811523,1385,594
130,93,113,12.031558752059937,251,460
150,99,125,7.53653621673584,142,91
115,95,179,15.361513614654541,782,505
164,91,116,14.23122501373291,1480,499
140,89,118,19.93698239326477,144,499
115,96,179,13.682509660720825,1354,460
130,94,113,20.321314811706543,755,499
150,100,125,17.445299863815308,2511,465
164,92,116,15.140338897705078,2960,583
115,97,179,14.546728610992432,129,460
140,90,118,20.991382360458374,1204,642
130,95,113,18.329106330871582,352,460
150,101,125,19.163081884384155,481,505
164,93,116,19.685101747512817,358,544
115,98,179,14.184124946594238,858,501
150,102,125,11.931817770004272,664,467
130,96,113,13.091527462005615,200,469
140,91,118,15.899690389633179,996,563
115,99,179,11.481282234191895,991,488
164,94,116,14.3954918384552,357,502
150,103,125,13.707186460494995,2972,460
130,97,113,16.610400915145874,321,499
140,92,118,15.42973256111145,813,499
115,100,179,10.9246506690979,703,460
164,95,116,12.752634286880493,409,460
150,104,125,12.174890279769897,303,460
140,93,118,12.61541223526001,95,460
130,98,113,13.329885244369507,792,516
115,101,179,15.971081733703613,1245,460
164,96,116,13.804160356521606,4252,467
150,105,125,12.259772300720215,398,460
130,99,113,13.222559213638306,962,503
140,94,118,15.047759056091309,905,494
164,97,116,13.872468709945679,1172,475
115,102,179,14.958731889724731,1857,466
150,106,125,13.202992677688599,1025,460
130,100,113,15.590869188308716,251,508
140,95,118,14.369375944137573,2436,504
115,103,179,16.711296796798706,1461,499
164,98,116,17.191152572631836,849,499
150,107,125,13.926239728927612,177,460
130,101,113,13.26223087310791,1822,542
140,96,118,14.490735292434692,1127,499
164,99,116,13.084969282150269,343,521
150,108,125,13.49916934967041,52,458
115,104,179,14.52576231956482,1013,499
130,102,113,12.513221979141235,465,463
140,97,118,15.210938692092896,135,498
164,100,116,13.719748497009277,478,460
150,109,125,13.318617820739746,450,461
115,105,179,12.914192199707031,720,459
130,103,113,11.738645315170288,336,460
140,98,118,13.064679861068726,235,485
150,110,125,13.302631616592407,1050,460
115,106,179,13.363723516464233,1576,459
164,101,116,15.456863164901733,345,460
130,104,113,12.555279016494751,198,499
140,99,118,14.942090272903442,695,514
150,111,125,13.75947380065918,1202,460
164,102,116,11.946834564208984,1098,460
115,107,179,16.353433847427368,539,499
130,105,113,13.804784297943115,346,489
140,100,118,12.342954158782959,841,454
150,112,125,11.084392786026001,1713,470
164,103,116,12.322090148925781,508,534
115,108,179,12.11730146408081,1108,460
150,113,125,7.019063234329224,114,91
130,106,113,15.186158180236816,390,489
140,101,118,11.839916229248047,785,500
164,104,116,14.068761825561523,259,460
115,109,179,12.072711944580078,807,466
130,107,113,12.156798601150513,221,460
150,114,125,15.220252513885498,591,460
140,102,118,16.253316402435303,1050,495
164,105,116,13.298202514648438,424,460
130,108,113,12.350834846496582,296,460
115,110,179,17.778452157974243,739,499
150,115,125,12.29460072517395,855,460
140,103,118,11.363271951675415,406,460
164,106,116,10.993302583694458,207,460
150,116,125,7.140871047973633,210,91
130,109,113,14.114545822143555,374,460
115,111,179,16.70940899848938,729,504
164,107,116,15.472367763519287,300,460
140,104,118,17.313631296157837,859,499
150,117,125,17.398114442825317,768,460
130,110,113,16.75397276878357,425,460
115,112,179,14.906199932098389,1184,471
140,105,118,10.18708086013794,104,460
164,108,116,11.915679216384888,389,460
150,118,125,10.131175518035889,1327,460
140,106,118,11.174144268035889,2611,520
115,113,179,11.774911880493164,460,460
164,109,116,11.703117847442627,987,499
130,111,113,16.612683296203613,574,637
150,119,125,16.35864782333374,90,460
140,107,118,10.852537155151367,296,460
115,114,179,13.964797496795654,1727,460
164,110,116,14.317198276519775,74,460
150,120,125,14.664388179779053,2239,511
140,108,118,12.729641199111938,415,516
164,111,116,12.002789735794067,163,460
115,115,179,17.173775672912598,448,518
130,112,113,29.51150417327881,467,872
150,121,125,10.981950521469116,2635,521
140,109,118,11.194413423538208,261,460
164,112,116,10.062621116638184,163,460
115,116,179,12.452966690063477,799,460
150,122,125,10.590045928955078,316,460
140,110,118,11.505556583404541,476,460
164,113,116,12.838469743728638,485,460
140,111,118,9.19014573097229,236,457
115,117,179,11.855779886245728,592,462
150,123,125,11.953804016113281,188,460
140,112,118,12.480876684188843,413,460
115,118,179,13.490648984909058,992,464
150,124,125,13.184084177017212,307,460
164,114,116,21.18561601638794,521,628
140,113,118,9.908814430236816,188,460
115,119,179,11.53585433959961,423,460
140,114,118,9.047733545303345,287,460
164,115,116,15.748432397842407,469,508
115,120,179,12.0612952709198,1742,466
140,115,118,10.749236345291138,253,460
115,121,179,11.646833419799805,449,459
140,116,118,7.559845924377441,39,193
115,122,179,17.036492824554443,455,499
140,117,118,21.960570096969604,860,918
115,123,179,12.40378212928772,517,462
115,124,179,12.419503450393677,1383,480
115,125,179,9.757451057434082,1259,474
115,126,179,13.19377875328064,1285,458
115,127,179,14.156777381896973,209,460
115,128,179,10.531625747680664,662,460
115,129,179,14.879552602767944,808,503
115,130,179,10.157344341278076,917,460
115,131,179,13.718995332717896,410,468
115,132,179,14.182069301605225,327,460
115,133,179,10.539149761199951,612,453
115,134,179,13.21224570274353,542,499
115,135,179,14.478084564208984,538,499
115,136,179,16.02699089050293,762,460
115,137,179,13.119887351989746,1282,464
115,138,179,13.269297122955322,1482,460
115,139,179,11.85101318359375,1208,460
115,140,179,12.757824420928955,1099,499
115,141,179,13.726792335510254,454,499
115,142,179,13.855248928070068,707,474
115,143,179,10.12281322479248,506,460
115,144,179,16.993127822875977,48,499
115,145,179,13.024121522903442,287,460
115,146,179,13.386272430419922,890,460
115,147,179,14.123762369155884,901,460
115,148,179,16.400898456573486,223,460
115,149,179,15.418255090713501,43,499
115,150,179,12.358920812606812,856,460
115,151,179,12.117848634719849,604,461
115,152,179,14.662344455718994,1133,499
115,153,179,15.836104154586792,433,500
115,154,179,14.495348691940308,414,459
115,155,179,11.730181217193604,1426,460
115,156,179,15.404818773269653,1506,499
115,157,179,17.212127685546875,1193,499
115,158,179,14.239123106002808,920,460
115,159,179,13.689164876937866,1341,505
115,160,179,13.238887786865234,633,469
115,161,179,11.932605266571045,188,460
115,162,179,14.597672462463379,882,460
115,163,179,12.042120218276978,218,454
115,164,179,15.566622734069824,1469,460
115,165,179,15.418301820755005,1698,499
115,166,179,14.258909940719604,1986,460
115,167,179,10.172486066818237,251,460
115,168,179,13.220783948898315,503,499
115,169,179,9.193382263183594,489,460
115,170,179,14.323156595230103,237,460
115,171,179,6.570950746536255,40,180
115,172,179,12.947392702102661,182,460
115,173,179,8.581446886062622,40,189
115,174,179,13.541210651397705,182,460
115,175,179,7.9516918659210205,40,189
115,176,179,6.600170850753784,203,59
115,177,179,8.171159744262695,39,189
115,178,179,10.806541204452515,330,547
195,0,23,9.733240842819214,9490,68
208,0,43,9.7025785446167,1466,460
209,0,93,9.707560300827026,59,87
216,0,45,11.851860523223877,1314,68
251,0,71,13.068429946899414,57,587
181,0,26,13.443139791488647,2574,460
184,0,18,13.445114850997925,2361,460
218,0,103,13.538813591003418,2545,587
210,0,126,13.89230751991272,59,460
197,0,35,13.954101085662842,3373,460
235,0,60,13.810050010681152,2309,460
188,0,31,14.057635307312012,5086,466
223,0,29,13.926075220108032,4187,460
187,0,13,14.356271982192993,2968,460
234,0,51,14.185306310653687,4102,460
182,0,28,14.405117273330688,1485,460
206,0,88,14.32231593132019,756,460
189,0,39,14.398063898086548,1779,460
229,0,53,14.247567892074585,2376,460
201,0,31,14.368638038635254,1337,460
186,0,21,14.437410354614258,2045,460
243,0,77,14.219606637954712,27,460
185,0,46,14.460333585739136,2917,460
180,0,64,14.50420093536377,3345,460
239,0,105,14.267446517944336,1642,460
190,0,37,15.085943222045898,1579,460
205,0,80,15.035112380981445,572,460
217,0,50,14.996243000030518,4101,460
194,0,18,15.128054857254028,1709,460
211,0,31,15.115585803985596,1496,484
200,0,61,15.536059379577637,632,460
253,0,24,15.332300186157227,857,460
225,0,54,15.453428030014038,4054,460
220,0,32,15.482331037521362,5528,460
233,0,98,15.439939975738525,2534,460
231,0,45,15.455887079238892,1138,460
193,0,33,15.61852765083313,2288,460
207,0,45,15.573162078857422,691,460
237,0,37,15.57144045829773,820,460
241,0,63,15.568444728851318,4489,460
203,0,45,15.750511884689331,1569,470
254,0,68,15.556587934494019,4879,499
183,0,31,15.849156379699707,1004,460
257,0,39,15.555591344833374,1548,460
202,0,194,15.797905445098877,1829,460
256,0,59,15.615615844726562,2852,460
192,0,43,15.88125991821289,4658,499
252,0,35,15.678563117980957,247,499
245,0,52,15.720826148986816,1290,460
196,0,45,15.924247741699219,2617,460
199,0,28,15.921259641647339,2225,489
226,0,31,15.819599390029907,3417,460
255,0,37,15.718276262283325,500,460
214,0,48,16.96804666519165,2734,499
219,0,51,16.999661207199097,467,499
244,0,52,16.915343523025513,4646,499
249,0,56,17.56496024131775,2838,499
258,0,89,17.533618211746216,2463,499
247,0,36,17.595857858657837,4500,499
230,0,22,18.366832733154297,3502,546
215,0,35,18.787433862686157,810,499
222,0,32,18.80281376838684,4932,499
240,0,53,18.92960524559021,7669,591
191,0,44,19.137442350387573,3188,518
246,0,87,20.773452520370483,1586,590
221,0,52,22.34209394454956,1656,593
224,0,43,22.500513792037964,5300,587
195,1,23,12.967911005020142,3209,604
228,0,83,22.930521249771118,6115,593
248,0,37,23.024200439453125,358,587
213,0,37,23.585423946380615,7114,587
223,1,29,9.692581176757812,1187,466
208,1,43,14.240369081497192,3248,705
227,0,16,23.949439764022827,2108,591
239,1,105,9.696359395980835,768,462
198,0,30,24.71019744873047,7918,1393
251,1,71,11.566544771194458,45,587
204,0,47,25.122695922851562,9655,732
212,0,19,25.14424204826355,335,669
236,0,83,25.2746798992157,38,669
216,1,45,14.017641544342041,2288,500
197,1,35,12.246613025665283,584,669
209,1,93,16.93017554283142,34,587
218,1,103,13.077777624130249,2182,615
250,0,60,26.877150058746338,1619,587
190,1,37,12.248257398605347,3095,587
192,1,43,11.59479308128357,2005,593
259,0,50,27.32006311416626,1592,587
189,1,39,13.439072132110596,2548,660
199,1,28,12.006206750869751,1942,668
235,1,60,14.233590602874756,447,669
226,1,31,12.307684659957886,1426,603
232,0,70,29.343589067459106,3817,623
186,1,21,15.127571821212769,2275,587
238,0,71,32.649529457092285,27108,618
243,1,77,19.32048225402832,35,669
194,1,18,22.148951053619385,3400,688
247,1,36,35.95313906669617,1089,489
248,1,37,31.027809858322144,50,460
193,1,33,39.072999715805054,1045,478
212,1,19,29.492944478988647,53,587
189,2,39,27.088990211486816,1086,593
237,1,37,39.62023377418518,1068,460
191,1,44,36.34295988082886,2593,460
227,1,16,31.500367879867554,9683,460
223,2,29,31.906073331832886,2231,460
245,1,52,39.73260951042175,5390,456
203,1,45,39.881858110427856,2699,488
232,1,70,26.36374545097351,1500,488
196,1,45,39.94009518623352,3859,485
185,1,46,41.49730825424194,2414,485
250,1,60,29.096487283706665,2988,463
230,1,22,37.70685005187988,1999,460
225,1,54,40.65086531639099,418,460
180,1,64,41.80342650413513,2514,460
242,0,52,56.13140606880188,1300,460
186,2,21,26.8838951587677,1911,460
195,2,23,33.75442934036255,2428,460
249,1,56,38.75497603416443,55,669
194,2,18,19.28172731399536,293,669
181,1,26,43.17690849304199,3395,460
235,2,60,28.43894863128662,1229,460
243,2,77,22.973199367523193,43,460
259,1,50,29.138591051101685,4765,489
216,2,45,30.90416979789734,1201,460
209,2,93,30.17402672767639,34,546
251,2,71,32.11890459060669,38,458
184,1,18,43.5967800617218,2417,460
226,2,31,28.75614595413208,1239,599
217,1,50,41.95300841331482,3085,460
246,1,87,36.188804388046265,8759,492
256,1,59,41.33938908576965,4065,526
241,1,63,41.48396039009094,847,460
214,1,48,40.24516010284424,2593,461
254,1,68,41.55137801170349,3838,460
188,1,31,43.32748579978943,504,460
236,1,83,31.931506872177124,43,460
258,1,89,39.619494676589966,622,462
229,1,53,43.10406255722046,3001,460
183,1,31,41.70723009109497,1582,460
211,1,31,42.366150856018066,3289,510
218,2,103,30.89952540397644,7179,513
239,2,105,33.486878871917725,1128,460
190,2,37,30.327004194259644,2913,460
208,2,43,33.72346377372742,2042,466
215,1,35,38.866018295288086,54,460
187,1,13,43.452791690826416,3599,460
252,1,35,41.88061761856079,50,669
231,1,45,42.35724377632141,783,513
213,1,37,34.422449350357056,4031,471
198,1,30,33.37043762207031,314,547
182,1,28,43.790457248687744,509,669
233,1,98,42.845845222473145,2624,587
201,1,31,44.1232430934906,4098,499
192,2,43,31.09980273246765,988,499
222,1,32,39.67376494407654,4948,499
234,1,51,44.368560552597046,5491,497
204,1,47,33.66142964363098,2823,526
219,1,51,41.935142517089844,52,460
228,1,83,36.032249450683594,1308,499
206,1,88,44.95022130012512,1221,606
244,1,52,42.34080481529236,2140,887
197,2,35,33.452556133270264,1599,499
220,1,32,44.12222647666931,4095,499
207,1,45,44.11963677406311,54,669
255,1,37,43.87355446815491,4453,505
238,1,71,27.04902482032776,4255,538
253,1,24,44.339895248413086,1009,505
240,1,53,41.38235282897949,4016,544
221,1,52,38.059518575668335,801,587
257,1,39,44.89333128929138,1708,593
205,1,80,45.991909980773926,775,587
202,1,194,45.54631280899048,1489,587
210,1,126,47.71697759628296,54,587
200,1,61,47.90899467468262,815,683
224,1,43,41.0842649936676,1797,587
212,2,19,10.025673151016235,4374,277
199,2,28,37.136150598526,1140,628
248,2,37,11.274564504623413,1549,462
247,2,36,12.77858281135559,8579,460
227,2,16,11.9383864402771,3958,499
193,2,33,13.377466440200806,602,587
237,2,37,13.045219659805298,1711,595
189,3,39,13.610021114349365,1475,587
223,3,29,14.220940113067627,1013,670
245,2,52,14.361719131469727,4056,603
185,2,46,14.314673662185669,2143,624
242,1,52,14.417120218276978,3180,593
226,3,31,57.30176591873169,2104,664
212,3,19,50.37916660308838,1074,460
198,2,30,57.20791673660278,444,460
214,2,48,58.030905961990356,3034,460
259,2,50,58.672317028045654,1352,460
249,2,56,58.91557860374451,2122,460
228,2,83,56.77355766296387,5316,460
245,3,52,45.93987965583801,2570,460
184,2,18,59.02241659164429,2921,460
211,2,31,58.70906066894531,1970,507
255,2,37,56.52443599700928,5242,492
187,2,13,58.96165895462036,2000,499
222,2,32,58.28372550010681,5708,499
236,2,83,59.55226469039917,42,460
207,2,45,57.25003623962402,2753,463
182,2,28,58.92547035217285,1127,460
233,2,98,58.75844430923462,2163,460
183,2,31,59.70414853096008,3011,460
197,3,35,57.57002782821655,1053,460
194,3,18,60.6858274936676,864,471
230,2,22,61.170478105545044,1352,465
189,4,39,48.887610912323,2529,482
221,2,52,56.91451144218445,1838,460
192,3,43,59.14276313781738,621,460
188,2,31,60.39544224739075,1877,470
247,3,36,51.23856782913208,38,460
202,2,194,56.41596603393555,208,460
205,2,80,56.76065492630005,655,460
240,2,53,57.46232032775879,7790,599
217,2,50,60.92787432670593,1230,460
203,2,45,62.32158827781677,1854,466
250,2,60,61.793359994888306,2171,460
232,2,70,62.21600103378296,4102,460
223,4,29,48.30504870414734,1558,466
213,2,37,60.19042372703552,2196,495
181,2,26,61.83978247642517,3907,460
244,2,52,59.12596273422241,2859,469
204,2,47,59.88947510719299,369,499
258,2,89,61.32193636894226,3333,459
252,2,35,61.58649468421936,816,499
246,2,87,62.53348517417908,4273,518
231,2,45,61.95890688896179,1535,550
256,2,59,62.83620572090149,1952,536
254,2,68,63.001770973205566,4582,528
199,3,28,55.66816329956055,1144,626
180,2,64,117.37934827804565,516,587
205,3,80,57.08504843711853,600,460
185,3,46,104.7208902835846,1610,460
259,3,50,59.60057711601257,498,460
191,2,44,119.60848355293274,1034,460
211,3,31,58.83129143714905,1027,460
257,2,39,114.43763160705566,1240,460
256,3,59,55.67422842979431,1237,616
198,3,30,60.481560468673706,858,496
235,3,60,119.18824124336243,1450,621
199,4,28,55.37572121620178,949,546
193,3,33,108.21480703353882,2428,460
250,3,60,58.33020091056824,416,460
240,3,53,58.9288694858551,4498,499
182,3,28,59.89445662498474,937,593
246,3,87,58.51369309425354,729,460
200,2,61,114.84549379348755,2226,460
210,2,126,116.69235801696777,70,460
249,3,56,62.96055841445923,1071,460
184,3,18,62.462578773498535,1203,460
243,3,77,121.84010863304138,30,460
255,3,37,62.2989776134491,1197,478
223,5,29,60.547447204589844,829,460
213,3,37,60.96976637840271,2175,502
218,3,103,122.47299695014954,851,499
229,2,53,122.93136644363403,1934,460
209,3,93,123.6855263710022,72,460
254,3,68,60.55648756027222,5062,514
233,3,98,63.783926248550415,5606,499
220,2,32,122.01061987876892,1516,499
225,2,54,125.50191354751587,708,460
186,3,21,125.3225531578064,1990,460
228,3,83,65.90541505813599,4200,460
244,3,52,64.11571383476257,2992,509
204,3,47,64.33061933517456,4022,530
207,3,45,66.3203010559082,1104,499
202,3,194,65.53982853889465,2720,499
217,3,50,66.18543529510498,2717,499
214,3,48,68.83979296684265,6464,499
201,2,31,125.65439867973328,1854,499
245,4,52,68.27875709533691,946,502
181,3,26,65.83696150779724,491,499
190,3,37,128.57852220535278,2583,1003
258,3,89,78.00690913200378,3274,2356
224,2,43,169.7033817768097,1470,669
207,4,45,50.726778745651245,2455,604
222,3,32,117.82742476463318,1170,630
213,4,37,55.53976774215698,2728,697
210,3,126,56.75080466270447,46,587
241,2,63,177.9210524559021,383,460
214,4,48,51.00611138343811,1191,460
209,4,93,54.62044024467468,44,460
181,4,26,50.94830775260925,1684,460
202,4,194,51.8806688785553,948,460
200,3,61,57.086220264434814,1911,460
243,4,77,56.861541986465454,27,460
205,4,80,60.50515055656433,864,460
240,4,53,58.57551980018616,1138,504
237,3,37,167.06312203407288,1091,460
199,5,28,59.36247897148132,432,616
218,4,103,55.48083806037903,809,490
232,3,70,117.51345181465149,944,587
250,4,60,59.30505108833313,647,472
186,4,21,53.90489149093628,2782,485
251,3,71,178.66886711120605,42,669
188,3,31,117.91093397140503,1429,460
203,3,45,117.75233745574951,2120,593
227,3,16,168.31330585479736,1045,587
192,4,43,118.32250142097473,666,587
245,5,52,51.90360760688782,787,483
239,3,105,178.54010200500488,805,669
184,4,18,57.94406223297119,1485,587
235,4,60,60.60424566268921,2449,524
204,4,47,53.69240093231201,6485,578
233,4,98,55.891868591308594,4641,499
193,4,33,60.62298059463501,1493,604
229,3,53,56.791006088256836,1451,597
220,3,32,55.57038497924805,2030,499
180,3,64,63.84269952774048,559,460
196,2,45,181.59705233573914,2548,527
257,3,39,62.33311629295349,1422,515
198,4,30,61.70623517036438,1437,673
252,3,35,118.17933440208435,1516,473
228,4,83,55.785844802856445,185,460
238,2,71,177.75344944000244,179,460
201,3,31,53.4943962097168,2483,460
249,4,56,59.25730562210083,983,460
254,4,68,56.80060625076294,4227,503
246,4,87,59.499252796173096,2451,597
242,2,52,167.0523965358734,2292,499
248,3,37,172.2603931427002,1370,499
215,2,35,180.16617226600647,1820,762
256,4,59,62.32245945930481,50,524
211,4,31,63.128730058670044,1144,587
231,3,45,118.35087776184082,1023,488
221,3,52,121.15486073493958,2052,625
194,4,18,121.45237517356873,939,489
185,4,46,63.860424280166626,1210,460
258,4,89,42.317174196243286,1738,593
219,2,51,180.1560981273651,1361,460
255,4,37,60.583959102630615,901,460
247,4,36,121.8347840309143,2319,720
253,2,24,179.8769772052765,637,587
197,4,35,122.55922317504883,836,587
244,4,52,57.60750222206116,2480,611
234,2,51,181.61808562278748,2112,587
259,4,50,65.374666929245,1334,499
226,4,31,126.13256502151489,2204,507
216,3,45,183.64467430114746,1258,589
236,3,83,123.66350317001343,45,669
189,5,39,123.25576543807983,1575,707
191,3,44,65.64580416679382,2685,488
212,4,19,125.82930779457092,1192,653
213,5,37,6.476747512817383,1481,66
182,4,28,64.32557272911072,536,587
195,3,23,184.9031913280487,525,587
223,6,29,63.300310134887695,1361,711
190,4,37,56.04453992843628,1219,615
227,4,16,6.660650730133057,910,66
206,2,88,183.5238344669342,117,672
187,3,13,126.84450149536133,1659,595
208,3,43,186.35057163238525,2037,881
222,4,32,11.221359252929688,3272,468
243,5,77,10.691160917282104,28,648
210,4,126,11.045235872268677,48,669
217,4,50,62.05317687988281,760,587
183,3,31,129.07266306877136,2429,786
241,3,63,11.630751609802246,1423,546
203,4,45,11.205456018447876,1788,617
202,5,194,11.936008214950562,1232,589
186,5,21,12.176951885223389,2138,460
237,4,37,12.511330127716064,1503,587
225,3,54,66.74409818649292,1661,589
235,5,60,12.169412851333618,505,669
224,3,43,15.426352977752686,987,587
214,5,48,13.674776792526245,250,669
199,6,28,13.369148254394531,1781,633
218,5,103,13.382359504699707,266,587
230,3,22,131.8177728652954,1633,587
238,3,71,12.400600910186768,62,669
207,5,45,16.22709608078003,2196,618
198,5,30,12.845144271850586,127,595
209,5,93,16.054226875305176,42,669
184,5,18,14.958729982376099,590,587
242,3,52,13.61390733718872,2608,499
258,5,89,13.403398752212524,1607,605
193,5,33,15.595264911651611,1121,587
228,5,83,15.608598470687866,3419,460
248,4,37,16.21334147453308,3514,460
220,4,32,18.55485224723816,2946,490
216,4,45,51.82723617553711,845,322
197,5,35,53.61623787879944,250,587
212,5,19,53.26226806640625,1451,460
249,5,56,56.536784648895264,1436,460
259,5,50,53.849454164505005,580,460
237,5,37,46.38327646255493,808,460
203,5,45,47.43290114402771,796,478
250,5,60,58.75527572631836,80,587
244,5,52,54.209667444229126,538,460
246,5,87,56.99080491065979,2243,499
201,4,31,57.38225078582764,866,460
186,6,21,47.43482804298401,2777,460
226,5,31,54.89276957511902,2628,460
254,5,68,57.73715162277222,1647,460
251,4,71,60.05021595954895,64,669
257,4,39,58.32220959663391,2097,605
235,6,60,47.734886169433594,1079,727
256,5,59,58.32177996635437,105,669
247,5,36,56.80158448219299,2923,787
236,4,83,56.15933179855347,45,460
218,6,103,48.00758647918701,928,608
242,4,52,45.76211214065552,1312,619
228,6,83,44.08907413482666,2207,460
207,6,45,47.04461097717285,600,460
234,3,51,57.085407733917236,113,460
252,4,35,60.13090920448303,2087,499
198,6,30,47.40753674507141,308,460
188,4,31,62.38436937332153,285,460
210,5,126,51.90688467025757,33,460
189,6,39,57.41750645637512,522,460
191,4,44,57.42571139335632,141,587
181,5,26,62.96797823905945,1025,463
217,5,50,52.035826683044434,733,460
258,6,89,45.785600423812866,4509,460
183,4,31,52.04406380653381,2712,530
190,5,37,56.14403557777405,3269,496
223,7,29,56.70315933227539,602,566
213,6,37,57.480836391448975,1698,476
229,4,53,62.12264657020569,1863,502
193,6,33,46.96607756614685,427,499
221,4,52,61.016117811203,492,499
202,6,194,53.30524730682373,6899,499
192,5,43,64.42814779281616,663,499
239,4,105,64.93970847129822,1005,530
230,4,22,51.93983244895935,1326,585
209,6,93,55.78166604042053,35,669
255,5,37,68.1576452255249,134,669
193,7,33,54.505175828933716,1124,257
215,3,35,116.45914697647095,2126,460
250,6,60,60.07662224769592,84,460
224,4,43,105.67601037025452,907,587
240,5,53,119.06310105323792,1605,475
189,7,39,56.568315267562866,2368,478
206,3,88,111.89226365089417,1575,485
249,6,56,61.121190547943115,891,528
254,6,68,60.16449427604675,1280,460
217,6,50,57.393670320510864,330,460
192,6,43,55.2107675075531,962,460
237,6,37,61.31639051437378,841,460
197,6,35,62.299957036972046,187,460
244,6,52,61.83065986633301,555,517
184,6,18,105.33471584320068,2000,465
257,5,39,61.37337303161621,2424,562
233,5,98,120.74120092391968,1241,499
255,6,37,50.60248064994812,678,669
238,4,71,108.42838311195374,1515,619
235,7,60,62.2323682308197,720,460
239,5,105,57.49999761581421,959,460
201,5,31,63.666998863220215,2328,460
195,4,23,117.45789504051208,1855,474
202,7,194,58.379018783569336,1051,482
214,6,48,110.05654430389404,1062,466
227,5,16,117.23589873313904,427,460
243,6,77,113.66488480567932,44,460
232,4,70,124.32576870918274,605,669
196,3,45,122.517751455307,400,672
207,7,45,64.42301797866821,689,601
225,4,54,113.902263879776,863,499
219,3,51,123.38939499855042,1718,499
200,4,61,127.61694717407227,1068,519
223,8,29,64.43400192260742,2670,540
204,5,47,126.7279257774353,2039,559
234,4,51,67.44416165351868,3538,766
194,5,18,129.6701009273529,886,943
239,6,105,54.35407781600952,398,669
258,7,89,114.9267909526825,1266,620
233,6,98,55.57525658607483,1169,587
212,6,19,119.20327520370483,1750,587
242,5,52,116.56862115859985,1259,460
229,5,53,114.47531318664551,224,460
259,6,50,119.60822081565857,821,460
235,8,60,55.408512353897095,799,662
193,8,33,60.1668701171875,1352,582
186,7,21,119.02064394950867,2655,460
248,5,37,160.5098090171814,313,460
240,6,53,60.06748700141907,296,460
249,7,56,59.29891753196716,1368,460
191,5,44,116.49574160575867,626,612
209,7,93,107.63596296310425,58,669
200,5,61,51.643107652664185,885,467
182,5,28,173.70088028907776,688,460
188,5,31,117.29639005661011,795,587
196,4,45,55.51494097709656,1147,593
217,7,50,59.906410217285156,3094,460
189,8,39,60.99069595336914,1824,460
222,5,32,169.75005388259888,487,460
215,4,35,61.31724762916565,1416,460
206,4,88,60.952234506607056,1532,669
211,5,31,177.58430814743042,1282,514
214,7,48,57.321276903152466,180,466
238,5,71,57.82840895652771,3161,460
237,7,37,60.629345417022705,1799,619
202,8,194,57.57622814178467,938,481
181,6,26,118.26677870750427,1810,478
225,5,54,54.28235125541687,1046,681
194,6,18,48.50322604179382,1285,615
227,6,16,57.430970191955566,3274,505
216,5,45,124.89445161819458,2100,754
203,6,45,122.91012787818909,253,456
245,6,52,181.21179294586182,831,460
256,6,59,121.33044672012329,1694,469
243,7,77,57.94199466705322,63,587
251,5,71,122.13946080207825,109,669
204,6,47,54.48661208152771,3429,499
195,5,23,59.33181023597717,4981,486
254,7,68,62.713505268096924,240,460
210,6,126,120.26431965827942,52,460
226,6,31,123.00391745567322,155,460
201,6,31,59.6331901550293,404,460
184,7,18,61.63291358947754,858,520
221,5,52,118.94981288909912,907,473
185,5,46,179.9397931098938,690,587
257,6,39,61.7242796421051,1892,587
218,7,103,122.26119446754456,867,609
232,5,70,59.48023319244385,710,499
246,6,87,124.79351139068604,1249,476
213,7,37,120.87072825431824,851,504
187,4,13,176.34981679916382,1089,602
244,7,52,63.942057847976685,435,698
236,5,83,123.83583855628967,33,669
192,7,43,65.19947052001953,2497,633
219,4,51,58.32125401496887,2226,499
183,5,31,122.68186378479004,1346,713
231,4,45,182.7887315750122,1136,587
205,5,80,185.64443135261536,1209,499
198,7,30,123.33311486244202,124,678
259,7,50,7.292729377746582,125,66
208,4,43,177.25928020477295,780,592
224,5,43,66.83392667770386,578,669
207,8,45,59.70217204093933,153,669
241,4,63,174.95503902435303,1738,587
180,4,64,184.37519598007202,1109,587
250,7,60,67.44141459465027,691,647
252,5,35,124.46914839744568,1096,587
197,7,35,66.56991457939148,649,587
190,6,37,123.98036289215088,1138,697
220,5,32,166.77823734283447,829,593
228,7,83,125.37125873565674,1485,588
255,7,37,64.64118194580078,1968,587
253,3,24,183.06821298599243,1563,858
199,7,28,174.01499342918396,207,587
223,9,29,60.446335792541504,1082,628
230,5,22,122.70845293998718,1006,737
247,6,36,127.56517195701599,84,587
196,5,45,9.388204336166382,928,460
234,5,51,60.4783411026001,1904,599
242,6,52,11.712830305099487,143,611
212,7,19,12.135408163070679,1791,587
240,7,53,11.021422147750854,1698,460
233,7,98,12.890271425247192,675,587
258,8,89,13.17566442489624,60,669
189,9,39,10.727502822875977,490,460
193,9,33,12.571001768112183,1225,588
191,6,44,12.13427186012268,1185,669
248,6,37,12.32669448852539,1823,587
239,7,105,13.965157985687256,495,589
182,6,28,11.954413414001465,1236,466
249,8,56,12.48587703704834,824,587
211,6,31,11.375447988510132,1459,587
181,7,26,11.471565961837769,2711,460
237,8,37,11.871804475784302,2970,635
206,5,88,12.720075845718384,772,587
217,8,50,13.088849782943726,44,669
227,7,16,11.520499229431152,445,673
215,5,35,13.23130750656128,2473,620
200,6,61,14.825111865997314,2342,631
186,8,21,15.26541805267334,3014,510
209,8,93,14.914000988006592,52,669
194,7,18,12.83625054359436,306,629
214,8,48,13.75690746307373,478,636
245,7,52,13.007786989212036,522,587
222,6,32,14.77835488319397,1231,618
235,9,60,16.49608278274536,483,591
243,8,77,12.948625087738037,35,674
232,6,70,11.272598505020142,969,585
238,6,71,14.517763376235962,701,587
229,6,53,17.11948037147522,79,669
226,7,31,12.752493619918823,626,616
184,8,18,12.87357234954834,1656,611
221,6,52,12.698462724685669,2188,587
201,7,31,12.915895223617554,1122,604
213,8,37,11.75178074836731,1498,587
183,6,31,10.474114418029785,993,529
218,8,103,12.276589155197144,274,669
203,7,45,14.229565858840942,1628,579
195,6,23,13.428572177886963,1774,485
216,6,45,14.486134052276611,955,615
188,6,31,16.406993865966797,739,585
202,9,194,15.563318967819214,2182,690
257,7,39,13.088301658630371,1024,591
256,7,59,14.302745819091797,1601,641
204,7,47,14.495539903640747,819,651
251,6,71,14.645426988601685,42,669
254,8,68,14.204925060272217,1006,587
187,5,13,12.826500177383423,2212,635
224,6,43,11.48481798171997,230,669
210,7,126,14.58355450630188,61,669
231,5,45,11.972261667251587,635,678
205,6,80,12.273600816726685,772,587
244,8,52,13.254027366638184,995,592
220,6,32,11.363864183425903,211,669
259,8,50,12.90930724143982,521,669
247,7,36,10.067153692245483,3338,460
185,6,46,15.340948820114136,1030,589
192,8,43,13.80279803276062,2588,508
236,6,83,14.176928281784058,68,587
225,6,54,18.142385959625244,741,800
241,5,63,13.364978551864624,799,612
219,5,51,14.554680585861206,793,660
180,5,64,14.064247608184814,1045,587
199,8,28,13.086634635925293,1240,615
208,5,43,14.660164833068848,1885,656
197,8,35,13.987120628356934,596,587
223,10,29,12.68107008934021,976,586
190,7,37,14.016649961471558,1032,587
246,7,87,16.916151762008667,1560,654
240,8,53,10.908650159835815,520,460
228,8,83,14.087857723236084,624,587
198,8,30,16.908279418945312,1219,690
234,6,51,13.772727012634277,62,587
230,6,22,15.55865216255188,966,587
193,10,33,13.286442756652832,2378,460
182,7,28,13.396636486053467,3848,483
207,9,45,47.84522318840027,18,97
194,8,18,42.85643696784973,783,294
182,8,28,32.74385929107666,348,460
250,8,60,51.49226784706116,96,460
199,9,28,37.529715061187744,138,460
203,8,45,42.323264598846436,1336,495
221,7,52,42.866432428359985,531,587
248,7,37,47.68591117858887,18,669
201,8,31,43.44827365875244,1222,460
246,8,87,38.36700248718262,141,460
188,7,31,43.061158895492554,380,625
225,7,54,40.087640047073364,494,465
253,4,24,52.134583711624146,1449,482
195,7,23,43.47031092643738,1464,473
241,6,63,40.054333448410034,3382,468
222,7,32,44.74424386024475,725,460
256,8,59,43.24709510803223,978,460
228,9,83,38.557461977005005,729,460
212,8,19,49.744500398635864,2017,682
220,7,32,41.351258277893066,1802,484
197,9,35,39.09027671813965,689,460
192,9,43,40.72951340675354,1764,460
233,8,98,49.33449864387512,822,460
247,8,36,41.40746569633484,1572,460
235,10,60,45.13286876678467,1508,496
234,7,51,36.509859800338745,1515,633
193,11,33,35.6830415725708,1070,460
215,6,35,46.844160318374634,1052,460
196,6,45,50.87690544128418,228,460
238,7,71,45.00891876220703,273,700
209,9,93,46.25577759742737,55,460
226,8,31,44.81956934928894,724,460
187,6,13,43.27269911766052,2893,522
186,9,21,46.77080321311951,3131,498
254,9,68,43.79363942146301,1167,602
191,7,44,49.73742437362671,1094,480
218,9,103,45.370890617370605,3400,492
214,9,48,47.17651891708374,485,627
190,8,37,40.80498719215393,370,669
231,6,45,44.2021918296814,1021,499
259,9,50,43.42813229560852,1160,587
200,7,61,48.00121712684631,1119,622
205,7,80,44.50034952163696,2035,587
249,9,56,50.83062028884888,439,518
216,7,45,46.377506256103516,1370,542
242,7,52,53.54851031303406,267,669
202,10,194,48.65221619606018,1827,777
198,9,30,44.810988903045654,536,1043
249,10,56,50.82784342765808,18,93
225,8,54,55.596060276031494,72,222
234,8,51,55.504244565963745,75,259
211,7,31,105.77142596244812,1673,597
221,8,52,58.96783924102783,961,486
244,9,52,99.77715492248535,773,462
182,9,28,60.33341717720032,90,460
255,8,37,110.78418135643005,253,460
218,10,103,56.56914401054382,546,587
236,7,83,98.85129523277283,51,460
240,9,53,97.14647936820984,90,460
198,10,30,50.9972186088562,127,460
191,8,44,57.29376840591431,563,467
212,9,19,58.56673526763916,1180,460
226,9,31,57.97427463531494,2037,460
203,9,45,60.08315849304199,600,460
183,7,31,102.55787396430969,707,472
217,9,50,105.57246708869934,834,687
230,7,22,95.54733872413635,731,460
210,8,126,102.21816611289978,53,669
242,8,52,56.175734519958496,237,460
232,7,70,104.56830644607544,908,470
237,9,37,107.18628931045532,1640,472
208,6,43,99.47417902946472,473,463
181,8,26,107.58652973175049,640,460
241,7,63,60.36282682418823,202,462
257,8,39,103.55164813995361,635,460
216,8,45,57.566203355789185,476,480
180,6,64,99.83458709716797,776,460
258,9,89,109.42458581924438,1111,460
252,6,35,113.63300728797913,1290,460
228,10,83,60.57775282859802,1254,460
256,9,59,60.67497777938843,880,619
194,9,18,63.36312770843506,274,473
213,9,37,105.64991235733032,999,505
254,10,68,62.01063919067383,5362,499
239,8,105,111.71153020858765,890,595
246,9,87,64.26489996910095,1297,599
247,9,36,79.70248341560364,6090,2933
231,7,45,115.87711310386658,1273,598
257,9,39,57.83551645278931,1506,603
241,8,63,58.19712519645691,728,460
210,9,126,58.6369469165802,33,460
237,10,37,58.41070556640625,830,460
194,10,18,57.967193603515625,593,604
228,11,83,58.17545676231384,2091,460
203,10,45,60.369736194610596,524,669
258,10,89,58.52604389190674,1065,547
243,9,77,163.66843342781067,35,675
207,10,45,125.10457158088684,869,462
205,8,80,116.6524384021759,1207,588
213,10,37,57.48987793922424,1806,594
232,8,70,59.303361892700195,465,587
234,9,51,63.64064168930054,1143,475
251,7,71,162.36125588417053,57,671
197,10,35,119.49962711334229,1458,460
201,9,31,120.20516347885132,898,477
246,10,87,55.93034267425537,312,460
199,10,28,122.17904901504517,1377,713
230,8,22,60.77339005470276,1178,520
227,8,16,167.06952905654907,1977,460
224,7,43,163.05110359191895,1400,460
220,8,32,120.55354380607605,70,460
221,9,52,62.82446479797363,490,463
256,10,59,59.99453067779541,2983,477
204,8,47,163.5581238269806,853,635
198,11,30,62.28222990036011,1085,460
242,9,52,60.94736862182617,273,460
236,8,83,62.54220175743103,33,669
218,11,103,62.72624111175537,720,669
238,8,71,120.43789505958557,279,460
252,7,35,60.60180115699768,2312,473
193,12,33,120.72088813781738,1460,460
259,10,50,118.95521426200867,2004,587
247,10,36,41.26545810699463,1201,684
183,8,31,62.43553853034973,954,834
206,6,88,168.08438301086426,1662,650
195,8,23,121.50303053855896,1402,593
191,9,44,62.86904191970825,55,460
208,7,43,61.38562345504761,491,471
215,7,35,121.11234164237976,1042,587
245,8,52,166.51636028289795,512,460
212,10,19,63.100504636764526,2959,460
254,11,68,58.8960919380188,374,587
223,11,29,161.01541423797607,882,624
181,9,26,61.83306431770325,709,499
244,10,52,64.15398526191711,587,546
189,10,39,171.11894583702087,496,587
235,11,60,121.8757438659668,207,499
253,5,24,122.55533385276794,1027,504
255,9,37,64.20102858543396,735,499
248,8,37,123.11580610275269,1454,605
209,10,93,122.23849153518677,43,587
249,11,56,69.37386751174927,535,499
185,7,46,164.2204155921936,697,499
200,8,61,120.91589713096619,897,507
202,11,194,117.8703043460846,1128,628
188,8,31,123.94794940948486,1520,652
226,10,31,64.90975713729858,1576,635
184,9,18,167.93112993240356,946,587
211,8,31,66.23738288879395,1185,499
219,6,51,163.87280821800232,18,669
182,10,28,65.92500448226929,541,499
229,7,53,168.5204164981842,940,499
192,10,43,124.3863353729248,1123,460
222,8,32,125.21878981590271,1680,657
196,7,45,125.02303218841553,214,587
217,10,50,66.97537279129028,2639,636
190,9,37,124.22275972366333,176,587
240,10,53,68.1097891330719,360,669
187,7,13,126.03851199150085,1827,623
214,10,48,124.97675108909607,556,635
180,7,64,66.72721672058105,475,587
225,9,54,72.20924615859985,1077,590
239,9,105,64.63768100738525,805,588
258,11,89,9.573548555374146,1049,460
250,9,60,130.58801460266113,73,669
233,9,98,129.2493131160736,1311,587
186,10,21,128.63010954856873,606,643
210,10,126,12.135895252227783,33,587
207,11,45,11.642175197601318,18,669
241,9,63,12.597796201705933,363,587
191,10,44,10.149656772613525,1397,466
257,10,39,13.790924310684204,980,617
242,10,52,11.365249633789062,515,587
183,9,31,11.147370338439941,725,669
199,11,28,12.095585346221924,737,587
205,9,80,13.367239236831665,658,587
236,9,83,11.95943832397461,38,669
238,9,71,11.990995645523071,1301,587
243,10,77,14.005763053894043,34,669
230,9,22,12.713955163955688,1446,626
221,10,52,12.640857696533203,445,546
227,9,16,12.896332740783691,363,587
194,11,18,14.90736699104309,644,629
256,11,59,13.137299537658691,690,605
184,10,18,10.14287781715393,2654,465
231,8,45,16.227387189865112,1217,602
220,9,32,13.980940341949463,3287,516
234,10,51,15.263277292251587,554,665
216,9,45,74.38329291343689,1063,587
228,12,83,16.495469570159912,80,587
245,9,52,13.722641468048096,613,587
224,8,43,14.858037948608398,433,669
255,10,37,13.200999975204468,718,587
215,8,35,14.158371925354004,2059,494
201,10,31,16.241118669509888,583,587
229,8,53,11.750913858413696,122,587
189,11,39,13.885722398757935,2276,502
247,11,36,15.389697790145874,3273,499
237,11,37,18.229058504104614,1421,756
226,11,31,13.274825811386108,624,592
253,6,24,14.610043048858643,1169,701
246,11,87,18.112260580062866,1089,587
213,11,37,19.85364818572998,967,669
195,9,23,18.482675075531006,1518,652
200,9,61,18.191187381744385,1469,614
249,12,56,51.270880937576294,18,93
198,12,30,55.015254974365234,161,128
259,11,50,56.3517005443573,460,460
187,8,13,50.81543254852295,1371,264
208,8,43,56.29116606712341,667,460
196,8,45,52.45741367340088,109,460
191,11,44,46.53646516799927,361,460
229,9,53,42.364171266555786,696,469
202,12,194,55.090643882751465,921,460
230,10,22,45.19094753265381,1555,476
194,12,18,44.90650749206543,184,460
220,10,32,43.84414768218994,991,460
258,12,89,50.11018252372742,1411,460
203,11,45,59.7056143283844,715,460
232,9,70,59.48585653305054,146,460
246,12,87,40.93940019607544,1175,505
182,11,28,54.719351053237915,1125,460
224,9,43,43.65715551376343,651,587
195,10,23,39.451146602630615,695,475
248,9,37,56.88111591339111,1316,463
254,12,68,57.31439208984375,53,460
255,11,37,43.783101320266724,1211,611
215,9,35,43.83724522590637,1219,683
225,10,54,52.17685031890869,181,669
205,10,80,47.10294032096863,736,587
234,11,51,45.19202780723572,719,593
189,12,39,43.87056255340576,1262,587
240,11,53,53.72859001159668,653,499
245,10,52,44.97916555404663,268,669
184,11,18,46.31359386444092,1214,499
222,9,32,55.2601318359375,98,586
253,7,24,43.52418303489685,4361,501
257,11,39,48.55257487297058,1858,536
227,10,16,47.134849071502686,2616,499
250,10,60,51.83046579360962,719,460
186,11,21,50.89352822303772,2969,475
200,10,61,39.34602618217468,2071,603
239,10,105,52.73816895484924,26,460
190,10,37,54.68664884567261,289,587
251,8,71,61.3395357131958,56,462
241,10,63,49.909926414489746,648,590
228,13,83,45.76516318321228,1264,499
185,8,46,57.986475229263306,2155,478
213,12,37,41.971195459365845,3280,468
235,12,60,59.15105199813843,728,669
192,11,43,57.451825857162476,2030,587
211,9,31,58.64941382408142,1119,499
221,11,52,50.14720559120178,891,587
238,10,71,50.558759927749634,665,593
204,9,47,62.80465030670166,541,669
206,7,88,62.60376763343811,1119,668
231,9,45,50.02681255340576,1024,627
244,11,52,62.395118713378906,418,725
244,12,52,50.553125858306885,100,157
207,12,45,105.23113012313843,122,277
251,9,71,55.72417902946472,71,284
236,10,83,105.09530186653137,53,587
196,9,45,60.04298257827759,131,669
228,14,83,57.25171494483948,156,587
239,11,105,57.744975566864014,38,460
225,11,54,58.963610887527466,449,460
213,13,37,57.54474592208862,1302,460
214,11,48,111.7767322063446,252,732
241,11,63,57.74182748794556,1132,651
189,13,39,58.805705070495605,1117,463
208,9,43,61.02031397819519,1379,456
226,12,31,102.1122407913208,455,460
186,12,21,58.55058407783508,927,460
229,10,53,60.82512140274048,984,460
252,8,35,118.1967523097992,1311,495
250,11,60,58.947869300842285,844,500
183,10,31,107.73503613471985,955,555
202,13,194,61.86811399459839,1845,499
222,10,32,59.814868688583374,487,460
243,11,77,107.37694239616394,42,460
180,8,64,113.33816981315613,1497,460
249,13,56,66.45472526550293,1916,504
220,11,32,62.315661907196045,359,499
187,9,13,63.22354054450989,2186,639
248,10,37,61.820647954940796,1123,587
195,11,23,61.97771763801575,3084,501
209,11,93,118.76641011238098,60,587
201,11,31,105.87045192718506,984,505
211,10,31,59.30388307571411,3856,476
257,12,39,61.7266583442688,1756,503
242,11,52,110.2395269870758,789,499
234,12,51,62.72580599784851,3371,504
185,9,46,62.52473974227905,471,460
224,10,43,64.51124143600464,1376,460
217,11,50,117.90448498725891,58,587
230,11,22,65.47574710845947,2216,480
238,11,71,62.36493253707886,1008,499
227,11,16,65.50281810760498,858,499
194,13,18,67.65076637268066,654,499
253,8,24,67.7780978679657,2268,569
214,12,48,57.2566614151001,429,275
217,12,50,53.23121881484985,84,460
211,11,31,55.880290508270264,1426,264
196,10,45,60.118990659713745,150,669
182,12,28,119.54332518577576,702,460
201,12,31,56.62504720687866,786,669
193,13,33,177.26146507263184,1140,456
204,10,47,114.90445566177368,66,460
183,11,31,58.568687438964844,925,460
212,11,19,177.11722421646118,2127,587
245,11,52,118.52059149742126,601,493
184,12,18,118.94907331466675,991,587
213,14,37,60.77027893066406,1247,485
225,12,54,60.82967972755432,219,669
251,10,71,62.794291257858276,49,669
197,11,35,180.00462102890015,489,460
191,12,44,121.51332402229309,59,587
210,11,126,168.98288893699646,58,588
254,13,68,120.36222434043884,59,669
224,11,43,56.00652241706848,535,460
221,12,52,116.28146195411682,296,587
205,11,80,120.02147793769836,924,472
199,12,28,167.2354712486267,763,497
192,12,43,117.76183581352234,809,460
198,13,30,123.92156171798706,162,460
220,12,32,58.99236869812012,265,460
228,15,83,61.48854207992554,746,460
237,12,37,163.03228378295898,1272,683
219,7,51,175.7231273651123,738,460
240,12,53,119.55707120895386,117,460
236,11,83,61.87165307998657,62,460
185,10,46,56.262388944625854,526,669
186,13,21,60.88724088668823,1731,472
250,12,60,60.52275800704956,376,587
180,9,64,59.52592992782593,3362,466
216,10,45,165.37763118743896,247,597
226,13,31,61.369362354278564,2428,630
255,12,37,120.95840620994568,2340,587
247,12,36,163.9183793067932,891,566
223,12,29,178.5960237979889,1054,601
234,13,51,57.96227502822876,281,656
195,12,23,59.57576775550842,2860,502
194,14,18,54.827197313308716,1761,465
258,13,89,122.2131028175354,619,669
227,12,16,54.98953914642334,1369,499
215,10,35,121.4696455001831,1556,604
190,11,37,120.32431101799011,821,587
242,12,52,58.726945877075195,921,460
248,11,37,60.11270999908447,1159,460
243,12,77,60.766589879989624,63,460
238,12,71,55.31950116157532,486,460
256,12,59,167.51268792152405,1809,616
257,13,39,59.1304612159729,1708,645
200,11,61,120.64302706718445,645,460
207,13,45,65.36914682388306,18,674
208,10,43,62.51397180557251,1434,539
231,10,45,117.54437494277954,1104,689
181,10,26,179.6225392818451,2283,495
241,12,63,63.15744185447693,374,607
202,14,194,61.79714274406433,1717,684
187,10,13,61.146442890167236,3754,536
259,12,50,124.5038104057312,764,587
203,12,45,123.28238272666931,619,485
232,10,70,123.4143168926239,1435,624
230,12,22,58.415056228637695,1596,496
239,12,105,64.15236258506775,36,587
206,8,88,118.89676308631897,117,587
218,12,103,181.87719988822937,1353,593
252,9,35,63.49739146232605,347,598
188,9,31,179.46116638183594,318,499
189,14,39,64.37958264350891,360,499
246,13,87,124.47743344306946,1018,717
222,11,32,63.221837520599365,672,658
235,13,60,122.07309031486511,520,642
229,11,53,66.29426550865173,1356,640
249,14,56,65.60771894454956,2217,587
209,12,93,65.0040488243103,37,587
233,10,98,177.90116095542908,1261,587
253,9,24,59.778027057647705,1769,691
217,13,50,11.15765643119812,1947,598
212,12,19,9.841862201690674,2840,460
193,14,33,11.025219917297363,114,669
204,11,47,11.805176973342896,454,587
211,12,31,12.757363557815552,1124,587
247,13,36,10.066468477249146,2894,460
238,13,71,9.956695079803467,235,460
183,12,31,12.923274278640747,329,669
194,15,18,10.9408540725708,1022,460
232,11,70,10.190027236938477,710,460
251,11,71,13.254445552825928,4237,460
185,11,46,12.937853574752808,921,587
237,13,37,13.071809530258179,1384,677
186,14,21,13.011143207550049,1862,643
196,11,45,14.890813112258911,2033,669
240,13,53,13.25950002670288,444,587
223,13,29,12.595719575881958,2368,672
213,15,37,14.023236751556396,1024,588
259,13,50,11.478623151779175,1286,587
187,11,13,11.674715757369995,2928,460
215,11,35,12.747239112854004,1192,593
246,14,87,10.67361307144165,238,224
201,13,31,15.581368207931519,1728,593
195,13,23,13.326410293579102,4118,509
258,14,89,13.29237675666809,1141,587
197,12,35,14.995760917663574,654,587
218,13,103,11.926599979400635,731,589
257,14,39,13.44835615158081,2490,680
236,12,83,14.9537513256073,43,669
182,13,28,16.445423364639282,984,623
216,11,45,14.645858764648438,1229,460
200,12,61,13.533868789672852,676,618
181,11,26,13.198660850524902,609,593
184,13,18,15.666727781295776,1836,600
205,12,80,15.424693822860718,45,669
219,8,51,15.524948120117188,18,669
220,13,32,15.566800355911255,3296,530
199,13,28,15.660737037658691,995,587
248,12,37,14.200531959533691,19,669
226,14,31,15.130300283432007,306,669
252,10,35,12.64810585975647,379,587
210,12,126,16.013280391693115,57,587
214,13,48,20.193748474121094,1335,587
227,13,16,15.302678108215332,2176,609
191,13,44,16.7612087726593,612,587
189,15,39,13.437276601791382,1008,662
206,9,88,13.905806541442871,1258,669
198,14,30,17.2344913482666,263,587
230,13,22,15.053390979766846,1016,621
222,12,32,13.94780158996582,1024,593
188,10,31,15.382329225540161,1883,620
221,13,52,20.794365882873535,567,643
244,13,52,89.31317973136902,3301,1994
232,12,70,45.01468110084534,853,458
234,14,51,57.61294746398926,277,460
243,13,77,57.1887788772583,26,460
191,14,44,42.124651193618774,413,669
210,13,126,42.917754888534546,31,460
207,14,45,57.26787447929382,695,460
245,12,52,60.055784702301025,2012,601
233,11,98,51.65034818649292,1629,641
209,13,93,52.53554964065552,37,460
218,14,103,44.41424345970154,689,456
224,12,43,59.480377197265625,964,587
215,12,35,45.33278226852417,1258,587
251,12,71,46.49556016921997,507,460
190,12,37,58.0216109752655,87,460
228,16,83,59.52685070037842,70,669
259,14,50,45.94759559631348,2190,458
235,14,60,56.032530307769775,940,587
194,16,18,47.71524620056152,659,634
182,14,28,44.96491241455078,519,664
258,15,89,45.533998012542725,1555,587
201,14,31,45.89732837677002,1543,628
248,13,37,44.48532152175903,19,669
246,15,87,46.181779861450195,1403,611
236,13,83,45.44346332550049,34,669
249,15,56,54.124542474746704,1110,499
196,12,45,47.36398220062256,100,669
257,15,39,45.65359544754028,615,686
187,12,13,46.751333236694336,1604,499
197,13,35,45.829606771469116,194,460
237,14,37,47.58001947402954,630,460
225,13,54,61.04545450210571,321,669
242,13,52,59.27665901184082,82,589
217,14,50,52.26607918739319,79,460
222,13,32,43.156620025634766,3476,466
192,13,43,60.81630492210388,1131,460
221,14,52,40.066426277160645,694,591
254,14,68,60.93839478492737,705,587
227,14,16,44.34567189216614,382,587
189,16,39,44.07240176200867,697,669
247,14,36,50.16986083984375,1806,587
186,15,21,47.6905722618103,1447,587
223,14,29,47.658689737319946,673,701
239,13,105,58.251351833343506,37,669
199,14,28,45.58823108673096,837,653
250,13,60,61.04232668876648,598,499
211,13,31,50.561816930770874,1953,512
208,11,43,59.75319814682007,575,587
226,15,31,45.939969539642334,922,621
202,15,194,59.383917808532715,1764,708
244,14,52,37.168497800827026,775,613
200,13,61,46.80924701690674,1997,616
255,13,37,61.36514449119568,309,591
206,10,88,45.13709259033203,908,744
203,13,45,59.76585245132446,824,587
181,12,26,46.918517112731934,853,587
180,10,64,62.00283122062683,1042,587
231,11,45,60.43234467506409,635,499
241,13,63,60.34668469429016,58,669
219,9,51,47.08922052383423,767,587
256,13,59,61.296140909194946,1114,608
195,14,23,48.491990089416504,905,516
213,16,37,49.32195687294006,2503,521
185,12,46,49.97037982940674,740,606
253,10,24,54.87818384170532,1478,530
229,12,53,57.48664093017578,711,587
212,13,19,54.39446496963501,3970,624
230,14,22,45.85319495201111,997,628
252,11,35,47.836397886276245,18,721
188,11,31,45.25476121902466,835,587
238,14,71,52.607330322265625,91,587
205,13,80,49.567970752716064,362,460
216,12,45,49.96065902709961,1277,460
240,14,53,51.75166130065918,206,460
214,14,48,48.796756744384766,192,460
204,12,47,54.8242130279541,674,460
198,15,30,49.41282296180725,227,504
184,14,18,51.99596953392029,471,499
183,13,31,55.51039385795593,913,499
193,15,33,57.848602533340454,1376,499
232,13,70,11.766069650650024,718,587
220,14,32,54.324894189834595,824,1519
201,15,31,9.940373659133911,543,460
233,12,98,11.393961668014526,18,669
210,14,126,11.913172960281372,57,587
251,13,71,11.749926567077637,3635,460
258,16,89,11.467012882232666,4862,460
245,13,52,12.827388763427734,1176,669
197,14,35,11.561964750289917,1160,587
226,16,31,11.544490575790405,2115,474
247,15,36,12.215527772903442,2625,460
191,15,44,14.473832130432129,705,584
189,17,39,14.724255084991455,2076,576
195,15,23,13.032772541046143,3692,485
256,14,59,16.47449040412903,3977,776
206,11,88,53.66995072364807,122,237
201,16,31,47.01368069648743,767,512
244,15,52,55.80449104309082,537,529
180,11,64,55.94929480552673,834,587
190,13,37,59.06346535682678,608,456
257,16,39,58.536163568496704,845,688
195,16,23,43.4273145198822,5986,495
186,16,21,58.48634696006775,2367,587
184,15,18,52.70851969718933,672,499
197,15,35,47.821218967437744,371,460
224,13,43,60.76340937614441,209,460
236,14,83,59.68485760688782,44,460
210,15,126,49.44065022468567,46,460
213,17,37,57.19576144218445,568,460
192,14,43,59.53882718086243,122,669
230,15,22,57.39096808433533,1418,491
251,14,71,49.91052794456482,2238,460
193,16,33,53.64357376098633,622,460
259,15,50,62.009673833847046,87,587
191,16,44,48.484466314315796,188,497
256,15,59,42.57753229141235,481,460
215,13,35,62.59356641769409,1115,635
235,15,60,62.40254497528076,1268,460
232,14,70,52.785911083221436,1836,463
226,17,31,49.31986880302429,1179,560
250,14,60,61.307573556900024,289,460
248,14,37,62.54581904411316,24,460
238,15,71,58.659990310668945,1635,460
209,14,93,63.38050627708435,48,460
185,13,46,60.19351267814636,459,460
237,15,37,62.50476098060608,1599,460
216,13,45,58.19410586357117,1221,460
212,14,19,59.91378092765808,1917,465
199,15,28,62.5208785533905,938,587
188,12,31,60.09162640571594,795,499
207,15,45,65.36358976364136,1480,519
247,16,36,51.6143262386322,5229,499
198,16,30,58.398003578186035,533,515
194,17,18,67.72070693969727,1444,499
223,15,29,66.49248099327087,1528,519
202,16,194,66.01911973953247,1333,520
217,15,50,116.64098739624023,59,460
209,15,93,55.72011375427246,43,587
233,13,98,107.97968411445618,67,669
227,15,16,117.82096147537231,2316,593
259,16,50,57.12082862854004,1551,595
222,14,32,118.07032322883606,421,587
185,14,46,55.76194953918457,649,460
221,15,52,118.136155128479,414,460
188,13,31,55.02559518814087,1036,587
238,16,71,56.907673835754395,103,587
198,17,30,54.56768608093262,451,623
252,12,35,116.07652163505554,439,586
251,15,71,58.63100600242615,2045,767
240,15,53,114.78015160560608,173,460
258,17,89,108.3733263015747,232,669
246,16,87,120.01090669631958,274,587
203,14,45,118.34632897377014,589,587
239,14,105,119.23612523078918,36,669
207,16,45,56.14716362953186,1543,475
214,15,48,115.34815311431885,333,623
199,16,28,56.81823468208313,305,587
182,15,28,120.5912618637085,1046,460
189,18,39,104.95594811439514,1529,460
244,16,52,62.912909507751465,550,613
224,14,43,60.49881362915039,296,460
226,18,31,58.53487777709961,904,587
236,15,83,61.01931023597717,24,587
253,11,24,118.2205855846405,1602,587
218,15,103,122.00321245193481,904,460
190,14,37,62.8841598033905,902,456
220,15,32,111.58197021484375,1365,619
256,16,59,59.69314455986023,724,639
225,14,54,120.91569900512695,673,669
180,12,64,63.355096101760864,333,587
237,16,37,58.43884515762329,1986,460
228,17,83,122.08852219581604,520,669
196,13,45,120.99663138389587,323,460
210,16,126,61.547849893569946,72,460
255,14,37,119.80285549163818,798,463
234,15,51,123.2199547290802,2025,501
231,12,45,119.47278833389282,1488,481
248,15,37,59.28528356552124,19,669
184,16,18,62.161780834198,766,460
193,17,33,60.97303771972656,452,476
235,16,60,60.058255434036255,1242,476
192,15,43,61.947288513183594,1186,460
201,17,31,65.2365198135376,1625,763
208,12,43,121.00222873687744,697,694
230,16,22,61.623178005218506,1763,483
243,14,77,123.7934422492981,32,460
250,15,60,59.829097270965576,78,460
242,14,52,121.73975849151611,489,460
216,14,45,59.26287341117859,526,460
191,17,44,60.81171989440918,384,584
186,17,21,63.08267116546631,2335,595
232,15,70,60.38600420951843,83,669
215,14,35,60.72730016708374,1115,481
205,14,80,117.96984887123108,916,587
183,14,31,115.84045100212097,2057,495
204,13,47,118.3053822517395,297,542
219,10,51,121.1724305152893,661,499
212,15,19,61.19514083862305,601,499
202,17,194,57.98802995681763,770,532
211,14,31,124.36898732185364,1625,645
223,16,29,58.36021065711975,1833,624
200,14,61,125.30082249641418,916,637
241,14,63,125.49974751472473,474,589
195,17,23,69.24185562133789,1968,617
259,17,50,11.329555988311768,110,681
247,17,36,66.30598640441895,946,669
217,16,50,13.819073677062988,988,818
197,16,35,71.1606957912445,493,587
221,16,52,12.391777753829956,1873,596
229,13,53,128.28072237968445,146,669
233,14,98,13.017854452133179,58,587
198,18,30,12.485275030136108,488,669
222,15,32,13.48682713508606,1983,587
214,16,48,12.060539484024048,596,593
181,13,26,130.77286839485168,615,601
258,18,89,13.123145818710327,1862,587
228,18,83,11.461859703063965,331,669
189,19,39,12.539619207382202,2551,595
190,15,37,11.782681226730347,1224,627
206,12,88,77.66912388801575,253,669
244,17,52,12.763239860534668,267,615
218,16,103,12.265177249908447,814,587
207,17,45,13.449517726898193,1216,594
238,17,71,14.290227890014648,68,669
257,17,39,74.72619795799255,2595,619
252,13,35,14.346460342407227,973,624
213,18,37,73.85914421081543,1146,621
245,14,52,122.07296633720398,1689,587
185,15,46,15.106834888458252,273,669
246,17,87,14.195577383041382,1675,619
209,16,93,16.194201707839966,60,670
224,15,43,14.06166386604309,434,460
188,14,31,16.279032945632935,1210,621
240,16,53,15.450201511383057,276,587
199,17,28,14.740964889526367,75,587
237,17,37,14.021418333053589,758,460
203,15,45,15.316245555877686,1408,627
180,13,64,14.15270709991455,1439,460
249,16,56,135.42500376701355,1506,585
253,12,24,15.037437200546265,1906,675
226,19,31,15.36884593963623,1788,605
220,16,32,14.965052843093872,349,669
234,16,51,14.805125713348389,4657,514
255,15,37,15.04078483581543,1561,593
182,16,28,16.19980502128601,433,593
225,15,54,15.368176698684692,499,499
239,15,105,16.64447784423828,19,610
251,16,71,17.531631469726562,878,460
196,14,45,15.741873264312744,2587,456
247,18,36,45.947715520858765,4080,278
195,18,23,49.84387922286987,216,460
213,19,37,44.6171395778656,1709,512
180,14,64,43.11033844947815,626,593
184,17,18,56.85484457015991,1474,594
200,15,61,51.83814573287964,881,606
232,16,70,56.61712098121643,448,669
222,16,32,46.845906496047974,635,460
228,19,83,46.11622071266174,90,669
256,17,59,57.7050039768219,374,604
204,14,47,55.73435401916504,457,669
215,15,35,56.70394468307495,1590,460
246,18,87,44.867799282073975,107,587
233,15,98,48.041659116744995,85,669
236,16,83,58.58971548080444,22,460
216,15,45,57.3105046749115,1235,460
244,18,52,46.449434995651245,113,460
190,16,37,46.65287685394287,238,460
214,17,48,47.34991240501404,200,466
202,18,194,54.288108587265015,2351,468
217,17,50,48.78688883781433,949,593
251,17,71,42.72842359542847,279,460
212,16,19,55.64712381362915,277,460
238,18,71,46.17734169960022,343,587
252,14,35,46.09952712059021,193,460
253,13,24,43.7352557182312,1446,718
197,17,35,48.880523443222046,1064,590
240,17,53,44.842414140701294,1376,460
249,17,56,44.26804184913635,1328,587
189,20,39,47.165332555770874,1302,605
192,16,43,58.069552421569824,121,669
231,13,45,58.5799765586853,475,587
203,16,45,44.77794170379639,296,609
186,18,21,57.982020139694214,1230,503
257,18,39,46.60704469680786,888,634
209,17,93,46.05244970321655,59,461
258,19,89,47.73476982116699,82,460
199,18,28,45.514209032058716,1027,507
185,16,46,46.7918062210083,429,460
188,15,31,45.68792915344238,452,460
259,18,50,50.80151081085205,960,634
205,15,80,58.058032274246216,1408,460
210,17,126,59.34748363494873,40,587
250,16,60,58.65454411506653,113,669
181,14,26,48.308878898620605,444,460
254,15,68,180.3500382900238,94,669
229,14,53,49.74961876869202,855,460
245,15,52,47.15884804725647,1077,460
218,17,103,47.67044162750244,593,613
183,15,31,58.123725175857544,868,499
255,16,37,44.62860655784607,981,777
237,18,37,45.81830883026123,1012,713
226,20,31,45.14431715011597,138,669
248,16,37,59.562376499176025,25,587
201,18,31,59.38795733451843,543,587
207,18,45,47.944782972335815,2100,605
223,17,29,55.86689567565918,1284,503
239,16,105,44.86400079727173,22,663
221,17,52,50.57987666130066,394,587
225,16,54,44.957536697387695,1776,688
182,17,28,45.27216053009033,949,602
196,15,45,44.76492524147034,4268,523
198,19,30,50.1172149181366,223,653
235,17,60,60.137444734573364,734,460
220,17,32,45.933157444000244,1376,615
234,17,51,45.85651612281799,2304,593
241,15,63,54.54982805252075,1033,460
242,15,52,60.09846210479736,842,460
243,15,77,60.12356686592102,29,460
193,18,33,60.46274209022522,1580,602
211,15,31,57.10429930686951,1434,504
219,11,51,59.14901852607727,18,674
230,17,22,61.00836253166199,1352,814
224,16,43,49.398996353149414,2185,654
206,13,88,50.76402187347412,2598,793
191,18,44,62.642102003097534,600,499
247,19,36,12.356727361679077,3183,525
180,15,64,11.20820689201355,1270,587
208,13,43,67.91385269165039,454,2330
232,17,70,11.455408811569214,105,587
246,19,87,11.252506494522095,1292,594
213,20,37,12.157911539077759,1728,587
214,18,48,11.290550470352173,983,627
204,15,47,11.91240668296814,203,669
252,15,35,11.21780276298523,514,584
202,19,194,11.735329389572144,78,587
215,16,35,12.540908336639404,1295,616
222,17,32,12.801645755767822,809,587
228,20,83,13.250791549682617,271,587
257,19,39,12.001479387283325,1588,593
236,17,83,12.77978253364563,22,669
195,19,23,14.214297533035278,1286,631
243,16,77,10.084852695465088,27,460
188,16,31,11.964189767837524,1291,461
190,17,37,13.396646499633789,58,669
225,17,54,11.512376546859741,847,616
238,19,71,13.598903179168701,124,669
200,16,61,14.672014713287354,1408,672
253,14,24,13.72572374343872,2397,526
192,17,43,13.574194431304932,84,669
207,19,45,12.253506898880005,2244,514
219,12,51,11.116659164428711,174,669
248,17,37,12.621424674987793,19,587
196,16,45,12.03334903717041,69,669
231,14,45,13.849743366241455,1632,462
197,18,35,14.149332523345947,220,587
212,17,19,14.628777980804443,31,587
239,17,105,13.072287559509277,23,702
233,16,98,15.377877235412598,83,612
258,20,89,14.420593023300171,1149,669
223,18,29,13.44229769706726,489,669
229,15,53,14.76831841468811,257,587
201,19,31,14.702191591262817,1332,670
210,18,126,15.575962781906128,71,669
234,18,51,14.398068904876709,116,587
256,18,59,17.717761278152466,1108,674
240,18,53,17.04911780357361,146,669
242,16,52,14.640013933181763,537,587
211,16,31,14.554555177688599,3059,494
206,14,88,13.571881771087646,1706,587
191,19,44,12.59045958518982,301,667
255,17,37,16.70380735397339,3854,570
250,17,60,17.372233152389526,290,596
251,18,71,18.979397296905518,1294,650
226,21,31,17.9865939617157,1638,587
189,21,39,19.658228874206543,792,629
217,18,50,20.53938889503479,291,669
185,17,46,19.759827136993408,859,587
249,18,56,21.31862735748291,1184,634
224,17,43,17.546483755111694,1125,587
224,18,43,36.576287508010864,471,587
217,19,50,37.71988821029663,674,590
250,18,60,40.044408559799194,505,646
225,18,54,45.38260197639465,649,460
205,16,80,57.87995195388794,968,470
206,15,88,41.193039417266846,1086,460
218,18,103,57.69177484512329,1213,669
255,18,37,40.910897970199585,460,485
202,20,194,47.364577770233154,176,460
183,16,31,58.148091554641724,678,469
231,15,45,45.34164261817932,1450,467
219,13,51,45.76180577278137,18,669
259,19,50,58.93929314613342,122,460
221,18,52,58.0876829624176,777,460
193,19,33,57.416314125061035,1393,472
239,18,105,45.06025218963623,26,460
246,20,87,49.37711310386658,1637,465
235,18,60,57.92115926742554,352,460
234,19,51,43.52898025512695,1097,460
237,19,37,58.93623495101929,1552,479
209,18,93,59.72515034675598,77,460
236,18,83,47.89254188537598,27,460
196,17,45,46.26774263381958,343,466
181,15,26,59.44054293632507,1014,473
182,18,28,58.650400161743164,670,669
254,16,68,59.54465079307556,312,460
203,17,45,60.25988054275513,678,491
198,20,30,58.64992952346802,440,456
191,20,44,44.21286368370056,568,505
247,20,36,52.58078384399414,1074,499
238,20,71,48.32653498649597,1190,587
201,20,31,45.82507610321045,1400,505
195,20,23,50.320836544036865,683,623
229,16,53,47.43647122383118,485,460
222,18,32,51.68426299095154,1594,460
188,17,31,50.82248091697693,398,505
215,17,35,51.803406715393066,1779,513
257,20,39,51.309858322143555,1808,477
230,18,22,60.76372289657593,1326,585
253,15,24,59.523579835891724,4326,608
236,19,83,54.884196758270264,34,174
193,20,33,56.12944149971008,718,136
207,20,45,103.48447513580322,1297,224
256,19,59,100.92758464813232,51,275
192,18,43,104.96278548240662,1179,587
255,19,37,59.91567134857178,540,596
224,19,43,60.7621488571167,819,587
240,19,53,102.45274615287781,231,669
195,21,23,57.16073560714722,1022,587
211,17,31,102.75209307670593,534,587
198,21,30,59.41492748260498,504,477
246,21,87,60.239681243896484,488,690
212,18,19,105.81173968315125,102,587
241,16,63,118.14596176147461,261,460
242,17,52,103.6279149055481,2230,629
225,19,54,62.014599561691284,370,465
206,16,88,62.13480544090271,93,460
226,22,31,101.66483569145203,2875,502
210,19,126,104.5569326877594,49,587
209,19,93,60.94997525215149,45,460
221,19,52,61.51801371574402,591,587
219,14,51,61.695306062698364,194,675
237,20,37,61.37300682067871,1333,460
248,18,37,107.66585516929626,19,669
244,19,52,122.01138997077942,958,593
214,19,48,110.65118956565857,71,460
185,18,46,101.34150099754333,1115,460
229,17,53,58.555086851119995,95,460
197,19,35,107.71464323997498,1989,524
239,19,105,62.03474521636963,18,669
190,18,37,108.83901572227478,1356,471
216,16,45,122.53610682487488,448,520
203,18,45,61.62647557258606,717,510
218,19,103,63.37448000907898,2482,477
251,19,71,103.60387873649597,161,669
253,16,24,49.257521629333496,1755,715
220,18,32,120.27598285675049,355,592
233,17,98,107.65741634368896,1662,612
182,19,28,62.07925772666931,991,506
223,19,29,107.74592423439026,1322,593
247,21,36,61.23481726646423,985,603
186,19,21,122.70520114898682,1449,677
204,16,47,112.05591654777527,173,587
243,17,77,110.73421573638916,66,460
254,17,68,62.72651290893555,108,460
217,20,50,65.33225131034851,1720,599
196,18,45,63.1355402469635,1125,607
199,19,28,122.76965141296387,323,630
205,17,80,64.72911047935486,777,460
249,19,56,102.01416516304016,964,587
232,18,70,113.21591925621033,914,669
191,21,44,61.899073362350464,61,593
230,19,22,59.83839511871338,1006,573
180,16,64,113.96802926063538,485,499
189,22,39,104.14214324951172,996,501
238,21,71,62.12323570251465,454,550
215,18,35,60.36422061920166,1692,499
259,20,50,64.32925534248352,4296,468
257,21,39,60.431397438049316,1547,589
228,21,83,111.85409116744995,474,673
208,14,43,114.22656440734863,645,597
183,17,31,65.14618635177612,3162,852
252,16,35,113.47817087173462,781,524
188,18,31,61.415776014328,1374,540
234,20,51,64.98159003257751,3546,593
250,19,60,66.79558682441711,703,522
202,21,194,67.7126076221466,1279,587
213,21,37,116.88923954963684,1103,604
235,19,60,68.89936995506287,1129,460
207,21,45,11.990236282348633,1413,607
214,20,48,8.139846324920654,230,194
255,20,37,11.145914316177368,429,672
240,20,53,11.153904676437378,152,669
256,20,59,12.865589141845703,54,682
231,16,45,71.39250993728638,1233,628
224,20,43,12.107099056243896,1092,632
192,19,43,12.518638372421265,1680,591
211,18,31,11.821544885635376,601,587
222,19,32,68.32649087905884,1454,591
246,22,87,11.72175407409668,806,599
258,21,89,116.93469858169556,195,669
209,20,93,10.940589427947998,45,669
225,20,54,11.589388132095337,456,698
181,16,26,71.88227462768555,1201,589
185,19,46,10.95238971710205,731,672
193,21,33,17.497304439544678,1340,697
198,22,30,13.404792547225952,225,704
226,23,31,12.59227466583252,624,596
236,20,83,18.478179216384888,2011,587
203,19,45,11.524290800094604,993,592
190,19,37,11.97603702545166,43,674
242,18,52,13.237801790237427,341,614
206,17,88,13.21920394897461,680,669
248,19,37,12.449035882949829,19,587
210,20,126,13.129440069198608,32,669
201,21,31,72.16076731681824,2168,529
229,18,53,12.498616933822632,1120,587
244,20,52,12.810682535171509,251,610
241,17,63,14.078054428100586,646,589
200,17,61,121.29833912849426,866,594
245,16,52,133.93968605995178,1449,669
221,20,52,14.607430458068848,696,669
219,15,51,14.608941793441772,18,587
195,22,23,16.34553027153015,420,460
237,21,37,14.676783323287964,2157,461
251,20,71,14.14788556098938,425,620
216,17,45,14.856765508651733,218,705
233,18,98,14.842222929000854,1758,671
180,17,64,13.769777297973633,1801,460
223,20,29,15.270487308502197,712,669
220,19,32,16.609748601913452,1233,499
257,22,39,16.900795698165894,2040,477
207,22,45,48.27420425415039,1362,594
236,21,83,44.641037464141846,2083,587
183,18,31,54.03957676887512,1118,614
197,20,35,56.70355272293091,254,278
246,23,87,46.9501473903656,1422,291
248,20,37,44.871047019958496,19,669
188,19,31,54.12219524383545,759,587
240,21,53,48.83948802947998,2794,600
253,17,24,57.71322250366211,962,678
254,18,68,56.9348566532135,208,669
223,21,29,42.18548059463501,597,587
202,22,194,53.89824414253235,186,669
258,22,89,48.67907214164734,58,669
252,17,35,56.26210975646973,405,460
228,22,83,56.936039209365845,251,460
229,19,53,46.816845178604126,893,460
241,18,63,46.53193235397339,1519,587
215,19,35,57.18767976760864,543,587
242,19,52,47.38051080703735,263,593
220,20,32,42.187671184539795,202,587
256,21,59,50.6554958820343,29,462
217,21,50,57.90115666389465,777,587
206,18,88,47.241687059402466,646,669
185,20,46,48.61852741241455,380,460
216,18,45,44.34961724281311,1892,460
238,22,71,57.47120499610901,608,460
230,20,22,57.59215950965881,966,546
233,19,98,44.28976273536682,736,475
214,21,48,52.25251913070679,295,499
205,18,80,58.70672106742859,63,460
239,20,105,60.27749061584473,19,714
257,23,39,41.43425393104553,90,460
210,21,126,48.36644196510315,65,587
219,16,51,46.80991792678833,426,460
209,21,93,50.70913219451904,26,460
221,21,52,46.92243456840515,2968,460
237,22,37,46.705854177474976,1503,460
181,17,26,50.7896842956543,954,550
193,22,33,49.872408866882324,838,499
259,21,50,59.325597286224365,320,505
211,19,31,52.31094527244568,2675,467
224,21,43,53.34407186508179,1409,493
251,21,71,47.91705560684204,1109,608
232,19,70,61.10930633544922,108,460
204,17,47,61.72705674171448,287,460
247,22,36,62.01467800140381,1255,460
231,17,45,54.2988760471344,1001,460
243,18,77,61.92505383491516,35,460
234,21,51,60.53422498703003,168,499
218,20,103,63.56314253807068,200,498
182,20,28,63.623164892196655,358,499
201,22,31,52.08065152168274,811,499
226,24,31,52.75768232345581,1467,538
222,20,32,54.62813115119934,2997,499
233,20,98,54.1833233833313,18,93
228,23,83,54.86515927314758,131,201
252,18,35,56.0350980758667,809,510
206,19,88,56.850446701049805,65,669
216,19,45,57.57410526275635,415,587
248,21,37,60.0761284828186,30,587
214,22,48,57.030311584472656,112,587
242,20,52,57.882224321365356,466,593
243,19,77,54.28409743309021,40,460
181,18,26,56.57915925979614,2143,635
215,20,35,58.63780879974365,1292,460
231,18,45,54.88087463378906,917,601
244,21,52,105.63277125358582,1866,658
186,20,21,117.17349219322205,1102,587
219,17,51,57.59549260139465,413,669
237,23,37,57.47705841064453,525,631
218,21,103,54.71050477027893,709,617
200,18,61,105.78465986251831,414,460
238,23,71,59.41870403289795,315,460
257,24,39,58.4597327709198,1420,460
204,18,47,56.01531934738159,670,587
198,23,30,107.40525794029236,184,460
250,20,60,115.82532382011414,194,669
241,19,63,59.97457790374756,405,460
203,20,45,107.42387008666992,1058,645
180,18,64,103.49167513847351,1512,635
223,22,29,60.84822654724121,207,460
210,22,126,58.67562389373779,64,460
196,19,45,117.81898784637451,123,460
234,22,51,55.578330516815186,239,460
256,22,59,59.99827790260315,28,460
232,20,70,56.545384883880615,243,668
208,15,43,117.08564066886902,423,597
224,22,43,57.2170991897583,463,460
213,22,37,114.02929520606995,1869,635
225,21,54,109.30340027809143,551,512
254,19,68,61.35895657539368,119,460
247,23,36,56.60539722442627,2199,460
259,22,50,58.39747667312622,225,675
229,20,53,60.68152356147766,919,478
190,20,37,107.96518540382385,68,669
217,22,50,60.57048511505127,1330,489
199,20,28,118.54458141326904,1340,617
183,19,31,63.50018620491028,3167,460
185,21,46,60.74465370178223,881,587
253,18,24,62.042731523513794,3262,487
192,20,43,111.76864266395569,2246,556
222,21,32,56.56754779815674,334,499
211,20,31,59.32005715370178,1257,497
220,21,32,62.3210871219635,979,634
249,20,56,120.23213696479797,922,504
226,25,31,57.37186098098755,797,499
258,23,89,63.2115535736084,392,460
240,22,53,64.4552869796753,730,702
246,24,87,65.1243302822113,382,473
205,19,80,61.79461860656738,590,460
235,20,60,114.96266746520996,309,669
230,21,22,62.96845865249634,1763,615
201,23,31,58.24465370178223,1115,494
202,23,194,64.0980019569397,4785,499
197,21,35,66.12820219993591,131,668
188,20,31,65.71472311019897,731,682
245,17,52,110.25973916053772,528,587
209,22,93,62.55157232284546,39,669
221,22,52,62.52764701843262,2460,466
182,21,28,59.55145740509033,1065,629
191,22,44,122.2230658531189,200,500
251,22,71,61.499584913253784,476,661
255,21,37,116.47860264778137,822,549
189,23,39,123.76553010940552,1428,505
193,23,33,65.02759408950806,3107,833
252,19,35,13.05431580543518,505,690
242,21,52,11.364713668823242,1567,674
236,22,83,73.25005459785461,672,587
216,20,45,12.841892719268799,617,587
239,21,105,69.60599541664124,22,593
248,22,37,13.057369470596313,24,587
215,21,35,12.364841222763062,608,669
206,20,88,13.993505477905273,1467,587
257,25,39,11.306447267532349,1382,585
228,24,83,16.267417192459106,272,587
244,22,52,12.288835287094116,399,612
181,19,26,12.932908296585083,766,628
204,19,47,11.807060956954956,163,669
185,22,46,10.641993284225464,1270,460
219,18,51,12.628730058670044,1004,597
207,23,45,75.45437264442444,2976,939
199,21,28,11.260333061218262,209,587
229,21,53,11.704401969909668,1462,603
234,23,51,12.252817392349243,2517,670
254,20,68,12.125352144241333,101,587
223,23,29,12.986860990524292,383,669
218,22,103,13.953881978988647,201,613
200,19,61,13.839913845062256,222,669
233,21,98,18.97397804260254,73,669
192,21,43,11.820199251174927,597,587
238,24,71,14.041423797607422,120,669
196,20,45,13.902027368545532,52,587
253,19,24,13.334734916687012,1849,628
231,19,45,15.581115007400513,683,618
213,23,37,14.092149496078491,712,709
241,20,63,15.180286645889282,775,587
217,23,50,14.766311883926392,695,669
259,23,50,15.724425315856934,2085,499
211,21,31,14.43033480644226,2643,460
237,24,37,17.637598752975464,711,587
190,21,37,16.969305992126465,2710,544
247,24,36,19.310216903686523,5744,499
222,22,32,19.552455186843872,518,587
183,20,31,20.65748643875122,1257,639
255,22,37,17.263952016830444,2306,587
250,21,60,23.636319160461426,1732,598
181,20,26,42.42611050605774,1175,237
190,22,37,37.27140021324158,119,460
250,22,60,33.58777570724487,93,587
248,23,37,46.33745789527893,24,587
202,24,194,54.042996883392334,131,597
203,21,45,57.5033016204834,1287,591
233,22,98,43.89565968513489,1277,587
196,21,45,43.68856143951416,2323,613
219,19,51,45.85497736930847,354,740
226,26,31,55.208643436431885,334,587
215,22,35,46.9455201625824,1477,587
242,22,52,48.91256403923035,842,592
225,22,54,58.04980778694153,688,342
180,19,64,58.76242160797119,506,460
256,23,59,58.73672294616699,58,611
199,22,28,46.867430686950684,780,651
214,23,48,61.014541149139404,289,460
247,25,36,39.26769828796387,769,587
200,20,61,45.90318250656128,1434,638
189,24,39,52.862454414367676,456,587
193,24,33,52.23330569267273,422,669
232,21,70,59.39318084716797,1138,587
244,23,52,48.415544271469116,482,460
258,24,89,57.13494825363159,354,460
234,24,51,47.469040870666504,165,460
238,25,71,46.10663414001465,734,460
221,23,52,55.57318663597107,1318,587
243,20,77,61.61970138549805,33,460
207,24,45,48.01722288131714,1429,618
217,24,50,44.73385429382324,954,669
237,25,37,43.28560662269592,1630,590
246,25,87,57.50645446777344,282,460
191,23,44,55.54410266876221,871,589
259,24,50,44.03635764122009,1430,593
210,23,126,60.41318130493164,47,460
211,22,31,43.80867028236389,921,460
188,21,31,56.840118408203125,426,669
245,18,52,56.473392963409424,278,468
229,22,53,48.24799633026123,172,674
185,23,46,49.00975322723389,1385,546
254,21,68,48.04780983924866,462,460
201,24,31,57.24991822242737,328,460
204,20,47,49.38199329376221,1389,653
222,23,32,39.52811074256897,509,698
252,20,35,52.324151039123535,574,460
228,25,83,50.07633399963379,199,460
182,22,28,56.50418710708618,899,491
231,20,45,46.80976629257202,1008,615
209,23,93,56.98623704910278,50,460
251,23,71,56.42859172821045,1107,460
255,23,37,38.77792048454285,919,676
216,21,45,50.661256074905396,641,460
224,23,43,61.00386381149292,766,460
236,23,83,50.98296761512756,970,460
206,21,88,50.38997745513916,894,460
235,21,60,58.69839787483215,935,460
239,22,105,50.93614888191223,23,699
253,20,24,47.37875056266785,1449,492
183,21,31,40.596187353134155,1431,523
249,21,56,59.77545094490051,1485,711
257,26,39,51.419564723968506,2547,533
197,22,35,59.152547121047974,1022,659
241,21,63,47.69470405578613,656,587
198,24,30,63.12294030189514,169,499
218,23,103,49.69325089454651,2148,655
205,20,80,60.834510803222656,1201,499
192,22,43,50.099701166152954,1302,499
223,24,29,50.83115577697754,259,499
208,16,43,63.54239320755005,1307,509
240,23,53,64.56327843666077,901,613
181,21,26,13.745330810546875,1040,606
226,27,31,10.742041826248169,400,587
233,23,98,11.446518182754517,1047,669
190,23,37,14.15990161895752,2591,620
203,22,45,11.706862926483154,591,669
213,24,37,54.87225532531738,1834,742
248,24,37,12.17025351524353,19,669
242,23,52,11.23805832862854,137,669
250,23,60,12.482205152511597,303,633
196,22,45,13.1224045753479,337,587
220,22,32,68.4776360988617,1327,631
193,25,33,11.683098077774048,1633,460
215,23,35,13.517080545425415,1518,698
244,24,52,12.038800954818726,118,670
214,24,48,13.01141905784607,953,669
217,25,50,12.05151081085205,37,669
211,23,31,11.875998973846436,1238,593
254,22,68,11.845036268234253,328,669
225,23,54,14.027055978775024,285,633
243,21,77,12.615274906158447,43,587
191,24,44,12.20502233505249,318,460
185,24,46,12.11593770980835,308,669
235,22,60,11.454649209976196,1140,499
256,24,59,14.076667785644531,55,680
221,24,52,13.249571084976196,185,669
224,24,43,11.792634725570679,1313,587
246,26,87,12.911213159561157,818,634
202,25,194,15.77089548110962,71,587
180,20,64,14.505363464355469,798,669
189,25,39,14.041326999664307,1510,587
245,19,52,13.045796155929565,161,669
209,24,93,12.406261444091797,80,608
188,22,31,13.191578149795532,836,587
238,26,71,13.917922019958496,455,587
182,23,28,12.654882431030273,594,669
216,22,45,12.623797416687012,383,587
219,20,51,16.186834573745728,636,614
207,25,45,14.042870044708252,1529,645
255,24,37,12.84275507926941,1602,597
237,26,37,13.88615608215332,427,460
229,23,53,13.611565589904785,2122,480
234,25,51,14.399874448776245,3941,460
200,21,61,15.009481191635132,165,703
222,24,32,13.278183221817017,419,673
258,25,89,14.621445655822754,585,587
231,21,45,13.303688287734985,410,710
253,21,24,12.873231172561646,1849,618
210,24,126,14.236407279968262,45,669
232,22,70,15.191329717636108,241,587
247,26,36,15.852309942245483,4152,548
206,22,88,13.710496664047241,2364,482
239,23,105,13.580317497253418,26,623
201,25,31,14.797143697738647,18,674
228,26,83,14.310002326965332,215,669
204,21,47,14.599029064178467,2450,460
259,25,50,15.858489274978638,1148,499
183,22,31,14.230137825012207,1699,655
223,25,29,12.710195064544678,2937,496
251,24,71,16.64557647705078,79,587
199,23,28,22.321273803710938,1358,614
249,22,56,21.20830988883972,995,628
181,22,26,20.043158054351807,2098,614
232,23,70,40.98541045188904,96,363
236,24,83,54.50352597236633,99,329
213,25,37,46.832640171051025,496,263
226,28,31,48.45116829872131,843,632
252,21,35,56.02098560333252,741,587
229,24,53,43.17438840866089,497,669
214,25,48,45.611347913742065,455,684
247,27,36,42.649314641952515,2815,633
200,22,61,43.36440443992615,1314,587
208,17,43,54.004390001297,940,591
190,24,37,48.78579092025757,409,669
221,25,52,45.06746554374695,56,669
198,25,30,55.27865791320801,463,592
249,23,56,35.1096305847168,427,585
209,25,93,44.987876415252686,50,587
240,24,53,51.42078876495361,126,460
215,24,35,47.341930627822876,633,460
254,23,68,46.37005543708801,78,669
220,23,32,47.908692359924316,373,460
237,27,37,44.78579378128052,812,595
243,22,77,46.74421525001526,27,669
251,25,71,41.447704792022705,63,592
211,24,31,47.22158432006836,1333,587
228,27,83,44.1885302066803,221,460
248,25,37,50.31945252418518,25,669
222,25,32,45.566965103149414,1109,460
210,25,126,45.166528940200806,42,587
258,26,89,45.52720379829407,586,587
246,27,87,46.74553871154785,1746,627
231,22,45,45.537524461746216,881,740
189,26,39,46.607797384262085,2394,493
191,25,44,47.66360068321228,434,593
241,22,63,57.39445638656616,897,593
257,27,39,57.800907373428345,1619,601
205,21,80,56.7001428604126,885,473
239,24,105,45.23802638053894,24,817
196,23,45,49.854482889175415,263,460
242,24,52,51.13848614692688,133,460
203,23,45,51.49125909805298,850,593
238,27,71,47.06985592842102,246,460
207,26,45,46.87823128700256,1257,460
224,25,43,48.1773624420166,514,587
204,22,47,46.021541595458984,1125,475
217,26,50,49.36150932312012,1171,478
245,20,52,48.129321575164795,334,460
188,23,31,48.067389488220215,665,460
244,25,52,50.1636278629303,1910,471
180,21,64,48.627015352249146,2073,460
255,25,37,48.09004545211792,1206,606
183,23,31,46.23916482925415,2235,505
216,23,45,48.71581053733826,1176,518
223,26,29,47.42919397354126,1169,540
235,23,60,52.74829077720642,1043,531
197,23,35,63.144272804260254,263,553
219,21,51,51.89000749588013,1424,521
234,26,51,51.5990355014801,146,499
193,26,33,54.70128631591797,378,499
181,23,26,38.253196239471436,3493,499
259,26,50,49.66831636428833,1267,505
182,24,28,52.10627722740173,1751,499
253,22,24,52.3084020614624,375,640
252,22,35,11.78531002998352,756,587
213,26,37,13.035064458847046,869,587
208,18,43,17.860788822174072,3014,502
239,25,105,52.822012186050415,19,89
224,26,43,52.073862075805664,418,66
198,26,30,56.003724813461304,759,130
223,27,29,51.79081845283508,1762,166
235,24,60,51.308969020843506,1099,464
238,28,71,56.7113835811615,140,460
202,26,194,104.4943642616272,301,587
254,24,68,58.92355823516846,64,587
242,25,52,57.61599540710449,1380,594
240,25,53,59.602208375930786,983,594
250,24,60,108.93600368499756,82,587
209,26,93,59.95170617103577,79,286
249,24,56,60.130287647247314,24,587
213,27,37,49.57042837142944,643,587
197,24,35,53.04158592224121,1067,587
252,23,35,49.924771308898926,519,666
226,29,31,61.97547888755798,707,460
243,23,77,59.73511052131653,27,460
248,26,37,59.21725249290466,19,460
222,26,32,59.195082664489746,617,606
215,25,35,60.21659851074219,1021,587
200,23,61,61.42562246322632,755,587
180,22,64,57.14387249946594,580,587
228,28,83,59.41716170310974,83,460
218,24,103,116.34071326255798,503,506
233,24,98,110.46739172935486,865,460
231,23,45,59.588664293289185,1396,483
220,24,32,61.0509307384491,2516,573
193,27,33,54.09330415725708,618,460
210,26,126,60.421870470047,56,708
191,26,44,60.10990762710571,267,593
206,23,88,105.40545582771301,385,587
205,22,80,60.25076651573181,94,669
216,24,45,57.98150682449341,1276,587
236,25,83,64.75820779800415,2149,558
201,26,31,105.22329449653625,18,669
258,27,89,60.75221586227417,286,460
221,26,52,62.54886293411255,946,460
188,24,31,59.002731800079346,2297,499
217,27,50,59.16072702407837,2258,460
241,23,63,60.66351580619812,148,499
257,28,39,60.66086292266846,1011,644
214,26,48,63.405353307724,78,587
237,28,37,62.12030863761902,1984,460
229,25,53,63.67349147796631,103,587
192,23,43,117.44113993644714,346,524
204,23,47,59.73530697822571,776,603
199,24,28,100.04832243919373,272,678
190,25,37,63.47155261039734,2215,479
183,24,31,58.846001386642456,737,530
211,25,31,61.9149489402771,2011,587
203,24,45,61.25196194648743,323,669
181,24,26,56.8490948677063,578,669
251,26,71,63.65832233428955,668,499
259,27,50,57.14445972442627,104,505
182,25,28,57.21456050872803,947,640
232,24,70,67.4724600315094,502,499
219,22,51,57.885613203048706,2921,754
246,28,87,63.89572548866272,294,460
225,24,54,111.5648148059845,780,659
207,27,45,63.317010164260864,2495,477
208,19,43,48.62595200538635,231,673
256,25,59,111.68689060211182,35,590
253,23,24,58.09081172943115,856,753
245,21,52,63.44563293457031,1239,546
239,26,105,12.034713745117188,22,790
198,27,30,11.599998235702515,473,607
185,25,46,113.4365074634552,504,669
189,27,39,66.38682436943054,2347,518
255,26,37,64.36769461631775,3423,507
244,26,52,65.07267022132874,201,527
224,27,43,14.272562980651855,1590,617
223,28,29,13.085309028625488,282,670
234,27,51,63.05260634422302,2245,667
202,27,194,11.850791215896606,100,669
254,25,68,12.04371953010559,143,587
252,24,35,11.385953664779663,1302,587
180,23,64,11.354158639907837,362,669
218,25,103,11.297068357467651,571,594
228,29,83,11.577123165130615,338,671
250,25,60,12.389734983444214,185,681
247,28,36,74.02587175369263,1504,1867
249,25,56,12.918168067932129,19,587
242,26,52,13.550217390060425,1419,587
196,24,45,71.27187919616699,3393,662
240,26,53,13.627685785293579,1119,587
193,28,33,12.0497145652771,935,587
238,29,71,14.934225082397461,905,660
235,25,60,15.588305711746216,2007,697
231,24,45,13.043354034423828,2672,473
233,25,98,13.274118661880493,60,587
205,23,80,12.291952848434448,294,629
213,28,37,14.360395908355713,660,633
258,28,89,12.593403100967407,248,669
216,25,45,12.671741485595703,1763,484
220,25,32,13.846256732940674,1282,622
209,27,93,15.426975965499878,90,587
210,27,126,13.997606992721558,70,669
221,27,52,13.789958477020264,1325,460
199,25,28,13.832789421081543,499,612
191,27,44,15.189523696899414,695,499
188,25,31,15.165447235107422,2051,453
215,26,35,18.201852321624756,565,707
190,26,37,16.219362497329712,385,669
259,28,50,14.994042873382568,1918,485
201,27,31,52.553173542022705,18,101
239,27,105,50.33341193199158,23,234
214,27,48,54.77114677429199,21,332
191,28,44,41.170546531677246,559,460
210,28,126,43.07113337516785,71,264
188,26,31,41.90452718734741,250,461
251,27,71,54.88612604141235,139,587
213,29,37,44.81788969039917,2232,460
243,24,77,59.12990856170654,34,669
237,29,37,57.13724231719971,1161,587
185,26,46,52.152265310287476,584,587
206,24,88,57.827202558517456,367,472
250,26,60,47.53650498390198,2332,477
189,28,39,52.069739818573,744,598
248,27,37,59.530182123184204,19,669
211,26,31,57.08842396736145,1144,587
235,26,60,46.058430671691895,642,587
246,29,87,54.843040227890015,1497,669
181,25,26,56.08745098114014,795,604
240,27,53,46.883108377456665,576,716
233,26,98,46.336212158203125,290,460
200,24,61,60.09865093231201,1384,587
229,26,53,58.09302997589111,984,460
256,26,59,54.50109028816223,35,463
190,27,37,41.57986664772034,3416,496
222,27,32,60.18024969100952,598,587
249,26,56,47.57264018058777,19,669
196,25,45,47.33792042732239,119,669
258,29,89,46.00175452232361,668,591
245,22,52,54.184027433395386,344,460
247,29,36,47.7493314743042,860,589
225,25,54,55.34172964096069,138,484
203,25,45,57.46757745742798,961,468
218,26,103,49.154998779296875,870,638
238,30,71,47.41931772232056,208,669
197,25,35,61.196223735809326,140,669
241,24,63,59.19410276412964,843,587
202,28,194,50.49852156639099,115,669
217,28,50,59.39072942733765,31,669
198,28,30,54.53428530693054,1187,517
255,27,37,53.85173940658569,537,468
209,28,93,46.42174053192139,33,460
204,24,47,59.137661933898926,722,528
234,28,51,51.674846172332764,232,460
193,29,33,48.629045248031616,359,460
183,25,31,59.2831974029541,1395,691
180,24,64,50.38739848136902,1892,546
207,28,45,56.604103088378906,611,587
216,26,45,47.51995897293091,880,462
224,28,43,53.236764669418335,2021,596
259,29,50,42.897629261016846,253,465
244,27,52,54.014636516571045,1995,621
182,26,28,57.86172962188721,884,460
192,24,43,59.838136196136475,1602,625
231,25,45,48.8310112953186,553,486
220,26,32,47.993051290512085,1519,596
221,28,52,47.241284132003784,335,669
208,20,43,57.64058589935303,726,601
199,26,28,46.9103844165802,243,682
254,26,68,52.456154584884644,1789,493
252,25,35,52.11761260032654,993,546
236,26,83,62.131271839141846,1298,587
257,29,39,61.90988254547119,659,587
232,25,70,59.718955516815186,126,499
228,30,83,52.42918944358826,472,546
205,24,80,50.245598554611206,738,499
215,27,35,45.8988139629364,1624,675
219,23,51,59.54562950134277,977,503
242,27,52,51.571451902389526,1187,499
226,30,31,64.58292412757874,263,691
214,28,48,12.806754350662231,723,669
210,29,126,11.465672254562378,50,587
237,30,37,11.698097229003906,841,588
188,27,31,12.100835800170898,423,546
235,27,60,11.285556316375732,657,683
191,29,44,13.547584533691406,82,669
229,27,53,11.487475395202637,2308,596
245,23,52,11.438762903213501,369,587
248,28,37,12.282142639160156,1846,589
246,30,87,12.602418184280396,2057,584
206,25,88,13.095879077911377,1366,605
200,25,61,12.37397050857544,2481,589
222,28,32,12.421784400939941,1362,587
209,29,93,11.288651943206787,50,587
233,27,98,12.78812575340271,61,587
250,27,60,13.47294306755066,591,587
203,26,45,12.690877199172974,407,610
213,30,37,14.124839305877686,4310,461
249,27,56,13.002451658248901,19,546
218,27,103,12.49655795097351,1063,618
217,29,50,12.283937215805054,708,669
247,30,36,13.1210196018219,5066,504
202,29,194,12.618396043777466,623,587
240,28,53,13.924270153045654,1519,623
243,25,77,14.711283445358276,32,587
259,30,50,11.993281126022339,224,674
189,29,39,14.43152379989624,752,628
180,25,64,12.256669044494629,1122,587
211,27,31,14.505550384521484,1282,650
251,28,71,15.297886610031128,1847,646
256,27,59,14.053548097610474,56,609
204,25,47,12.870847702026367,932,614
182,27,28,12.49862027168274,838,624
224,29,43,12.662302494049072,395,587
220,27,32,11.836666822433472,757,683
198,29,30,13.72371506690979,271,689
216,27,45,13.288690090179443,809,675
185,27,46,15.800568342208862,1243,587
252,26,35,11.951189279556274,1735,587
190,28,37,15.469802379608154,196,587
196,26,45,15.372602462768555,4633,494
236,27,83,11.960462093353271,940,667
225,26,54,15.317185640335083,371,669
199,27,28,12.671176433563232,233,669
255,28,37,14.346513509750366,2545,479
244,28,52,13.867311477661133,655,642
241,25,63,14.811473608016968,1771,668
197,26,35,14.934357643127441,475,587
258,30,89,15.817557573318481,1118,669
207,29,45,14.450894832611084,943,552
201,28,31,22.206014394760132,18,703
193,30,33,15.025540351867676,2502,508
254,27,68,13.498267412185669,3206,460
183,26,31,15.133789777755737,433,748
231,26,45,15.119693994522095,1814,600
234,29,51,16.756958961486816,2153,499
232,26,70,15.099920988082886,2209,636
192,25,43,17.17569637298584,145,1352
257,30,39,18.016810178756714,2119,513
239,28,105,25.40062665939331,26,768
238,31,71,22.23630714416504,632,587
237,31,37,13.552179336547852,2970,460
221,29,52,22.03985834121704,1807,597
248,29,37,13.93249773979187,3930,471
208,21,43,23.170165061950684,1106,630
220,28,32,13.542142629623413,2065,499
247,31,36,15.939988613128662,4294,499
219,24,51,49.07491683959961,18,152
247,32,36,24.247779607772827,849,70
180,26,64,40.17130517959595,808,68
222,29,32,45.401347160339355,218,669
211,28,31,44.09247636795044,1426,264
217,30,50,44.947200775146484,27,587
254,28,68,41.845062255859375,323,587
201,29,31,42.280189752578735,18,587
207,30,45,42.60542416572571,1402,596
210,30,126,49.08928632736206,54,669
234,30,51,40.72410297393799,166,669
255,29,37,43.30096507072449,368,595
196,27,45,43.50252032279968,94,688
197,27,35,43.200050830841064,1323,667
225,27,54,43.511051416397095,1501,587
228,31,83,55.17052221298218,85,669
244,29,52,43.777963638305664,425,602
258,31,89,43.52858853340149,198,460
185,28,46,44.53227758407593,994,587
202,30,194,45.95711898803711,292,460
188,28,31,48.74485492706299,1276,455
245,24,52,48.03264784812927,372,460
256,28,59,45.645817041397095,53,469
237,32,37,35.430793046951294,1384,595
219,25,51,6.641533613204956,713,66
250,28,60,47.14478874206543,289,669
241,26,63,44.222179651260376,264,621
235,28,60,49.37437653541565,496,460
243,26,77,46.49327874183655,22,460
251,29,71,46.23981070518494,184,460
209,30,93,47.71219348907471,31,669
221,30,52,36.00041890144348,1977,593
213,31,37,47.84345054626465,336,587
229,28,53,49.61693596839905,131,460
216,28,45,46.23137164115906,941,589
257,31,39,39.47852277755737,77,460
218,28,103,48.1318416595459,207,479
193,31,33,44.75423264503479,663,587
214,29,48,51.88914251327515,728,460
206,26,88,49.04426908493042,391,599
203,27,45,48.44378113746643,1443,499
192,26,43,42.51226758956909,1994,930
233,28,98,48.96588850021362,1707,587
215,28,35,57.71126437187195,486,460
232,27,70,42.83743715286255,230,502
183,27,31,45.092304944992065,193,460
246,31,87,49.635642290115356,180,460
208,22,43,35.785428047180176,391,466
252,27,35,46.68490028381348,826,460
238,32,71,38.88882851600647,269,460
249,28,56,48.92255902290344,19,587
239,29,105,40.41329264640808,24,675
200,26,61,49.89659881591797,1354,669
189,30,39,48.48526406288147,451,591
259,31,50,48.50619411468506,1504,515
240,29,53,48.73848748207092,316,498
190,29,37,47.08992838859558,1505,507
205,25,80,58.959744930267334,69,587
242,28,52,58.72921109199524,558,499
204,26,47,48.8338668346405,1220,621
236,28,83,47.49642610549927,4009,561
220,29,32,35.198856830596924,922,686
224,30,43,48.86588454246521,458,499
248,30,37,37.80026841163635,3968,499
191,30,44,52.731608867645264,393,499
231,27,45,47.01737713813782,2026,540
247,33,36,11.08913803100586,177,587
180,27,64,12.775842666625977,182,587
217,31,50,11.253556251525879,567,587
201,30,31,11.374854803085327,18,587
222,30,32,12.455947875976562,318,587
225,28,54,11.296532154083252,280,690
210,31,126,11.91017484664917,51,587
207,31,45,12.305707693099976,874,663
197,28,35,12.117690324783325,56,679
196,28,45,13.059677362442017,485,587
254,29,68,13.736618518829346,472,593
211,29,31,15.099395036697388,1333,587
234,31,51,14.340240001678467,1245,683
216,29,45,12.999860763549805,1030,465
232,28,70,13.002754211425781,2472,463
255,30,37,15.867863178253174,1520,615
229,29,53,14.309844732284546,535,499
206,27,88,14.75716257095337,1488,460
235,29,60,15.985002279281616,1585,460
240,30,53,14.052106142044067,2551,525
192,27,43,16.256009578704834,3532,499
239,30,105,51.843557834625244,19,89
216,30,45,43.69916796684265,744,603
248,31,37,54.708919048309326,1040,595
191,31,44,54.36310863494873,312,587
231,28,45,53.88647818565369,500,606
241,27,63,58.51547574996948,460,460
252,28,35,56.722171783447266,838,628
200,27,61,56.34260964393616,71,587
206,28,88,42.50783061981201,364,460
193,32,33,57.43455743789673,472,587
215,29,35,57.8195424079895,1322,587
214,30,48,58.61983251571655,161,587
251,30,71,59.73569941520691,489,592
222,31,32,49.80167627334595,281,499
249,29,56,58.09631586074829,24,669
240,31,53,43.81140327453613,909,668
217,32,50,50.744919776916504,471,460
244,30,52,60.86852264404297,272,504
250,29,60,60.467512369155884,236,669
236,29,83,57.35852670669556,73,460
209,31,93,60.129767417907715,40,465
245,25,52,60.80959987640381,400,669
192,28,43,42.62919735908508,267,460
225,29,54,50.22267198562622,587,690
238,33,71,58.745290994644165,362,460
188,29,31,61.09481382369995,1596,460
197,29,35,49.637174129486084,54,468
232,29,70,46.03252458572388,414,673
221,31,52,60.158424615859985,1547,613
202,31,194,61.30956768989563,428,460
237,33,37,61.203777551651,1012,460
258,32,89,61.718520402908325,142,460
246,32,87,59.4636013507843,386,587
211,30,31,48.10445737838745,2011,587
213,32,37,60.50548052787781,489,460
205,26,80,58.419814586639404,1886,463
256,29,59,61.657151222229004,35,463
243,27,77,61.21074366569519,34,460
233,29,98,59.82351517677307,201,669
203,28,45,60.10925817489624,288,497
196,29,45,49.49255037307739,2644,497
247,34,36,57.0674889087677,173,587
189,31,39,59.473459243774414,1006,702
235,30,60,45.70438838005066,1908,614
183,28,31,60.16488718986511,317,759
255,31,37,47.15049076080322,4658,483
219,26,51,62.20203447341919,697,597
180,28,64,55.18515229225159,410,587
257,32,39,60.919726848602295,693,587
204,27,47,59.31156063079834,1329,499
234,32,51,49.10461497306824,238,628
228,32,83,63.33234763145447,999,499
242,29,52,59.45336842536926,428,499
229,30,53,47.5063738822937,121,587
224,31,43,59.646591901779175,1514,755
190,30,37,60.4639573097229,564,527
185,29,46,63.87748861312866,650,499
259,32,50,61.33628511428833,1247,518
208,23,43,61.83293414115906,1399,527
210,32,126,53.32012581825256,60,669
218,29,103,62.80477428436279,130,520
220,30,32,61.41213321685791,2625,589
254,30,68,52.558900594711304,830,669
207,32,45,54.21911692619324,1165,744
191,32,44,10.069474458694458,953,484
248,32,37,11.207387924194336,129,669
239,31,105,15.769110202789307,23,640
241,28,63,11.47734546661377,558,669
206,29,88,11.391398906707764,69,669
214,31,48,11.336958408355713,88,587
249,30,56,11.281477451324463,19,648
216,31,45,13.799782037734985,1596,686
217,33,50,11.79059648513794,30,669
202,32,194,11.371708869934082,917,587
231,29,45,13.916592121124268,705,590
237,34,37,11.724074840545654,427,605
200,28,61,14.152983665466309,1459,587
236,30,83,12.451900959014893,69,557
252,29,35,14.294774293899536,901,687
197,30,35,12.1298987865448,56,597
259,33,50,9.507200241088867,104,465
238,34,71,12.651614665985107,353,587
244,31,52,12.951179504394531,877,607
250,30,60,12.977107048034668,78,669
256,30,59,12.251261949539185,35,672
183,29,31,11.845436334609985,230,690
205,27,80,12.461020708084106,1016,483
215,30,35,14.310774326324463,2030,603
213,33,37,12.571714878082275,273,669
251,31,71,13.897704362869263,805,660
233,30,98,12.538683891296387,881,460
255,32,37,12.102784633636475,230,589
209,32,93,13.658836126327515,46,587
196,30,45,12.55043339729309,95,689
192,29,43,13.69126272201538,1507,587
225,30,54,13.599885940551758,249,659
188,30,31,13.588581323623657,1137,620
219,27,51,12.279144525527954,2339,460
247,35,36,12.614550828933716,182,587
257,33,39,12.462295532226562,135,669
240,32,53,14.707709312438965,459,630
246,33,87,14.003636360168457,574,460
243,28,77,14.164188146591187,37,674
229,31,53,12.656890153884888,1273,618
221,32,52,14.782837629318237,340,669
235,31,60,13.803865432739258,287,587
190,31,37,12.857634544372559,579,617
224,32,43,13.01055097579956,2385,499
185,30,46,12.627939462661743,722,587
258,33,89,14.812772512435913,2546,528
204,28,47,13.690830707550049,1964,508
189,32,39,14.309892177581787,528,587
228,33,83,13.662255764007568,421,669
242,30,52,13.948138236999512,1411,592
234,33,51,14.06499719619751,2372,599
232,30,70,15.80402135848999,513,673
245,26,52,16.204092264175415,287,669
220,31,32,12.13236927986145,195,587
203,29,45,15.593557596206665,1494,526
254,31,68,12.402397632598877,1661,587
208,24,43,13.534121751785278,559,687
210,33,126,13.259509325027466,39,546
180,29,64,15.320741891860962,343,669
218,30,103,13.785459995269775,346,591
207,33,45,13.47818660736084,1758,742
191,33,44,12.813849449157715,311,683
248,33,37,12.215014219284058,31,669
206,30,88,12.029342651367188,91,587
241,29,63,12.205694198608398,2113,460
196,31,45,9.315972805023193,104,478
216,32,45,12.089686870574951,769,609
249,31,56,12.805643796920776,25,669
231,30,45,12.07356572151184,1420,494
239,32,105,14.78352427482605,23,592
244,32,52,11.373409271240234,1624,613
200,29,61,12.43722152709961,545,587
205,28,80,11.479770421981812,794,673
229,32,53,9.728835582733154,1032,479
197,31,35,12.54023551940918,56,679
213,34,37,11.586785554885864,62,669
209,33,93,11.395890951156616,78,669
259,34,50,12.351869821548462,2127,593
237,35,37,13.128816604614258,1161,669
236,31,83,13.247498750686646,1715,643
250,31,60,12.939480304718018,513,587
225,31,54,12.1107759475708,788,587
256,31,59,12.81779956817627,57,602
233,31,98,12.58767557144165,916,669
217,34,50,14.604352712631226,197,669
214,32,48,15.536405563354492,331,669
251,32,71,12.944150924682617,316,667
228,34,83,10.825150489807129,634,460
234,34,51,10.83461856842041,144,615
252,30,35,14.451030254364014,829,669
215,31,35,13.610036373138428,125,566
192,30,43,13.270828485488892,127,587
255,33,37,13.496441125869751,257,669
219,28,51,13.336223602294922,2046,669
183,30,31,14.568118810653687,266,602
242,31,52,12.087832927703857,611,683
258,34,89,12.51489543914795,2154,469
221,33,52,12.985376834869385,1156,591
224,33,43,12.742524862289429,796,610
204,29,47,12.682788133621216,730,619
243,29,77,13.159272193908691,27,669
238,35,71,15.509929180145264,348,587
245,27,52,12.086700916290283,1262,614
185,31,46,13.046721696853638,628,669
257,34,39,14.462304830551147,30,669
202,33,194,17.03728151321411,161,587
240,33,53,14.33609414100647,1855,483
210,34,126,12.050305604934692,35,587
208,25,43,12.179890155792236,1142,597
246,34,87,14.265849113464355,1544,588
203,30,45,12.85645055770874,1713,619
235,32,60,14.538502216339111,1083,587
189,33,39,14.137908220291138,1068,587
218,31,103,12.656155109405518,583,606
190,32,37,15.303201675415039,3774,550
207,34,45,12.920789957046509,1162,759
254,32,68,14.696237802505493,1627,587
191,34,44,11.433340072631836,631,587
232,31,70,16.061708688735962,659,669
180,30,64,15.874574661254883,1591,587
200,30,61,14.229195594787598,2104,511
219,29,51,12.758636236190796,1828,460
238,36,71,14.297974586486816,1922,539
204,30,47,15.63004755973816,2720,501
215,32,35,27.59321093559265,31,190
258,35,89,27.64713191986084,151,266
209,34,93,32.00898766517639,60,264
190,33,37,27.02129077911377,188,587
231,31,45,33.86783194541931,1693,597
251,33,71,31.605873346328735,272,464
192,31,43,31.20045566558838,644,460
242,32,52,30.256168365478516,353,460
252,31,35,31.445658922195435,179,460
248,34,37,37.25388479232788,83,460
239,33,105,34.41618204116821,26,460
244,33,52,34.58968162536621,1001,460
205,29,80,33.96653962135315,96,460
217,35,50,32.68943238258362,450,478
240,34,53,30.290246725082397,1052,664
256,32,59,33.23522090911865,54,470
216,33,45,36.174721240997314,313,603
257,35,39,30.93655252456665,30,460
229,33,53,34.88714528083801,151,587
228,35,83,33.27962589263916,674,587
236,32,83,34.176382064819336,197,669
218,32,103,29.80660080909729,253,587
207,35,45,28.973775386810303,2094,606
213,35,37,35.13989329338074,135,460
206,31,88,38.594735622406006,1157,460
204,31,47,16.30431294441223,516,601
250,32,60,34.42527437210083,867,460
189,34,39,30.573411226272583,18,669
245,28,52,32.08118224143982,583,460
255,34,37,33.33546710014343,587,673
224,34,43,32.319273710250854,733,475
235,33,60,30.811786890029907,372,587
241,30,63,38.90409445762634,1130,499
246,35,87,31.54833221435547,256,460
234,35,51,33.869593143463135,1032,593
197,32,35,35.836493492126465,56,470
232,32,70,28.673699378967285,1463,589
203,31,45,31.382308959960938,405,697
196,32,45,38.09000611305237,1889,664
237,36,37,35.91248059272766,355,484
249,32,56,37.46495771408081,19,669
200,31,61,22.26886010169983,93,530
225,32,54,35.43570256233215,269,690
221,34,52,33.22017502784729,1548,531
185,32,46,32.75881338119507,606,499
180,31,64,28.735820531845093,1106,587
191,35,44,29.656720876693726,268,669
233,32,98,35.67732357978821,1314,598
219,30,51,21.97315526008606,924,552
214,33,48,35.6243999004364,279,587
259,35,50,37.370049476623535,245,503
238,37,71,20.193155527114868,571,499
254,33,68,32.099475145339966,4575,499
208,26,43,34.587005853652954,425,504
202,34,194,34.85111427307129,1526,516
243,30,77,36.49376916885376,30,587
210,35,126,37.08268165588379,34,587
215,33,35,11.613446235656738,397,587
258,36,89,12.33309531211853,332,633
209,35,93,11.361539840698242,59,587
192,32,43,10.86987829208374,561,594
244,34,52,11.240936756134033,944,593
190,34,37,13.276825666427612,177,647
251,34,71,13.03840970993042,923,648
248,35,37,12.867820978164673,359,669
205,30,80,12.409559965133667,480,675
256,33,59,12.426108598709106,35,675
189,35,39,11.313297986984253,18,587
236,33,83,11.886385202407837,182,587
218,33,103,11.90897512435913,274,687
204,32,47,11.90605354309082,2426,609
250,33,60,11.869989395141602,87,689
239,34,105,13.501589059829712,24,669
255,35,37,12.17981481552124,237,593
232,33,70,11.876888275146484,1022,344
234,36,51,12.181956052780151,160,669
196,33,45,11.872283935546875,81,587
229,34,53,13.201606750488281,3126,460
241,31,63,12.443223237991333,324,486
242,33,52,14.812121629714966,1336,598
200,32,61,11.869205713272095,2966,520
252,32,35,14.823688507080078,31,669
257,36,39,13.625622510910034,30,669
231,32,45,15.359507322311401,1165,594
219,31,51,11.33294415473938,806,460
217,36,50,14.423780679702759,537,595
240,35,53,14.294911861419678,390,596
213,36,37,13.275908470153809,256,587
225,33,54,12.191503763198853,616,587
191,36,44,11.85817551612854,491,587
245,29,52,13.308038711547852,961,596
228,36,83,14.24577808380127,772,679
180,32,64,12.498604536056519,361,587
207,36,45,13.865519523620605,1471,661
249,33,56,12.839473724365234,24,587
224,35,43,13.94167160987854,1223,593
238,38,71,11.887377738952637,1668,499
216,34,45,15.314962148666382,757,703
197,33,35,14.055429458618164,55,596
235,34,60,14.764645338058472,1040,593
203,32,45,15.065454959869385,287,629
202,35,194,12.431577920913696,578,587
206,32,88,16.189117431640625,2153,669
208,27,43,12.87899899482727,1942,697
233,33,98,14.60963749885559,82,669
221,35,52,15.211709022521973,198,637
246,36,87,16.05770707130432,1851,528
185,33,46,15.335430383682251,1238,601
214,34,48,14.969484090805054,315,648
259,36,50,14.850593090057373,103,591
254,34,68,14.512873411178589,490,587
243,31,77,13.697745084762573,27,587
210,36,126,13.686063051223755,50,587
209,36,93,11.649243831634521,59,587
215,34,35,14.35263967514038,102,587
218,34,103,9.484379768371582,627,461
192,33,43,12.170196294784546,1310,499
258,37,89,13.348267555236816,1055,634
244,35,52,12.256707429885864,148,683
190,35,37,11.596002101898193,169,605
251,35,71,12.096790790557861,217,593
248,36,37,11.975417852401733,102,587
229,35,53,11.27305817604065,191,669
232,34,70,11.717403650283813,1594,605
236,34,83,13.45881199836731,367,668
256,34,59,13.58324909210205,35,593
239,35,105,13.233296871185303,19,716
234,37,51,12.800981521606445,1594,709
200,33,61,13.161828517913818,680,649
250,34,60,14.274776458740234,303,601
205,31,80,15.225968837738037,53,587
242,34,52,13.67457389831543,440,669
189,36,39,15.192591190338135,867,587
241,32,63,14.270095109939575,356,626
196,34,45,14.60007905960083,90,669
219,32,51,15.279054880142212,2187,467
191,37,44,15.021375179290771,2713,460
204,33,47,16.541146516799927,1673,533
255,36,37,16.60857844352722,2305,606
254,35,68,14.271733522415161,3739,485
185,34,46,16.44619393348694,4580,499
252,33,35,40.705594062805176,148,226
217,37,50,40.822975873947144,52,155
239,36,105,30.417880535125732,23,238
225,34,54,42.82328462600708,363,462
236,35,83,31.159011602401733,1042,460
219,33,51,27.901789665222168,669,460
228,37,83,43.882476568222046,958,460
233,34,98,41.42753314971924,1751,465
235,35,60,42.57552886009216,567,460
256,35,59,32.979119300842285,58,277
259,37,50,41.03941059112549,992,674
245,30,52,44.66136598587036,86,669
221,36,52,41.93188285827637,1189,493
257,37,39,45.3302640914917,30,674
231,33,45,45.3302640914917,545,596
180,33,64,44.593305349349976,1060,587
250,35,60,32.30255913734436,444,593
192,34,43,37.73397660255432,485,669
189,37,39,32.27323293685913,62,587
244,36,52,36.841747760772705,699,620
242,35,52,32.40996432304382,795,601
229,36,53,34.97403025627136,753,601
238,39,71,44.6812629699707,427,499
258,38,89,38.06701707839966,732,610
216,35,45,44.67352819442749,1035,711
234,38,51,33.91217017173767,233,460
190,36,37,36.979583978652954,98,460
214,35,48,42.95467019081116,475,468
200,34,61,33.65048933029175,1271,470
203,33,45,43.97084283828735,901,518
232,35,70,35.756452322006226,139,669
205,32,80,33.96547174453735,533,593
243,32,77,42.45584464073181,32,460
207,37,45,47.44111967086792,52,460
218,35,103,40.44292879104614,1146,587
204,34,47,33.1390380859375,396,587
196,35,45,34.346060276031494,1226,612
191,38,44,33.319432735443115,508,765
224,36,43,47.50032329559326,459,469
249,34,56,47.96201491355896,24,460
202,36,194,46.04086184501648,80,460
206,33,88,45.79231095314026,200,472
208,28,43,45.78530263900757,255,465
185,35,46,29.04384708404541,454,587
210,37,126,42.594603538513184,48,460
209,37,93,42.290685176849365,58,462
197,34,35,47.818488359451294,55,596
251,36,71,40.896655797958374,1841,520
246,37,87,47.61252188682556,381,508
240,36,53,51.50442433357239,959,499
241,33,63,39.30768322944641,1386,559
217,38,50,12.556429386138916,445,707
252,34,35,13.0460045337677,102,587
225,35,54,11.670933246612549,1061,654
221,37,52,9.565111875534058,624,464
231,34,45,11.037358283996582,1132,587
256,36,59,11.761924266815186,46,551
235,36,60,12.399345397949219,518,669
259,38,50,12.167396783828735,224,591
219,34,51,14.366846084594727,354,588
244,37,52,11.905561447143555,484,669
239,37,105,15.604615449905396,23,716
238,40,71,12.143807888031006,1864,643
192,35,43,12.550802946090698,2122,587
236,36,83,15.29455304145813,201,669
232,36,70,11.492503881454468,238,587
205,33,80,11.326310396194458,651,460
245,31,52,13.424959421157837,1080,587
229,37,53,12.863678216934204,248,599
250,36,60,13.455325841903687,210,708
189,38,39,13.577152252197266,256,587
257,38,39,14.606122732162476,256,587
233,35,98,15.24889588356018,646,587
214,36,48,13.281010389328003,421,596
207,38,45,12.089643001556396,31,669
242,36,52,14.425081014633179,459,592
216,36,45,14.194420099258423,614,686
200,35,61,13.760205745697021,395,669
228,38,83,15.889240264892578,2463,671
218,36,103,12.308727025985718,556,507
203,34,45,14.146153211593628,1362,613
180,34,64,15.870350360870361,1059,619
224,37,43,13.036361932754517,178,669
208,29,43,12.880815267562866,2218,507
234,39,51,16.50549817085266,2124,612
258,39,89,16.68858790397644,1136,633
243,33,77,15.674365758895874,33,460
204,35,47,15.470559120178223,1500,467
191,39,44,15.90225887298584,528,604
229,38,53,12.255467414855957,1899,473
185,36,46,23.13583755493164,1125,460
219,35,51,17.880171060562134,1784,464
232,37,70,18.39714503288269,2270,497
259,39,50,21.66683030128479,1937,524
254,36,68,66.19798135757446,7873,1530
204,36,47,37.237281799316406,402,118
228,39,83,42.32686972618103,1084,460
202,37,194,54.17255878448486,751,518
217,39,50,50.15963387489319,92,429
242,37,52,43.609774589538574,1050,477
218,37,103,43.35446119308472,873,457
256,37,59,47.55718803405762,35,463
219,36,51,29.754494667053223,400,541
191,40,44,40.720778465270996,971,595
259,40,50,26.45250630378723,2427,587
246,38,87,54.428521394729614,1128,593
244,38,52,47.896769523620605,332,516
233,36,98,45.93644380569458,222,460
210,38,126,56.98544406890869,44,669
196,36,45,57.49980401992798,896,460
236,37,83,47.775742053985596,172,460
206,34,88,57.31179976463318,84,460
234,40,51,43.45452666282654,503,587
192,36,43,47.96846294403076,824,460
249,35,56,57.54468822479248,24,546
180,35,64,45.116740465164185,394,460
243,34,77,43.08888244628906,2032,460
200,36,61,46.00967240333557,387,460
235,37,60,49.43946194648743,977,460
258,40,89,43.615394592285156,879,685
205,34,80,48.13230347633362,363,591
214,37,48,46.80227279663086,108,460
209,38,93,57.65095090866089,51,460
225,36,54,52.0772442817688,432,460
185,37,46,35.04274582862854,311,488
241,34,63,53.78833222389221,315,494
208,30,43,45.490384101867676,479,595
232,38,70,30.61550784111023,143,669
231,35,45,51.520108699798584,635,499
254,37,68,23.257948637008667,3458,947
245,32,52,50.03582191467285,973,499
224,38,43,47.67667889595032,3164,557
207,39,45,50.3162956237793,261,587
229,39,53,39.63682723045349,1439,619
250,37,60,52.39038062095642,836,460
251,37,71,60.59649634361267,226,460
239,38,105,53.434927225112915,26,460
221,38,52,57.06667160987854,863,485
203,35,45,51.23928904533386,404,479
238,41,71,55.60573768615723,556,499
216,37,45,53.82089638710022,1235,530
240,37,53,62.566598653793335,393,516
228,40,83,11.965456008911133,262,669
242,38,52,11.091683149337769,497,669
202,38,194,12.098884105682373,673,587
219,37,51,11.310113430023193,656,704
204,37,47,15.495794773101807,835,609
218,38,103,13.083588361740112,369,669
259,41,50,12.038434028625488,460,669
231,36,45,10.059672355651855,1273,460
217,40,50,14.255685329437256,736,587
256,38,59,13.730419635772705,35,590
236,38,83,11.841925382614136,1044,587
241,35,63,10.900341510772705,1019,469
234,41,51,12.034244537353516,441,601
206,35,88,12.138962984085083,449,587
243,35,77,11.983943223953247,169,674
196,37,45,12.368488788604736,118,587
233,37,98,12.951530933380127,142,587
225,37,54,12.103482723236084,1009,576
192,37,43,12.663786172866821,164,669
180,36,64,12.656893730163574,292,669
200,37,61,12.696815252304077,795,669
232,39,70,11.879538297653198,242,460
209,39,93,12.70909333229065,40,587
191,41,44,14.211424350738525,1416,601
210,39,126,13.597893238067627,36,669
185,38,46,12.599528312683105,444,587
229,40,53,9.26891040802002,811,460
246,39,87,14.611571550369263,477,669
254,38,68,11.840523719787598,821,593
244,39,52,15.168632984161377,2254,680
214,38,48,14.239369869232178,996,670
249,36,56,14.682903051376343,24,587
205,35,80,15.13730788230896,750,641
245,33,52,13.200552225112915,717,669
208,31,43,14.526508092880249,1172,473
224,39,43,12.460809469223022,217,587
235,38,60,15.748490333557129,696,627
258,41,89,16.100796461105347,300,687
207,40,45,12.28678584098816,261,669
251,38,71,11.513891696929932,209,681
221,39,52,12.525729417800903,2754,498
203,36,45,12.649622917175293,285,655
239,39,105,13.223989486694336,24,669
236,39,83,6.90218448638916,93,66
250,38,60,13.993874311447144,95,587
216,38,45,12.003545999526978,154,587
204,38,47,11.119536876678467,1186,627
206,36,88,9.716354608535767,1905,460
240,38,53,13.990531921386719,2126,500
259,42,50,11.07343602180481,788,669
228,41,83,13.910369873046875,86,669
238,42,71,14.940369367599487,1208,460
217,41,50,11.127894163131714,321,587
241,36,63,11.346943378448486,146,669
256,39,59,11.693378925323486,54,607
242,39,52,14.87957763671875,1294,600
218,39,103,12.81210708618164,847,587
202,39,194,15.265938997268677,485,669
233,38,98,11.64799690246582,329,587
232,40,70,11.615537405014038,2074,463
209,40,93,11.589665412902832,39,669
234,42,51,12.803003311157227,231,587
185,39,46,11.562877893447876,1405,674
192,38,43,12.379915952682495,1400,641
243,36,77,12.908697605133057,1637,466
219,38,51,15.48241639137268,295,592
180,37,64,13.050475835800171,138,643
225,38,54,13.526609659194946,404,609
214,39,48,11.682086944580078,196,689
244,40,52,11.944388389587402,3737,460
196,38,45,14.783562660217285,156,587
245,34,52,11.794305801391602,1378,587
231,37,45,15.918640851974487,1024,639
235,39,60,11.621658563613892,641,587
207,41,45,11.128730297088623,85,669
229,41,53,14.145245790481567,198,669
191,42,44,14.6863112449646,370,669
200,38,61,15.167087316513062,2119,499
249,37,56,13.541210651397705,24,587
205,36,80,12.965940952301025,517,593
210,40,126,15.41522479057312,64,587
246,40,87,14.944046020507812,853,587
251,39,71,12.502556324005127,558,692
221,40,52,11.39518427848816,812,600
254,39,68,15.528050661087036,740,735
258,42,89,13.818505048751831,548,621
208,32,43,14.706046342849731,434,608
236,40,83,11.848761558532715,1665,668
203,37,45,12.778582572937012,269,673
216,39,45,12.35936689376831,133,609
240,39,53,10.752649068832397,325,669
239,40,105,14.372979164123535,19,641
206,37,88,11.397640466690063,113,599
250,39,60,14.632741689682007,257,669
259,43,50,12.151328325271606,3010,467
228,42,83,11.921428442001343,2016,460
234,43,51,9.774213790893555,318,466
204,39,47,13.499349117279053,1127,623
238,43,71,13.003650665283203,616,587
246,41,87,7.4074976444244385,1501,66
242,40,52,12.888598918914795,1088,624
233,39,98,12.716255903244019,448,587
232,41,70,12.433111429214478,164,673
256,40,59,13.905111312866211,54,597
219,39,51,11.744739770889282,2710,472
209,41,93,12.722001552581787,3399,460
217,42,50,14.805924415588379,941,669
243,37,77,12.506933689117432,193,618
202,40,194,13.825199842453003,539,587
185,40,46,13.11942720413208,977,593
180,38,64,12.54819655418396,387,753
192,39,43,13.343058824539185,1032,621
225,39,54,12.408653497695923,443,587
196,39,45,12.191409826278687,335,669
244,41,52,12.988762617111206,517,631
235,40,60,12.146214723587036,320,669
249,38,56,11.503024578094482,24,587
214,40,48,13.438150644302368,845,642
207,42,45,12.250256061553955,85,587
229,42,53,12.187599897384644,1652,602
231,38,45,12.557447910308838,635,587
210,41,126,11.653280258178711,38,669
191,43,44,12.522528409957886,147,683
218,40,103,17.360491514205933,627,587
245,35,52,13.946796655654907,366,587
208,33,43,11.074776411056519,1042,597
200,39,61,13.696536779403687,923,690
205,37,80,14.014354705810547,54,669
224,40,43,26.96941828727722,1987,879
203,38,45,11.538641929626465,509,590
241,37,63,19.7376651763916,543,712
251,40,71,13.765300750732422,399,620
221,41,52,14.049786806106567,723,717
216,40,45,12.216717958450317,267,597
254,40,68,15.052429437637329,1517,587
258,43,89,15.266065120697021,1888,525
236,41,83,16.250719785690308,812,608
204,40,47,13.411053657531738,1785,492
192,40,43,11.119564294815063,2107,460
218,41,103,11.89603304862976,3850,500
209,42,93,17.187962293624878,1610,460
258,44,89,9.732972145080566,178,139
249,39,56,15.587778329849243,19,217
185,41,46,19.94569182395935,1062,587
236,42,83,11.4674232006073,758,587
208,34,43,17.183987855911255,296,684
243,38,77,20.95432710647583,1726,617
250,40,60,25.147019147872925,217,460
180,39,64,20.48677682876587,179,595
210,42,126,18.630698680877686,33,460
254,41,68,14.479074716567993,245,592
234,44,51,24.51516056060791,387,460
245,36,52,17.942328929901123,732,587
246,42,87,23.069499731063843,245,460
219,40,51,21.82832145690918,879,460
214,41,48,19.88187026977539,90,466
224,41,43,17.10201621055603,959,496
259,44,50,25.616142988204956,693,460
216,41,45,15.542151927947998,263,638
221,42,52,16.55776286125183,2041,485
207,43,45,21.237791776657104,223,669
205,38,80,18.874876499176025,752,499
192,41,43,12.323642015457153,186,669
238,44,71,26.363738775253296,1665,557
204,41,47,13.507264375686646,213,591
229,43,53,22.290006637573242,376,460
239,41,105,29.44474744796753,23,847
196,40,45,23.133410930633545,295,478
251,41,71,19.48451066017151,233,460
225,40,54,23.992475748062134,408,609
233,40,98,25.71258044242859,1001,460
203,39,45,19.837633848190308,1125,586
206,38,88,29.55341601371765,161,472
256,41,59,25.664633750915527,38,460
228,43,83,28.71565532684326,1529,460
244,42,52,23.660861492156982,256,527
200,40,61,21.50895357131958,2295,460
217,43,50,26.172995805740356,775,489
241,38,63,21.02894163131714,96,517
218,42,103,11.535338163375854,864,601
242,41,52,28.57547926902771,646,507
235,41,60,25.43549919128418,716,499
231,39,45,25.177761554718018,1450,499
243,39,77,6.798034429550171,71,82
232,42,70,28.182525873184204,263,502
202,41,194,28.486461639404297,240,499
240,40,53,33.77601456642151,400,499
249,40,56,13.800153493881226,19,587
185,42,46,11.12315821647644,1536,593
236,43,83,11.485508441925049,112,587
180,40,64,11.310200214385986,921,587
209,43,93,16.1546573638916,1119,669
210,43,126,12.037329912185669,2082,669
216,42,45,10.994812250137329,199,532
205,39,80,9.794981718063354,1247,465
224,42,43,11.678332805633545,698,587
221,43,52,11.498355150222778,492,669
259,45,50,11.783891916275024,780,587
254,42,68,12.822453022003174,380,679
234,45,51,13.043121576309204,307,587
208,35,43,13.72847867012024,663,589
246,43,87,13.462261438369751,855,614
207,44,45,11.867947578430176,102,460
245,37,52,14.19434928894043,202,587
251,42,71,11.168619155883789,493,587
203,40,45,11.858093738555908,150,644
214,42,48,14.840113162994385,330,669
192,42,43,12.767561197280884,290,587
250,41,60,15.969202995300293,107,689
238,45,71,12.82752275466919,116,669
244,43,52,11.62879753112793,223,593
196,41,45,12.70032525062561,63,669
233,41,98,12.568097591400146,121,587
219,41,51,16.281407594680786,256,460
239,42,105,13.280375242233276,23,710
256,42,59,12.68100357055664,38,593
218,43,103,11.974603176116943,693,602
200,41,61,13.289817333221436,145,674
217,44,50,12.839104175567627,191,669
204,42,47,14.66139531135559,1891,499
229,44,53,14.38594126701355,280,599
225,41,54,14.186482667922974,116,688
202,42,194,11.082265377044678,265,669
242,42,52,12.667867660522461,427,593
241,39,63,14.029099941253662,1723,460
258,45,89,22.77440357208252,2224,804
235,42,60,13.719235181808472,1785,460
243,40,77,14.38394808769226,2056,498
240,41,53,13.461363554000854,686,593
185,43,46,11.071017265319824,1036,587
206,39,88,17.5797336101532,3326,505
232,43,70,15.01203465461731,2006,609
228,44,83,17.74555492401123,257,669
249,41,56,11.970483303070068,19,669
231,40,45,16.124796867370605,917,595
236,44,83,11.721244812011719,973,587
245,38,52,11.532467365264893,670,587
209,44,93,14.173994064331055,2603,516
251,43,71,11.547146320343018,170,671
221,44,52,13.656681299209595,961,601
254,43,68,13.426245927810669,400,679
205,40,80,15.29642629623413,427,669
246,44,87,13.763038635253906,573,587
210,44,126,15.513869762420654,1826,621
203,41,45,12.345153570175171,1274,603
180,41,64,16.69667625427246,1240,587
216,43,45,16.175633430480957,276,552
238,46,71,12.582917213439941,2233,512
259,46,50,15.72007131576538,1403,631
196,42,45,12.476677894592285,305,669
229,45,53,11.008219718933105,2084,602
244,44,52,13.312313556671143,434,601
239,43,105,12.562630414962769,26,669
256,43,59,13.04822587966919,35,590
225,42,54,12.445986032485962,1169,587
242,43,52,11.598520517349243,392,674
200,42,61,13.03070592880249,3124,484
214,43,48,15.115295171737671,73,587
250,42,60,15.06292462348938,427,591
219,42,51,14.758600234985352,41,587
233,42,98,15.222408056259155,333,669
240,42,53,10.985825777053833,601,587
258,46,89,13.293588876724243,607,653
208,36,43,19.134500980377197,1241,735
218,44,103,14.970304012298584,238,682
202,43,194,14.014098882675171,740,587
217,45,50,15.134085893630981,1540,587
204,43,47,16.111911296844482,1187,689
243,41,77,13.435656547546387,678,587
232,44,70,12.897410154342651,299,587
185,44,46,14.603466749191284,562,587
241,40,63,17.139395713806152,337,669
228,45,83,15.022677659988403,1592,587
206,40,88,15.700738906860352,339,599
235,43,60,19.073792219161987,1484,665
210,45,126,14.147066593170166,4375,499
214,44,48,13.521114826202393,1886,494
240,43,53,13.169806241989136,1780,507
229,46,53,26.347371339797974,714,66
219,43,51,25.64317226409912,261,239
218,45,103,26.44275689125061,664,460
233,43,98,28.354959726333618,1056,587
244,45,52,30.658185720443726,333,675
221,45,52,33.871379137039185,445,460
250,43,60,29.399800062179565,471,460
242,44,52,29.82335877418518,544,460
180,42,64,32.518494606018066,812,460
216,44,45,32.440693616867065,469,708
208,37,43,28.34207534790039,466,477
205,41,80,33.9037504196167,651,587
210,46,126,19.74887490272522,3610,460
217,46,50,28.826518774032593,753,460
236,45,83,39.146235942840576,143,460
256,44,59,31.849502086639404,38,460
254,44,68,35.27399301528931,835,505
196,43,45,33.19715738296509,328,546
200,43,61,31.271955013275146,156,460
206,41,88,24.964476585388184,182,605
249,42,56,39.86488151550293,19,460
204,44,47,28.33994460105896,259,669
258,47,89,30.000654935836792,145,477
239,44,105,33.37192511558533,24,460
225,43,54,32.356942653656006,676,476
241,41,63,26.497305393218994,694,460
202,44,194,30.063206911087036,311,460
214,45,48,18.404465436935425,373,460
209,45,93,36.87255620956421,742,571
228,46,83,26.009328365325928,802,495
231,41,45,40.60354566574097,553,485
240,44,53,17.869845390319824,1327,497
245,39,52,37.546714544296265,1220,496
203,42,45,36.20377230644226,1125,615
259,47,50,35.572858572006226,905,716
251,44,71,37.98891830444336,1425,505
243,42,77,30.014384031295776,1427,593
185,45,46,28.53148341178894,2140,505
235,44,60,25.621686935424805,786,513
246,45,87,37.1555917263031,1636,524
232,45,70,30.63427710533142,484,544
229,47,53,10.873526334762573,156,587
180,43,64,6.708188056945801,495,66
238,47,71,38.95854926109314,138,666
219,44,51,13.143581867218018,261,645
258,48,89,8.000406265258789,600,164
233,44,98,10.835009574890137,237,669
244,46,52,12.636102437973022,411,669
254,45,68,11.670467853546143,431,698
221,46,52,13.383466482162476,694,587
205,42,80,12.290077447891235,61,669
242,45,52,13.515103578567505,1181,599
250,44,60,13.598826169967651,730,669
209,46,93,11.311335563659668,632,619
202,45,194,11.660938262939453,710,460
231,42,45,11.468512296676636,500,606
208,38,43,13.755759239196777,1218,618
218,46,103,15.5633544921875,1102,660
245,40,52,11.052237272262573,1188,468
210,47,126,13.255725860595703,1605,721
206,42,88,13.055591344833374,785,593
214,46,48,13.126704216003418,212,460
256,45,59,14.241872310638428,57,692
228,47,83,13.174585580825806,117,587
217,47,50,14.597918510437012,1161,587
235,45,60,11.880897045135498,1450,655
246,46,87,11.996757507324219,252,593
236,46,83,15.198917388916016,531,587
225,44,54,14.214959144592285,451,460
239,45,105,14.487081050872803,752,468
240,45,53,14.164454221725464,733,495
249,43,56,15.478618144989014,250,669
229,48,53,11.565647602081299,677,587
241,42,63,15.03127408027649,339,705
204,45,47,15.67129921913147,2322,744
251,45,71,14.14400029182434,216,669
196,44,45,16.778650522232056,185,669
259,48,50,14.610685348510742,799,587
200,44,61,17.089813470840454,958,587
203,43,45,15.014806509017944,1268,659
180,44,64,12.237796545028687,608,700
243,43,77,15.549622535705566,1729,465
238,48,71,13.14768099784851,127,624
219,45,51,12.270142555236816,261,671
232,46,70,17.560177326202393,2237,513
258,49,89,13.041922330856323,486,613
233,45,98,12.790602207183838,210,669
244,47,52,13.08120083808899,1264,460
221,47,52,12.169686079025269,863,706
254,46,68,12.891972780227661,452,587
205,43,80,12.779509544372559,1041,460
208,39,43,13.480335712432861,1850,512
206,43,88,13.598768949508667,1524,460
240,46,53,12.333714962005615,1700,468
231,43,45,16.578603744506836,1693,505
200,45,61,12.503652811050415,2489,502
234,46,51,102.7480046749115,4092,5375
239,46,105,40.71325135231018,25,235
235,46,60,43.080495834350586,505,669
236,47,83,43.20395612716675,406,593
210,48,126,46.2485671043396,1199,587
231,44,45,30.156492471694946,1132,587
203,44,45,42.69107174873352,120,460
238,49,71,41.31348371505737,781,470
241,43,63,44.22936511039734,1559,466
243,44,77,42.14693474769592,260,587
244,48,52,36.509284257888794,2117,444
205,44,80,35.61335062980652,51,460
240,47,53,32.59881043434143,85,502
246,47,87,45.55292582511902,376,669
208,40,43,34.338639974594116,1118,460
219,46,51,39.9245228767395,66,460
250,45,60,48.49429726600647,101,460
254,47,68,36.20367932319641,2293,466
225,45,54,45.6286404132843,500,481
256,46,59,46.74864435195923,56,476
218,47,103,48.21385383605957,566,477
209,47,93,48.49718236923218,908,422
217,48,50,47.26975655555725,680,584
245,41,52,48.85887384414673,73,460
204,46,47,45.741119384765625,1220,528
249,44,56,46.03546452522278,771,460
202,46,194,49.40950560569763,250,460
206,44,88,35.18963813781738,233,478
228,48,83,47.82074999809265,1529,460
242,46,52,50.24414134025574,1026,499
258,50,89,40.81483793258667,1604,525
259,49,50,45.79894661903381,762,669
214,47,48,48.86640286445618,201,506
180,45,64,45.702659606933594,209,546
251,46,71,47.47517800331116,1548,505
221,48,52,40.676780462265015,812,507
233,46,98,43.0960967540741,223,499
229,49,53,49.01071810722351,653,499
232,47,70,44.786309242248535,110,499
200,46,61,36.90502429008484,2361,545
239,47,105,10.81140398979187,48,669
234,47,51,13.254924774169922,399,885
236,48,83,11.19216275215149,155,587
235,47,60,12.080291032791138,799,632
210,49,126,11.027340412139893,143,587
238,50,71,10.93696665763855,144,670
228,49,83,9.560880184173584,130,460
243,45,77,11.79059886932373,385,677
244,49,52,11.641788482666016,455,587
225,46,54,11.456220626831055,300,587
241,44,63,12.886552333831787,174,688
245,42,52,11.341697692871094,700,587
217,49,50,11.440427780151367,344,629
246,48,87,12.710093259811401,252,460
240,48,53,12.930509805679321,413,644
209,48,93,12.426910400390625,81,669
242,47,52,11.314728498458862,388,598
208,41,43,13.038723230361938,311,460
218,48,103,13.221028566360474,1814,467
206,45,88,12.38263463973999,198,681
258,51,89,12.232498168945312,1217,596
256,47,59,14.947372436523438,35,590
249,45,56,14.432111263275146,611,604
233,47,98,11.799840688705444,1249,587
254,48,68,15.88177752494812,2659,507
219,47,51,16.068360090255737,60,669
205,45,80,16.409323692321777,1431,587
202,47,194,15.527679920196533,93,669
250,46,60,17.34421181678772,303,474
232,48,70,13.033599138259888,2194,460
251,47,71,15.000492334365845,184,669
210,50,126,8.986584663391113,55,460
221,49,52,14.656857252120972,2041,575
180,46,64,16.298840761184692,807,683
235,48,60,10.70806360244751,207,587
236,49,83,11.211601257324219,1156,596
239,48,105,15.053597450256348,52,669
238,51,71,12.059008598327637,208,716
234,48,51,16.171943187713623,813,1071
246,49,87,11.362879753112793,407,587
209,49,93,11.19003677368164,396,699
245,43,52,11.929301261901855,959,587
243,46,77,13.295363187789917,127,669
225,47,54,13.418060541152954,446,608
208,42,43,12.381511211395264,177,587
229,50,53,21.279305934906006,343,669
242,48,52,12.720604658126831,210,593
228,50,83,15.04283595085144,260,669
258,52,89,12.179806232452393,472,590
219,48,51,11.077898502349854,261,603
244,50,52,15.882777452468872,412,647
205,46,80,11.330385208129883,51,587
202,48,194,10.584995031356812,939,460
256,48,59,12.50516390800476,35,593
218,49,103,14.237533569335938,115,716
249,46,56,12.316534996032715,169,669
241,45,63,16.0230929851532,1811,480
251,48,71,10.21290373802185,1221,475
250,47,60,11.309333086013794,551,587
206,46,88,14.932905197143555,200,599
233,48,98,13.468523502349854,210,669
221,50,52,11.095326900482178,429,669
254,49,68,14.442610740661621,1585,460
180,47,64,11.821518659591675,808,699
232,49,70,13.507853507995605,1242,460
210,51,126,12.821425437927246,1537,460
236,50,83,12.020029306411743,99,587
239,49,105,10.79971170425415,21,587
235,49,60,12.698786735534668,1242,611
240,49,53,21.09424924850464,793,662
246,50,87,11.715723752975464,48,587
200,47,61,29.790550231933594,134,600
209,50,93,12.511008739471436,196,669
245,44,52,12.591290473937988,326,587
225,48,54,12.17267394065857,841,706
238,52,71,14.841354370117188,1890,527
243,47,77,12.85558271408081,1122,757
219,49,51,11.603158473968506,223,587
228,51,83,12.624251365661621,359,587
205,47,80,11.438643455505371,634,669
218,50,103,11.691243648529053,778,626
202,49,194,12.409909009933472,997,612
249,47,56,12.205323934555054,1032,587
206,47,88,11.332430362701416,375,587
229,51,53,15.56139612197876,493,587
256,49,59,13.340447187423706,58,645
241,46,63,12.709511518478394,184,703
258,53,89,15.062901496887207,1857,505
250,48,60,12.666971683502197,117,587
242,49,52,16.14936065673828,520,587
180,48,64,12.22531795501709,1144,587
244,51,52,16.00659418106079,2170,468
210,52,126,12.28149676322937,88,669
254,50,68,13.390154123306274,2309,505
236,51,83,11.859378814697266,240,665
239,50,105,12.032326936721802,21,642
251,49,71,15.860482454299927,187,669
232,50,70,13.107709884643555,220,638
233,49,98,15.297529697418213,274,669
221,51,52,16.849255323410034,223,654
246,51,87,11.500325441360474,50,587
240,50,53,13.340447187423706,2367,496
235,50,60,14.472865343093872,935,587
225,49,54,11.211062908172607,673,623
238,53,71,11.674785137176514,125,631
200,48,61,14.056644678115845,134,596
209,51,93,13.814298152923584,159,669
228,52,83,12.096715211868286,714,587
245,45,52,14.989729404449463,463,587
243,48,77,14.714065313339233,124,669
202,50,194,12.417883396148682,529,714
249,48,56,12.195909976959229,52,587
206,48,88,12.271820783615112,601,669
258,54,89,11.24785304069519,266,590
218,51,103,14.09945011138916,282,669
239,51,105,9.770373821258545,21,40
250,49,60,12.626072883605957,250,669
219,50,51,15.376078844070435,102,587
242,50,52,13.226749181747437,1176,593
205,48,80,16.567757844924927,1517,499
240,51,53,8.451706409454346,206,113
180,49,64,13.942552328109741,1066,663
251,50,71,13.788951635360718,327,675
232,51,70,14.12902569770813,2019,460
241,47,63,18.491724491119385,621,597
229,52,53,19.36980652809143,390,834
254,51,68,16.64802575111389,729,460
210,53,126,16.720675468444824,108,669
236,52,83,16.602003574371338,813,509
256,50,59,19.681856632232666,54,474
233,50,98,17.473069190979004,269,460
246,52,87,15.076082706451416,62,460
235,51,60,15.30762791633606,496,460
234,49,51,40.872432470321655,889,1823
200,49,61,14.679824352264404,1566,465
209,52,93,14.339647054672241,1175,454
228,53,83,14.237198829650879,215,460
202,51,194,13.461575269699097,350,469
225,50,54,17.854583263397217,242,535
243,49,77,14.381650447845459,818,482
238,54,71,18.00863003730774,176,520
245,46,52,15.221889019012451,350,460
249,49,56,14.890132904052734,434,460
239,52,105,14.13293194770813,23,460
218,52,103,14.429341554641724,747,459
250,50,60,14.163947105407715,219,460
205,49,80,13.548750638961792,1084,482
206,49,88,16.834670066833496,1202,541
180,50,64,12.967782974243164,2614,344
258,55,89,17.85847496986389,481,502
232,52,70,11.941890239715576,237,463
240,52,53,16.674432039260864,219,499
256,51,59,11.542555093765259,35,593
242,51,52,17.559629201889038,765,553
241,48,63,13.903979063034058,321,460
246,53,87,12.300266981124878,27,669
210,54,126,14.168802738189697,602,456
236,53,83,14.175421237945557,718,460
233,51,98,13.435977220535278,386,460
235,52,60,13.543867588043213,641,460
251,51,71,18.772661685943604,1330,575
200,50,61,13.111051797866821,350,631
245,47,52,11.125269889831543,473,669
225,51,54,12.301977157592773,786,595
249,50,56,11.328673362731934,41,669
239,53,105,11.240931510925293,22,669
238,55,71,12.577372789382935,916,613
218,53,103,11.952595472335815,227,682
206,50,88,10.958650588989258,227,669
250,51,60,12.458860158920288,121,669
209,53,93,15.9708251953125,208,669
243,50,77,14.283721685409546,2967,472
228,54,83,15.863469123840332,1190,587
254,52,68,20.725276470184326,1141,928
205,50,80,12.5252103805542,108,669
202,52,194,15.9674813747406,730,596
256,52,59,11.427917718887329,34,673
180,51,64,14.594709396362305,926,471
258,56,89,14.219181299209595,1787,466
246,54,87,11.167067050933838,36,587
232,53,70,15.30483865737915,964,632
241,49,63,12.854841232299805,1412,775
233,52,98,12.99080777168274,1934,461
210,55,126,15.97635555267334,756,587
235,53,60,15.638782739639282,1785,499
245,48,52,14.790232419967651,161,714
249,51,56,15.09051251411438,261,669
209,54,93,14.025954723358154,1891,460
250,52,60,15.278987646102905,981,604
218,54,103,16.287961959838867,1133,460
258,57,89,11.73850393295288,640,587
239,54,105,18.1129310131073,19,642
200,51,61,20.589271545410156,830,732
205,51,80,16.88029956817627,662,669
246,55,87,12.926420450210571,32,669
206,51,88,18.366735696792603,612,587
180,52,64,14.529772281646729,905,613
241,50,63,14.827658653259277,209,587
236,54,83,26.73928928375244,810,651
254,53,68,20.75266933441162,540,698
234,50,51,42.86118769645691,851,1818
210,56,126,16.798382997512817,1133,499
243,51,77,28.65083885192871,104,669
245,49,52,20.375301837921143,206,170
200,52,61,15.293951988220215,1095,122
241,51,63,13.184950828552246,332,124
249,52,56,21.38018274307251,261,244
206,52,88,20.90289831161499,90,460
233,53,98,31.038867950439453,77,460
250,53,60,23.873787879943848,41,460
256,53,59,36.09205937385559,544,460
245,50,52,6.3597846031188965,174,59
258,58,89,23.48815417289734,174,463
246,56,87,21.228713750839233,38,460
180,53,64,20.933155298233032,1579,460
202,53,194,38.29551458358765,720,474
205,52,80,21.74820065498352,54,460
225,52,54,41.65164041519165,288,460
228,55,83,39.21322011947632,391,460
239,55,105,22.901089191436768,1088,460
232,54,70,34.36211585998535,443,460
236,55,83,18.845040559768677,102,466
209,55,93,25.92459750175476,385,504
254,54,68,19.510163068771362,516,504
218,55,103,25.914504051208496,680,498
238,56,71,42.815757274627686,143,499
235,54,60,30.8858060836792,786,513
243,52,77,13.27520489692688,1040,499
251,52,71,45.75757098197937,198,499
210,57,126,16.144128799438477,1413,604
249,53,56,11.74860405921936,261,669
200,53,61,14.866597175598145,276,484
245,51,52,9.043016195297241,190,364
241,52,63,15.481452465057373,400,521
206,53,88,11.281269073486328,1687,682
250,54,60,11.357091426849365,214,587
233,54,98,12.069853782653809,296,675
256,54,59,13.529661655426025,529,460
246,57,87,13.516050338745117,32,460
209,56,93,13.051697254180908,198,666
205,53,80,13.879591941833496,1013,460
180,54,64,14.35172176361084,672,587
202,54,194,14.477357149124146,770,593
232,55,70,14.252069473266602,270,669
218,56,103,12.784348726272583,167,682
225,53,54,14.985816955566406,198,686
258,59,89,15.549046516418457,2742,491
254,55,68,14.250345230102539,432,593
239,56,105,18.339382886886597,168,669
238,57,71,17.083511114120483,1458,505
251,53,71,17.37255072593689,452,771
236,56,83,20.404399394989014,339,669
243,53,77,17.955750942230225,214,611
210,58,126,17.458097219467163,418,695
228,56,83,20.963589191436768,222,671
206,54,88,11.913674116134644,720,587
233,55,98,11.771542072296143,82,587
249,54,56,16.792043685913086,185,587
250,55,60,12.854928970336914,1618,460
256,55,59,11.192569732666016,135,587
241,53,63,14.898664474487305,240,887
180,55,64,13.762133836746216,1566,468
235,55,60,26.56326651573181,333,689
200,54,61,20.78046989440918,3093,536
251,54,71,14.096052408218384,923,503
228,57,83,15.005942344665527,880,467
249,55,56,29.65228009223938,102,190
256,56,59,29.38795757293701,114,224
254,56,68,41.541542530059814,733,391
180,56,64,30.069460153579712,1459,460
236,57,83,37.61206531524658,103,466
206,55,88,36.258986473083496,198,460
239,57,105,40.771822452545166,354,460
250,56,60,35.539286613464355,82,460
241,54,63,34.716336727142334,201,460
232,56,70,45.30607533454895,188,460
209,57,93,46.292922258377075,517,474
205,54,80,46.56657862663269,85,460
202,55,194,46.576101303100586,310,517
235,56,60,32.16616463661194,303,499
243,54,77,40.975677728652954,295,460
233,56,98,38.35579967498779,662,466
246,58,87,48.557523250579834,37,460
256,57,59,8.08810043334961,101,235
200,55,61,33.561259269714355,361,482
210,59,126,42.964747190475464,75,499
251,55,71,30.03247308731079,194,499
228,58,83,28.15112042427063,222,506
218,57,103,49.40941762924194,364,499
258,60,89,49.13111758232117,467,500
238,58,71,45.517725706100464,115,499
180,57,64,12.447591304779053,663,460
233,57,98,10.028260946273804,93,460
232,57,70,12.165280818939209,520,460
236,58,83,13.776123285293579,437,460
241,55,63,12.830853700637817,256,669
256,58,59,11.078773975372314,256,669
202,56,194,14.038867473602295,593,587
210,60,126,11.146799564361572,402,587
250,57,60,16.03636384010315,521,689
206,56,88,16.869739294052124,599,499
239,58,105,16.543566942214966,619,464
254,57,68,18.9857497215271,829,505
235,57,60,16.594311237335205,940,593
200,56,61,15.162171840667725,547,614
251,56,71,13.972024202346802,305,587
258,61,89,13.846179962158203,264,670
205,55,80,17.86668562889099,701,460
243,55,77,17.17268133163452,429,606
209,58,93,19.422556161880493,656,499
238,59,71,15.761559009552002,114,587
218,58,103,17.533997297286987,1059,499
228,59,83,17.613680362701416,1135,460
246,59,87,21.94874906539917,36,669
241,56,63,12.172213315963745,947,546
180,58,64,14.628049373626709,811,626
232,58,70,14.32310438156128,237,587
202,57,194,11.683903217315674,1171,462
236,59,83,14.876807689666748,2023,460
239,59,105,13.093016147613525,774,587
210,61,126,13.987351417541504,1478,471
206,57,88,13.619690179824829,198,669
235,58,60,11.823899745941162,192,669
254,58,68,14.081804037094116,2360,465
209,59,93,11.146758317947388,80,669
205,56,80,12.111741781234741,113,669
250,58,60,15.490411281585693,2167,499
233,58,98,19.442822694778442,649,669
258,62,89,14.31087613105774,180,588
251,57,71,14.403871059417725,716,673
218,59,103,11.39729118347168,737,587
243,56,77,14.6844642162323,560,587
200,57,61,15.798727035522461,606,631
241,57,63,11.222944498062134,69,669
228,60,83,13.89511489868164,402,594
238,60,71,15.367518663406372,968,621
180,59,64,11.245799541473389,609,688
232,59,70,10.667450189590454,40,669
246,60,87,14.358787059783936,35,669
202,58,194,12.920476913452148,380,685
236,60,83,13.171308279037476,154,675
206,58,88,12.200812339782715,388,669
250,59,60,10.824260950088501,171,587
209,60,93,12.517000198364258,1918,460
205,57,80,12.539874076843262,700,669
210,62,126,14.924332857131958,128,669
251,58,71,11.63872504234314,229,669
239,60,105,15.356362104415894,981,484
233,59,98,13.279685497283936,125,669
218,60,103,11.31235408782959,182,669
254,59,68,16.03221583366394,1394,478
200,58,61,12.895421504974365,733,587
238,61,71,11.527563333511353,148,587
228,61,83,11.862714767456055,687,594
232,60,70,10.713767051696777,178,669
258,63,89,15.54539179801941,142,588
241,58,63,12.791981220245361,145,587
243,57,77,15.140264511108398,709,669
202,59,194,12.261639833450317,455,600
246,61,87,14.850081205368042,345,669
206,59,88,11.655303716659546,937,669
180,60,64,17.0841543674469,1254,460
210,63,126,9.690996408462524,776,460
205,58,80,12.143595457077026,1044,676
239,61,105,10.977214097976685,479,669
232,61,70,8.760213136672974,40,201
209,61,93,13.847182273864746,1337,460
236,61,83,18.150962829589844,679,593
235,59,60,28.75823712348938,961,806
233,60,98,15.054728269577026,125,460
258,64,89,11.92958402633667,756,469
254,60,68,15.215153455734253,1583,498
200,59,61,15.338123798370361,678,468
228,62,83,14.237457752227783,2424,460
238,62,71,14.73488187789917,1449,476
218,61,103,18.987807989120483,280,499
241,59,63,15.931560516357422,224,499
243,58,77,16.44285774230957,172,460
251,59,71,21.847054719924927,1740,600
206,60,88,13.672835350036621,286,460
202,60,194,15.21153974533081,251,510
258,65,89,9.264964580535889,865,140
232,62,70,12.96125602722168,178,460
209,62,93,12.883001804351807,387,460
210,64,126,17.278760194778442,1227,509
205,59,80,16.27431321144104,607,499
246,62,87,18.903642177581787,37,460
180,61,64,18.909049034118652,922,460
200,60,61,10.68698263168335,160,163
236,62,83,15.733906269073486,379,511
228,63,83,12.638505458831787,299,460
239,62,105,21.339858055114746,787,499
232,63,70,7.656953573226929,40,180
233,61,98,17.452205419540405,1307,527
254,61,68,17.059255123138428,1529,499
238,63,71,17.05529522895813,147,499
243,59,77,15.431710243225098,2105,456
206,61,88,14.793542385101318,365,460
202,61,194,14.727414846420288,742,460
218,62,103,19.677282571792603,295,499
205,60,80,11.996481657028198,548,587
251,60,71,18.025098085403442,637,586
246,63,87,12.318740606307983,44,669
241,60,63,20.138277292251587,191,568
180,62,64,12.630892753601074,1102,669
209,63,93,15.574791431427002,2173,485
210,65,126,14.339018106460571,143,460
236,63,83,13.226906538009644,130,593
232,64,70,11.265892267227173,178,587
254,62,68,12.052873849868774,686,681
239,63,105,14.465871095657349,595,686
243,60,77,10.987884283065796,160,669
238,64,71,14.795893430709839,195,655
233,62,98,17.291404962539673,822,500
206,62,88,13.654130935668945,826,483
180,63,64,11.022765159606934,767,587
241,61,63,11.590693235397339,399,669
228,64,83,23.400044441223145,249,587
258,66,89,29.575857162475586,227,1004
218,63,103,15.734336137771606,1303,460
236,64,83,13.99863576889038,1007,481
246,64,87,17.687533378601074,33,669
232,65,70,13.954368829727173,40,587
209,64,93,18.602347373962402,1424,527
202,62,194,22.33191967010498,597,587
243,61,77,14.574070453643799,566,590
206,63,88,13.032260179519653,306,587
251,61,71,24.350749254226685,364,587
233,63,98,14.200403451919556,222,587
239,64,105,19.54285740852356,858,537
238,65,71,17.79097270965576,3182,506
254,63,68,21.75911545753479,786,621
205,61,80,29.46133255958557,91,587
241,62,63,16.957574605941772,392,669
210,66,126,27.998244047164917,616,605
218,64,103,14.571870565414429,160,695
258,67,89,15.73726773262024,647,682
236,65,83,13.704858779907227,106,669
246,65,87,13.287671566009521,31,587
228,65,83,17.41896152496338,970,499
232,66,70,13.274184942245483,182,280
209,65,93,14.657880306243896,95,619
243,62,77,12.974263429641724,1739,455
202,63,194,15.83068585395813,2372,460
239,65,105,9.773220539093018,1062,165
251,62,71,14.27428650856018,132,460
233,64,98,14.361620903015137,87,460
206,64,88,14.864563703536987,525,460
232,67,70,8.876807451248169,40,180
238,66,71,12.912243604660034,182,279
205,62,80,13.688628673553467,651,460
218,65,103,14.031326532363892,581,468
254,64,68,15.9430832862854,404,504
246,66,87,13.5418541431427,37,460
210,67,126,16.5169837474823,403,499
232,68,70,5.89105749130249,230,5
258,68,89,16.3219211101532,242,512
236,66,83,17.0876202583313,601,499
243,63,77,13.283666133880615,767,460
228,66,83,20.047645807266235,203,499
206,65,88,13.975783348083496,970,460
251,63,71,15.976815700531006,67,460
239,66,105,18.484471321105957,488,469
233,65,98,18.691864013671875,87,460
202,64,194,21.74241590499878,984,557
209,66,93,24.406012535095215,1484,587
218,66,103,15.584644556045532,1580,459
205,63,80,18.403798580169678,111,460
232,69,70,14.877150058746338,671,499
238,67,71,20.957786560058594,188,495
246,67,87,17.421295642852783,33,460
254,65,68,18.075008630752563,377,460
228,67,83,12.579508543014526,1316,460
243,64,77,16.41634511947632,87,460
236,67,83,16.790255308151245,1027,460
210,68,126,21.993510961532593,272,499
258,69,89,22.051235914230347,792,514
206,66,88,15.924904584884644,246,460
239,67,105,14.408413410186768,860,461
251,64,71,15.860838651657104,89,460
209,67,93,12.971402168273926,859,592
205,64,80,12.004161596298218,762,587
202,65,194,15.388182878494263,269,460
254,66,68,11.508269309997559,219,587
246,68,87,11.836174011230469,29,587
238,68,71,13.30287790298462,205,700
243,65,77,10.530825853347778,220,461
228,68,83,11.75605058670044,207,669
218,67,103,16.5703866481781,922,460
236,68,83,12.154751300811768,150,587
233,66,98,19.83249568939209,176,499
239,68,105,11.659882068634033,864,669
206,67,88,14.660719633102417,1560,460
258,70,89,15.933784246444702,2174,483
228,69,83,9.880628824234009,899,460
210,69,126,18.28773021697998,1411,515
246,69,87,12.190784931182861,43,669
254,67,68,12.5296950340271,652,587
251,65,71,16.46822690963745,81,587
209,68,93,15.92447829246521,1360,474
218,68,103,13.934799194335938,89,680
236,69,83,13.057573080062866,782,587
205,65,80,17.036511421203613,881,546
202,66,194,18.234920501708984,458,594
238,69,71,17.117823600769043,3751,569
233,67,98,14.8727285861969,1652,460
243,66,77,18.139464616775513,960,672
239,69,105,16.108116388320923,473,461
206,68,88,15.056848764419556,264,460
228,70,83,15.404145240783691,454,460
251,66,71,14.241384983062744,83,460
209,69,93,14.190690517425537,1120,457
246,70,87,16.97834300994873,37,460
210,70,126,17.92598295211792,763,505
218,69,103,14.67641305923462,49,460
202,67,194,14.67941427230835,68,460
205,66,80,16.06100344657898,3033,499
233,68,98,16.11275553703308,588,460
243,67,77,15.162168979644775,237,456
238,70,71,17.712042570114136,939,499
258,71,89,26.965196132659912,153,926
236,70,83,22.006463289260864,667,550
206,69,88,13.472373008728027,185,460
239,70,105,17.62130069732666,614,548
251,67,71,14.268687963485718,188,460
209,70,93,14.159404516220093,750,459
246,71,87,13.386834859848022,118,460
218,70,103,13.04579496383667,38,460
233,69,98,12.379441976547241,1486,460
243,68,77,12.361854791641235,2740,460
210,71,126,18.038136959075928,506,470
228,71,83,21.40734338760376,735,506
202,68,194,17.42174196243286,266,460
205,67,80,17.435783863067627,377,460
258,72,89,12.372025966644287,931,463
239,71,105,12.281749963760376,70,460
206,70,88,14.826049327850342,1529,460
251,68,71,12.435368061065674,231,460
209,71,93,12.315635919570923,473,457
218,71,103,12.069700956344604,45,460
246,72,87,13.741430282592773,29,460
236,71,83,19.433216333389282,345,499
243,69,77,12.464327096939087,228,460
205,68,80,11.793328523635864,426,460
202,69,194,11.895859956741333,353,460
233,70,98,15.996696710586548,84,460
258,73,89,14.233051776885986,180,672
239,72,105,12.95653772354126,18,587
228,72,83,17.958887338638306,2074,460
206,71,88,13.5289466381073,148,460
218,72,103,11.360775232315063,46,669
251,69,71,13.343104839324951,282,669
210,72,126,19.435367584228516,974,499
209,72,93,13.530003070831299,434,589
246,73,87,12.307495594024658,34,587
243,70,77,11.138624668121338,83,587
233,71,98,10.835420846939087,120,669
202,70,194,12.55826210975647,581,497
205,69,80,13.132920980453491,423,587
236,72,83,18.519238471984863,784,499
258,74,89,11.858772039413452,580,682
228,73,83,12.870571374893188,182,669
218,73,103,14.054213523864746,56,460
246,74,87,12.459532022476196,33,460
251,70,71,14.239464044570923,976,499
209,73,93,14.053525447845459,410,460
239,73,105,16.145073413848877,34,669
210,73,126,14.652024507522583,858,460
206,72,88,15.569534540176392,183,460
202,71,194,13.321064472198486,603,460
243,71,77,18.03389883041382,476,504
233,72,98,15.017636775970459,1563,464
236,73,83,13.858609676361084,139,460
205,70,80,15.333553552627563,1323,460
228,74,83,14.105744361877441,196,460
246,75,87,13.531004428863525,30,460
258,75,89,18.89952063560486,170,512
218,74,103,14.813467979431152,46,460
206,73,88,14.85071063041687,674,499
209,74,93,15.917383909225464,176,460
239,74,105,16.404128074645996,45,460
210,74,126,16.70809817314148,116,460
202,72,194,14.924175024032593,1816,499
228,75,83,9.282081604003906,163,385
243,72,77,14.22509503364563,366,460
233,73,98,16.65843963623047,464,499
205,71,80,15.988545894622803,504,460
246,76,87,11.530956029891968,315,460
258,76,89,13.234452486038208,809,460
236,74,83,20.058765172958374,588,460
218,75,103,16.785707712173462,46,460
239,75,105,14.207228183746338,39,460
246,77,87,8.393394947052002,38,174
206,74,88,18.673513889312744,419,460
210,75,126,17.06418228149414,1967,484
202,73,194,14.5497567653656,399,460
209,75,93,19.65362524986267,1043,505
228,76,83,15.303273439407349,345,460
243,73,77,15.38179874420166,398,460
233,74,98,14.287739992141724,76,460
205,72,80,13.843780755996704,410,460
239,76,105,10.670817852020264,39,587
218,76,103,13.25788426399231,36,460
258,77,89,17.23825740814209,3245,538
236,75,83,15.898943424224854,1096,512
246,78,87,12.143742799758911,37,669
206,75,88,11.748049974441528,266,669
202,74,194,10.977254867553711,102,587
228,77,83,11.944919347763062,195,587
210,76,126,14.616189241409302,295,669
209,76,93,14.253451824188232,97,613
243,74,77,13.951145648956299,218,669
205,73,80,15.598436117172241,921,460
218,77,103,10.860778093338013,88,669
239,77,105,13.803714990615845,26,669
233,75,98,17.77335023880005,437,507
236,76,83,11.772219181060791,128,587
258,78,89,12.51897406578064,32,669
246,79,87,13.192835807800293,25,460
206,76,88,13.545629978179932,221,460
210,77,126,12.734750747680664,132,460
202,75,194,18.34896469116211,698,499
228,78,83,16.535220623016357,353,536
205,74,80,13.024932622909546,57,460
209,77,93,17.074011087417603,384,499
239,78,105,12.635560750961304,33,460
218,78,103,16.565113306045532,46,460
258,79,89,16.766140937805176,430,460
233,76,98,19.645341873168945,581,499
243,75,77,24.928479433059692,1376,797
236,77,83,20.489707946777344,1475,499
246,80,87,18.936068534851074,58,460
206,77,88,18.313684463500977,478,460
228,79,83,13.46738576889038,187,418
210,78,126,16.968103885650635,1158,499
239,79,105,10.681743144989014,22,244
202,76,194,15.386957168579102,302,460
205,75,80,14.246172189712524,57,460
209,78,93,16.474796056747437,79,460
218,79,103,13.180401086807251,46,460
258,80,89,13.170887470245361,517,460
233,77,98,13.005407571792603,120,460
228,80,83,11.050551176071167,235,430
236,78,83,15.12780475616455,2587,467
246,81,87,14.429932832717896,31,460
206,78,88,14.314034461975098,663,466
239,80,105,14.336055040359497,26,460
202,77,194,14.851368427276611,268,460
210,79,126,16.16731572151184,736,499
205,76,80,15.101377725601196,57,460
218,80,103,13.080657720565796,72,460
258,81,89,12.655267238616943,415,460
209,79,93,18.29283881187439,1153,489
233,78,98,15.362382650375366,121,460
228,81,83,15.270420789718628,300,460
239,81,105,13.030103206634521,55,587
246,82,87,14.796228885650635,25,460
202,78,194,12.4994375705719,72,587
236,79,83,15.651769161224365,493,460
206,79,88,16.117413759231567,780,464
210,80,126,14.323028564453125,1632,454
218,81,103,11.29052734375,46,587
205,77,80,14.206551790237427,57,674
209,80,93,12.357359886169434,110,601
258,82,89,15.461599111557007,811,460
246,83,87,8.99763011932373,35,231
228,82,83,11.8323335647583,210,587
202,79,194,11.892527341842651,71,461
233,79,98,15.73621916770935,1409,460
239,82,105,14.243818998336792,54,460
236,80,83,14.16416883468628,67,460
206,80,88,14.870144128799438,636,466
205,78,80,13.078356742858887,57,460
218,82,103,14.937119960784912,34,460
210,81,126,16.470569849014282,689,540
246,84,87,11.433310508728027,39,460
209,81,93,13.289354085922241,1134,487
258,83,89,13.839375257492065,583,460
239,83,105,12.385679721832275,38,460
233,80,98,13.96900749206543,373,460
243,76,77,59.02712035179138,573,2132
206,81,88,11.417909860610962,395,460
202,80,194,16.377050638198853,575,467
205,79,80,14.56479787826538,365,452
218,83,103,14.657454252243042,102,456
239,84,105,6.786116123199463,18,93
210,82,126,14.940950870513916,2038,518
246,85,87,14.674936532974243,47,460
258,84,89,13.713162660598755,412,460
209,82,93,15.465317487716675,83,501
239,85,105,7.832272291183472,18,116
206,82,88,13.289369106292725,535,460
202,81,194,16.616304636001587,468,479
233,81,98,19.178194046020508,4053,540
210,83,126,13.512200593948364,217,477
218,84,103,16.652893781661987,46,460
258,85,89,13.148136854171753,346,460
246,86,87,14.604914426803589,586,460
209,83,93,16.017950296401978,974,583
239,86,105,12.934457063674927,32,460
202,82,194,13.441842079162598,205,460
258,86,89,11.483006715774536,182,460
239,87,105,7.342112064361572,45,194
218,85,103,12.912947654724121,38,460
233,82,98,15.688379764556885,410,534
210,84,126,16.19464135169983,2064,505
206,83,88,22.453978776931763,477,721
209,84,93,17.724884033203125,2117,554
202,83,194,14.155289649963379,530,460
258,87,89,13.95674467086792,192,460
239,88,105,13.984594106674194,55,460
218,86,103,13.818564414978027,392,460
233,83,98,15.7723548412323,1872,460
210,85,126,15.504022598266602,532,524
206,84,88,15.840806245803833,465,616
209,85,93,14.09924864768982,98,469
202,84,194,14.346056461334229,262,460
218,87,103,15.482813358306885,39,460
239,89,105,15.91705846786499,31,460
233,84,98,15.264755010604858,1076,460
258,88,89,19.172755241394043,892,565
206,85,88,17.603237628936768,204,499
210,86,126,18.585896015167236,1204,487
202,85,194,12.94981837272644,65,461
239,90,105,11.110884189605713,27,460
209,86,93,20.229181051254272,2216,555
218,88,103,14.259242296218872,47,460
233,85,98,14.396311521530151,707,460
210,87,126,11.668004035949707,217,477
206,86,88,14.235422372817993,215,460
202,86,194,13.443435192108154,751,460
239,91,105,12.679301261901855,35,460
218,89,103,13.402513980865479,47,460
233,86,98,13.46196436882019,188,460
209,87,93,17.211804151535034,59,499
206,87,88,11.573110818862915,383,460
239,92,105,8.153261661529541,38,190
210,88,126,14.43435549736023,2792,464
202,87,194,13.564911365509033,181,460
218,90,103,13.478712558746338,49,460
233,87,98,14.890578508377075,107,460
239,93,105,14.103545188903809,25,460
209,88,93,15.649718999862671,443,511
210,89,126,14.905100584030151,1320,480
202,88,194,14.627161502838135,787,460
218,91,103,11.312840461730957,39,460
239,94,105,13.287317991256714,45,460
233,88,98,15.054897546768188,373,460
209,89,93,15.371346950531006,580,516
210,90,126,17.93530535697937,489,520
218,92,103,13.741992235183716,48,460
202,89,194,15.975813865661621,142,512
236,81,83,148.02708411216736,6118,7676
239,95,105,13.89541244506836,36,460
233,89,98,14.888238191604614,436,460
209,90,93,17.254177570343018,796,487
202,90,194,14.112142324447632,189,460
239,96,105,8.284162521362305,38,190
218,93,103,17.863088130950928,41,460
210,91,126,21.59244704246521,1799,662
239,97,105,7.241663932800293,18,103
233,90,98,17.001381874084473,881,499
202,91,194,13.12039589881897,101,460
239,98,105,7.94546365737915,18,103
209,91,93,17.60106587409973,563,531
218,94,103,13.685999631881714,33,460
210,92,126,14.274370193481445,184,487
239,99,105,7.365633249282837,34,152
233,91,98,12.802632331848145,391,460
202,92,194,12.45063853263855,99,460
239,100,105,7.645574569702148,33,170
218,95,103,17.31842303276062,137,499
233,92,98,11.655426740646362,242,460
239,101,105,6.8435218334198,18,93
210,93,126,17.148231744766235,760,586
202,93,194,13.315407276153564,330,460
209,92,93,23.958131790161133,576,823
218,96,103,7.029053688049316,34,156
239,102,105,7.717830181121826,18,97
202,94,194,13.132885217666626,162,460
233,93,98,18.606607675552368,474,528
218,97,103,13.481644630432129,33,460
210,94,126,17.134433031082153,421,502
239,103,105,15.217445135116577,46,460
239,104,105,6.908793687820435,18,93
233,94,98,14.447910785675049,3059,498
218,98,103,14.523816585540771,57,460
202,95,194,17.502368211746216,136,499
210,95,126,15.541109800338745,780,509
210,96,126,9.904813528060913,79,238
202,96,194,12.397764444351196,737,460
233,95,98,14.100084066390991,244,499
218,99,103,13.978567600250244,142,460
202,97,194,7.547351837158203,180,197
218,100,103,7.095713138580322,196,40
210,97,126,13.428380727767944,1646,470
218,101,103,7.94493842124939,40,189
233,96,98,16.388266563415527,120,460
202,98,194,16.307527780532837,1118,499
210,98,126,13.272587776184082,207,491
233,97,98,14.543951511383057,123,460
218,102,103,15.172451496124268,383,487
202,99,194,12.412511825561523,322,460
210,99,126,14.29807710647583,1265,515
263,0,110,10.82282567024231,43,190
267,0,59,12.468698740005493,1223,460
264,0,40,13.822012424468994,1605,499
210,100,126,14.731027364730835,257,472
262,0,52,14.891863584518433,908,460
202,100,194,15.43484091758728,129,460
265,0,20,14.922785997390747,1524,460
266,0,67,14.977708339691162,2749,460
261,0,99,16.36112952232361,208,499
260,0,68,18.622721433639526,2829,460
263,1,110,12.858274459838867,36,460
262,1,52,9.488212585449219,54,198
264,1,40,12.989049673080444,1536,460
265,1,20,13.626780271530151,631,460
202,101,194,14.214657306671143,395,480
267,1,59,16.64232349395752,2385,460
210,101,126,15.402827024459839,598,558
261,1,99,13.458021640777588,213,460
266,1,67,15.729286193847656,416,519
260,1,68,14.983179807662964,170,460
262,2,52,15.054015159606934,2895,575
264,2,40,13.806713819503784,2634,460
263,2,110,17.074252128601074,68,460
267,2,59,12.026615858078003,1107,460
261,2,99,12.602762937545776,193,460
202,102,194,14.137272596359253,617,499
265,2,20,15.216853141784668,548,460
266,2,67,13.60269808769226,1180,468
210,102,126,17.68271040916443,1564,460
260,2,68,15.168991088867188,1936,463
263,3,110,11.50265121459961,49,460
264,3,40,12.15099549293518,2319,468
261,3,99,13.516295909881592,36,460
267,3,59,14.823198556900024,1596,460
262,3,52,17.556381702423096,461,499
265,3,20,13.499045848846436,1156,460
266,3,67,14.384946346282959,738,479
210,103,126,12.544048070907593,1439,485
202,103,194,16.85068988800049,91,502
263,4,110,11.481349229812622,72,460
260,3,68,16.618165969848633,485,511
264,4,40,12.77466630935669,324,460
261,4,99,12.870485544204712,54,460
267,4,59,13.901156425476074,2390,460
262,4,52,14.494809627532959,968,499
265,4,20,14.38137674331665,1478,520
210,104,126,12.652764320373535,154,483
202,104,194,14.214884042739868,91,502
263,5,110,12.770442008972168,49,460
266,4,67,19.3608615398407,1539,505
260,4,68,12.700507640838623,209,478
261,5,99,12.420424938201904,190,460
262,5,52,12.340748310089111,781,460
267,5,59,14.513890027999878,3019,499
264,5,40,20.38163661956787,1593,468
210,105,126,14.1209557056427,1276,549
265,5,20,19.883229732513428,1002,484
263,6,110,17.39842939376831,39,460
202,105,194,21.129490852355957,868,501
266,5,67,18.054298400878906,1022,460
260,5,68,18.145750522613525,1685,460
264,6,40,12.745428323745728,162,460
261,6,99,18.17889952659607,36,460
267,6,59,16.898577451705933,379,460
262,6,52,18.232327938079834,2670,486
210,106,126,18.750486135482788,1904,499
265,6,20,16.698309898376465,2507,461
261,7,99,9.395750522613525,222,266
263,7,110,16.01817297935486,48,460
266,6,67,15.418049335479736,958,460
202,106,194,16.16305708885193,1803,460
260,6,68,15.933621883392334,62,458
264,7,40,15.040403127670288,517,460
267,7,59,15.809726238250732,329,460
262,7,52,15.203298568725586,908,508
210,107,126,12.888671398162842,302,488
263,8,110,13.539652585983276,54,460
261,8,99,15.943593263626099,372,463
202,107,194,13.226606130599976,731,474
265,7,20,18.585741996765137,729,521
266,7,67,16.666760683059692,311,460
267,8,59,12.088893413543701,284,460
260,7,68,18.55397891998291,51,460
261,9,99,7.082465887069702,35,132
264,8,40,20.486228942871094,2199,460
263,9,110,12.69325590133667,56,460
202,108,194,598.3762600421906,848,460
262,8,52,605.9709990024567,1348,501
210,108,126,604.902720451355,279,499
265,8,20,596.4179668426514,908,499
266,8,67,595.0364725589752,1743,460
267,9,59,599.0717041492462,723,779
260,8,68,597.5717487335205,58,460
261,10,99,596.4547083377838,222,266
263,10,110,592.1454916000366,52,460
264,9,40,594.1094396114349,615,460
265,9,20,16.38110876083374,917,484
210,109,126,17.398664236068726,577,499
202,109,194,17.714261054992676,831,499
267,10,59,13.109408140182495,661,460
263,11,110,14.759216785430908,42,460
264,10,40,14.788564920425415,422,460
260,9,68,15.769763469696045,196,460
261,11,99,16.12006640434265,371,463
262,9,52,21.798685312271118,797,460
266,9,67,25.697769165039062,1201,499
265,10,20,10.74239730834961,2456,460
262,10,52,7.2463157176971436,18,101
267,11,59,11.273958921432495,466,302
261,12,99,9.298462629318237,234,261
210,110,126,13.442353010177612,193,473
260,10,68,10.331294775009155,56,466
263,12,110,13.159783840179443,133,460
202,110,194,19.29918336868286,851,463
264,11,40,20.586259126663208,1581,715
266,10,67,15.722892999649048,1010,460
265,11,20,14.92777395248413,733,499
261,13,99,12.312494277954102,233,458
260,11,68,13.720982551574707,54,458
262,11,52,16.801021099090576,1705,460
267,12,59,17.210741996765137,1017,467
263,13,110,14.45632529258728,27,460
210,111,126,17.589507341384888,627,509
202,111,194,13.635720252990723,1383,499
264,12,40,13.15340518951416,806,597
265,12,20,11.670353651046753,617,460
266,11,67,13.416436433792114,949,460
262,12,52,10.600995063781738,1567,163
261,14,99,13.89685845375061,78,460
260,12,68,12.61687970161438,175,460
267,13,59,13.987607717514038,78,460
263,14,110,13.884456634521484,49,460
202,112,194,11.511046409606934,1521,460
210,112,126,16.942418098449707,463,481
264,13,40,12.244260549545288,1789,460
266,12,67,12.582372903823853,437,460
261,15,99,12.81236720085144,77,506
265,13,20,17.07013463973999,548,460
267,14,59,12.271931648254395,469,517
260,13,68,17.227895975112915,107,460
202,113,194,13.19769811630249,227,504
262,13,52,18.98408818244934,1629,977
264,14,40,10.955097436904907,617,462
263,15,110,17.0853853225708,54,460
210,113,126,13.34129810333252,1988,494
266,13,67,11.91918158531189,291,460
261,16,99,11.956883668899536,38,460
265,14,20,11.999013662338257,733,460
267,15,59,11.498230934143066,443,460
260,14,68,12.348523616790771,1151,460
202,114,194,11.897034883499146,82,460
263,16,110,11.091629266738892,80,460
264,15,40,14.408684253692627,1367,637
266,14,67,12.752626419067383,1181,460
210,114,126,13.449121236801147,160,483
261,17,99,11.442376852035522,76,460
262,14,52,17.74998188018799,943,512
265,15,20,11.736661672592163,617,460
267,16,59,11.604675769805908,525,460
266,15,67,8.603200197219849,97,241
260,15,68,13.892852783203125,184,460
202,115,194,13.847171545028687,597,461
261,18,99,9.306150197982788,36,224
263,17,110,15.004375457763672,60,460
210,115,126,13.547973394393921,285,520
264,16,40,15.819946765899658,1127,521
266,16,67,7.325207948684692,31,190
262,15,52,14.906041622161865,1608,499
267,17,59,12.392946243286133,785,499
265,16,20,16.3679621219635,692,643
202,116,194,12.619811296463013,273,460
261,19,99,11.760392189025879,53,460
264,17,40,8.490072250366211,179,273
262,16,52,7.493835926055908,18,93
263,18,110,12.421089887619019,47,460
210,116,126,13.639800310134888,1175,479
260,16,68,18.544845819473267,1690,541
266,17,67,13.843417644500732,31,460
267,18,59,13.701616764068604,627,460
202,117,194,11.754048347473145,80,460
265,17,20,15.323526382446289,283,648
261,20,99,12.91636848449707,49,460
264,18,40,12.245825290679932,2122,479
262,17,52,12.66620421409607,2562,513
263,19,110,11.544603824615479,35,460
266,18,67,8.356433868408203,38,209
260,17,68,11.285223007202148,1684,460
210,117,126,13.757498741149902,512,514
267,19,59,14.441812753677368,136,460
202,118,194,13.645357608795166,80,499
262,18,52,11.189217805862427,1421,460
261,21,99,12.555265188217163,202,460
263,20,110,12.387964487075806,48,460
264,19,40,14.78797197341919,553,507
260,18,68,12.410183668136597,1362,499
210,118,126,13.420488834381104,609,508
261,22,99,7.542915105819702,66,84
266,19,67,17.101199865341187,880,499
202,119,194,11.57356595993042,1242,478
267,20,59,14.592029094696045,790,460
262,19,52,12.805997133255005,2066,460
260,19,68,11.274436712265015,528,460
263,21,110,14.610663414001465,70,499
264,20,40,14.049607038497925,1976,514
210,119,126,11.737433433532715,972,521
261,23,99,13.311452627182007,65,463
267,21,59,9.608716011047363,259,266
266,20,67,14.501494884490967,1533,503
202,120,194,13.753641843795776,716,500
262,20,52,12.80392050743103,3116,460
263,22,110,10.484309673309326,50,460
260,20,68,11.756292581558228,1271,484
264,21,40,11.64111876487732,512,544
261,24,99,8.17710280418396,40,263
210,120,126,11.67071008682251,2261,460
265,18,20,47.307310342788696,519,2966
267,22,59,12.938249588012695,246,460
236,82,83,897.410727262497,2949,6671
202,121,194,11.063118934631348,222,460
266,21,67,14.2481050491333,80,902
263,23,110,11.29341173171997,40,460
262,21,52,13.127036571502686,971,570
261,25,99,11.449041366577148,41,462
260,21,68,16.085846424102783,1252,499
210,121,126,12.875390768051147,815,472
264,22,40,14.587099552154541,2895,565
267,23,59,13.089599609375,228,460
265,19,20,14.134106636047363,437,499
202,122,194,12.384451150894165,83,460
262,22,52,10.62159538269043,1105,460
263,24,110,11.798992156982422,48,460
266,22,67,13.085776329040527,834,528
261,26,99,11.372655391693115,2220,460
260,22,68,12.428665399551392,1101,460
210,122,126,13.637643575668335,397,460
264,23,40,13.700520992279053,538,466
202,123,194,10.60262680053711,949,460
262,23,52,11.561891078948975,2352,516
267,24,59,13.930063724517822,797,499
261,27,99,11.360888481140137,192,460
263,25,110,14.329436540603638,25,460
266,23,67,14.612760543823242,369,550
210,123,126,12.311345338821411,695,499
202,124,194,11.910342931747437,409,460
264,24,40,13.896260976791382,815,474
260,23,68,15.850060939788818,738,499
262,24,52,10.50845193862915,24,460
261,28,99,10.43161940574646,181,460
267,25,59,12.875564336776733,124,462
263,26,110,10.404242515563965,53,460
266,24,67,15.253393650054932,465,499
210,124,126,12.446903228759766,310,460
264,25,40,11.728540897369385,853,467
202,125,194,12.200226306915283,228,472
260,24,68,13.141218185424805,2016,460
261,29,99,11.14455795288086,456,460
262,25,52,14.056198596954346,24,460
267,26,59,12.346269845962524,692,466
263,27,110,13.807502031326294,45,466
266,25,67,10.10384750366211,403,460
202,126,194,12.165568113327026,79,460
260,25,68,11.561073541641235,1110,460
261,30,99,13.893723964691162,1256,460
264,26,40,16.24258804321289,1928,527
210,125,126,17.199573040008545,310,577
262,26,52,13.860393762588501,24,460
267,27,59,13.635695457458496,158,460
263,28,110,12.787450790405273,72,460
266,26,67,12.076578617095947,70,429
260,26,68,11.049392223358154,3232,289
202,127,194,15.680304288864136,705,524
261,31,99,13.066101789474487,669,460
262,27,52,12.918256521224976,24,460
267,28,59,12.471487760543823,162,460
263,29,110,12.231833696365356,38,460
264,27,40,16.222606658935547,384,575
266,27,67,15.031677484512329,486,460
260,27,68,13.758955478668213,1264,460
202,128,194,14.209793090820312,252,472
262,28,52,13.183431148529053,24,460
261,32,99,14.72573208808899,363,460
263,30,110,13.769418716430664,75,460
267,29,59,16.861027479171753,952,523
266,28,67,13.711647033691406,974,468
260,28,68,12.048259735107422,2448,460
202,129,194,12.527629613876343,167,460
262,29,52,13.105615139007568,24,460
263,31,110,13.797595262527466,41,458
267,30,59,13.41185736656189,554,507
266,29,67,12.588647365570068,709,460
260,29,68,11.50290822982788,72,460
264,28,40,29.168001174926758,530,1478
261,33,99,18.46373724937439,807,528
262,30,52,10.920350074768066,24,460
202,130,194,12.488749742507935,94,499
263,32,110,12.81074595451355,45,460
267,31,59,12.725556135177612,471,499
260,30,68,12.166608572006226,60,460
261,34,99,14.135523319244385,258,460
266,30,67,16.886476278305054,704,499
264,29,40,16.279525756835938,1427,493
202,131,194,11.487333536148071,445,460
262,31,52,13.086410760879517,408,499
263,33,110,11.061211109161377,140,460
261,35,99,8.234904289245605,351,106
260,31,68,12.050205707550049,87,460
266,31,67,11.957443475723267,829,460
262,32,52,9.86011791229248,24,460
267,32,59,17.213245630264282,670,523
202,132,194,12.410908937454224,749,480
263,34,110,13.192193984985352,54,460
260,32,68,9.804859161376953,98,460
264,30,40,18.083858489990234,327,534
261,36,99,12.891253471374512,454,508
266,32,67,10.269362926483154,1342,461
202,133,194,11.109092712402344,358,460
267,33,59,16.181321620941162,957,499
260,33,68,11.363083839416504,1040,460
262,33,52,17.671947717666626,24,460
263,35,110,15.226238012313843,49,460
202,134,194,10.135362386703491,103,460
264,31,40,16.742033004760742,1531,548
261,37,99,15.730277299880981,506,503
266,33,67,14.780646324157715,792,460
260,34,68,10.944587469100952,619,460
262,34,52,10.896759271621704,19,460
267,34,59,15.833595037460327,313,541
261,38,99,10.227480173110962,818,464
263,36,110,13.248329639434814,48,460
266,34,67,9.622308254241943,165,460
264,32,40,14.226039409637451,931,460
202,135,194,15.543184041976929,459,460
260,35,68,10.970000505447388,838,460
262,35,52,11.064555168151855,19,460
267,35,59,9.56137752532959,822,482
261,39,99,14.32660984992981,609,505
263,37,110,16.91351556777954,33,460
202,136,194,12.512732982635498,241,460
260,36,68,12.702012300491333,357,460
262,36,52,12.187306642532349,24,460
266,35,67,20.7568838596344,936,505
267,36,59,14.496212720870972,847,479
264,33,40,22.04415512084961,380,507
261,40,99,11.885185480117798,327,460
263,38,110,11.513360023498535,38,460
202,137,194,12.231207370758057,93,460
262,37,52,15.583611965179443,24,460
260,37,68,19.472363471984863,389,499
264,34,40,12.067954063415527,878,476
261,41,99,13.148142337799072,400,499
266,36,67,18.311620950698853,581,476
267,37,59,18.05422282218933,314,524
263,39,110,14.842700719833374,31,460
202,138,194,16.12828755378723,688,460
262,38,52,14.031957626342773,24,460
260,38,68,10.546266078948975,712,470
264,35,40,11.169658899307251,675,460
261,42,99,10.803654432296753,369,460
263,40,110,6.969665765762329,55,180
266,37,67,11.30192756652832,68,460
267,38,59,10.619000434875488,411,284
202,139,194,12.054605722427368,333,460
262,39,52,11.841601133346558,19,460
266,38,67,11.600761890411377,80,460
260,39,68,15.27262806892395,460,460
264,36,40,15.325591802597046,65,460
267,39,59,14.062178134918213,1408,316
261,43,99,16.088975429534912,451,460
263,41,110,16.02357316017151,33,460
262,40,52,13.26987075805664,19,460
266,39,67,11.747822761535645,78,460
202,140,194,17.630407333374023,94,499
264,37,40,11.449912786483765,213,460
260,40,68,12.937567234039307,757,460
267,40,59,12.707121133804321,579,532
263,42,110,13.089686870574951,35,499
261,44,99,13.97049355506897,1361,543
262,41,52,11.560155630111694,24,460
266,40,67,11.328122854232788,39,460
264,38,40,11.381246089935303,761,460
202,141,194,13.016500473022461,168,460
260,41,68,14.334630489349365,1433,570
263,43,110,11.213472604751587,26,460
261,45,99,11.37832760810852,63,460
267,41,59,15.698947191238403,466,591
262,42,52,10.601024627685547,24,460
266,41,67,10.842973709106445,36,460
202,142,194,11.773287057876587,96,460
260,42,68,11.245797157287598,1400,460
263,44,110,11.575965642929077,29,460
261,46,99,11.031964540481567,70,460
266,42,67,6.794938087463379,66,86
267,42,59,10.579017162322998,592,335
262,43,52,11.307785034179688,1396,463
260,43,68,11.830274105072021,1499,460
261,47,99,11.39562439918518,346,460
202,143,194,14.806031703948975,461,562
266,43,67,12.122242450714111,65,463
264,39,40,28.6850266456604,417,1570
263,45,110,14.134094953536987,30,460
262,44,52,10.862621307373047,338,460
267,43,59,15.028480768203735,427,571
260,44,68,12.487771034240723,455,460
202,144,194,12.387611150741577,746,499
263,46,110,11.939714431762695,27,460
266,44,67,13.381311893463135,44,460
261,48,99,14.69907259941101,1389,499
262,45,52,11.640261173248291,52,460
260,45,68,10.61889123916626,455,460
261,49,99,9.204797506332397,125,248
266,45,67,10.086821556091309,64,282
262,46,52,11.770759105682373,86,460
267,44,59,21.11628270149231,550,974
263,47,110,12.241903305053711,28,499
202,145,194,15.146557807922363,1314,499
262,47,52,7.587056636810303,31,288
261,50,99,10.229997634887695,478,462
260,46,68,12.151402711868286,119,460
266,46,67,10.617175579071045,646,460
267,45,59,10.423712491989136,1184,529
263,48,110,11.69174861907959,5238,462
202,146,194,13.270666122436523,202,489
266,47,67,7.357715368270874,36,190
260,47,68,11.812768697738647,192,460
261,51,99,13.548238515853882,785,460
262,48,52,14.115822076797485,261,499
267,46,59,12.659200429916382,474,460
263,49,110,13.958878993988037,6163,499
202,147,194,11.43672513961792,357,460
266,48,67,10.826454401016235,62,460
262,49,52,7.910741806030273,261,271
261,52,99,11.201911687850952,538,464
267,47,59,10.42848801612854,1039,510
260,48,68,13.681971311569214,327,551
263,50,110,11.416585922241211,1980,460
202,148,194,11.05210828781128,90,460
266,49,67,11.648907899856567,58,460
262,50,52,10.079892635345459,154,460
261,53,99,11.20154857635498,229,460
267,48,59,13.070162534713745,542,460
262,51,52,8.057306289672852,102,173
260,49,68,14.09151577949524,236,515
202,149,194,10.994938135147095,724,460
266,50,67,10.588900089263916,57,460
263,51,110,15.951361417770386,1477,535
261,54,99,12.989188194274902,556,501
260,50,68,10.305962085723877,2448,460
202,150,194,10.512035369873047,205,460
267,49,59,13.326872110366821,554,643
266,51,67,12.685877323150635,85,460
263,52,110,12.207598447799683,482,460
261,55,99,11.444278240203857,557,479
260,51,68,11.95297908782959,380,460
267,50,59,12.82179594039917,1272,499
266,52,67,11.018280744552612,80,460
202,151,194,15.487051486968994,811,499
263,53,110,10.646405935287476,1464,460
261,56,99,10.202010154724121,392,462
260,52,68,11.717868328094482,250,460
267,51,59,10.904140710830688,966,538
202,152,194,9.794652700424194,720,460
266,53,67,12.137174606323242,60,460
260,53,68,10.581717491149902,911,469
261,57,99,16.608123540878296,1158,530
202,153,194,10.979304313659668,882,477
266,54,67,11.537776708602905,50,460
263,54,110,20.722420930862427,1678,463
260,54,68,11.647228717803955,278,460
263,55,110,11.24785304069519,489,460
202,154,194,12.696074724197388,311,460
266,55,67,14.622850894927979,48,460
261,58,99,16.990524291992188,1156,512
260,55,68,13.150511503219604,65,460
263,56,110,10.174729108810425,453,463
202,155,194,12.706491470336914,111,472
261,59,99,12.332146644592285,349,460
266,56,67,14.949713468551636,47,460
260,56,68,14.693898439407349,191,460
263,57,110,14.530299425125122,929,460
202,156,194,14.237675905227661,490,472
266,57,67,9.292333364486694,312,263
261,60,99,13.340263605117798,304,484
263,58,110,9.476539373397827,397,460
266,58,67,6.786181449890137,53,104
260,57,68,11.583812713623047,1519,460
202,157,194,9.574443578720093,961,491
266,59,67,7.821666240692139,55,108
263,59,110,10.10470986366272,1299,522
261,61,99,14.802895784378052,139,484
266,60,67,7.371782064437866,58,90
202,158,194,13.591220140457153,720,499
260,58,68,14.624708652496338,481,509
263,60,110,8.447055339813232,94,287
266,61,67,6.437260866165161,57,89
261,62,99,13.708423852920532,658,518
202,159,194,8.000849962234497,77,194
266,62,67,6.914672136306763,54,106
260,59,68,13.860093832015991,483,511
263,61,110,11.55051851272583,305,460
261,63,99,9.669530630111694,154,488
202,160,194,10.962470769882202,156,460
266,63,67,10.796101570129395,306,460
260,60,68,11.87861943244934,179,511
263,62,110,13.149331331253052,905,510
267,52,59,104.03980326652527,696,460
202,161,194,12.087303161621094,168,460
261,64,99,14.078418016433716,384,501
263,63,110,12.036940097808838,1873,499
260,61,68,14.056673765182495,756,499
267,53,59,12.813024520874023,988,489
202,162,194,12.726414918899536,247,460
261,65,99,12.355370283126831,991,460
263,64,110,12.03520655632019,1934,460
267,54,59,10.940138816833496,1790,504
260,62,68,13.655253648757935,512,460
261,66,99,11.622928380966187,157,459
202,163,194,12.713318109512329,78,460
267,55,59,11.243720531463623,1931,464
263,65,110,13.534240007400513,664,499
260,63,68,12.181954622268677,2417,460
202,164,194,11.243545293807983,189,460
261,67,99,14.719698429107666,1428,503
267,56,59,6.918428659439087,247,142
266,64,67,48.04900884628296,3908,2453
260,64,68,10.849597454071045,759,460
263,66,110,12.068163633346558,1740,460
267,57,59,6.486010551452637,219,59
202,165,194,13.361737966537476,1073,472
266,65,67,12.552950859069824,555,299
261,68,99,16.14275550842285,785,499
263,67,110,12.966341018676758,202,460
260,65,68,14.687182188034058,887,460
202,166,194,12.873697519302368,347,460
267,58,59,17.075568199157715,233,499
261,69,99,12.354166507720947,252,460
263,68,110,13.68016505241394,1316,460
260,66,68,15.263342380523682,1035,460
202,167,194,12.741771221160889,98,458
266,66,67,25.062318325042725,1129,739
261,70,99,13.21201229095459,482,460
263,69,110,14.188585758209229,2094,499
202,168,194,10.992239952087402,295,460
260,67,68,12.269818782806396,579,460
261,71,99,11.592256546020508,214,460
263,70,110,12.636597871780396,898,462
202,169,194,13.495121717453003,282,499
261,72,99,12.109413146972656,68,460
202,170,194,10.006706237792969,224,460
263,71,110,15.349154710769653,2058,505
261,73,99,11.691612958908081,1124,495
202,171,194,12.451346635818481,90,458
263,72,110,11.477255821228027,177,481
261,74,99,10.988524913787842,523,465
202,172,194,12.55003547668457,334,460
263,73,110,11.937431573867798,2422,469
261,75,99,12.91535210609436,708,499
202,173,194,10.507190942764282,139,460
261,76,99,10.883066177368164,379,460
263,74,110,17.352594137191772,1285,531
202,174,194,14.428343772888184,317,499
261,77,99,10.395524501800537,568,460
263,75,110,11.433688163757324,1108,505
202,175,194,9.109247207641602,655,460
261,78,99,9.930684804916382,264,460
263,76,110,11.334558963775635,190,460
202,176,194,11.23709511756897,50,460
261,79,99,11.767290353775024,57,460
263,77,110,11.482789754867554,248,460
202,177,194,9.57063913345337,200,460
261,80,99,11.421888589859009,452,460
263,78,110,9.437901258468628,1632,488
202,178,194,11.709022998809814,414,460
261,81,99,10.203431367874146,576,460
263,79,110,10.563027381896973,1306,501
261,82,99,10.923290252685547,203,460
202,179,194,14.318172931671143,235,523
202,180,194,6.855129957199097,65,229
263,80,110,13.94799017906189,337,508
261,83,99,10.555452346801758,880,460
263,81,110,12.595226764678955,1768,499
202,181,194,13.634535074234009,695,499
261,84,99,15.419341802597046,345,499
202,182,194,12.548941135406494,420,460
263,82,110,16.062446355819702,745,499
261,85,99,13.228406429290771,437,499
202,183,194,12.810921907424927,461,466
263,83,110,13.471574306488037,642,527
261,86,99,13.767841577529907,484,499
202,184,194,12.146463394165039,2341,499
263,84,110,12.248066186904907,234,499
261,87,99,12.475043773651123,142,460
202,185,194,10.76567554473877,470,460
263,85,110,12.191080331802368,1633,462
202,186,194,12.65874695777893,356,460
261,88,99,17.073159217834473,703,588
263,86,110,12.489206075668335,2350,479
202,187,194,7.837769269943237,158,249
261,89,99,12.713602542877197,471,499
202,188,194,9.153669357299805,144,258
263,87,110,12.950702428817749,561,499
202,189,194,8.495581150054932,147,258
261,90,99,17.446505069732666,275,519
263,88,110,15.293045043945312,869,460
202,190,194,8.259759187698364,164,279
261,91,99,12.166913270950317,313,460
202,191,194,10.01985502243042,207,240
263,89,110,12.124588966369629,301,460
202,192,194,8.182922124862671,180,272
261,92,99,12.345862865447998,515,460
202,193,194,8.896665334701538,182,385
263,90,110,18.167598724365234,1282,504
261,93,99,13.524521112442017,187,460
263,91,110,12.657759428024292,265,460
261,94,99,12.065447330474854,141,460
263,92,110,11.58573865890503,1857,460
261,95,99,12.911616086959839,454,460
263,93,110,13.198362350463867,142,499
261,96,99,12.207759141921997,858,462
263,94,110,12.631169557571411,951,466
261,97,99,13.953611373901367,459,470
263,95,110,11.110860347747803,759,275
261,98,99,12.82719087600708,517,528
263,96,110,13.777612686157227,1609,460
263,97,110,12.03036642074585,750,460
263,98,110,15.332061529159546,2201,531
263,99,110,13.562098264694214,1187,527
263,100,110,12.006003379821777,207,486
263,101,110,12.948728799819946,1064,460
263,102,110,12.526610851287842,988,466
263,103,110,14.329676866531372,764,507
263,104,110,14.309187889099121,64,460
263,105,110,14.368204116821289,283,460
263,106,110,12.143378257751465,253,460
263,107,110,9.216649293899536,39,259
263,108,110,12.746485948562622,175,474
263,109,110,13.172027587890625,400,460
187,0,60,12.862457275390625,2371,466
20,0,56,14.31948184967041,1161,460
186,0,38,13.614347696304321,1735,587
280,0,36,13.108254194259644,1872,669
12,0,33,15.203040838241577,3179,460
27,0,75,15.071306467056274,82,460
205,0,56,13.656687259674072,941,460
119,0,42,14.373637914657593,894,460
115,0,49,14.401319980621338,1295,460
93,0,77,14.59717345237732,1200,460
323,0,64,12.808713436126709,578,460
17,0,60,15.202526569366455,46,460
23,0,75,15.177640676498413,34,460
253,0,46,13.413529634475708,2158,460
31,0,58,15.121721029281616,1519,460
204,0,24,14.118186712265015,1457,587
272,0,48,13.768948078155518,991,587
220,0,88,14.147355079650879,524,587
225,0,57,14.246208429336548,978,587
309,0,55,13.863722562789917,1344,460
273,0,22,14.190439224243164,261,460
34,0,52,16.094975471496582,2082,460
182,0,71,14.915632724761963,762,460
51,0,44,15.971849918365479,2371,460
15,0,24,16.253278255462646,565,499
158,0,19,15.330350637435913,1497,460
103,0,43,15.805577993392944,4799,499
3,0,86,16.626205921173096,3729,499
327,0,33,14.151424407958984,4053,505
124,0,48,16.005413055419922,1733,603
266,0,35,14.97623348236084,978,587
215,0,55,15.388147830963135,49,460
41,0,70,16.81474280357361,1392,460
50,0,52,16.7314875125885,247,460
97,0,73,16.36451292037964,4313,460
331,0,57,14.579131841659546,1157,460
178,0,22,15.760631084442139,3799,460
33,0,51,16.98121976852417,1025,460
58,0,40,16.786953687667847,1201,460
30,0,28,17.006264448165894,4347,460
92,0,68,16.593291997909546,74,466
40,0,68,17.028253078460693,1642,587
320,0,68,14.985366344451904,23280,508
248,0,37,15.69883418083191,4078,561
236,0,40,15.982977628707886,1251,650
262,0,58,16.231715202331543,974,587
279,0,35,16.19455575942993,4638,499
129,0,25,17.527196884155273,1219,460
98,0,27,17.77993083000183,1897,460
132,0,99,17.59561800956726,4423,460
32,0,89,18.394007921218872,58,460
159,0,122,17.4211323261261,650,460
154,0,58,17.521493673324585,1474,499
235,0,37,17.097627639770508,821,669
26,0,23,18.897629261016846,1570,460
232,0,83,17.38577938079834,928,587
143,0,42,18.461064338684082,1351,587
269,0,52,17.594606399536133,2121,587
289,0,56,17.515499353408813,2396,587
44,0,30,19.812936067581177,699,587
277,0,50,18.04580521583557,865,587
111,0,24,19.543280839920044,1196,587
153,0,25,19.317057847976685,1252,587
312,0,36,18.3611958026886,7827,499
101,0,49,20.029550075531006,924,499
36,0,41,20.602935314178467,7549,499
118,0,54,19.947109937667847,5359,499
0,0,49,20.993834733963013,1482,499
210,0,46,20.509172201156616,625,505
338,0,70,19.63646626472473,595,587
325,0,31,21.068209648132324,2338,587
181,0,24,22.818341493606567,1006,587
119,1,42,10.207523822784424,2546,460
205,1,56,11.002086400985718,729,587
3,1,86,9.866042137145996,5093,478
20,1,56,12.413052320480347,54,669
186,1,38,12.347746849060059,3787,476
323,1,64,12.12790822982788,2614,460
280,1,36,12.197608947753906,2686,460
93,1,77,12.150461673736572,2579,460
182,1,71,11.199780702590942,3881,460
124,1,48,10.646751165390015,1229,460
253,1,46,12.628705978393555,2112,587
17,1,60,12.778961896896362,62,669
282,0,59,25.94738459587097,476,587
158,1,19,11.605037450790405,1597,637
33,1,51,11.040685653686523,2644,460
309,1,55,12.073974370956421,5055,460
41,1,70,11.649516820907593,1981,587
220,1,88,12.877358198165894,52,669
331,1,57,11.64490532875061,4512,460
51,1,44,12.601351022720337,1450,587
129,1,25,10.478187084197998,1391,460
34,1,52,12.700788259506226,1838,587
50,1,52,11.970218420028687,54,587
225,1,57,13.661498546600342,1130,669
273,1,22,13.589167833328247,51,587
30,1,28,12.728384733200073,1395,587
115,1,49,14.733526706695557,4319,594
215,1,55,13.003024101257324,46,669
12,1,33,14.840128660202026,5331,460
31,1,58,14.838644981384277,5713,460
23,1,75,15.086127758026123,43,592
248,1,37,12.82769227027893,1095,587
272,1,48,14.58074426651001,1556,605
103,1,43,14.025311470031738,5821,499
92,1,68,13.410658359527588,75,669
327,1,33,14.171374320983887,1784,587
187,1,60,16.58633255958557,5055,499
320,1,68,13.446986436843872,228,669
178,1,22,13.773383140563965,2363,587
26,1,23,12.171313047409058,1865,616
279,1,35,13.159642219543457,2455,587
132,1,99,12.985378980636597,3005,607
98,1,27,13.075927257537842,2365,591
289,1,56,12.51259446144104,697,460
262,1,58,14.03447413444519,1625,685
44,1,30,12.277067422866821,1068,587
32,1,89,13.931999921798706,218,669
232,1,83,13.358144044876099,1125,587
153,1,25,12.145830869674683,5167,600
277,1,50,12.509783744812012,51,587
312,1,36,12.132119178771973,7312,587
338,1,70,10.888437032699585,603,593
27,1,75,17.933375120162964,117,669
15,1,24,16.84892773628235,52,587
266,1,35,16.484875202178955,1273,587
236,1,40,15.962552309036255,4409,654
235,1,37,15.112951040267944,438,669
0,1,49,13.218170404434204,820,593
101,1,49,13.353454351425171,452,669
159,1,122,15.643983602523804,1621,600
118,1,54,13.592708826065063,5998,607
143,1,42,15.389569520950317,1992,603
181,1,24,11.849236249923706,1688,662
40,1,68,19.106308460235596,3039,598
58,1,40,19.59703826904297,1807,603
111,1,24,16.84964084625244,2620,685
93,2,77,10.496145009994507,2256,546
205,2,56,11.965810060501099,998,587
3,2,86,11.7883939743042,2929,726
97,1,73,21.33204936981201,1482,587
280,2,36,11.815398216247559,2307,595
277,2,50,6.683640718460083,2945,68
269,1,52,19.89432954788208,3258,669
225,2,57,9.903156757354736,1080,460
253,2,46,12.44368028640747,1905,587
220,2,88,11.732661962509155,1693,587
186,2,38,13.209077835083008,767,591
325,1,31,17.192904472351074,3031,602
235,2,37,6.781928539276123,897,66
331,2,57,12.029824256896973,2045,460
282,1,59,13.612140893936157,50,669
129,2,25,13.02785611152649,1796,527
51,2,44,13.125748872756958,2016,726
215,2,55,12.018553495407104,51,675
204,1,24,26.45703887939453,1250,587
17,2,60,14.389348983764648,55,669
34,2,52,13.494313955307007,1874,593
323,2,64,15.093780755996704,3383,736
178,2,22,11.754647970199585,2841,635
50,2,52,13.905552864074707,1238,594
273,2,22,13.11620283126831,1556,664
158,2,19,15.289089441299438,1787,587
182,2,71,15.946890592575073,3560,591
124,2,48,15.89604902267456,805,587
30,2,28,13.579659700393677,478,587
58,2,40,6.76310133934021,1323,73
92,2,68,12.940150260925293,74,587
289,2,56,11.523091554641724,867,673
26,2,23,12.545384645462036,782,609
187,2,60,13.055869102478027,1776,587
272,2,48,13.53029727935791,1106,608
248,2,37,13.559942245483398,1442,607
44,2,30,11.883456945419312,849,643
279,2,35,12.794100522994995,981,587
115,2,49,14.279414176940918,768,587
31,2,58,14.241175174713135,1830,822
232,2,83,12.146199464797974,2251,587
154,1,58,26.33096194267273,5221,587
0,2,49,11.390481233596802,2331,612
103,2,43,15.175353288650513,3935,606
41,2,70,17.454416036605835,2344,656
15,2,24,13.207391262054443,2113,587
36,1,41,25.577213764190674,5315,587
20,2,56,19.557339906692505,726,587
32,2,89,14.198076486587524,238,669
33,2,51,18.505168437957764,1642,624
309,2,55,18.5554416179657,10259,594
312,2,36,14.293927669525146,11964,460
181,2,24,11.146657466888428,1457,681
118,2,54,13.065523862838745,4867,587
143,2,42,12.565088033676147,2599,712
101,2,49,13.433393955230713,1191,587
266,2,35,14.134180307388306,533,698
23,2,75,17.364875316619873,37,593
98,2,27,16.43140435218811,914,593
236,2,40,14.439190864562988,5651,642
320,2,68,17.358245372772217,1790,647
159,2,122,13.970914840698242,225,587
132,2,99,16.73942518234253,1756,595
210,1,46,26.357709884643555,55,587
282,2,59,7.382640838623047,709,68
40,2,68,13.179754972457886,4087,653
338,2,70,16.500868558883667,494,596
205,3,56,11.952872276306152,1014,587
12,2,33,20.193389892578125,2895,687
111,2,24,13.492385864257812,407,678
327,2,33,20.11281418800354,515,587
27,2,75,17.83010959625244,117,669
3,3,86,13.225473403930664,1204,587
119,2,42,26.166887044906616,2062,587
253,3,46,11.710116624832153,659,669
277,3,50,12.977417469024658,3192,622
262,2,58,20.540811777114868,2949,594
93,3,77,15.169342517852783,4341,623
220,3,88,12.912680625915527,345,587
34,3,52,11.059436082839966,3598,464
225,3,57,14.15759825706482,1243,587
269,2,52,14.25764012336731,2971,694
235,3,37,13.266571760177612,387,669
280,3,36,14.89426040649414,1448,596
325,2,31,13.869913339614868,8288,924
215,3,55,12.684608936309814,63,669
186,3,38,14.17042088508606,1198,597
50,3,52,11.934837579727173,1068,587
204,2,24,12.822882652282715,2184,587
178,3,22,12.84593391418457,596,595
26,3,23,11.922053575515747,2332,603
248,3,37,12.851407766342163,1456,579
92,3,68,13.187968492507935,58,669
153,2,25,24.354341506958008,235,582
115,3,49,12.890928030014038,1028,687
124,3,48,13.741904973983765,1533,647
30,3,28,13.81899642944336,965,669
331,3,57,16.585613489151,3868,669
272,3,48,13.874436378479004,633,603
44,3,30,14.162401914596558,1725,669
51,3,44,16.451565265655518,1652,671
41,3,70,12.570191383361816,3033,587
187,3,60,14.813560009002686,2298,637
279,3,35,14.56248164176941,977,608
273,3,22,15.948728322982788,1376,587
154,2,58,14.148576259613037,2804,587
182,3,71,15.73662805557251,2983,587
232,3,83,14.72436809539795,1897,587
103,3,43,13.813420295715332,292,669
58,3,40,16.62492871284485,832,675
32,3,89,13.464875936508179,35,587
31,3,58,15.925937414169312,3347,648
181,3,24,13.696487665176392,948,593
309,3,55,14.170952796936035,1942,587
158,3,19,17.66189956665039,857,587
101,3,49,14.126882076263428,728,587
33,3,51,15.234804391860962,4735,600
143,3,42,14.5054292678833,1397,587
277,4,50,10.329988718032837,1339,460
23,3,75,15.002371072769165,36,669
119,3,42,11.47315001487732,3077,460
132,3,99,15.269391059875488,545,679
129,3,25,21.67668914794922,1255,599
282,3,59,14.724929571151733,1646,596
34,4,52,10.491748571395874,1736,469
20,3,56,17.68653678894043,842,636
0,3,49,18.605130195617676,2278,587
262,3,58,11.786215782165527,1389,460
97,2,73,26.18464422225952,2990,634
15,3,24,18.221056938171387,1099,587
98,3,27,16.75618076324463,2000,587
266,3,35,17.227243185043335,1638,780
210,2,46,16.350215435028076,1488,587
118,3,54,18.186976432800293,2416,587
269,3,52,12.11045241355896,350,460
312,3,36,18.73889923095703,7007,634
205,4,56,15.820292711257935,691,603
159,3,122,17.821698665618896,461,669
93,4,77,13.213793754577637,1899,460
236,3,40,18.213449478149414,697,619
220,4,88,13.115785360336304,2544,474
248,4,37,9.695921421051025,77,460
17,3,60,24.475717782974243,42,669
40,3,68,17.378741979599,3070,702
320,3,68,18.74200201034546,503,587
225,4,57,13.380813598632812,1089,466
253,4,46,15.099141597747803,506,499
215,4,55,12.429629564285278,55,460
204,3,24,12.218206882476807,612,460
36,2,41,21.09295392036438,4238,760
323,3,64,25.302340507507324,948,601
338,3,70,18.420968055725098,395,676
27,3,75,17.179553985595703,47,566
12,3,33,18.052937030792236,2401,602
327,3,33,17.66279149055481,1664,587
50,4,52,13.814411878585815,2847,461
186,4,38,14.161325693130493,650,499
178,4,22,13.453996419906616,870,471
92,4,68,12.307836771011353,37,466
51,4,44,11.131511449813843,1002,460
26,4,23,13.952230453491211,1848,499
111,3,24,19.284833192825317,681,795
289,3,56,26.292163610458374,694,593
331,4,57,12.852484464645386,589,460
272,4,48,12.47028136253357,1231,460
235,4,37,16.28388810157776,666,499
280,4,36,16.24145221710205,453,499
325,3,31,15.803951025009155,652,499
153,3,25,13.750633716583252,202,478
41,4,70,12.025760412216187,827,460
115,4,49,13.712804794311523,1756,476
31,4,58,11.514934062957764,999,461
154,3,58,12.664729356765747,2501,593
279,4,35,13.19130253791809,81,460
181,4,24,11.222949266433716,610,722
44,4,30,13.740843772888184,937,460
273,4,22,13.290815114974976,1205,587
124,4,48,15.399634599685669,1702,528
3,4,86,21.257810592651367,2114,635
182,4,71,13.87161636352539,693,587
309,4,55,12.575794696807861,1545,625
143,4,42,12.315877914428711,1685,664
33,4,51,13.067912578582764,1615,631
32,4,89,14.96619200706482,52,669
232,4,83,15.798463344573975,1175,587
101,4,49,13.747804880142212,1455,587
30,4,28,18.665862560272217,687,499
282,4,59,12.792431831359863,18,701
129,4,25,13.03143835067749,241,587
187,4,60,18.428810358047485,1641,499
277,5,50,14.538763761520386,1324,732
158,4,19,16.594747304916382,825,602
119,4,42,14.598275899887085,2993,515
34,5,52,13.822259664535522,506,587
20,4,56,14.114427089691162,498,587
23,4,75,15.694413423538208,36,669
118,4,54,12.781473159790039,3214,499
103,4,43,18.93397283554077,2052,675
97,3,73,14.472546577453613,2687,499
262,4,58,14.782328844070435,2322,587
266,4,35,14.868231773376465,911,629
58,4,40,19.86951756477356,973,620
312,4,36,14.273120641708374,4899,499
98,4,27,15.668299198150635,465,587
27,4,75,12.463650703430176,64,586
17,4,60,13.906414031982422,47,648
210,3,46,16.310404300689697,2878,587
215,5,55,14.08934998512268,53,587
159,4,122,15.44794249534607,323,589
50,5,52,12.852206707000732,18,669
220,5,88,15.187602996826172,1362,627
93,5,77,15.654411315917969,1457,465
320,4,68,15.208050966262817,56,669
323,4,64,14.621630430221558,779,599
236,4,40,16.154900312423706,885,587
269,4,52,16.81659483909607,1648,623
36,3,41,15.26369833946228,444,636
253,5,46,15.564312219619751,589,596
338,4,70,14.766672849655151,488,599
186,5,38,14.953964948654175,197,669
248,5,37,17.59512186050415,82,669
0,4,49,20.042613983154297,1435,469
225,5,57,17.93441081047058,1110,587
15,4,24,20.472970485687256,1644,669
204,4,24,18.713148593902588,1122,748
12,4,33,18.36415672302246,1593,599
30,5,28,11.245681285858154,6056,460
40,4,68,20.524016618728638,1704,597
132,4,99,24.110546112060547,778,602
327,4,33,20.928516387939453,1124,587
205,5,56,28.11662483215332,397,642
30,6,28,13.313918113708496,1580,460
103,5,43,13.009918212890625,262,460
58,5,40,13.856332302093506,1360,484
153,4,25,13.435051202774048,1202,464
34,6,52,14.452385425567627,1017,460
23,5,75,14.57608938217163,121,460
40,5,68,14.450943946838379,770,466
41,5,70,14.576378345489502,677,472
17,5,60,15.123323917388916,55,460
92,5,68,14.574450254440308,38,460
15,5,24,15.240694522857666,170,460
32,5,89,15.16878890991211,42,460
124,5,48,14.455687284469604,417,469
51,5,44,15.020458936691284,66,460
132,5,99,14.425833940505981,217,460
31,5,58,15.402414798736572,1321,512
12,5,33,15.718570709228516,254,460
27,5,75,15.62645959854126,117,460
101,5,49,15.046421766281128,663,460
97,4,73,15.126832962036133,1795,460
44,5,30,15.580875158309937,678,463
33,5,51,15.812620639801025,706,127
119,5,42,15.242442846298218,1216,633
26,5,23,16.118364334106445,534,526
3,5,86,16.51162552833557,1827,505
20,5,56,16.596954822540283,867,499
111,4,24,16.36467218399048,1481,577
158,5,19,16.183209896087646,858,679
118,5,54,16.871665477752686,1978,499
0,5,49,18.69744896888733,1342,523
159,5,122,17.71695899963379,482,460
36,4,41,20.280617475509644,2250,470
115,5,49,19.813261032104492,1324,499
98,5,27,20.016737461090088,1081,465
154,4,58,20.588693141937256,1343,499
143,5,42,22.721218585968018,1845,582
93,6,77,23.30708336830139,309,679
30,7,28,11.498926162719727,2665,466
58,6,40,11.676340579986572,2130,460
153,5,25,11.531718492507935,3324,487
31,6,58,15.719721794128418,1983,792
15,6,24,47.27474570274353,1753,274
0,6,49,45.31925892829895,153,460
92,6,68,48.82192349433899,80,460
41,6,70,49.35600781440735,83,460
58,7,40,38.47803473472595,874,486
103,6,43,50.75319981575012,73,460
40,6,68,49.89449667930603,100,460
50,6,52,64.52860999107361,1152,464
27,6,75,49.13732123374939,117,460
23,6,75,50.23752212524414,122,460
124,6,48,49.694557189941406,320,489
20,6,56,49.04055118560791,2085,460
118,6,54,48.00887727737427,254,460
26,6,23,49.49884581565857,816,460
44,6,30,49.953248023986816,252,460
158,6,19,48.45027446746826,730,478
32,6,89,51.550612926483154,50,460
98,6,27,46.29507255554199,864,546
33,6,51,51.08691191673279,693,460
12,6,33,51.441731452941895,858,499
154,5,58,45.50216507911682,4731,499
119,6,42,51.369434118270874,1110,496
115,6,49,47.08534908294678,990,480
111,5,24,50.56682515144348,1057,467
129,5,25,66.83952760696411,906,460
30,8,28,43.3232843875885,3468,460
51,6,44,53.25760340690613,2016,492
34,7,52,54.32423663139343,1598,499
143,6,42,45.28824043273926,963,499
132,6,99,54.14737939834595,1709,524
93,7,77,46.11716818809509,777,546
153,6,25,44.445252656936646,106,499
15,7,24,12.599696636199951,971,603
3,6,86,58.913487911224365,1200,670
97,5,73,59.76223278045654,544,587
159,6,122,56.87140345573425,1597,596
31,7,58,44.76458787918091,284,601
50,7,52,11.355349063873291,1467,460
36,5,41,56.53376317024231,262,679
118,7,54,11.646273374557495,762,589
17,6,60,62.33514618873596,69,669
27,7,75,13.082598447799683,62,672
26,7,23,12.58927869796753,1178,587
92,7,68,14.37959623336792,41,669
40,7,68,13.976276397705078,177,669
158,7,19,13.015444040298462,3460,510
44,7,30,13.26549220085144,1520,587
41,7,70,15.083730697631836,122,669
103,7,43,14.761236429214478,68,587
58,8,40,15.110588312149048,3123,557
101,6,49,64.10718607902527,780,669
129,6,25,12.297699451446533,1254,661
98,7,27,13.224095821380615,1558,505
32,7,89,13.553931474685669,51,669
0,7,49,16.686789751052856,626,587
23,7,75,15.948770999908447,38,546
111,6,24,13.554319858551025,1878,558
34,8,52,12.468134880065918,1491,711
33,7,51,14.415466070175171,1273,499
30,9,28,13.333592414855957,317,669
154,6,58,16.599649667739868,1558,587
115,7,49,16.43733239173889,1106,628
12,7,33,18.068490743637085,134,587
153,7,25,16.065852403640747,692,587
132,7,99,17.137197017669678,203,669
3,7,86,11.790789365768433,314,609
159,7,122,11.735981225967407,84,669
143,7,42,18.96162509918213,611,617
119,7,42,20.605822324752808,1149,714
93,8,77,18.021183013916016,465,587
51,7,44,19.637139081954956,78,587
31,8,58,12.51050066947937,548,598
124,7,48,23.761826038360596,1155,593
20,7,56,23.64411687850952,689,593
44,8,30,11.280318260192871,960,587
27,8,75,12.799237489700317,61,590
40,8,68,12.756246566772461,841,597
32,8,89,11.257816314697266,61,669
129,7,25,11.921140193939209,845,587
58,9,40,12.689163446426392,2379,582
15,8,24,17.049481630325317,1653,565
98,8,27,12.278993368148804,943,669
97,6,73,17.188549518585205,299,669
118,8,54,15.396701574325562,3424,499
23,8,75,11.965497970581055,50,587
111,7,24,11.604892253875732,5340,503
17,7,60,15.692259550094604,52,672
41,8,70,13.974777936935425,1737,606
36,6,41,16.829775094985962,1711,785
154,7,58,10.474701404571533,632,460
33,8,51,12.911609649658203,237,669
92,8,68,15.984288692474365,43,669
30,10,28,12.855905055999756,5690,460
0,8,49,14.097195386886597,560,597
26,8,23,16.63941264152527,2055,575
115,8,49,11.44996690750122,814,669
158,8,19,17.086658716201782,1194,590
103,8,43,18.25940203666687,110,587
132,8,99,11.249677419662476,91,587
101,7,49,18.152620315551758,983,669
34,9,52,17.112801790237427,674,587
159,8,122,11.055275917053223,319,606
50,9,52,23.039318799972534,334,669
3,8,86,12.907766819000244,139,460
124,8,48,11.63875961303711,237,587
44,9,30,10.709536075592041,1878,486
20,8,56,11.933061599731445,1598,460
27,9,75,10.841921329498291,33,669
12,8,33,17.03474521636963,1977,587
32,9,89,10.781540393829346,39,669
129,8,25,11.126445770263672,1519,593
58,10,40,11.117587804794312,1851,460
51,8,44,15.437087059020996,1391,851
40,9,68,12.891916990280151,1594,724
93,9,77,16.109426021575928,1462,670
15,9,24,12.724720239639282,770,587
98,9,27,12.639602899551392,1279,593
92,9,68,10.746336698532104,49,669
154,8,58,10.880524635314941,208,587
41,9,70,12.110751390457153,76,587
118,9,54,13.048095464706421,2071,533
143,8,42,18.0248761177063,179,730
119,8,42,18.34554433822632,1588,640
36,7,41,13.184736728668213,2056,711
31,9,58,19.205249547958374,3807,638
17,8,60,14.56218147277832,55,621
115,9,49,12.204766035079956,1019,608
97,7,73,15.297552347183228,1000,587
23,9,75,15.346522808074951,76,590
30,11,28,14.907881021499634,4358,466
33,9,51,15.308080673217773,421,676
153,8,25,23.13529634475708,76,669
132,9,99,12.178908824920654,1786,608
34,10,52,11.83032512664795,1412,590
111,8,24,18.061346292495728,2218,602
26,9,23,16.00596833229065,174,639
158,9,19,15.189043045043945,4446,586
159,9,122,12.629807949066162,1482,597
50,10,52,12.789335489273071,1021,587
3,9,86,12.444704532623291,38,587
124,9,48,12.54230284690857,801,591
103,9,43,15.637818813323975,131,669
44,10,30,12.340066194534302,927,590
101,8,49,15.525166273117065,643,678
20,9,56,12.556308507919312,598,669
12,9,33,12.902340412139893,1182,608
27,10,75,13.64317798614502,49,587
32,10,89,12.790127038955688,75,686
15,10,24,10.555543184280396,2738,508
93,10,77,11.544768810272217,1765,466
58,11,40,13.270068645477295,1236,593
51,9,44,13.152671813964844,80,669
40,10,68,13.177433013916016,1664,615
92,10,68,12.71421480178833,67,669
154,9,58,13.28003978729248,487,669
0,9,49,24.10834765434265,743,590
118,10,54,13.937142610549927,278,669
31,10,58,12.611858129501343,2797,523
97,8,73,12.59299111366272,170,628
129,9,25,17.534581184387207,567,567
36,8,41,13.652557611465454,1426,595
23,10,75,12.936863899230957,75,672
115,10,49,13.50964093208313,2620,507
3,10,86,9.164666652679443,44,248
143,9,42,15.802414655685425,691,671
34,11,52,11.727967262268066,644,587
98,10,27,16.95803165435791,1690,505
153,9,25,12.546484231948853,1777,591
26,10,23,12.166619062423706,2177,460
30,12,28,13.763027667999268,315,669
50,11,52,11.475155115127563,821,460
33,10,51,14.399909496307373,418,587
17,9,60,16.349029541015625,43,587
132,10,99,14.181543588638306,162,696
40,11,68,7.565974950790405,59,190
159,10,122,14.268445491790771,367,588
124,10,48,12.594531059265137,1221,460
101,9,49,12.166687965393066,1083,464
12,10,33,10.577369928359985,296,460
32,11,89,10.72416090965271,76,266
111,9,24,15.332453489303589,3355,464
27,11,75,11.68662405014038,98,460
103,10,43,14.032029628753662,150,460
44,11,30,14.037649631500244,652,505
119,9,42,21.327273845672607,889,621
15,11,24,12.475421667098999,1539,460
41,10,70,23.20413374900818,1825,705
20,10,56,14.867837905883789,1334,460
58,12,40,12.58139681816101,561,466
93,11,77,13.466072082519531,137,468
154,10,58,11.86392092704773,137,460
51,10,44,14.261602878570557,339,499
92,11,68,14.529560089111328,56,460
97,9,73,11.90028190612793,128,460
3,11,86,11.531196355819702,381,460
23,11,75,12.177451610565186,56,460
36,9,41,12.883474111557007,3850,521
0,10,49,14.76119875907898,47,460
98,11,27,11.475362539291382,1142,460
34,12,52,11.744380235671997,1184,460
115,11,49,13.831862449645996,4248,497
158,10,19,24.257467031478882,1406,633
129,10,25,14.765990495681763,2131,466
143,10,42,13.618820428848267,93,460
153,10,25,13.320183038711548,1921,461
32,12,89,10.136566877365112,69,460
132,11,99,12.195858001708984,2158,705
118,11,54,16.906789541244507,484,499
31,11,58,16.63242816925049,121,512
40,12,68,12.131720304489136,220,679
30,13,28,14.0665442943573,1946,473
26,11,23,14.200642824172974,623,524
50,12,52,14.234949588775635,1634,630
20,11,56,9.58237099647522,1102,460
44,12,30,11.543614864349365,1406,460
111,10,24,13.529457092285156,2848,460
103,11,43,13.386529207229614,1690,460
41,11,70,12.153130531311035,181,672
124,11,48,15.149470806121826,313,669
17,10,60,16.737337112426758,63,587
58,13,40,11.717023372650146,1104,466
119,10,42,13.414531946182251,979,646
154,11,58,10.861024141311646,452,669
15,12,24,13.330306053161621,853,669
33,11,51,17.249314546585083,198,676
101,10,49,15.696288585662842,809,587
27,12,75,15.07179594039917,39,669
159,11,122,17.85396647453308,473,470
12,11,33,17.836230516433716,1020,460
93,12,77,15.811493396759033,1786,499
51,11,44,14.00378131866455,522,775
36,10,41,11.607648372650146,344,669
92,12,68,12.921578645706177,40,669
3,12,86,13.175892353057861,281,669
97,10,73,14.061511754989624,185,590
98,12,27,13.726584196090698,893,460
118,12,54,10.82656741142273,1649,460
115,12,49,12.749548435211182,759,587
153,11,25,12.498333930969238,171,466
23,12,75,15.095026969909668,25,669
32,13,89,12.452777624130249,57,587
129,11,25,13.224079608917236,373,609
40,13,68,11.723478317260742,562,587
31,12,58,11.912342548370361,666,639
30,14,28,11.88370394706726,1132,587
34,13,52,15.408263444900513,865,587
0,11,49,16.30647587776184,996,711
143,11,42,14.931411743164062,827,606
44,13,30,12.658730030059814,386,587
158,11,19,16.671486616134644,3018,543
20,12,56,13.801995754241943,1490,636
58,14,40,11.731404304504395,1015,599
132,12,99,16.195035696029663,196,676
41,12,70,12.154424667358398,106,460
101,11,49,11.445208072662354,624,460
26,12,23,16.097580194473267,1969,516
50,13,52,16.763545036315918,1459,782
17,11,60,14.310019254684448,54,587
33,12,51,13.824999332427979,2176,575
15,13,24,14.206600666046143,1002,669
111,11,24,15.75262999534607,1197,672
103,12,43,15.261974334716797,100,587
93,13,77,11.124670267105103,365,587
36,11,41,11.136932611465454,867,593
119,11,42,15.378193616867065,1023,657
12,12,33,14.895497798919678,676,616
154,12,58,17.440718173980713,463,669
98,13,27,11.643972635269165,1796,478
0,12,49,10.354121685028076,71,263
124,12,48,19.759511709213257,1690,499
159,12,122,17.249109506607056,372,599
97,11,73,14.134936094284058,101,587
51,12,44,16.071635246276855,580,592
92,13,68,16.011778116226196,35,669
32,14,89,13.780298233032227,25,587
3,13,86,16.716755390167236,164,669
58,15,40,10.632915735244751,1088,466
27,13,75,21.384446144104004,38,587
34,14,52,14.667991161346436,1030,669
118,13,54,17.526982307434082,77,669
31,13,58,16.282872200012207,2894,466
30,15,28,16.531019687652588,3516,460
26,13,23,12.307914733886719,1383,668
20,13,56,13.815717697143555,766,593
158,12,19,13.87908124923706,3007,499
23,13,75,17.569937705993652,47,587
98,14,27,7.00224232673645,746,66
101,12,49,13.82602834701538,1029,607
153,12,25,18.577940464019775,1492,499
143,12,42,16.73513102531433,732,669
93,14,77,11.241075277328491,2533,466
44,14,30,16.311051845550537,595,669
129,12,25,19.81157636642456,951,769
36,12,41,12.234659910202026,3259,466
50,14,52,14.249568939208984,1102,613
119,12,42,12.233925342559814,637,595
15,14,24,13.535370826721191,2958,460
41,13,70,17.191783666610718,1186,605
111,12,24,14.655898332595825,999,602
132,13,99,17.63148069381714,1106,660
17,12,60,15.27039647102356,54,587
0,13,49,10.916547298431396,1354,562
33,13,51,16.379880666732788,1047,589
103,13,43,15.908689498901367,56,587
51,13,44,11.389671087265015,706,599
154,13,58,15.15938425064087,85,669
3,14,86,11.402750492095947,277,669
97,12,73,14.000193119049072,369,669
124,13,48,14.614898443222046,675,587
92,14,68,14.116448640823364,25,587
30,16,28,10.81039309501648,507,496
34,15,52,13.07088041305542,164,673
98,15,27,11.42851996421814,1902,466
27,14,75,14.428747177124023,38,587
26,14,23,12.521912336349487,691,611
58,16,40,15.557976961135864,1668,513
44,15,30,10.908080577850342,1344,479
31,14,58,13.708738565444946,1150,539
32,15,89,16.74971842765808,60,593
118,14,54,14.426745653152466,1190,687
20,14,56,14.427633285522461,1459,593
23,14,75,14.561279535293579,48,587
153,13,25,14.329185247421265,549,618
158,13,19,15.14155888557434,893,665
12,13,33,22.822943210601807,1083,657
143,13,42,14.520136833190918,238,669
129,13,25,13.328023672103882,182,628
115,13,49,34.27655220031738,1387,645
111,13,24,12.279660940170288,641,609
93,15,77,15.271257400512695,871,601
36,13,41,14.316638469696045,398,669
101,13,49,16.265252828598022,837,722
119,13,42,14.168575763702393,661,597
50,15,52,14.617936611175537,1602,592
41,14,70,13.724161148071289,53,669
17,13,60,13.50351858139038,37,587
132,14,99,13.834723234176636,981,619
51,14,44,12.463251829147339,661,507
154,14,58,11.214009284973145,179,460
159,13,122,24.611626863479614,514,591
0,14,49,14.22060251235962,296,669
97,13,73,11.131971597671509,516,460
15,15,24,16.857627868652344,1276,587
124,14,48,11.037625074386597,2170,460
3,15,86,13.459187030792236,115,501
40,14,68,39.72484064102173,494,3125
33,14,51,17.003656148910522,176,698
103,14,43,17.02322220802307,38,499
98,16,27,11.980159044265747,704,460
92,15,68,14.924142122268677,43,460
30,17,28,14.22565746307373,213,646
27,15,75,13.457769870758057,55,460
34,16,52,14.64099931716919,510,460
143,14,42,11.324101686477661,793,261
20,15,56,12.838212966918945,291,460
44,16,30,14.59874439239502,1129,460
31,15,58,14.555598497390747,70,460
118,15,54,14.855490684509277,228,460
23,15,75,13.926053762435913,48,460
32,16,89,15.583946704864502,88,517
26,15,23,16.437106609344482,805,501
132,15,99,10.725991487503052,122,669
101,14,49,12.136645555496216,1156,479
158,14,19,14.214894533157349,1130,460
12,14,33,14.19816255569458,276,460
17,14,60,12.03859257698059,33,587
111,14,24,13.89237117767334,533,460
58,17,40,17.667497873306274,2209,505
41,15,70,12.905510187149048,106,460
50,16,52,13.291339635848999,466,460
153,14,25,16.345290899276733,2887,500
154,15,58,12.774625062942505,260,669
93,16,77,15.230278491973877,7673,508
115,14,49,15.84002161026001,2033,562
51,15,44,13.016576766967773,661,661
119,14,42,15.394150495529175,560,508
129,14,25,16.95135521888733,926,499
159,14,122,14.032467365264893,226,669
0,15,49,14.08400011062622,990,622
3,16,86,11.99155592918396,140,460
15,16,24,14.551740407943726,1908,593
98,17,27,11.321049690246582,2311,466
97,14,73,15.544617891311646,137,669
40,15,68,13.482207298278809,106,669
27,16,75,11.261043310165405,80,587
23,16,75,8.188124656677246,57,66
36,14,41,20.734601736068726,1082,1043
34,17,52,12.24647307395935,426,669
124,15,48,17.744155406951904,1050,625
103,15,43,15.386575937271118,37,587
30,18,28,13.792736053466797,479,709
118,16,54,10.807697534561157,119,669
92,16,68,14.89544153213501,46,669
44,17,30,11.832703351974487,2870,469
26,16,23,11.23550033569336,2692,469
31,16,58,12.79756784439087,768,505
32,17,89,11.750848293304443,46,669
158,16,19,11.263334274291992,730,475
58,18,40,10.405112743377686,1355,466
12,15,33,11.527114868164062,2976,470
101,15,49,12.159633874893188,737,587
17,15,60,11.575343132019043,57,587
111,15,24,11.719718933105469,4788,498
143,15,42,15.486823558807373,1800,601
93,17,77,11.172679901123047,183,675
41,16,70,12.965533256530762,136,669
132,16,99,15.254902601242065,1438,793
154,16,58,13.076054573059082,544,587
129,15,25,12.546662330627441,1783,612
98,18,27,10.728259801864624,3962,466
51,16,44,13.660709857940674,1348,633
0,16,49,12.392124891281128,65,592
20,16,56,18.759995937347412,18,669
15,17,24,12.510617017745972,451,587
23,17,75,10.975800514221191,45,669
50,17,52,17.82714533805847,1388,594
97,15,73,13.119725227355957,204,669
124,16,48,11.155234813690186,1273,620
33,15,51,26.63632369041443,2992,1465
159,15,122,17.106184482574463,410,669
3,17,86,17.122018337249756,82,587
34,18,52,13.51899003982544,1274,640
40,16,68,16.006566286087036,1603,603
26,17,23,12.124799013137817,1625,460
44,18,30,13.19867753982544,2214,505
153,15,25,21.568514108657837,212,602
119,15,42,21.058223724365234,2034,709
36,15,41,16.85965394973755,396,593
12,16,33,14.169935464859009,2448,507
115,15,49,23.62225651741028,1086,606
27,17,75,20.212595224380493,44,669
51,17,44,11.468262434005737,1990,493
30,19,28,21.118630409240723,295,669
124,17,48,11.217148780822754,2355,491
20,17,56,31.16638994216919,230,460
159,16,122,27.591280460357666,422,460
30,20,28,18.520473957061768,848,460
17,16,60,36.57488989830017,52,462
103,16,43,39.976062297821045,1058,669
23,18,75,30.589296102523804,39,460
32,18,89,37.867860078811646,54,460
26,18,23,26.376368761062622,1636,482
0,17,49,33.4390664100647,1649,593
40,17,68,27.467655420303345,395,499
118,17,54,40.56554293632507,641,499
101,16,49,38.53379440307617,679,460
129,16,25,34.672011613845825,162,499
34,19,52,29.04448676109314,873,499
44,19,30,28.059305429458618,929,480
119,16,42,27.164454460144043,1085,551
12,17,33,25.37870764732361,227,499
132,17,99,36.50521159172058,160,506
97,16,73,32.24635863304138,440,460
92,17,68,41.579383850097656,53,492
51,18,44,23.67896318435669,225,504
27,18,75,24.333874225616455,37,460
33,16,51,32.470935583114624,318,460
15,18,24,34.844964265823364,936,500
124,18,48,21.755069971084595,1343,530
115,16,49,27.60658288002014,581,66
143,16,42,40.89022731781006,1137,499
50,18,52,34.89273643493652,1269,505
3,18,86,32.51944088935852,872,499
93,18,77,40.55544090270996,461,499
36,16,41,29.23730182647705,276,499
98,19,27,38.48713779449463,874,505
111,16,24,42.891356229782104,1648,598
159,17,122,9.433752059936523,1683,460
58,19,40,49.28070282936096,1287,593
158,17,19,49.77617025375366,893,680
154,17,58,46.02738666534424,176,669
31,17,58,50.8426718711853,1283,652
30,21,28,13.484610795974731,499,593
129,17,25,11.787002801895142,1138,598
12,18,33,11.376907348632812,896,587
132,18,99,11.652700901031494,1373,616
44,20,30,11.868315935134888,1209,465
0,18,49,13.149482011795044,1321,569
26,19,23,14.241690874099731,208,669
118,18,54,13.172554016113281,750,669
119,17,42,12.368476867675781,338,623
51,19,44,12.383296489715576,1368,462
23,19,75,15.498775720596313,33,587
97,17,73,12.902271747589111,77,460
15,19,24,11.95954704284668,455,669
20,18,56,17.315873861312866,18,587
92,18,68,13.823449611663818,70,466
103,17,43,16.715165853500366,415,665
50,19,52,11.629745483398438,458,669
115,17,49,12.178649187088013,2941,477
27,19,75,14.684951305389404,48,587
143,17,42,12.870606184005737,527,587
101,17,49,16.95920705795288,1306,836
32,19,89,18.43107795715332,58,669
17,17,60,18.73552179336548,59,597
124,19,48,15.28230595588684,2269,535
33,17,51,16.081632614135742,402,658
93,19,77,15.225345373153687,1717,505
153,16,25,46.60185980796814,2267,627
98,20,27,16.54836869239807,1104,466
111,17,24,16.24944019317627,1925,470
40,18,68,22.322103023529053,106,669
36,17,41,18.528870582580566,1649,688
31,18,58,11.254731893539429,2726,460
58,20,40,12.334835529327393,361,587
159,18,122,15.664554119110107,89,587
34,20,52,22.8757004737854,672,602
154,18,58,12.499772310256958,778,587
129,18,25,11.721230030059814,1284,602
44,21,30,11.471398115158081,1817,460
12,19,33,12.148993253707886,2166,488
41,17,70,60.75718569755554,106,669
20,19,56,10.366078853607178,2201,460
119,18,42,12.087307214736938,1655,604
97,18,73,12.001604557037354,872,598
15,20,24,11.992650508880615,371,587
118,19,54,12.981699228286743,1491,587
50,20,52,11.090067863464355,755,587
3,19,86,22.565258026123047,59,669
51,20,44,13.365344524383545,317,669
17,18,60,10.285446405410767,2823,460
23,20,75,13.704044580459595,65,621
101,18,49,11.015996217727661,1869,684
93,20,77,9.374904870986938,513,466
32,20,89,11.656826257705688,58,460
30,22,28,16.9140043258667,616,587
0,19,49,16.176690101623535,102,589
124,20,48,11.53091025352478,3109,466
92,19,68,14.503502368927002,71,669
143,18,42,12.969364166259766,314,669
158,18,19,18.88374137878418,1130,641
103,18,43,15.49569058418274,2631,543
132,19,99,18.658884525299072,170,594
27,20,75,15.621443033218384,32,669
98,21,27,11.954407453536987,1706,593
153,17,25,13.462214469909668,309,673
36,18,41,11.216186285018921,257,593
33,18,51,16.48722767829895,412,669
58,21,40,11.89908242225647,266,587
34,21,52,11.124623537063599,523,595
159,19,122,11.993007898330688,126,613
154,19,58,12.009315013885498,416,587
40,19,68,14.94900131225586,997,595
20,20,56,12.049304485321045,906,596
41,18,70,12.472681760787964,2816,466
31,19,58,14.628870248794556,179,669
26,20,23,24.58768367767334,135,670
17,19,60,10.52398419380188,2600,466
111,18,24,17.764829635620117,1468,660
15,21,24,13.697113037109375,41,587
118,20,54,13.63095736503601,1242,587
12,20,33,15.556549310684204,206,615
129,19,25,16.306490898132324,1667,644
23,21,75,12.893312692642212,84,587
51,21,44,14.124291896820068,475,690
97,19,73,15.166118144989014,219,587
115,18,49,25.68844199180603,1147,610
50,21,52,15.241697311401367,1218,661
93,21,77,13.37688660621643,3892,499
0,20,49,13.326197147369385,563,669
92,20,68,12.942398309707642,70,587
119,19,42,17.11153292655945,767,649
124,21,48,13.467529058456421,2755,517
30,23,28,13.867583274841309,310,669
44,22,30,19.529577255249023,896,587
32,21,89,15.06184458732605,58,669
101,19,49,16.029880046844482,1477,683
132,20,99,13.332066774368286,2417,460
98,22,27,11.861086368560791,1883,593
153,18,25,11.73801851272583,462,669
143,19,42,15.589001417160034,475,613
103,19,43,14.613869190216064,122,669
33,19,51,11.06290340423584,295,676
154,20,58,10.106343984603882,1643,483
27,21,75,14.493714570999146,59,669
3,20,86,20.304930210113525,537,589
34,22,52,12.898267269134521,311,591
159,20,122,12.765120506286621,126,613
40,20,68,11.21813416481018,1478,674
58,22,40,13.829495429992676,405,585
26,21,23,10.971816778182983,1151,589
31,20,58,13.275614738464355,492,631
111,19,24,11.534778833389282,1118,638
12,21,33,12.241633653640747,95,687
23,22,75,11.932560682296753,71,587
17,20,60,14.728080987930298,1548,736
50,22,52,11.05756664276123,2115,460
41,19,70,15.605626106262207,237,675
129,20,25,12.706490516662598,188,593
51,22,44,12.131699085235596,733,593
0,21,49,10.93188762664795,71,669
92,21,68,11.06421446800232,58,587
97,20,73,12.396787405014038,514,587
33,20,51,8.560860872268677,82,166
93,22,77,12.712859630584717,445,587
98,23,27,10.359270572662354,18,101
119,20,42,13.033584594726562,746,640
15,22,24,15.946705341339111,411,587
20,21,56,18.565472841262817,1539,587
115,19,49,15.821641206741333,1725,542
30,24,28,14.654249668121338,2665,466
44,23,30,13.693552494049072,1498,587
153,19,25,14.33934211730957,1004,460
3,21,86,13.394165515899658,700,460
32,22,89,16.419999599456787,36,460
36,19,41,27.139079809188843,867,675
34,23,52,14.501073122024536,319,504
143,20,42,17.178208827972412,1359,505
124,22,48,19.89061164855957,1109,511
103,20,43,17.327131986618042,665,460
58,23,40,14.072265386581421,868,499
27,22,75,16.415781497955322,58,460
31,21,58,12.314629554748535,1622,478
159,21,122,14.89327597618103,322,545
40,21,68,14.908550024032593,1888,502
154,21,58,17.55204129219055,824,460
118,21,54,24.157258987426758,228,587
26,22,23,15.84339189529419,1926,611
101,20,49,20.382760286331177,1035,481
132,21,99,20.121992349624634,285,504
41,20,70,12.132446050643921,169,492
17,21,60,12.953056335449219,1443,460
129,21,25,13.468838453292847,261,476
12,22,33,14.316588163375854,322,570
93,23,77,12.55183744430542,2277,516
33,21,51,13.02601170539856,3598,517
0,22,49,14.690732717514038,1667,499
51,23,44,14.740582466125488,507,499
97,21,73,14.453017950057983,1246,504
23,23,75,15.817166566848755,86,460
50,23,52,16.030083417892456,1598,460
30,25,28,11.462955236434937,3516,460
92,22,68,15.545052766799927,63,463
115,20,49,12.274731874465942,1091,592
98,24,27,14.610260963439941,18,546
111,20,24,18.72472834587097,1951,518
119,21,42,14.305421829223633,715,685
44,24,30,13.90491795539856,1411,590
15,23,24,16.576057195663452,102,587
103,21,43,9.83339238166809,1532,460
20,22,56,16.968586206436157,1832,587
32,23,89,12.513206720352173,51,669
36,20,41,12.639082193374634,2935,468
27,23,75,11.874078035354614,43,669
40,22,68,11.918981313705444,2361,505
118,22,54,11.50440502166748,177,669
31,22,58,12.805026769638062,212,669
159,22,122,12.841164827346802,471,587
124,23,48,13.653287410736084,553,599
143,21,42,14.284935712814331,1293,499
34,24,52,14.59209132194519,738,503
132,22,99,12.059787273406982,196,617
154,22,58,13.64691948890686,814,587
58,24,40,14.684022188186646,3415,581
129,22,25,11.674516677856445,1180,631
101,21,49,14.085449457168579,1046,601
0,23,49,11.01315426826477,193,587
93,24,77,11.768690586090088,1121,587
17,22,60,13.348541498184204,1692,610
12,23,33,12.716742038726807,1835,514
3,22,86,19.75863814353943,264,669
51,24,44,12.476418256759644,565,593
41,21,70,15.964200496673584,126,589
98,25,27,11.759020566940308,301,587
23,24,75,13.173348426818848,41,587
30,26,28,13.354191541671753,479,647
44,26,30,11.317617654800415,252,669
119,22,42,12.881591796875,494,618
92,23,68,13.628302335739136,50,669
111,21,24,13.36872124671936,772,646
115,21,49,13.78198528289795,1364,641
20,23,56,11.44175100326538,1168,587
27,24,75,9.8994619846344,1724,460
103,22,43,12.436917066574097,516,609
32,24,89,12.324745655059814,60,587
153,20,25,26.069318532943726,188,669
33,22,51,20.40675950050354,606,634
118,23,54,12.298841714859009,215,669
34,25,52,11.26436996459961,922,466
143,22,42,12.483831882476807,206,712
3,23,86,9.253404140472412,2268,460
154,23,58,12.320767641067505,94,587
50,24,52,20.889907836914062,1051,852
129,23,25,12.228230714797974,1733,643
132,23,99,13.584727764129639,1476,602
31,23,58,14.827964067459106,1441,525
40,23,68,15.923325061798096,497,617
101,22,49,12.725867986679077,1048,742
93,25,77,12.446253061294556,3001,474
36,21,41,18.15802836418152,928,729
124,24,48,15.773163795471191,626,669
0,24,49,13.174182176589966,1044,605
98,26,27,11.024414539337158,70,669
17,23,60,13.590901851654053,1027,708
23,25,75,11.1450936794281,48,669
12,24,33,13.860629796981812,113,677
51,25,44,13.132851123809814,1447,600
30,27,28,11.513919115066528,310,587
119,23,42,11.269720554351807,999,627
44,27,30,11.401124954223633,1411,714
97,22,73,26.16898512840271,59,587
159,23,122,18.59456706047058,601,466
115,22,49,11.818353176116943,1829,503
92,24,68,12.829856157302856,24,669
58,25,40,18.745006322860718,1342,623
111,22,24,13.24189829826355,72,587
20,24,56,12.561522722244263,673,587
32,25,89,11.760526657104492,48,603
41,22,70,15.951726913452148,173,620
27,25,75,13.77226972579956,3267,460
153,21,25,13.141119956970215,243,587
33,23,51,11.609840393066406,941,675
103,23,43,15.327341079711914,1170,590
34,26,52,14.09705376625061,2269,505
129,24,25,12.266584873199463,215,607
154,24,58,13.074751853942871,147,669
143,23,42,13.605061531066895,616,648
31,24,58,12.349749088287354,1507,478
132,24,99,12.885509490966797,248,617
101,23,49,11.986443758010864,1024,624
3,24,86,14.598984956741333,281,671
36,22,41,12.130716800689697,1938,603
93,26,77,12.479237079620361,239,669
124,25,48,13.489765167236328,1473,605
33,24,51,6.461478233337402,967,66
118,24,54,17.95308518409729,338,587
97,23,73,11.54261040687561,91,669
12,25,33,13.025508165359497,228,587
50,25,52,16.55134391784668,773,593
40,24,68,15.521443128585815,106,669
119,24,42,12.769352436065674,1293,635
92,25,68,11.721842288970947,27,587
17,24,60,14.91245698928833,1440,669
115,23,49,12.563995122909546,2015,748
44,28,30,13.683159589767456,265,602
41,23,70,11.485418558120728,94,587
23,26,75,16.307370901107788,46,669
111,23,24,12.79777455329895,198,669
51,26,44,16.10395574569702,507,742
159,24,122,15.559245824813843,120,587
0,25,49,18.464617252349854,120,671
27,26,75,13.025472164154053,3081,460
32,26,89,14.676181554794312,36,587
153,22,25,13.49947476387024,262,587
20,25,56,16.258891344070435,196,669
132,25,99,10.88203740119934,581,460
44,29,30,6.404370546340942,118,5
34,27,52,13.073710203170776,425,593
103,24,43,15.305930614471436,297,669
58,26,40,19.470053911209106,1042,812
3,25,86,11.916610717773438,157,669
23,27,75,6.995787620544434,63,84
31,25,58,13.356797695159912,213,669
93,27,77,12.60286021232605,4506,460
36,23,41,13.150490045547485,3534,468
33,25,51,12.023864269256592,339,606
50,27,52,11.560274124145508,921,499
92,26,68,12.016474962234497,30,460
101,24,49,15.991145372390747,1344,645
119,25,42,12.862313270568848,538,464
154,25,58,17.34993863105774,1717,516
118,25,54,14.55868911743164,1917,519
115,24,49,12.546715021133423,1093,462
40,25,68,13.992468118667603,1180,505
41,24,70,12.813819885253906,173,493
153,23,25,9.2470223903656,39,271
124,26,48,16.55790877342224,1277,648
12,26,33,15.992060422897339,143,481
17,25,60,15.194886207580566,74,460
51,27,44,13.29386019706726,879,537
159,25,122,13.83534288406372,579,499
143,24,42,21.88370132446289,570,587
97,24,73,18.840489387512207,93,587
20,26,56,11.626213550567627,1294,460
58,27,40,9.303686141967773,446,466
0,26,49,15.201843023300171,1017,499
27,27,75,14.811206817626953,2576,460
32,27,89,14.598750114440918,46,460
23,28,75,11.688328266143799,62,463
103,25,43,12.361953735351562,3191,500
132,26,99,14.38625693321228,396,460
3,26,86,14.1688973903656,840,460
93,28,77,13.977256059646606,1097,460
33,26,51,13.388040542602539,3758,483
154,26,58,11.625934362411499,202,460
50,28,52,13.698800802230835,618,460
153,24,25,10.099707126617432,243,460
34,28,52,16.35858726501465,748,503
92,27,68,12.606833696365356,1552,460
119,26,42,12.454570293426514,498,460
41,25,70,11.414159059524536,191,669
36,24,41,15.58836841583252,349,505
31,26,58,16.316537618637085,1959,563
101,25,49,13.438224077224731,514,499
51,28,44,9.798467874526978,2702,460
118,26,54,13.865142583847046,541,499
17,26,60,12.118448972702026,1394,669
124,27,48,13.446574449539185,1374,499
20,27,56,11.301124095916748,2125,622
97,25,73,11.388106346130371,1342,650
143,25,42,11.485066413879395,1383,587
58,28,40,12.116494417190552,454,595
40,26,68,16.71024179458618,1722,670
12,27,33,15.143873929977417,446,658
159,26,122,13.484293699264526,130,669
0,27,49,12.550853252410889,209,669
23,29,75,11.042028665542603,65,654
3,27,86,9.521634340286255,745,466
27,28,75,13.57380723953247,1099,597
32,28,89,13.813571453094482,53,587
132,27,99,11.486234188079834,165,669
115,25,49,19.907689571380615,1188,772
50,29,52,11.240199089050293,930,669
41,26,70,11.505048751831055,141,587
36,25,41,11.72599983215332,1054,587
31,27,58,12.333277225494385,1375,460
103,26,43,17.420894622802734,247,651
143,26,42,9.363662004470825,1035,458
20,28,56,9.766324043273926,2158,460
101,26,49,13.07104754447937,1882,460
92,28,68,15.009180068969727,2684,578
33,27,51,16.108660221099854,467,623
17,27,60,12.75430703163147,1246,627
34,29,52,16.08283829689026,715,675
97,26,73,12.033699750900269,1007,466
154,27,58,16.799914360046387,1105,669
51,29,44,15.632769107818604,262,587
93,29,77,17.944166660308838,1046,583
124,28,48,13.29062557220459,489,638
118,27,54,16.448458909988403,31,669
58,29,40,13.737537622451782,3076,563
32,29,89,11.542665481567383,52,587
132,28,99,11.486942052841187,485,460
115,26,49,11.577057838439941,750,596
12,28,33,15.103066444396973,732,587
27,29,75,12.82765245437622,1247,597
50,30,52,10.339755296707153,1812,460
40,27,68,15.792441844940186,493,619
31,28,58,9.502145290374756,2632,466
3,28,86,17.03294610977173,203,613
41,27,70,13.0229172706604,106,669
0,28,49,18.86220693588257,624,593
23,30,75,18.484068393707275,63,701
159,27,122,20.205678701400757,1014,655
103,27,43,13.5888512134552,83,587
17,28,60,11.497040748596191,1133,609
92,29,68,12.338802099227905,2120,460
97,27,73,11.557689428329468,105,674
101,27,49,14.502159357070923,1328,462
34,30,52,12.956855297088623,1554,707
124,29,48,12.381692886352539,850,663
36,26,41,17.449753999710083,292,665
154,28,58,13.668910503387451,192,669
119,27,42,29.95393204689026,1348,834
33,28,51,15.369225025177002,1043,592
132,29,99,12.132512092590332,188,587
58,30,40,13.156865358352661,142,669
115,27,49,12.19948148727417,2689,469
31,29,58,9.836191415786743,2194,466
50,31,52,11.63573408126831,24,669
32,30,89,13.418370008468628,46,601
20,29,56,19.972636938095093,284,669
93,30,77,17.433800220489502,1495,717
27,30,75,13.721672058105469,119,669
12,29,33,14.225724935531616,1091,666
51,30,44,18.84097146987915,1049,669
118,28,54,16.74762272834778,126,546
92,30,68,11.376376867294312,3157,499
97,28,73,12.11040210723877,1864,525
143,27,42,26.51279306411743,677,587
0,29,49,16.466075897216797,115,98
20,30,56,8.667162895202637,19,171
58,31,40,10.732314109802246,2489,466
124,30,48,15.340909957885742,2803,505
17,29,60,17.778841257095337,217,467
31,30,58,13.153565645217896,2260,479
93,31,77,11.678094625473022,3565,460
101,28,49,18.243850231170654,265,460
3,29,86,22.128562688827515,1168,468
32,31,89,14.233354330062866,53,460
119,28,42,18.004515409469604,820,460
23,31,75,22.802348375320435,64,460
103,28,43,21.295539617538452,77,460
51,31,44,13.098597049713135,314,460
118,29,54,13.098907947540283,146,460
34,31,52,19.929357290267944,219,460
115,28,49,16.65290355682373,561,460
36,27,41,19.432130098342896,112,498
154,29,58,19.461723804473877,800,499
50,32,52,16.99459934234619,24,460
40,28,68,28.954913854599,106,460
159,28,122,24.600135803222656,54,460
12,30,33,15.706750631332397,1144,596
143,28,42,12.25076961517334,264,499
27,31,75,18.410951852798462,714,499
33,29,51,22.223708629608154,340,505
132,30,99,21.802899599075317,156,502
58,33,40,11.360151529312134,1236,460
97,29,73,14.347809076309204,434,505
92,31,68,16.094879865646362,2152,503
20,31,56,14.424613952636719,19,460
0,30,49,16.61310911178589,684,509
23,32,75,10.59788203239441,4018,499
32,32,89,12.05840253829956,64,587
101,29,49,12.618796110153198,933,587
17,30,60,14.452647686004639,2275,497
118,30,54,11.15645956993103,438,669
40,29,68,9.57813811302185,1210,543
154,30,58,10.491122245788574,503,511
34,32,52,11.652235269546509,834,593
103,29,43,12.297807693481445,2466,613
50,33,52,11.10144329071045,123,669
3,30,86,14.777419090270996,201,613
124,31,48,17.48325252532959,577,558
115,29,49,14.040435075759888,1316,544
31,31,58,17.553879976272583,159,669
51,32,44,15.084447860717773,1437,587
93,32,77,18.018640518188477,3418,466
159,29,122,13.661881923675537,643,732
12,31,33,13.934087038040161,400,673
36,28,41,15.237998008728027,313,499
119,29,42,16.450420141220093,605,669
143,29,42,12.767454862594604,476,585
97,30,73,10.956920385360718,369,590
132,31,99,12.276121377944946,702,587
27,32,75,13.313196897506714,784,644
41,28,70,43.02799391746521,412,1504
20,32,56,11.461519956588745,19,587
33,30,51,15.863040447235107,2195,505
101,30,49,9.665002346038818,1535,460
92,32,68,14.551592111587524,1228,608
0,31,49,11.360023021697998,208,587
32,33,89,10.838043451309204,40,669
115,30,49,10.188134670257568,2447,481
58,34,40,19.14999032020569,1287,593
93,33,77,9.554728031158447,2840,460
23,33,75,15.227160453796387,3913,505
124,32,48,11.979214429855347,1311,588
154,31,58,14.574128866195679,2615,466
3,31,86,13.256693124771118,1237,460
34,33,52,15.911255836486816,1000,593
119,30,42,11.825716018676758,309,587
118,31,54,17.03835153579712,174,669
36,29,41,12.81575059890747,1557,586
159,30,122,13.445740699768066,48,669
40,30,68,18.22306203842163,159,618
103,30,43,17.725147008895874,215,603
97,31,73,13.276304960250854,126,593
27,33,75,12.615366220474243,79,587
132,32,99,13.360095262527466,442,587
12,32,33,15.1547269821167,966,625
50,34,52,19.04880118370056,24,669
143,30,42,15.022637844085693,486,669
51,33,44,16.593268871307373,530,587
33,31,51,11.975018739700317,574,616
92,33,68,11.654187440872192,205,587
41,29,70,12.975240468978882,106,669
31,32,58,18.54556679725647,634,639
0,32,49,12.98361086845398,680,589
101,31,49,13.890033483505249,1410,669
17,31,60,24.76123547554016,158,587
32,34,89,14.324108600616455,66,696
58,35,40,12.388541221618652,446,593
124,33,48,11.978750228881836,342,587
23,34,75,13.137986421585083,663,750
3,32,86,12.73589825630188,370,607
154,32,58,13.53777003288269,319,675
115,31,49,15.211818218231201,481,669
20,33,56,20.233509302139282,110,587
36,30,41,11.808342456817627,90,669
40,31,68,11.4211745262146,421,620
93,34,77,16.983246564865112,128,669
51,34,44,10.128836870193481,1439,461
132,33,99,11.125297546386719,442,587
159,31,122,13.971492767333984,848,587
103,31,43,13.063257455825806,106,587
41,30,70,10.376864910125732,2501,509
33,32,51,11.03999376296997,2460,482
119,31,42,15.435330867767334,306,669
143,31,42,12.155475378036499,321,546
118,32,54,15.859156608581543,2470,745
50,35,52,12.911697149276733,902,587
97,32,73,14.97376537322998,1115,593
31,33,58,11.775476694107056,1666,460
27,34,75,15.263765335083008,1143,587
101,32,49,11.809220314025879,1046,587
34,34,52,18.50009322166443,769,595
0,33,49,12.023310661315918,1327,587
92,34,68,13.785181760787964,839,587
32,35,89,11.389441728591919,80,460
17,32,60,12.463917016983032,2483,541
23,35,75,10.42403268814087,2681,499
154,33,58,9.869863510131836,1648,466
115,32,49,9.816215753555298,2431,460
58,36,40,12.523696184158325,142,669
3,33,86,11.732621431350708,342,684
132,34,99,10.96753454208374,316,669
40,32,68,12.185324430465698,3290,486
93,35,77,12.489351749420166,47,633
118,33,54,11.14485216140747,157,669
50,36,52,10.94672179222107,2251,499
103,32,43,12.83109736442566,99,587
33,33,51,13.657209634780884,1965,499
159,32,122,14.226831436157227,414,594
32,36,89,9.74685263633728,79,454
17,33,60,9.380595207214355,158,460
143,32,42,14.373627424240112,1238,638
31,34,58,13.290533304214478,3372,479
154,34,58,9.179569005966187,119,460
119,32,42,15.533427715301514,785,587
34,35,52,12.655077934265137,1862,460
20,34,56,19.10523819923401,19,669
101,33,49,13.484331846237183,1975,459
58,37,40,10.055158376693726,2489,466
36,31,41,19.087339162826538,784,587
51,35,44,18.239420413970947,393,587
0,34,49,14.475423097610474,156,499
23,36,75,11.730969190597534,111,459
27,35,75,15.616020917892456,2483,499
92,35,68,15.676313400268555,1345,814
115,33,49,12.803696632385254,1972,460
3,34,86,11.981877088546753,763,460
132,35,99,11.321026086807251,112,460
40,33,68,11.245660066604614,119,460
124,35,48,26.784603595733643,417,644
93,36,77,10.799128293991089,49,460
118,34,54,11.285367727279663,1108,460
33,34,51,10.27338457107544,197,467
159,33,122,10.250069618225098,117,460
20,35,56,9.006121158599854,110,226
97,33,73,23.635793209075928,91,669
41,31,70,25.448201417922974,123,669
50,37,52,13.734894514083862,1639,492
32,37,89,12.46867036819458,71,457
17,34,60,12.769296646118164,2222,475
119,33,42,12.04300594329834,319,460
103,33,43,15.25999140739441,2135,534
34,36,52,12.279598236083984,3855,466
101,34,49,11.797860383987427,2366,460
0,35,49,11.02401089668274,654,499
31,35,58,13.60529613494873,1154,460
143,33,42,13.762818098068237,408,498
154,35,58,13.665582180023193,425,505
51,36,44,13.03928256034851,1330,563
115,34,49,10.888043880462646,1218,460
36,32,41,13.66825556755066,112,467
58,38,40,13.905093431472778,141,474
23,37,75,14.024734497070312,917,492
27,36,75,14.036294937133789,1186,460
124,36,48,11.526489019393921,801,591
40,34,68,12.240506649017334,407,707
132,36,99,12.808372974395752,172,669
92,36,68,15.781254529953003,66,597
3,35,86,15.527434587478638,331,612
33,35,51,10.980976819992065,767,499
41,32,70,11.17418122291565,210,629
50,38,52,10.865898370742798,1320,458
119,34,42,10.15077519416809,848,460
159,34,122,14.055650472640991,396,600
118,35,54,15.214901685714722,444,587
34,37,52,11.061656475067139,243,591
20,36,56,14.067054510116577,19,669
17,35,60,12.194743394851685,487,613
32,38,89,13.518387079238892,34,587
31,36,58,11.618942975997925,2929,460
115,35,49,10.38525915145874,1519,459
36,33,41,11.396962404251099,5632,534
51,37,44,12.003512144088745,1880,486
103,34,43,14.065619230270386,193,770
0,36,49,13.719295263290405,552,587
97,34,73,16.980040788650513,340,591
40,35,68,9.0618257522583,114,472
23,38,75,11.091979742050171,2180,655
93,37,77,21.32423448562622,47,587
58,39,40,12.742100954055786,227,619
27,37,75,11.711029529571533,481,466
124,37,48,12.570709705352783,313,669
132,37,99,12.331759214401245,967,587
50,39,52,10.274353981018066,2757,520
143,34,42,18.326911211013794,924,737
92,37,68,12.996088027954102,64,587
41,33,70,12.484858751296997,1724,604
159,35,122,11.000805616378784,60,587
33,36,51,14.404942035675049,2985,499
3,36,86,14.59302020072937,865,604
119,35,42,11.979524612426758,1882,533
118,36,54,13.074946403503418,813,622
115,36,49,11.572487354278564,1366,668
31,37,58,12.031819343566895,1003,681
154,36,58,23.176403522491455,1694,593
23,39,75,10.957253694534302,81,669
0,37,49,11.464743614196777,127,677
32,39,89,14.208315372467041,33,669
20,37,56,15.525389432907104,24,669
97,35,73,12.431953430175781,193,596
34,38,52,15.776459455490112,666,612
51,38,44,13.281073808670044,406,603
159,36,122,6.466168642044067,1057,66
36,34,41,14.205394268035889,250,638
119,36,42,6.8857245445251465,964,66
40,36,68,15.345567464828491,106,669
132,38,99,12.090171098709106,456,669
92,38,68,11.240674257278442,1366,625
93,38,77,15.806212425231934,50,587
103,35,43,17.483156204223633,108,586
50,40,52,12.664465188980103,1035,603
143,35,42,12.819146156311035,251,669
27,38,75,16.661911725997925,510,593
3,37,86,10.893822193145752,419,470
124,38,48,16.180521965026855,675,587
118,37,54,10.801956176757812,1466,460
17,36,60,23.636866092681885,96,669
33,37,51,14.388559103012085,573,644
0,38,49,10.971447706222534,787,601
115,38,49,13.202162027359009,990,608
31,38,58,13.310192584991455,1868,499
41,34,70,17.463401794433594,1411,599
32,40,89,12.515222787857056,2208,460
97,36,73,12.20397162437439,1454,587
20,38,56,12.861377000808716,19,669
23,40,75,13.929970979690552,5154,583
159,37,122,12.257261276245117,93,587
34,39,52,13.221440076828003,732,587
51,39,44,12.975992918014526,1028,595
154,37,58,16.09330177307129,182,667
119,37,42,12.614197492599487,428,598
40,37,68,11.721665382385254,539,602
93,39,77,11.283285140991211,73,669
132,39,99,12.092895030975342,1311,586
27,39,75,10.563536882400513,1002,309
143,36,42,12.013459920883179,305,587
103,36,43,13.492051839828491,102,587
36,35,41,17.253173351287842,2296,518
50,41,52,13.864362239837646,24,669
118,38,54,12.305126905441284,2142,460
3,38,86,14.317744255065918,802,593
92,39,68,16.676597118377686,185,628
33,38,51,12.026466131210327,543,476
20,39,56,8.50697636604309,110,222
124,39,48,14.911689519882202,1050,601
115,39,49,12.102638483047485,814,460
31,39,58,12.400445699691772,2143,479
0,39,49,14.14461350440979,1578,499
17,37,60,16.831868886947632,1476,499
51,40,44,12.564236402511597,1931,480
34,40,52,12.965908527374268,247,480
23,41,75,14.347912788391113,609,499
159,38,122,14.218489646911621,657,499
97,37,73,15.23141598701477,199,468
93,40,77,13.043514490127563,130,460
41,35,70,17.340698957443237,204,499
119,38,42,14.51278829574585,1627,855
32,41,89,17.377679109573364,1979,524
143,37,42,12.930718660354614,326,460
103,37,43,12.469431638717651,505,502
40,38,68,15.986969947814941,337,499
154,38,58,17.456528902053833,3903,499
132,40,99,16.102949142456055,230,499
27,40,75,15.9042489528656,1574,499
36,36,41,13.93649411201477,170,484
50,42,52,13.653416872024536,24,460
118,39,54,12.880871534347534,208,460
3,39,86,14.49629259109497,416,531
20,40,56,13.528271198272705,20,460
31,40,58,11.905132055282593,2193,472
115,40,49,12.79447627067566,759,460
92,40,68,15.632507562637329,611,533
124,40,48,15.125774383544922,1273,493
33,39,51,15.575801372528076,1631,499
51,41,44,10.909773588180542,188,587
0,40,49,12.865895986557007,1653,460
17,38,60,12.643491506576538,1561,460
159,39,122,12.886749505996704,169,670
97,38,73,13.021989107131958,1017,591
34,41,52,14.21888256072998,681,499
41,36,70,11.602165937423706,106,669
32,42,89,12.283753395080566,4807,502
103,38,43,11.319717407226562,338,587
93,41,77,14.183153629302979,130,669
23,42,75,15.53563904762268,1608,519
143,38,42,12.82227635383606,247,590
50,43,52,12.067915916442871,24,669
132,41,99,13.215205669403076,994,669
118,40,54,12.172756433486938,212,669
36,37,41,13.89616346359253,2557,508
40,39,68,15.62856936454773,281,594
3,40,86,11.879456043243408,682,669
20,41,56,12.470381736755371,19,587
115,41,49,12.651546716690063,581,669
51,42,44,11.820142984390259,227,587
119,39,42,19.851736068725586,513,587
154,39,58,17.921903371810913,462,837
0,41,49,12.667943954467773,156,669
124,41,48,13.172887563705444,3109,466
33,40,51,13.259212255477905,183,679
17,39,60,13.03134298324585,100,587
92,41,68,14.998234987258911,356,669
159,40,122,11.407119274139404,824,587
41,37,70,12.60027527809143,1668,460
23,43,75,10.942534446716309,704,587
34,42,52,13.313313245773315,5344,487
143,39,42,10.970271348953247,165,460
103,39,43,13.288797616958618,351,669
93,42,77,14.240064859390259,130,669
50,44,52,13.031416893005371,1768,460
32,43,89,16.642471313476562,2058,696
132,42,99,13.542312860488892,1899,501
3,41,86,12.056911706924438,241,596
97,39,73,18.382112979888916,281,587
118,41,54,14.838621616363525,3433,499
36,38,41,13.952658891677856,288,652
119,40,42,11.46105408668518,765,600
20,42,56,13.373859167098999,20,669
40,40,68,14.351988315582275,175,669
27,41,75,28.90328574180603,226,669
31,41,58,25.71062731742859,88,587
154,40,58,12.378109455108643,298,606
51,43,44,13.224207878112793,394,703
115,42,49,13.981896162033081,2941,477
33,41,51,12.35941767692566,2307,466
0,42,49,13.760520458221436,76,669
17,40,60,13.14962649345398,2270,500
124,42,48,14.096857786178589,1473,605
92,42,68,12.737329483032227,1544,603
23,44,75,12.419545412063599,422,607
34,43,52,12.91063666343689,791,575
143,40,42,13.048034906387329,232,730
103,40,43,12.980722665786743,376,669
50,45,52,13.205925703048706,841,595
32,44,89,12.720635175704956,682,695
97,40,73,12.523241758346558,186,676
36,39,41,12.171714782714844,3536,589
27,42,75,11.74900484085083,173,669
93,43,77,16.789905548095703,130,587
20,43,56,13.290261030197144,19,635
33,42,51,12.09342360496521,529,558
101,35,49,100.93521070480347,1574,460
132,43,99,16.811259508132935,195,603
154,41,58,13.839103698730469,1534,592
0,43,49,11.94951868057251,328,589
31,42,58,14.86597228050232,572,667
17,41,60,12.08275818824768,77,669
124,43,48,12.479506731033325,850,721
159,41,122,25.146373510360718,490,587
40,41,68,16.25551986694336,154,587
115,43,49,15.935150623321533,1091,598
36,40,41,6.294049978256226,179,59
41,38,70,26.017399787902832,291,620
92,43,68,15.346301317214966,285,630
34,44,52,12.80133581161499,2622,499
119,41,42,19.063119888305664,369,669
23,45,75,15.653701543807983,840,681
103,41,43,13.63749647140503,644,460
143,41,42,15.92302942276001,175,587
50,46,52,12.057813882827759,610,460
3,42,86,25.193974256515503,689,606
97,41,73,13.189943790435791,86,460
32,45,89,13.865670442581177,1335,460
118,42,54,25.204359769821167,751,669
27,43,75,12.896983861923218,1087,460
93,44,77,12.085255861282349,156,460
20,44,56,13.482206106185913,19,460
132,44,99,12.278710842132568,331,452
154,42,58,12.55783748626709,378,460
115,44,49,10.231064796447754,561,460
103,42,43,6.450318813323975,167,59
101,36,49,14.144135475158691,751,565
159,42,122,11.829833507537842,196,460
33,43,51,14.261447191238403,1703,460
31,43,58,13.463863372802734,1601,460
124,44,48,12.826079607009888,2803,505
41,39,70,10.086090326309204,106,460
40,42,68,13.948370695114136,2658,505
0,44,49,15.78378415107727,661,499
17,42,60,15.262145757675171,1682,499
34,45,52,14.11417293548584,423,460
92,44,68,15.582056283950806,1112,515
50,47,52,12.258849620819092,31,460
32,46,89,12.333712100982666,588,470
118,43,54,12.065088748931885,103,460
93,45,77,12.14944076538086,155,460
23,46,75,16.366028785705566,513,569
20,45,56,12.020047187805176,24,460
132,45,99,12.03799033164978,1173,460
3,43,86,15.889747619628906,299,499
33,44,51,11.05808401107788,465,669
27,44,75,14.33519959449768,4373,483
159,43,122,11.975139617919922,195,587
97,42,73,16.177690267562866,495,499
154,43,58,14.369822978973389,1199,500
115,45,49,14.089225769042969,481,499
41,40,70,13.43005108833313,245,669
101,37,49,14.616695642471313,745,499
0,45,49,12.066004037857056,532,669
124,45,48,14.81575083732605,342,669
31,44,58,15.200178861618042,1061,592
40,43,68,15.095669507980347,311,669
50,48,52,11.50085163116455,99,587
92,45,68,11.524514198303223,966,460
34,46,52,13.12958836555481,688,593
17,43,60,17.135127782821655,85,669
0,46,49,7.380474805831909,439,85
118,44,54,13.573158502578735,1259,499
23,47,75,12.648391962051392,1734,460
32,47,89,14.758832454681396,589,587
27,45,75,12.784311771392822,207,673
33,45,51,12.9911949634552,1174,593
3,44,86,13.641308784484863,349,669
20,46,56,13.910330772399902,867,587
132,46,99,14.077975749969482,667,587
115,46,49,11.931577205657959,1366,684
97,43,73,13.77807903289795,81,669
154,44,58,13.421340703964233,129,677
31,45,58,12.496290445327759,946,460
40,44,68,11.02154016494751,201,587
41,41,70,15.081533670425415,173,620
159,44,122,17.500500202178955,355,675
101,38,49,15.549620866775513,843,587
50,49,52,12.38771677017212,142,669
34,47,52,13.666622161865234,261,675
124,46,48,16.361528396606445,213,641
93,46,77,22.937743663787842,68,590
17,44,60,13.541696548461914,247,602
92,46,68,15.639381170272827,431,603
118,45,54,13.483273267745972,508,587
33,46,51,12.105717897415161,378,669
32,48,89,13.211719512939453,1914,342
20,47,56,11.906494140625,1460,330
23,48,75,14.878618955612183,4245,466
27,46,75,13.318214893341064,114,677
97,44,73,12.567124366760254,771,669
3,45,86,14.221252918243408,1019,612
132,47,99,14.269559621810913,679,665
154,45,58,13.102177143096924,2264,499
31,46,58,12.217868089675903,794,660
41,42,70,12.39864182472229,2438,484
159,45,122,12.796712636947632,1118,587
115,47,49,17.63644766807556,308,663
101,39,49,13.315629005432129,548,587
0,47,49,21.54128885269165,304,733
34,48,52,12.016479015350342,358,669
93,47,77,11.511510133743286,71,590
124,47,48,12.054730892181396,372,587
40,45,68,15.551755905151367,109,587
92,47,68,14.164126634597778,300,643
20,48,56,11.942062854766846,1509,631
3,46,86,11.340085506439209,538,587
17,45,60,16.91135334968567,1744,561
97,45,73,12.394279956817627,737,669
33,47,51,14.892664194107056,2288,558
32,49,89,15.076651096343994,188,587
23,49,75,15.062678575515747,174,669
118,46,54,17.171074867248535,1116,499
50,50,52,23.401966094970703,83,669
31,47,58,13.556385517120361,792,467
27,47,75,16.88209629058838,3343,515
154,46,58,14.749995708465576,1024,460
41,43,70,14.7077317237854,3068,499
159,46,122,14.43613338470459,261,503
40,46,68,13.063374757766724,186,460
132,48,99,18.71112847328186,1554,519
93,48,77,15.023193359375,173,499
115,48,49,16.94153141975403,221,499
34,49,52,17.091981887817383,360,506
101,40,49,17.991156101226807,4886,566
92,48,68,14.447192668914795,2697,473
20,49,56,14.344116449356079,52,460
0,48,49,19.463006019592285,483,590
33,48,51,12.28982400894165,1420,455
3,47,86,13.664898872375488,1407,470
118,47,54,11.719744205474854,473,460
97,46,73,14.576657772064209,385,460
23,50,75,13.84516191482544,1294,460
27,48,75,12.074511051177979,84,460
17,46,60,16.075065851211548,1655,515
50,51,52,13.553650140762329,102,499
41,44,70,11.692523717880249,193,460
132,49,99,11.454852104187012,176,469
31,48,58,15.467989921569824,1499,468
159,47,122,13.294237613677979,659,499
40,47,68,13.66996955871582,108,460
32,50,89,19.321738243103027,3153,593
154,47,58,17.882190227508545,1991,501
93,49,77,14.952900409698486,172,460
20,50,56,11.820494651794434,463,460
34,50,52,14.478124856948853,77,460
101,41,49,15.441932439804077,643,547
3,48,86,13.102264881134033,210,460
23,51,75,11.081104755401611,161,460
33,49,51,13.71802544593811,1056,460
27,49,75,11.025641202926636,69,460
97,47,73,13.148293256759644,1401,526
92,49,68,16.341631412506104,1675,560
41,45,70,11.391039371490479,106,669
118,48,54,15.611114978790283,305,499
17,47,60,14.365255117416382,318,587
132,50,99,12.348011493682861,1019,688
40,48,68,11.158063411712646,106,669
159,48,122,14.083786487579346,1571,499
31,49,58,15.401039838790894,402,587
154,48,58,13.204800844192505,186,587
32,51,89,15.225918531417847,82,669
93,50,77,14.34015154838562,68,669
3,49,86,12.286372661590576,1449,460
34,51,52,14.67147159576416,506,628
101,42,49,13.425564289093018,1035,499
97,48,73,12.402825117111206,240,707
23,52,75,14.472678184509277,2486,520
41,46,70,13.345559358596802,1643,460
20,51,56,18.49989938735962,31,587
132,51,99,11.674693822860718,175,594
33,50,51,16.4631667137146,1104,593
17,48,60,13.100988626480103,771,500
92,50,68,15.423419952392578,452,669
118,49,54,14.064953327178955,3716,460
40,49,68,12.556581258773804,1312,730
27,50,75,19.36225199699402,507,581
32,52,89,12.826925039291382,143,587
31,50,58,14.957329273223877,18,669
93,51,77,11.89043641090393,63,587
3,50,86,11.998140096664429,2474,478
101,43,49,11.405256986618042,514,587
154,49,58,16.669458389282227,3053,540
159,49,122,18.538132905960083,726,587
17,49,60,10.950739860534668,87,669
132,52,99,12.007488489151001,1032,613
23,53,75,13.962916374206543,162,703
41,47,70,12.736926794052124,182,592
31,51,58,6.654505014419556,18,101
92,51,68,12.629646301269531,301,618
20,52,56,13.668253421783447,261,587
97,49,73,16.654408931732178,187,587
118,50,54,13.574998378753662,524,587
27,51,75,11.636219501495361,892,460
40,50,68,15.420346736907959,116,669
93,52,77,11.995685338973999,144,460
31,52,58,7.786357164382935,18,135
20,53,56,8.313790082931519,261,235
3,51,86,14.357061862945557,211,460
101,44,49,13.982648611068726,548,499
159,50,122,13.540549993515015,1548,499
32,53,89,17.44375514984131,143,610
154,50,58,14.022118330001831,664,499
41,48,70,11.869893789291382,206,493
132,53,99,13.61074709892273,522,460
23,54,75,13.888833999633789,1569,457
17,50,60,15.175050020217896,959,499
31,53,58,6.450355529785156,18,101
27,52,75,12.642683506011963,84,460
40,51,68,11.721344947814941,230,460
118,51,54,13.81284475326538,300,499
92,52,68,15.984930992126465,2371,644
97,50,73,15.860592365264893,977,502
93,53,77,13.556396961212158,35,460
20,54,56,11.724123239517212,388,460
31,54,58,7.137118339538574,18,135
159,51,122,12.190829277038574,187,460
132,54,99,10.705365419387817,969,460
41,49,70,12.381193399429321,1097,499
3,52,86,14.247628211975098,2080,476
32,54,89,13.85004210472107,1808,586
154,51,58,13.786842107772827,1898,462
101,45,49,14.80812954902649,4886,566
23,55,75,12.389028072357178,222,460
17,51,60,13.078245639801025,281,460
31,55,58,6.444725513458252,18,93
40,52,68,13.460962057113647,2573,499
92,53,68,12.712408781051636,1676,460
27,53,75,14.489699840545654,1188,499
118,52,54,14.466341495513916,2970,499
93,54,77,10.61125135421753,25,460
159,52,122,8.389915704727173,67,289
97,51,73,14.23894476890564,102,502
20,55,56,11.130198955535889,102,460
132,55,99,11.015950202941895,2185,460
154,52,58,12.030151844024658,236,669
17,52,60,10.040804624557495,1607,467
41,50,70,13.276601791381836,117,669
32,55,89,13.590490341186523,1743,505
3,53,86,15.320865154266357,216,685
23,56,75,16.061190128326416,164,587
40,53,68,13.250598669052124,137,669
31,56,58,14.329622268676758,18,694
101,46,49,21.25607919692993,624,746
132,56,99,11.50136661529541,131,669
97,52,73,14.564887762069702,1448,499
118,53,54,16.394291639328003,508,669
92,54,68,17.695677757263184,471,609
159,53,122,16.30001735687256,73,669
154,53,58,12.09977674484253,392,587
27,54,75,19.249337911605835,205,669
93,55,77,19.33933687210083,45,587
17,53,60,12.551774024963379,2352,499
32,56,89,12.566132307052612,288,675
3,54,86,12.525676965713501,1166,669
31,57,58,11.488420724868774,18,669
40,54,68,12.053128719329834,191,669
41,51,70,18.63131856918335,106,669
23,57,75,14.77446436882019,445,721
132,57,99,12.367287158966064,151,669
27,55,75,11.330906391143799,1928,460
154,54,58,12.275875091552734,1026,593
159,54,122,14.489672660827637,73,675
93,56,77,12.128256797790527,91,587
97,53,73,15.603959083557129,275,617
92,55,68,16.25404453277588,307,581
3,55,86,12.189223527908325,211,587
17,54,60,15.263245820999146,328,669
32,57,89,17.014389991760254,157,669
40,55,68,13.185246706008911,211,460
41,52,70,12.335790395736694,2505,460
132,58,99,11.63126826286316,131,460
101,47,49,25.18203830718994,621,1032
23,58,75,15.037145376205444,661,505
27,56,75,12.349271297454834,1820,460
154,55,58,11.66840672492981,652,460
93,57,77,11.443772077560425,144,460
97,54,73,12.341017723083496,216,463
3,56,86,10.596012830734253,505,460
159,55,122,13.499483108520508,576,499
17,55,60,11.944304943084717,1629,478
92,56,68,13.703298568725586,1791,540
41,53,70,12.287278175354004,192,460
32,58,89,13.33349084854126,353,499
132,59,99,12.974100828170776,69,461
23,59,75,12.082794904708862,322,466
27,57,75,11.638652324676514,196,477
101,48,49,13.668747425079346,483,499
93,58,77,12.727522850036621,42,460
154,56,58,13.723602533340454,726,499
40,56,68,19.418108701705933,547,1064
3,57,86,12.44034457206726,44,460
97,55,73,12.777366876602173,109,499
159,56,122,11.974601745605469,342,460
92,57,68,11.777513980865479,3149,469
41,54,70,11.338385581970215,360,460
17,56,60,15.171567916870117,1385,535
32,59,89,13.30643916130066,361,514
154,57,58,7.8441174030303955,147,163
23,60,75,11.643961668014526,1267,466
132,60,99,13.465198040008545,69,460
93,59,77,11.475877046585083,46,458
3,58,86,11.463062763214111,33,460
97,56,73,12.763597249984741,109,460
27,58,75,16.216558694839478,2452,505
159,57,122,14.08728289604187,268,460
40,57,68,14.735250234603882,2029,561
92,58,68,13.596755027770996,645,505
17,57,60,10.531406879425049,188,460
41,55,70,11.04173755645752,1356,460
32,60,89,12.03710675239563,409,573
23,61,75,11.89031720161438,2425,551
132,61,99,10.826831102371216,71,669
93,60,77,11.167016506195068,53,587
3,59,86,11.491360425949097,56,587
27,59,75,11.831352710723877,160,674
97,57,73,13.044482231140137,417,669
92,59,68,11.058469533920288,852,486
40,58,68,12.032587051391602,652,587
159,58,122,15.852566242218018,156,669
17,58,60,15.743870973587036,246,669
132,62,99,12.741103410720825,41,669
3,60,86,10.969040393829346,23,587
41,56,70,18.345597505569458,2186,527
32,61,89,16.62197780609131,3550,532
27,60,75,10.693222045898438,184,669
23,62,75,17.576390743255615,182,613
93,61,77,16.57799482345581,94,593
92,60,68,12.224705219268799,130,501
40,59,68,13.44182276725769,1441,477
159,59,122,10.759068012237549,450,460
97,58,73,15.489411354064941,181,669
132,63,99,10.928017139434814,57,460
3,61,86,12.312394380569458,97,460
41,57,70,12.612179040908813,107,499
27,61,75,12.515303134918213,531,460
17,59,60,21.973193168640137,1614,1250
92,61,68,14.85377550125122,1645,554
97,59,73,12.257940769195557,228,460
93,62,77,15.645204544067383,145,466
23,63,75,16.714442253112793,1916,582
132,64,99,10.44061017036438,138,460
40,60,68,14.842808485031128,1513,504
32,62,89,20.77030920982361,1305,705
41,58,70,10.34355616569519,176,476
159,60,122,16.547481298446655,1061,499
3,62,86,11.247411966323853,85,462
27,62,75,12.782115697860718,95,460
132,65,99,9.951587438583374,43,460
97,60,73,12.060746669769287,195,460
92,62,68,12.55032229423523,305,503
93,63,77,12.351759910583496,149,460
32,63,89,11.404767751693726,498,460
159,61,122,11.179242849349976,110,460
40,61,68,14.205069541931152,294,460
3,63,86,12.628315210342407,1051,499
23,64,75,16.2480046749115,184,503
41,59,70,13.951876878738403,1493,460
132,66,99,9.707759141921997,58,460
27,63,75,14.14326524734497,2996,514
40,62,68,6.616691827774048,18,135
159,62,122,11.150153398513794,122,460
92,63,68,15.800037860870361,373,505
40,63,68,6.520473957061768,18,101
93,64,77,17.947554111480713,726,460
97,61,73,18.54870295524597,1079,499
3,64,86,14.535362482070923,109,460
132,67,99,11.230222702026367,69,460
32,64,89,18.626556873321533,1026,517
23,65,75,15.774860143661499,3279,480
27,64,75,11.963543176651001,213,499
41,60,70,17.91390609741211,525,499
159,63,122,11.709418058395386,336,669
97,62,73,11.784741878509521,195,669
93,65,77,12.020676851272583,130,669
132,68,99,11.542439699172974,83,669
92,64,68,15.830016613006592,3107,498
40,64,68,16.86581826210022,18,700
27,65,75,14.853597164154053,182,499
32,65,89,16.06282091140747,1714,488
3,65,86,19.546096563339233,116,669
23,66,75,18.995315313339233,352,543
41,61,70,16.710538387298584,971,475
159,64,122,14.384665250778198,536,499
40,65,68,8.481990814208984,18,152
132,69,99,12.790479183197021,47,460
92,65,68,12.734359502792358,2048,475
93,66,77,14.902462720870972,130,460
27,66,75,9.73119044303894,1640,460
97,63,73,17.707885265350342,1255,499
40,66,68,6.4482152462005615,18,101
32,66,89,12.149809837341309,264,499
3,66,86,12.16487193107605,342,460
41,62,70,11.334217071533203,1563,460
159,65,122,11.24656081199646,143,460
23,67,75,13.072240591049194,519,458
40,67,68,6.645292043685913,18,104
92,66,68,11.261290311813354,543,460
93,67,77,11.960354566574097,130,460
132,70,99,13.211862087249756,47,460
27,67,75,11.442923784255981,134,476
97,64,73,12.968671083450317,128,463
32,67,89,12.826201677322388,622,499
41,63,70,11.175477743148804,170,460
159,66,122,13.639201641082764,609,460
23,68,75,12.156979084014893,110,460
3,67,86,15.563346147537231,143,501
93,68,77,10.792948007583618,130,460
92,67,68,12.352289199829102,303,614
41,64,70,6.474908351898193,18,101
132,71,99,12.074071645736694,57,460
97,65,73,9.695219993591309,74,460
27,68,75,13.443378210067749,2679,460
32,68,89,10.88410496711731,5031,555
41,65,70,6.785806655883789,18,93
159,67,122,12.609264612197876,829,460
132,72,99,9.411661148071289,57,460
3,68,86,12.789590835571289,155,460
23,69,75,13.885431051254272,1276,460
93,69,77,12.24736475944519,48,460
41,66,70,6.499128580093384,18,66
27,69,75,13.536952018737793,330,460
97,66,73,14.18815541267395,630,499
32,69,89,12.151005744934082,304,593
41,67,70,7.0009918212890625,18,135
23,70,75,11.077055215835571,606,460
159,68,122,14.076560258865356,156,587
132,73,99,12.735929727554321,73,669
93,70,77,11.93257761001587,52,587
3,69,86,14.31952714920044,83,669
41,68,70,7.2513957023620605,18,104
27,70,75,12.287505626678467,188,460
32,70,89,13.466781854629517,1547,508
97,67,73,15.447579860687256,428,499
132,74,99,11.577442169189453,54,460
41,69,70,6.7561445236206055,18,135
3,70,86,12.117775440216064,97,460
93,71,77,13.252381324768066,60,463
23,71,75,15.921638488769531,1717,583
159,69,122,15.275542736053467,2043,499
27,71,75,13.203424453735352,215,460
32,71,89,13.560389280319214,437,544
97,68,73,11.762497901916504,245,460
132,75,99,11.703291654586792,78,460
23,72,75,12.327375888824463,188,460
3,71,86,14.081184387207031,433,499
93,72,77,14.861185073852539,232,460
159,70,122,14.075167417526245,659,460
32,72,89,12.42081618309021,737,499
97,69,73,12.629513502120972,315,472
27,72,75,15.8652503490448,378,647
132,76,99,11.670552968978882,69,460
23,73,75,10.931391716003418,544,460
3,72,86,11.158372640609741,690,460
159,71,122,10.307172536849976,599,460
93,73,77,11.106881618499756,66,461
97,70,73,12.062709093093872,253,499
132,77,99,11.011001348495483,39,460
32,73,89,14.478227376937866,2583,499
27,73,75,13.95556902885437,399,499
3,73,86,11.244016408920288,108,460
159,72,122,11.663333892822266,2163,493
93,74,77,12.636260986328125,65,455
97,71,73,12.22886323928833,120,460
132,78,99,12.361852407455444,46,460
23,74,75,22.849154949188232,355,1144
32,74,89,16.452531099319458,363,573
159,73,122,12.754772424697876,63,460
93,75,77,11.686763286590576,68,452
3,74,86,14.092020273208618,1027,460
27,74,75,16.503009557724,1263,669
97,72,73,10.934298038482666,149,460
132,79,99,11.254956245422363,67,460
159,74,122,12.162419319152832,30,460
93,76,77,13.577960968017578,754,460
3,75,86,14.577605247497559,281,499
132,80,99,10.724927186965942,53,460
32,75,89,18.35025382041931,3096,588
3,76,86,11.453284978866577,164,460
159,75,122,14.56608510017395,64,460
132,81,99,11.821008920669556,44,460
32,76,89,11.783445596694946,167,460
3,77,86,13.169683456420898,281,499
159,76,122,14.087843656539917,28,460
132,82,99,14.365516424179077,58,536
32,77,89,15.17110013961792,1062,499
3,78,86,14.2261323928833,194,499
132,83,99,13.852787733078003,57,500
32,78,89,12.844239711761475,206,474
159,77,122,17.557968854904175,56,460
3,79,86,13.77764630317688,281,499
132,84,99,11.524612426757812,61,460
159,78,122,11.538589000701904,28,460
32,79,89,12.84086799621582,267,460
132,85,99,10.602259874343872,65,460
3,80,86,13.727510213851929,155,460
159,79,122,13.115570068359375,48,460
32,80,89,16.60326099395752,3043,572
132,86,99,10.604787826538086,37,460
3,81,86,14.083615064620972,2315,460
159,80,122,14.726003646850586,31,460
32,81,89,13.446364879608154,261,474
132,87,99,14.17055869102478,38,460
3,82,86,9.142674684524536,142,253
159,81,122,13.673593759536743,52,460
132,88,99,12.399312973022461,53,460
32,82,89,15.549701690673828,527,583
3,83,86,16.92968511581421,270,499
159,82,122,11.665245532989502,41,460
3,84,86,8.557176351547241,177,240
132,89,99,17.41218137741089,40,479
159,83,122,14.814309358596802,26,460
3,85,86,10.740350008010864,175,285
32,83,89,25.061567068099976,1163,696
132,90,99,16.99172306060791,312,460
159,84,122,12.989202499389648,43,460
32,84,89,15.326899528503418,961,621
132,91,99,10.594754934310913,44,460
159,85,122,15.659204483032227,29,460
32,85,89,15.776471138000488,628,533
132,92,99,13.073955297470093,43,460
159,86,122,11.494789123535156,27,460
159,87,122,14.579344272613525,138,460
32,86,89,23.38155722618103,77,460
132,93,99,24.609376668930054,43,460
159,88,122,14.031051874160767,64,460
132,94,99,11.932519674301147,52,460
32,87,89,16.620115995407104,580,460
159,89,122,15.930309295654297,64,460
132,95,99,12.920719385147095,65,460
159,90,122,11.155157327651978,69,460
132,96,99,15.450539350509644,37,460
32,88,89,30.369841814041138,912,1452
159,91,122,13.899449586868286,40,460
132,97,99,20.835247039794922,200,460
159,92,122,13.134653568267822,42,460
159,93,122,12.133791208267212,75,460
132,98,99,18.39697551727295,289,601
159,94,122,11.293992519378662,50,460
159,95,122,10.853025913238525,77,460
159,96,122,14.547079086303711,38,460
159,97,122,11.782050609588623,34,460
159,98,122,11.909892320632935,50,460
159,99,122,7.087983846664429,34,174
159,100,122,11.867095708847046,42,460
159,101,122,13.491873979568481,71,460
159,102,122,7.18091607093811,33,174
159,103,122,9.79858136177063,36,460
159,104,122,9.26439356803894,21,460
159,105,122,12.627843618392944,79,460
159,106,122,9.495765447616577,54,460
159,107,122,14.097600221633911,51,460
159,108,122,14.021016359329224,23,460
159,109,122,13.22341513633728,28,460
159,110,122,12.147358894348145,77,460
159,111,122,7.547766447067261,26,225
159,112,122,10.150696039199829,74,460
159,113,122,14.778666734695435,55,496
159,114,122,12.478490591049194,61,460
159,115,122,11.88815951347351,59,464
159,116,122,11.472643613815308,326,460
159,117,122,6.246331453323364,172,40
159,118,122,16.206016302108765,1120,499
159,119,122,23.002867698669434,356,593
159,120,122,16.174340963363647,1898,518
159,121,122,6.557406425476074,456,5
280,5,36,10.89570951461792,80,212
279,5,35,12.234129667282104,1590,292
187,5,60,14.520500421524048,671,460
225,6,57,14.74041223526001,3585,460
282,5,59,14.347593784332275,512,460
269,5,52,14.451963186264038,59,460
205,6,56,15.501009941101074,682,460
253,6,46,16.0651798248291,318,460
182,5,71,16.823004007339478,1446,473
186,6,38,16.93185019493103,1276,540
232,5,83,16.631468772888184,298,460
235,5,37,16.827451467514038,824,460
215,6,55,16.990403175354004,48,460
204,5,24,17.0837664604187,1880,460
272,5,48,16.65838098526001,1126,460
277,6,50,16.78397274017334,564,475
262,5,58,16.94804811477661,352,460
220,6,88,17.28901743888855,1099,460
181,5,24,18.452041625976562,1292,588
289,4,56,17.772979259490967,1982,523
236,5,40,18.407469034194946,1624,520
248,6,37,18.928747415542603,2764,569
178,5,22,19.598859786987305,1549,642
210,4,46,19.60941982269287,3103,506
273,5,22,19.171576976776123,2889,499
266,5,35,23.219530820846558,1035,1056
280,6,36,12.272498607635498,1227,460
269,6,52,11.607314825057983,147,669
279,6,35,13.793545484542847,514,499
205,7,56,12.083914756774902,909,625
282,6,59,13.272258996963501,421,587
272,6,48,11.737810611724854,1074,623
182,6,71,12.838764905929565,186,679
215,7,55,12.846636295318604,70,669
225,7,57,15.148840427398682,1004,587
235,6,37,13.865589380264282,635,587
262,6,58,13.759024858474731,658,587
253,7,46,14.765796899795532,106,669
289,5,56,13.07327938079834,1551,606
186,7,38,14.781782627105713,1686,593
236,6,40,12.96422791481018,946,635
232,6,83,14.772487878799438,1189,587
204,6,24,14.58722996711731,768,595
273,6,22,12.07535719871521,1978,611
187,6,60,17.844978094100952,3333,563
210,5,46,12.858926773071289,456,643
220,7,88,15.52906084060669,3173,614
178,6,22,13.952744483947754,1651,669
248,7,37,14.757143259048462,175,563
266,6,35,11.060391664505005,769,601
277,7,50,18.148051023483276,938,641
181,6,24,18.125852584838867,2319,752
235,7,37,6.86357569694519,1941,66
279,7,35,13.331672191619873,474,587
225,8,57,9.86813759803772,1568,480
272,7,48,12.35995626449585,1341,587
236,7,40,10.150015354156494,942,460
269,7,52,15.34178876876831,762,629
273,7,22,12.252813816070557,1179,625
262,7,58,13.911684513092041,399,587
187,7,60,12.809308767318726,129,593
210,6,46,12.531476259231567,1264,460
182,7,71,15.668004989624023,868,633
204,7,24,13.878222227096558,301,587
282,7,59,17.423699855804443,789,587
248,8,37,13.590685844421387,174,285
215,8,55,18.19544291496277,46,587
181,7,24,12.157431840896606,3255,485
289,6,56,17.260912656784058,568,592
220,8,88,15.822459697723389,1081,468
178,7,22,15.550922870635986,2149,478
277,8,50,13.691269636154175,1211,466
232,7,83,18.25981092453003,578,683
280,7,36,27.775198221206665,81,669
266,7,35,17.68483853340149,1162,500
186,8,38,22.077186822891235,689,596
269,8,52,11.855774641036987,91,460
235,8,37,16.875536918640137,1107,508
253,8,46,23.771859407424927,1863,676
279,8,35,15.421333074569702,255,460
225,9,57,16.201048374176025,2094,460
236,8,40,14.371811866760254,588,366
272,8,48,15.263208389282227,357,460
187,8,60,11.965013265609741,589,460
273,8,22,14.669472455978394,1234,460
262,8,58,13.658710718154907,155,460
204,8,24,13.982773065567017,1274,459
282,8,59,14.33442759513855,746,460
182,8,71,15.438807010650635,766,460
181,8,24,13.395103454589844,915,460
210,7,46,17.024999380111694,1069,499
220,9,88,13.867756366729736,862,461
277,9,50,13.709436416625977,698,460
215,9,55,15.319103956222534,54,460
248,9,37,16.14574384689331,736,489
289,7,56,15.247791528701782,73,466
205,8,56,36.89388680458069,308,587
232,8,83,15.469640970230103,898,460
280,8,36,14.260246276855469,672,460
178,8,22,17.326364755630493,2336,511
253,9,46,11.527850866317749,1428,587
266,8,35,14.162492513656616,1584,460
272,9,48,12.088435411453247,1573,481
225,10,57,13.630268335342407,1013,627
236,9,40,14.243630409240723,1516,608
269,9,52,16.65435290336609,147,669
186,9,38,17.00191330909729,1477,513
235,9,37,16.070923805236816,419,587
262,9,58,12.414797306060791,283,669
279,9,35,16.12593150138855,181,669
282,9,59,12.377933740615845,1037,587
182,9,71,12.22719144821167,791,669
273,9,22,15.109791040420532,2413,613
187,9,60,16.803754091262817,694,669
204,9,24,15.33205270767212,858,602
210,8,46,13.344326734542847,1138,594
289,8,56,12.353192329406738,1597,668
181,9,24,14.940154314041138,2272,672
215,10,55,14.220031499862671,57,587
232,9,83,13.493870735168457,151,587
280,9,36,13.999670028686523,116,587
220,10,88,17.305484533309937,1357,622
253,10,46,14.953749656677246,142,669
235,10,37,11.857624292373657,761,546
225,11,57,13.064979553222656,3243,460
266,9,35,16.535637855529785,1121,651
178,9,22,17.32872462272644,3315,709
186,10,38,12.911849975585938,395,669
279,10,35,12.674429416656494,753,587
269,10,52,13.972093343734741,163,669
204,10,24,9.662617921829224,579,463
182,10,71,11.737417221069336,290,587
248,10,37,20.962401151657104,382,712
262,10,58,13.676050424575806,123,587
282,10,59,12.535322427749634,607,587
187,10,60,12.87157130241394,1192,587
277,10,50,23.87610960006714,872,587
236,10,40,17.484947443008423,599,587
205,9,56,23.90893316268921,192,587
210,9,46,13.097323417663574,1234,596
215,11,55,11.733764171600342,56,669
232,10,83,11.326820373535156,1714,460
289,9,56,14.529774904251099,1035,614
181,10,24,14.442984342575073,1770,587
280,10,36,11.747669458389282,107,669
273,10,22,17.84365463256836,1551,611
220,11,88,12.294495820999146,18,587
282,11,59,9.450824975967407,1518,456
253,11,46,13.183888673782349,106,669
235,11,37,12.597531080245972,512,669
266,10,35,12.799139738082886,292,597
186,11,38,12.628369331359863,599,587
204,11,24,11.74027419090271,604,669
269,11,52,13.266985893249512,2708,626
262,11,58,12.911054134368896,1783,587
182,11,71,13.1370370388031,324,587
277,11,50,13.527065992355347,900,546
215,12,55,11.903630495071411,55,587
248,11,37,16.854180097579956,1058,676
210,10,46,13.076916694641113,3131,482
236,11,40,13.782356023788452,413,627
187,11,60,15.462141752243042,2211,669
232,11,83,12.012251853942871,447,607
220,12,88,11.54753851890564,258,669
273,11,22,13.090031385421753,2062,647
289,10,56,13.887861013412476,872,622
178,10,22,22.225947856903076,1029,587
225,12,57,23.16048550605774,1290,606
272,10,48,37.46847987174988,580,587
279,11,35,22.023498058319092,67,587
205,10,56,17.838812589645386,430,609
282,13,59,14.654510736465454,379,460
262,12,58,11.475236177444458,316,460
253,12,46,14.612922430038452,65,460
280,11,36,18.01034164428711,2162,621
204,12,24,13.298187732696533,566,514
235,12,37,14.643456220626831,1141,468
186,12,38,14.161054372787476,240,460
220,13,88,6.905824899673462,18,101
266,11,35,15.430052042007446,1060,460
182,12,71,14.280661344528198,901,460
277,12,50,11.71715521812439,589,460
269,12,52,15.670136213302612,250,492
181,11,24,23.087090253829956,1934,618
248,12,37,13.331742286682129,310,460
215,13,55,14.259318351745605,52,460
210,11,46,14.42579436302185,1632,460
232,12,83,14.171054601669312,523,460
187,12,60,14.336620092391968,843,460
236,12,40,16.531383275985718,404,512
273,12,22,13.645782232284546,1211,460
225,13,57,12.843481302261353,1079,460
272,11,48,12.888620138168335,306,460
289,11,56,14.46087098121643,1441,492
280,12,36,9.748952865600586,1585,255
205,11,56,14.228490114212036,475,481
178,11,22,15.286369562149048,3919,460
279,12,35,16.7358558177948,539,499
282,14,59,13.93245816230774,490,460
235,13,37,13.564460277557373,1017,460
262,13,58,14.861171007156372,715,460
253,13,46,14.8522207736969,106,460
266,12,35,12.868390560150146,1659,460
220,14,88,14.062371492385864,3070,480
269,13,52,12.710998296737671,147,460
186,13,38,16.257485151290894,1187,499
210,12,46,10.970591068267822,1388,479
277,13,50,15.37425971031189,1817,492
181,12,24,13.034940004348755,1517,472
182,13,71,15.853224992752075,499,499
215,14,55,12.364603042602539,64,460
204,13,24,18.468446254730225,1892,513
248,13,37,14.703225135803223,757,499
289,12,56,11.807919263839722,55,669
232,13,83,15.170395135879517,472,669
225,14,57,12.811292171478271,2193,474
273,13,22,13.657392501831055,1624,460
205,12,56,11.88536024093628,390,692
280,13,36,13.129725217819214,1176,585
187,13,60,16.576841592788696,287,669
178,12,22,14.410504341125488,2692,460
266,13,35,12.332519054412842,595,587
253,14,46,13.336153030395508,1675,460
269,14,52,11.473641872406006,1431,653
272,12,48,19.721019506454468,644,780
282,15,59,16.432758569717407,513,587
186,14,38,12.766971111297607,2449,451
210,13,46,12.962615251541138,1736,613
182,14,71,12.183204650878906,1239,681
181,13,24,12.87364387512207,4130,499
220,15,88,15.635615110397339,748,626
262,14,58,16.464301109313965,158,669
279,13,35,17.60387349128723,557,604
235,14,37,17.097339153289795,1026,599
289,13,56,12.046600103378296,65,669
277,14,50,16.768912076950073,1027,660
205,13,56,13.178797245025635,368,587
225,15,57,13.90014386177063,1727,460
186,15,38,7.696629524230957,1278,79
204,14,24,19.745190858840942,1925,615
273,14,22,15.89391279220581,1353,645
253,15,46,10.796293020248413,747,486
187,14,60,15.313745498657227,1227,645
269,15,52,11.241687536239624,1330,587
280,14,36,16.397156715393066,310,583
232,14,83,17.271897077560425,276,587
182,15,71,11.318472146987915,855,587
178,13,22,15.87840223312378,2292,606
210,14,46,11.394389867782593,522,669
282,16,59,12.181538820266724,542,465
248,14,37,22.7494695186615,399,587
279,14,35,12.7167387008667,385,669
277,15,50,9.60012936592102,1395,460
266,14,35,17.30800724029541,1892,517
272,13,48,15.681297779083252,320,662
262,15,58,13.946293354034424,198,587
220,16,88,14.556724071502686,2453,452
186,16,38,11.413609504699707,888,587
181,14,24,18.22547698020935,861,587
205,14,56,13.277014017105103,1901,481
236,13,40,40.90115928649902,726,616
235,15,37,19.824865341186523,918,678
204,15,24,13.339310646057129,1743,460
182,16,71,11.01173210144043,782,587
253,16,46,14.961242198944092,180,669
248,15,37,11.294322729110718,947,596
272,14,48,9.304229259490967,679,113
280,15,36,15.37440824508667,303,587
269,16,52,15.48969578742981,117,587
210,15,46,12.969148635864258,18,587
282,18,59,13.528824090957642,927,587
215,15,55,37.135069608688354,68,587
187,15,60,17.75348925590515,244,675
277,16,50,12.38083291053772,1067,473
232,15,83,17.607035398483276,626,671
266,15,35,13.178780555725098,1027,484
178,14,22,17.189862966537476,664,592
262,16,58,14.747047424316406,1568,460
273,15,22,21.789539575576782,1175,700
279,15,35,16.859272956848145,584,499
186,17,38,13.279499292373657,829,460
181,15,24,13.284307479858398,437,460
236,14,40,13.12676215171814,609,460
220,17,88,17.361693859100342,208,499
205,15,56,14.267253160476685,213,460
235,16,37,13.468472003936768,328,460
225,16,57,29.39623236656189,1238,587
182,17,71,13.050563097000122,340,460
253,17,46,13.215954065322876,106,460
248,16,37,13.118401527404785,396,487
204,16,24,16.106337070465088,2133,499
282,20,59,13.08820390701294,189,466
215,16,55,13.482874631881714,53,460
187,16,60,12.529938220977783,1215,284
232,16,83,12.741697549819946,1501,460
277,17,50,13.554022073745728,649,460
269,17,52,15.485138893127441,147,460
220,18,88,7.3956921100616455,18,101
289,14,56,37.52266192436218,76,689
280,16,36,16.42808723449707,1950,499
210,16,46,17.275137662887573,674,499
272,15,48,18.271141052246094,1256,848
262,17,58,13.004117012023926,141,460
178,15,22,14.045867919921875,2182,489
266,16,35,16.455742835998535,882,513
186,18,38,12.824362516403198,1598,460
279,16,35,15.27746057510376,876,460
273,16,22,16.377699851989746,848,499
181,16,24,14.269009828567505,337,460
236,15,40,14.476542949676514,606,482
182,18,71,11.758972644805908,580,587
235,17,37,13.720695972442627,689,464
225,17,57,13.28027081489563,1692,460
205,16,56,15.49398136138916,286,475
248,17,37,11.900274276733398,396,601
253,18,46,13.281212568283081,2126,460
204,17,24,12.990335464477539,1654,460
282,22,59,12.940194368362427,676,546
187,17,60,12.905940055847168,364,674
277,18,50,12.302532434463501,397,587
269,18,52,12.489246129989624,1091,621
289,15,56,11.766868352890015,75,669
220,19,88,14.335906982421875,571,597
272,16,48,12.111874341964722,422,669
215,17,55,15.680044174194336,52,587
232,17,83,15.445135354995728,2374,499
235,18,37,7.193464279174805,506,66
186,19,38,11.069817781448364,322,592
178,16,22,13.43858814239502,1695,460
262,18,58,13.90674901008606,77,588
280,17,36,15.822897911071777,1414,549
266,17,35,13.985008716583252,1387,610
236,16,40,12.295247316360474,299,587
205,17,56,11.176551580429077,1768,677
210,17,46,18.773717880249023,18,587
279,17,35,15.185034990310669,176,669
273,17,22,14.699761152267456,1227,587
225,18,57,13.285969257354736,1506,460
204,18,24,11.452646255493164,1212,610
181,17,24,16.251506567001343,4307,502
187,18,60,11.29923963546753,1219,593
253,19,46,13.211715698242188,1504,460
289,16,56,11.74290657043457,495,690
277,19,50,12.693986654281616,1173,486
235,19,37,11.119806051254272,518,669
232,18,83,12.049062728881836,581,669
248,18,37,18.651219367980957,557,596
269,19,52,15.330900192260742,95,669
282,23,59,17.020776510238647,1197,724
220,20,88,14.739617347717285,18,664
186,20,38,13.634302377700806,1281,591
262,19,58,13.303565263748169,301,587
279,18,35,10.954284906387329,600,669
215,18,55,17.419196367263794,51,669
272,17,48,18.642276525497437,231,687
204,21,24,11.080439567565918,604,669
205,18,56,13.281440258026123,4358,460
253,20,46,10.757269620895386,159,678
178,17,22,17.771472215652466,2305,499
280,18,36,18.34085512161255,99,596
266,18,35,18.183701276779175,2468,559
182,19,71,28.875638484954834,748,669
210,18,46,16.0513653755188,1136,574
181,18,24,14.655088186264038,1688,725
236,17,40,18.076843738555908,619,613
225,19,57,15.773975372314453,2567,460
289,17,56,15.084318399429321,351,587
235,20,37,13.518137216567993,299,587
187,19,60,16.760151386260986,2127,505
277,20,50,14.983544826507568,1885,460
269,20,52,12.164518356323242,147,669
262,20,58,11.667090892791748,402,587
220,21,88,12.658633470535278,695,587
232,19,83,14.855637311935425,401,587
282,24,59,14.20884370803833,1359,747
186,21,38,14.711437702178955,2225,471
215,19,55,12.677374362945557,64,666
279,19,35,13.094369411468506,512,546
248,19,37,17.732341527938843,642,616
280,19,36,11.540230989456177,1163,304
205,19,56,13.42362642288208,255,477
253,21,46,12.8512282371521,106,460
272,18,48,14.390381336212158,666,472
187,20,60,8.089188575744629,286,96
273,18,22,26.99754810333252,919,587
178,18,22,14.264484167098999,131,460
204,22,24,15.548184394836426,1654,499
182,20,71,13.486924171447754,939,460
225,20,57,13.01211404800415,1356,460
210,19,46,14.042830467224121,1089,460
266,19,35,15.901697158813477,1165,493
269,21,52,13.97704267501831,1917,460
181,20,24,17.523313760757446,1688,460
277,21,50,15.010297775268555,916,460
220,22,88,14.33802080154419,420,479
289,18,56,16.779717445373535,491,460
235,21,37,16.673056840896606,206,460
236,18,40,20.17912483215332,445,499
262,21,58,16.840306997299194,114,460
280,20,36,12.026894807815552,147,481
232,20,83,16.99631357192993,300,460
282,25,59,16.62587833404541,615,460
186,22,38,15.411247968673706,339,471
215,20,55,15.993860244750977,60,460
279,20,35,15.976321935653687,93,460
178,19,22,13.357568740844727,135,460
253,22,46,15.252305030822754,2066,504
248,20,37,17.13827419281006,426,505
272,19,48,15.392117023468018,311,460
273,19,22,15.265342235565186,303,460
205,20,56,16.78291940689087,1811,503
210,20,46,13.874684572219849,1031,479
187,21,60,17.242292165756226,1579,505
182,21,71,16.0625,634,499
225,21,57,15.298272371292114,621,587
266,20,35,14.623658895492554,2838,482
204,23,24,17.960530519485474,1212,521
277,22,50,12.979700326919556,885,460
181,21,24,13.322666883468628,229,697
289,19,56,12.383126735687256,1101,460
236,19,40,11.347421646118164,316,587
262,22,58,13.370094299316406,274,669
282,26,59,13.33231520652771,1298,460
220,23,88,17.053602695465088,1131,612
215,21,55,13.0020751953125,86,669
178,20,22,12.036545753479004,81,621
272,20,48,11.150744438171387,691,606
235,22,37,18.317235231399536,572,587
248,21,37,12.27083969116211,400,616
205,21,56,11.654845714569092,209,626
232,21,83,16.478094577789307,120,587
277,23,50,7.448988437652588,725,66
279,21,35,14.80718469619751,536,669
269,22,52,21.72557258605957,74,669
253,23,46,14.840574741363525,140,747
273,20,22,14.57300615310669,41,587
182,22,71,12.960670709609985,969,587
289,20,56,11.306355953216553,537,587
210,21,46,15.305384874343872,2500,532
225,22,57,14.063543796539307,2996,460
181,22,24,12.59644365310669,593,652
266,21,35,15.689333438873291,1503,476
280,21,36,23.627723455429077,591,590
187,22,60,18.087157011032104,1991,505
262,23,58,11.840410232543945,806,587
236,20,40,15.544633150100708,557,585
186,23,38,24.74644184112549,1126,657
215,22,55,12.767653942108154,76,587
248,22,37,11.768994808197021,426,593
220,24,88,14.636414766311646,1226,499
235,23,37,13.21265459060669,386,669
279,22,35,12.450385808944702,151,669
232,22,83,12.920576095581055,216,587
277,24,50,12.868814468383789,797,669
269,23,52,12.995977640151978,147,669
273,21,22,11.31989312171936,102,587
272,21,48,15.75107216835022,1143,603
282,27,59,19.478139400482178,795,670
253,24,46,15.195262432098389,106,669
182,23,71,13.45976209640503,1481,495
186,24,38,9.602565050125122,992,464
181,23,24,13.519152402877808,396,731
178,21,22,20.581868171691895,256,587
205,22,56,19.788354635238647,416,595
210,22,46,15.603126287460327,1109,569
225,23,57,15.639811515808105,1818,460
262,24,58,12.690632820129395,264,669
236,21,40,12.460068464279175,324,669
280,22,36,14.909645080566406,133,669
187,23,60,14.772645235061646,237,593
269,24,52,9.44549560546875,1364,466
266,22,35,16.74493384361267,1619,603
289,21,56,19.56686544418335,912,594
215,23,55,13.986683368682861,1900,460
232,23,83,12.401406049728394,460,669
272,22,48,12.706192016601562,1008,587
248,23,37,16.375580549240112,561,594
235,24,37,16.122080326080322,746,587
279,23,35,16.131494522094727,1064,596
277,25,50,16.133821487426758,737,587
282,28,59,12.442124605178833,1285,466
220,25,88,17.00772500038147,19,587
186,25,38,10.845241785049438,2364,277
253,25,46,13.416401386260986,1383,511
182,24,71,16.508538484573364,1045,638
205,23,56,14.400829792022705,523,468
210,23,46,14.638845682144165,540,477
269,25,52,12.382233619689941,175,484
262,25,58,14.50506854057312,600,462
187,24,60,13.353873491287231,1988,466
280,23,36,15.062004804611206,1134,463
225,24,57,17.300801753997803,5381,499
236,22,40,16.012272119522095,566,499
232,24,83,12.651443243026733,1011,460
215,24,55,13.237554788589478,1248,466
289,22,56,14.266639232635498,711,474
266,23,35,18.024267196655273,1212,567
272,23,48,14.650120735168457,973,460
279,24,35,13.115605354309082,985,460
277,26,50,13.008972406387329,512,460
235,25,37,13.631776809692383,171,460
282,29,59,14.858388423919678,502,460
186,26,38,14.951419591903687,141,466
253,26,46,14.421251058578491,110,465
220,26,88,16.107619524002075,3830,636
248,24,37,18.56144618988037,791,514
205,24,56,12.814677238464355,290,468
182,25,71,13.859371662139893,316,460
269,26,52,13.222045660018921,147,460
280,24,36,11.974699974060059,1361,460
210,24,46,14.04131555557251,2011,498
262,26,58,15.064519166946411,1391,499
232,25,83,13.858201742172241,640,460
187,25,60,15.921182632446289,252,499
215,25,55,14.308524370193481,138,466
236,23,40,15.853667736053467,317,499
225,25,57,15.884473323822021,1532,499
277,27,50,11.484289169311523,736,702
289,23,56,16.434826374053955,154,503
282,30,59,11.48228931427002,797,593
279,25,35,13.475808382034302,290,460
235,26,37,13.331991910934448,1025,460
253,27,46,11.845523357391357,106,669
186,27,38,12.639173746109009,94,669
266,24,35,15.619469404220581,607,499
272,24,48,15.626522302627563,719,499
220,27,88,13.119141340255737,2078,476
182,26,71,11.506793022155762,839,588
205,25,56,13.50386357307434,1784,483
210,25,46,12.236009120941162,1281,587
269,27,52,12.877804040908813,1529,497
280,25,36,13.143537998199463,124,669
236,24,40,10.612200736999512,452,460
262,27,58,14.047804832458496,262,597
272,25,48,8.138599157333374,717,129
187,26,60,14.105755090713501,3751,493
248,25,37,20.510021924972534,1009,597
282,31,59,11.372373819351196,485,672
277,28,50,13.778566122055054,653,587
215,26,55,15.071757555007935,2514,505
186,28,38,10.834407091140747,295,669
232,26,83,16.30452585220337,644,595
289,24,56,13.68789529800415,1350,669
220,28,88,10.155901432037354,1343,274
235,27,37,13.600198984146118,1213,587
182,27,71,11.467602491378784,887,602
225,26,57,17.10078477859497,1159,587
253,28,46,15.327686071395874,587,546
205,26,56,12.30838394165039,626,587
280,26,36,11.097436904907227,1009,592
266,25,35,18.508042573928833,481,587
279,26,35,20.54497766494751,778,669
210,26,46,15.317943811416626,1513,499
272,26,48,11.342966794967651,714,679
262,28,58,13.883167266845703,166,669
282,32,59,11.554436683654785,1068,595
269,28,52,17.150287628173828,204,662
248,26,37,13.016351461410522,99,587
235,28,37,11.831284999847412,197,587
277,29,50,13.749223470687866,1673,482
215,27,55,13.958419799804688,2168,517
236,25,40,17.77476477622986,608,587
220,29,88,13.704637050628662,24,587
205,27,56,11.055495023727417,696,587
182,28,71,13.86194658279419,2008,460
272,27,48,8.075983047485352,517,149
225,27,57,15.783377408981323,404,669
289,25,56,17.811330556869507,242,669
280,27,36,13.46818733215332,1143,587
266,26,35,11.081937551498413,222,587
279,27,35,11.724189758300781,816,587
232,27,83,20.50500202178955,955,669
186,29,38,20.67263174057007,1242,587
187,27,60,22.532614707946777,217,644
253,29,46,18.065174102783203,843,674
210,27,46,14.002589225769043,19,669
262,29,58,13.118865013122559,753,460
269,29,52,13.714483737945557,147,460
282,33,59,15.147538185119629,489,458
235,29,37,13.208444356918335,759,460
277,30,50,13.578853130340576,849,460
220,30,88,12.551265716552734,19,460
215,28,55,14.578444719314575,1851,544
248,27,37,17.010708570480347,1214,499
205,28,56,13.679696798324585,1807,488
182,29,71,14.686616897583008,492,460
236,26,40,17.643640995025635,667,509
272,28,48,14.988354921340942,528,466
225,28,57,13.995216369628906,650,460
280,28,36,13.908308506011963,199,460
232,28,83,12.183849334716797,1331,460
279,28,35,13.244582176208496,271,460
289,26,56,14.769397497177124,1099,499
266,27,35,14.309153318405151,254,460
253,30,46,12.016766786575317,104,467
210,28,46,12.65004849433899,19,460
187,28,60,14.501658201217651,2988,512
186,30,38,14.712587833404541,366,460
262,30,58,12.854015588760376,118,460
269,30,52,13.056509256362915,202,479
235,30,37,13.774981498718262,2564,475
277,31,50,13.34368085861206,902,460
220,31,88,13.231104373931885,19,460
215,29,55,12.563159465789795,72,460
282,34,59,16.480287790298462,514,504
236,27,40,11.521685600280762,255,460
182,30,71,12.78450059890747,201,515
248,28,37,16.014251708984375,376,499
272,29,48,13.09640383720398,442,480
280,29,36,12.758487939834595,2291,460
266,28,35,12.21793246269226,237,669
289,27,56,12.515053510665894,1000,587
225,29,57,13.645463943481445,757,460
205,29,56,16.60886526107788,1457,499
279,29,35,13.047311067581177,905,669
262,31,58,9.86839771270752,1847,269
232,29,83,13.519263982772827,1208,460
186,31,38,11.281621217727661,188,669
253,31,46,13.180241346359253,106,669
187,29,60,13.519875049591064,359,738
269,31,52,14.381061553955078,147,669
215,30,55,11.297197818756104,81,669
220,32,88,12.777880430221558,19,669
210,29,46,18.26994228363037,19,587
282,35,59,11.480094909667969,19,587
277,32,50,13.583368062973022,680,587
186,32,38,7.069971084594727,275,66
236,28,40,11.574246406555176,504,671
182,31,71,11.65552306175232,889,597
279,30,35,11.207997560501099,425,669
280,30,36,12.41909408569336,144,669
205,30,56,11.794229745864868,843,669
289,28,56,12.555731058120728,115,587
253,32,46,11.231168031692505,393,669
272,30,48,13.440062284469604,1031,475
225,30,57,13.206514358520508,1647,460
232,30,83,13.836976051330566,497,587
262,32,58,15.401604652404785,865,587
235,31,37,22.452289819717407,2105,763
187,30,60,13.770695447921753,1857,505
220,33,88,10.749351739883423,21,669
279,31,35,7.978054523468018,615,66
277,33,50,11.828423023223877,430,675
210,30,46,12.630069732666016,19,669
186,33,38,12.469134092330933,255,669
282,36,59,12.919446229934692,19,669
236,29,40,12.447584629058838,344,669
215,31,55,14.975918292999268,3521,505
266,29,35,21.862500190734863,875,750
182,32,71,12.549835920333862,327,609
269,32,52,16.49133038520813,1504,531
205,31,56,10.252662420272827,557,460
272,31,48,11.224425792694092,657,675
248,29,37,25.545204877853394,402,678
253,33,46,12.054359436035156,1112,460
280,31,36,14.310955286026001,1612,463
289,29,56,14.574932098388672,165,669
235,32,37,11.146054983139038,742,669
232,31,83,13.790055513381958,2782,460
236,30,40,7.714258432388306,345,79
225,31,57,16.07994532585144,446,587
187,31,60,13.12996506690979,359,620
262,33,58,15.47261905670166,634,669
279,32,35,12.2487154006958,1298,460
282,37,59,11.77595853805542,28,592
220,34,88,15.10515022277832,19,732
269,33,52,11.656526803970337,155,669
210,31,46,13.782039880752563,19,669
277,34,50,14.368261098861694,696,596
182,33,71,12.434341669082642,1498,527
205,32,56,12.908391952514648,1134,587
272,32,48,11.61027216911316,547,460
186,34,38,15.848116874694824,39,659
266,31,35,15.51240348815918,1121,661
215,32,55,16.138603448867798,309,633
253,34,46,13.8690824508667,262,460
289,30,56,12.343439817428589,792,460
280,32,36,13.830701351165771,692,460
235,33,37,12.282653093338013,221,460
248,30,37,17.277106523513794,1214,540
236,31,40,13.199852705001831,285,460
232,32,83,14.413228034973145,285,460
186,35,38,6.323077917098999,196,40
262,34,58,11.650869846343994,122,460
187,32,60,13.2423415184021,2035,477
225,32,57,13.810739994049072,918,460
279,33,35,12.804594993591309,304,460
220,35,88,12.84649920463562,19,460
205,33,56,11.389578342437744,667,460
269,34,52,12.770498275756836,147,460
282,38,59,14.735823631286621,25,460
277,35,50,13.376242876052856,880,460
210,32,46,14.741772413253784,19,460
266,32,35,12.64143705368042,1659,460
272,33,48,14.952261686325073,694,499
187,33,60,8.863686800003052,246,105
289,31,56,13.232304096221924,997,480
280,33,36,12.81380558013916,188,460
186,36,38,10.249108791351318,39,259
215,33,55,16.229214906692505,2397,587
248,31,37,12.117607116699219,468,460
235,34,37,14.066197156906128,991,460
253,35,46,15.972233772277832,106,460
210,33,46,6.963577032089233,19,66
225,33,57,12.846016645431519,763,460
232,33,83,14.326778173446655,218,460
236,32,40,14.78318476676941,1013,460
262,35,58,14.825284481048584,1108,499
279,34,35,13.496477127075195,1209,460
220,36,88,12.296295881271362,19,460
205,34,56,12.00379991531372,782,460
282,39,59,12.821297883987427,108,669
277,36,50,13.024211883544922,510,590
182,34,71,27.448336601257324,538,988
272,34,48,12.144527912139893,970,768
266,33,35,13.707869052886963,875,601
269,35,52,16.838815212249756,1252,460
215,34,55,11.308501482009888,176,675
187,34,60,14.253534078598022,450,554
225,34,57,10.933964490890503,557,587
280,34,36,15.049770832061768,469,587
253,36,46,14.04907751083374,1735,454
186,37,38,15.653990030288696,284,677
262,36,58,11.074090957641602,829,593
210,34,46,13.254483938217163,19,669
248,32,37,15.21442198753357,188,587
289,32,56,16.6155903339386,1145,587
272,35,48,7.262078523635864,336,155
236,33,40,13.274629592895508,362,587
220,37,88,12.514746189117432,19,669
282,40,59,11.222566366195679,19,648
232,34,83,14.454161882400513,453,587
277,37,50,11.539961338043213,1434,460
205,35,56,13.567349195480347,777,700
235,35,37,18.362711429595947,444,595
182,35,71,12.530840873718262,1695,460
215,35,55,11.925885915756226,2215,460
269,36,52,14.72553825378418,158,587
225,35,57,12.66919469833374,386,587
280,35,36,12.432491064071655,179,740
253,37,46,12.399572610855103,81,704
210,35,46,11.86184573173523,19,669
248,33,37,13.226213693618774,623,587
272,36,48,12.878752708435059,1198,732
187,35,60,16.911045789718628,2164,500
232,35,83,11.969510793685913,606,587
205,36,56,11.924208641052246,760,625
220,38,88,14.972463369369507,25,669
277,38,50,14.15581226348877,980,593
236,34,40,16.78757643699646,1021,595
262,37,58,18.234466314315796,1473,499
266,34,35,24.0145001411438,175,669
235,36,37,14.767612934112549,1125,593
289,33,56,18.662917852401733,745,669
215,36,55,11.607657432556152,503,669
182,36,71,14.308920860290527,476,728
282,41,59,18.127543687820435,19,587
269,37,52,13.295694589614868,147,587
225,36,57,12.051053524017334,1099,460
210,36,46,13.539214611053467,19,587
248,34,37,12.36749005317688,146,638
272,37,48,14.576581954956055,839,587
187,36,60,15.334718465805054,257,588
236,35,40,12.491584062576294,1181,521
253,38,46,19.524431705474854,106,669
220,39,88,14.784780979156494,19,460
182,37,71,12.131224632263184,1289,467
277,39,50,14.922797203063965,1569,476
289,34,56,13.76551866531372,1385,479
205,37,56,17.549103021621704,819,499
215,37,55,13.184362411499023,4580,575
282,42,59,12.892477750778198,19,460
232,36,83,19.374320030212402,450,587
269,38,52,11.570860624313354,780,482
262,38,58,16.632540464401245,564,499
225,37,57,13.30036187171936,384,460
210,37,46,13.350225687026978,19,460
236,36,40,12.619254112243652,2278,460
248,35,37,17.513054847717285,111,489
187,37,60,14.136444568634033,895,460
253,39,46,13.545515298843384,347,460
282,43,59,12.344565391540527,19,460
277,40,50,14.198107242584229,900,460
215,38,55,14.3104989528656,253,460
272,38,48,18.82463002204895,547,499
232,37,83,13.5381441116333,293,460
262,39,58,12.768163681030273,1563,466
289,35,56,15.024572610855103,225,518
220,40,88,16.314239025115967,19,460
269,39,52,13.884559869766235,718,499
182,38,71,16.390300273895264,189,503
205,38,56,16.345011711120605,2073,460
225,39,57,13.7720468044281,1004,460
248,36,37,8.76855754852295,108,161
210,38,46,13.279715538024902,19,460
236,37,40,15.31820034980774,743,499
277,41,50,12.68552827835083,498,460
253,40,46,14.42317819595337,1043,460
282,44,59,14.193886041641235,24,460
187,38,60,16.311251878738403,3576,593
232,38,83,12.722188949584961,229,460
182,39,71,11.672470569610596,1172,670
269,40,52,13.377784013748169,2183,495
289,36,56,13.866202592849731,329,488
215,39,55,15.003683805465698,3684,548
205,39,56,13.236263990402222,645,587
220,41,88,15.086081504821777,24,669
262,40,58,15.701737403869629,2022,503
272,39,48,16.335535764694214,1091,507
225,40,57,14.854326248168945,1013,639
253,41,46,10.964293956756592,125,669
210,39,46,18.805277347564697,1508,519
282,45,59,11.41488766670227,19,669
187,39,60,11.493716955184937,173,693
236,38,40,13.395992517471313,1243,587
277,42,50,12.96664047241211,575,587
232,39,83,13.089824914932251,179,669
289,37,56,12.06079888343811,640,669
182,40,71,14.014786720275879,573,656
215,40,55,13.08196473121643,4041,516
269,41,52,14.046646356582642,80,669
272,40,48,13.128584146499634,355,601
205,40,56,14.575845956802368,885,679
262,41,58,14.49133825302124,212,666
225,41,57,13.867984771728516,3243,499
220,42,88,17.005306243896484,19,669
253,42,46,14.02869701385498,18,587
236,39,40,12.522320985794067,1150,460
232,40,83,11.336892127990723,98,669
282,46,59,14.503650665283203,19,587
187,40,60,15.652416229248047,1544,499
182,41,71,14.177103519439697,3149,472
277,43,50,17.14449715614319,1469,506
269,42,52,13.817579746246338,147,460
289,38,56,15.872137069702148,203,607
272,41,48,13.869129419326782,712,460
253,43,46,6.539878606796265,18,93
210,40,46,21.163615703582764,413,628
262,42,58,14.572790384292603,316,460
225,42,57,14.015718221664429,1692,460
205,41,56,16.206085920333862,943,499
220,43,88,13.091338396072388,19,460
215,41,55,18.393051862716675,255,513
253,44,46,6.90545916557312,18,93
232,41,83,14.060322046279907,258,460
282,47,59,13.991089344024658,1814,460
277,44,50,11.86585545539856,380,460
210,41,46,10.213489055633545,31,295
269,43,52,14.722407817840576,160,460
187,41,60,17.385077476501465,329,499
253,45,46,7.522130250930786,18,151
182,42,71,17.343756437301636,550,505
272,42,48,15.47873854637146,459,460
225,43,57,13.655275106430054,1356,460
220,44,88,13.331905603408813,19,460
205,42,56,13.425166368484497,472,474
262,43,58,14.469386577606201,220,479
289,39,56,17.2425856590271,1508,542
215,42,55,13.247027158737183,200,466
232,42,83,11.999038934707642,993,460
210,42,46,8.42765998840332,261,217
269,44,52,6.656264066696167,18,93
282,48,59,12.559932708740234,879,460
277,45,50,12.577492237091064,1194,460
187,42,60,12.763733625411987,2278,460
182,43,71,12.570542335510254,412,460
269,45,52,7.8660056591033936,18,100
225,44,57,12.462446451187134,1818,460
272,43,48,12.913326501846313,997,460
205,43,56,13.146626472473145,4325,460
220,45,88,13.586294412612915,19,460
262,44,58,13.508591175079346,1573,488
215,43,55,14.790445566177368,3411,514
289,40,56,15.282692909240723,199,480
232,43,83,12.084156513214111,501,460
277,46,50,11.161777019500732,312,669
282,49,59,14.065502643585205,298,467
182,44,71,12.46023440361023,2905,460
187,43,60,15.214645385742188,2183,507
205,46,56,13.176377296447754,308,669
215,44,55,11.893295288085938,101,669
210,43,46,23.175442457199097,261,499
225,45,57,15.637102842330933,1159,587
232,44,83,12.309909343719482,160,587
262,45,58,14.741089820861816,2291,460
269,46,52,16.62563443183899,18,622
272,44,48,16.79368281364441,502,669
277,47,50,11.427577018737793,31,587
220,46,88,17.356290340423584,19,669
282,50,59,14.58740496635437,545,593
289,41,56,19.599905729293823,317,709
182,45,71,12.07675814628601,2172,466
269,47,52,7.753877639770508,18,100
205,47,56,11.944314956665039,192,669
210,44,46,11.992162227630615,83,666
187,44,60,13.82642674446106,199,671
232,45,83,12.799200296401978,331,460
215,45,55,14.929313659667969,1907,499
220,47,88,12.78150224685669,24,460
272,45,48,16.179158687591553,70,460
277,48,50,16.122422456741333,223,460
225,46,57,18.10042953491211,404,587
262,46,58,17.915682554244995,299,477
282,51,59,12.939524173736572,920,491
210,45,46,8.342732429504395,102,167
269,48,52,12.512881755828857,103,460
289,42,56,15.021313428878784,246,539
187,45,60,12.339571237564087,1124,469
272,46,48,7.304657697677612,18,101
215,46,55,12.251367092132568,152,460
205,48,56,15.885037422180176,213,460
232,46,83,13.339510917663574,1290,460
282,52,59,7.214914798736572,31,136
182,46,71,18.639216899871826,1030,509
220,48,88,12.124942064285278,19,460
269,49,52,7.653877258300781,51,189
225,47,57,13.561294555664062,650,460
272,47,48,7.099486589431763,18,100
277,49,50,14.589229345321655,102,460
282,53,59,8.979008913040161,142,235
262,47,58,17.245975255966187,298,516
269,50,52,7.272824048995972,51,170
232,47,83,10.135087728500366,1798,285
187,46,60,13.366230726242065,208,460
289,43,56,16.467041492462158,496,570
215,47,55,13.106281757354736,5532,473
220,49,88,11.904236316680908,19,460
205,49,56,13.851449251174927,626,460
182,47,71,16.64071822166443,2557,504
225,48,57,12.165417194366455,757,460
282,54,59,9.350066900253296,142,230
269,51,52,13.050575256347656,256,460
187,47,60,11.787231683731079,1893,469
232,48,83,13.10946011543274,1649,460
262,48,58,14.534634828567505,1059,499
215,48,55,13.785592555999756,168,499
220,50,88,13.350062608718872,19,460
205,50,56,13.22631287574768,1134,460
289,44,56,15.68449878692627,411,522
225,49,57,13.361935138702393,1647,460
182,48,71,13.641329288482666,1722,525
282,55,59,13.578226327896118,142,587
262,49,58,11.757190465927124,865,587
232,49,83,13.801274299621582,833,587
215,49,55,12.928999662399292,225,675
187,48,60,16.967931747436523,155,669
205,51,56,13.391815900802612,472,525
220,51,88,13.929449081420898,19,587
289,45,56,13.671812772750854,212,697
225,50,57,10.999878883361816,446,587
282,56,59,12.54225206375122,142,669
182,49,71,14.92131233215332,288,757
262,50,58,15.971030712127686,191,460
205,52,56,12.54489541053772,4325,440
187,49,60,13.538818359375,2395,460
232,50,83,16.24541926383972,1728,466
220,52,88,13.085867643356323,19,460
225,51,57,12.361341953277588,918,460
282,57,59,9.428146600723267,142,235
215,50,55,14.877345561981201,1657,523
289,46,56,14.886462450027466,1117,540
182,50,71,14.659123659133911,634,505
282,58,59,8.135530710220337,102,146
262,51,58,11.765768051147461,188,460
205,53,56,13.230918169021606,496,508
232,51,83,13.711083889007568,2127,460
220,53,88,13.713254928588867,19,460
187,50,60,14.229230880737305,172,460
225,52,57,13.694247961044312,763,460
215,51,55,13.633250713348389,286,460
289,47,56,13.229503870010376,1045,483
182,51,71,12.549827575683594,467,460
262,52,58,11.645891189575195,232,460
225,53,57,12.804450988769531,557,460
187,51,60,12.979818344116211,1733,490
232,52,83,13.736130714416504,322,515
182,52,71,12.079767227172852,444,460
220,54,88,18.964570999145508,19,460
215,52,55,19.40267586708069,188,460
262,53,58,13.07957148551941,262,460
289,48,56,19.882299184799194,111,482
225,54,57,11.913525819778442,386,460
187,52,60,12.26957631111145,384,460
232,53,83,14.569221496582031,1016,538
262,54,58,8.487812280654907,39,267
220,55,88,13.224859952926636,19,460
215,53,55,13.630777359008789,318,460
289,49,56,13.401331901550293,1165,511
182,53,71,21.45667314529419,2524,504
187,53,60,16.633756637573242,1347,504
225,55,57,17.645848274230957,1099,460
220,56,88,11.536491394042969,19,460
289,50,56,9.52803111076355,178,350
205,54,56,47.18694806098938,1675,1445
232,54,83,18.269850492477417,1467,466
262,55,58,22.15073251724243,624,534
182,54,71,14.16800045967102,1886,499
225,56,57,12.345314264297485,384,460
187,54,60,13.628828287124634,2882,515
220,57,88,13.425926923751831,19,460
232,55,83,12.858412742614746,1377,460
289,51,56,14.511343717575073,207,499
205,55,56,14.77534294128418,419,499
262,56,58,13.051947116851807,260,476
182,55,71,14.371687889099121,236,499
220,58,88,11.295120239257812,19,460
289,52,56,9.2154860496521,458,197
187,55,60,14.199595212936401,126,499
215,54,55,38.12668776512146,359,1988
232,56,83,13.324825286865234,592,460
289,53,56,9.152137279510498,458,197
262,57,58,14.315032720565796,364,460
220,59,88,12.454365491867065,25,460
182,56,71,15.19862961769104,501,500
187,56,60,14.881140947341919,3307,542
232,57,83,13.346088647842407,1079,460
289,54,56,17.607170581817627,214,499
220,60,88,14.94195556640625,19,460
182,57,71,14.703684329986572,633,499
187,57,60,16.19393301010132,311,460
232,58,83,15.630679845809937,1814,460
220,61,88,12.039893388748169,19,460
289,55,56,14.152440786361694,215,499
187,58,60,11.462782382965088,188,460
182,58,71,15.504155158996582,3031,460
232,59,83,12.970821857452393,623,499
220,62,88,10.820454835891724,19,460
232,60,83,10.628458023071289,1493,460
220,63,88,6.523273229598999,22,109
182,59,71,12.657379865646362,761,522
187,59,60,17.140010595321655,458,499
220,64,88,11.076041460037231,19,460
232,61,83,16.001033306121826,1411,460
182,60,71,19.87458372116089,614,528
220,65,88,11.145090103149414,19,460
232,62,83,12.68259072303772,960,492
182,61,71,12.659024000167847,3329,499
220,66,88,13.330390214920044,19,460
232,63,83,16.484312534332275,1237,548
182,62,71,13.35581350326538,334,460
220,67,88,11.41792368888855,25,460
232,64,83,14.486116409301758,958,499
220,68,88,14.80514931678772,19,460
182,63,71,16.34533715248108,665,502
220,69,88,11.608107089996338,19,460
182,64,71,13.093393564224243,3140,471
232,65,83,20.138123750686646,3300,729
220,70,88,9.318151712417603,19,460
182,65,71,10.587311267852783,223,503
232,66,83,10.965455293655396,791,460
220,71,88,11.619173288345337,24,460
182,66,71,12.401691913604736,2000,463
232,67,83,10.892477989196777,570,460
220,72,88,11.574280738830566,19,460
182,67,71,11.927995681762695,2828,460
232,68,83,14.707347869873047,1028,617
220,73,88,12.591659307479858,19,460
182,68,71,8.214341878890991,189,301
232,69,83,12.411123752593994,1515,485
182,69,71,10.41890835762024,200,364
220,74,88,12.819747924804688,19,460
232,70,83,12.183667182922363,1108,466
182,70,71,12.593457221984863,185,499
220,75,88,11.806490182876587,24,460
232,71,83,12.431549549102783,829,460
220,76,88,15.69958758354187,1346,494
232,72,83,16.138904094696045,1269,557
220,77,88,12.563844442367554,773,481
232,73,83,11.645026445388794,1361,481
220,78,88,13.650494813919067,618,460
232,74,83,11.378872394561768,834,475
220,79,88,7.670511722564697,31,190
220,80,88,13.864058256149292,229,460
232,75,83,16.902358055114746,1142,552
220,81,88,8.381641387939453,148,220
232,76,83,11.088318347930908,648,460
220,82,88,8.148193359375,148,211
220,83,88,9.277799367904663,148,230
232,77,83,12.601276874542236,2401,481
220,84,88,7.799508094787598,148,230
232,78,83,12.99502158164978,231,460
220,85,88,9.8844735622406,148,235
232,79,83,14.818001985549927,172,580
220,86,88,13.228525400161743,393,460
220,87,88,11.251660108566284,102,460
232,80,83,14.892910480499268,660,491
232,81,83,11.611666440963745,597,460
232,82,83,13.467915296554565,750,460
312,5,36,12.049909830093384,1442,460
320,5,68,11.855044841766357,61,429
327,5,33,11.882505655288696,741,460
309,5,55,14.049455642700195,131,460
325,4,31,14.267643690109253,909,505
323,5,64,14.363881587982178,55,460
331,5,57,14.553037405014038,1084,463
338,5,70,16.936322450637817,659,505
327,6,33,12.134061813354492,871,460
320,6,68,13.417988300323486,1266,460
325,5,31,11.9519681930542,1554,477
312,6,36,15.882020711898804,1618,499
323,6,64,13.464270114898682,147,460
309,6,55,14.123993396759033,513,460
331,6,57,14.930497884750366,106,460
338,6,70,13.278292179107666,640,466
325,6,31,11.137340307235718,161,460
327,7,33,15.153112411499023,2567,460
312,7,36,11.64952301979065,170,460
320,7,68,14.711308002471924,118,460
323,7,64,13.70961046218872,1650,474
338,7,70,13.264115810394287,542,466
309,7,55,15.901631593704224,83,460
331,7,57,15.306532621383667,1501,474
325,7,31,12.078871965408325,707,460
323,8,64,8.802211284637451,54,232
327,8,33,11.876455545425415,134,460
320,8,68,13.083980560302734,492,460
312,8,36,14.876286029815674,1801,516
338,8,70,13.541985273361206,528,466
309,8,55,15.519150018692017,84,460
331,8,57,14.506104230880737,151,460
325,8,31,10.686148643493652,945,332
323,9,64,12.167442560195923,147,460
327,9,33,12.961960792541504,1059,481
320,9,68,11.881745100021362,98,460
312,9,36,11.616480588912964,1525,521
325,9,31,6.76778507232666,88,203
338,9,70,11.837042331695557,654,466
309,9,55,14.38179349899292,131,460
331,9,57,14.35141921043396,568,460
327,10,33,11.336717367172241,485,499
323,10,64,13.031129598617554,838,460
320,10,68,12.820441484451294,165,460
325,10,31,12.76331615447998,66,460
312,10,36,14.48685359954834,1809,460
338,10,70,15.65833067893982,933,499
331,10,57,12.457185983657837,360,460
327,11,33,12.11485767364502,680,460
309,10,55,14.276195287704468,152,460
323,11,64,12.650429248809814,750,460
325,11,31,10.192648649215698,1704,466
320,11,68,12.74592900276184,158,460
312,11,36,10.894111633300781,115,460
338,11,70,9.997034788131714,532,466
331,11,57,11.517260789871216,46,469
327,12,33,12.08267068862915,639,460
309,11,55,11.686817169189453,41,460
323,12,64,12.097017526626587,1963,468
325,12,31,11.50238299369812,395,468
320,12,68,11.439758539199829,86,460
312,12,36,12.091485023498535,2308,505
309,12,55,8.749967098236084,37,245
331,12,57,12.021210193634033,101,460
320,13,68,8.572846412658691,78,201
338,12,70,16.39863872528076,946,499
325,13,31,11.27958607673645,3364,479
327,13,33,15.155277490615845,996,499
323,13,64,14.763174295425415,2175,503
312,13,36,13.79953646659851,154,466
309,13,55,9.286222696304321,37,424
331,13,57,11.260384798049927,159,456
320,14,68,12.287083148956299,37,499
327,14,33,10.987045288085938,6000,496
338,13,70,15.785910606384277,754,503
309,14,55,12.198052167892456,1095,460
325,14,31,17.9873309135437,7301,518
331,14,57,11.984419345855713,117,460
320,15,68,10.919158220291138,124,264
312,14,36,19.14181661605835,2212,505
338,14,70,11.573115587234497,856,490
323,14,64,24.372519969940186,197,949
327,15,33,15.104857206344604,553,499
309,15,55,11.102113246917725,311,460
325,15,31,14.502228498458862,476,489
331,15,57,12.584432601928711,427,460
320,16,68,12.45755124092102,33,460
338,15,70,11.271925687789917,861,460
323,15,64,13.049761533737183,147,460
309,16,55,12.335165739059448,246,460
312,15,36,17.102936506271362,2332,524
327,16,33,12.859479665756226,293,460
320,17,68,9.971120834350586,194,277
331,16,57,12.687268733978271,315,460
325,16,31,13.082134008407593,383,499
338,16,70,12.136462211608887,865,460
309,17,55,12.038043975830078,414,460
312,16,36,12.070261001586914,768,466
323,16,64,14.252774477005005,198,460
320,18,68,10.783360004425049,209,274
327,17,33,17.12180757522583,549,499
325,17,31,14.76555061340332,1762,460
331,17,57,14.85547685623169,598,460
338,17,70,14.842976570129395,561,533
323,17,64,12.886766195297241,147,460
320,19,68,12.72832465171814,34,460
312,17,36,15.459537982940674,1493,485
309,18,55,17.505365133285522,2606,505
327,18,33,12.926866054534912,2359,460
325,18,31,12.625288724899292,349,466
331,18,57,14.179876565933228,240,460
338,18,70,14.08448076248169,720,523
320,20,68,14.453017234802246,167,460
309,19,55,11.630882740020752,153,460
323,18,64,17.93638849258423,1565,535
312,18,36,17.53791570663452,2011,524
331,19,57,13.756917238235474,123,460
327,19,33,17.55331039428711,1465,460
325,19,31,17.19175362586975,1169,475
320,21,68,13.778731107711792,31,460
323,19,64,10.790334701538086,2051,466
338,19,70,17.72997760772705,472,507
309,20,55,17.83013606071472,359,514
327,20,33,13.733874320983887,630,460
331,20,57,14.848381519317627,879,460
312,19,36,17.7175555229187,1374,499
325,20,31,15.996143579483032,959,499
323,20,64,10.549649953842163,788,460
320,22,68,13.657351732254028,200,460
312,20,36,8.726882696151733,217,138
338,20,70,17.08773922920227,701,560
309,21,55,14.84381890296936,156,489
327,21,33,14.865975856781006,829,460
331,21,57,14.310708284378052,832,460
320,23,68,10.210520029067993,1479,460
323,21,64,15.126392841339111,112,460
325,21,31,17.56280207633972,1241,499
338,21,70,14.166714429855347,603,460
309,22,55,12.653064727783203,1954,468
312,21,36,16.15610098838806,1240,466
320,24,68,12.030622482299805,2685,521
327,22,33,14.655431747436523,1298,460
331,22,57,14.495075225830078,62,460
320,25,68,8.552478075027466,47,198
312,22,36,11.761102676391602,145,460
325,22,31,17.557554483413696,411,507
338,22,70,14.818954944610596,260,460
327,23,33,11.850820541381836,1691,460
323,22,64,22.860628128051758,369,542
309,23,55,17.113823890686035,160,460
312,23,36,13.917977809906006,1151,460
331,23,57,23.113401889801025,2170,953
327,24,33,12.065874338150024,373,460
320,26,68,16.635090112686157,2030,499
338,23,70,14.707548379898071,368,460
325,23,31,16.28788471221924,414,525
323,23,64,17.077629566192627,3802,505
309,24,55,17.73419427871704,225,483
312,24,36,14.377730369567871,1520,486
320,27,68,13.353595972061157,450,499
331,24,57,15.87834620475769,335,460
338,24,70,14.484870433807373,478,460
327,25,33,16.907376050949097,188,460
323,24,64,11.544291973114014,961,460
309,25,55,12.203063726425171,2030,462
325,24,31,16.622893810272217,1576,467
312,25,36,13.954365968704224,98,460
323,25,64,11.858710527420044,1594,548
320,28,68,17.043123960494995,1266,480
331,25,57,16.383291959762573,3105,466
327,26,33,14.83451771736145,267,460
309,26,55,14.017882347106934,662,460
338,25,70,19.832226991653442,816,497
325,25,31,16.746914625167847,437,482
312,26,36,13.681231498718262,3479,481
323,26,64,15.690618753433228,75,460
331,26,57,13.957518577575684,104,460
327,27,33,14.339932918548584,262,460
320,29,68,15.700110912322998,358,473
325,26,31,12.850399494171143,1180,514
338,26,70,15.621305465698242,425,460
327,28,33,8.68326449394226,39,267
323,27,64,12.374172925949097,147,460
331,27,57,13.200188159942627,101,460
320,30,68,14.149493932723999,3891,527
325,27,31,15.138701915740967,64,460
309,27,55,32.85798645019531,2945,1014
338,27,70,15.498202800750732,848,486
327,29,33,16.917932987213135,369,499
323,28,64,15.39751935005188,2820,460
320,31,68,13.121191501617432,125,464
325,28,31,15.566054821014404,516,460
331,28,57,22.933481454849243,1090,499
312,27,36,43.26128625869751,363,1892
309,28,55,19.49794340133667,522,540
320,32,68,11.215418338775635,205,120
327,30,33,15.759706020355225,432,499
323,29,64,15.36823320388794,66,460
325,29,31,10.805688381195068,226,489
338,28,70,24.998745441436768,532,505
312,28,36,13.196983098983765,1905,460
331,29,57,15.4194016456604,72,460
323,30,64,12.220874309539795,147,460
309,29,55,17.72951865196228,307,548
325,30,31,13.504536390304565,224,517
338,29,70,13.434781789779663,1108,488
320,33,68,20.41153311729431,8260,530
323,31,64,13.543025493621826,217,470
312,29,36,18.386414289474487,295,472
331,30,57,17.99630117416382,1773,460
327,31,33,28.51750087738037,141,669
309,30,55,15.78654670715332,1135,499
338,30,70,14.075316429138184,373,463
320,34,68,19.25111436843872,176,483
323,32,64,14.797459602355957,147,460
312,30,36,14.766157388687134,1637,466
331,31,57,14.941107511520386,98,460
327,32,33,16.479496717453003,242,499
338,31,70,13.822440147399902,471,466
309,31,55,20.044888496398926,131,482
320,35,68,13.88161826133728,206,483
312,31,36,13.36991834640503,279,477
323,33,64,17.0727219581604,1902,544
338,32,70,13.977311849594116,579,505
331,32,57,20.811336040496826,1326,499
309,32,55,13.893275737762451,2375,460
320,36,68,18.784642457962036,171,483
323,34,64,12.875391721725464,67,460
312,32,36,15.41111946105957,1071,505
309,33,55,11.632629871368408,112,467
338,33,70,20.72776770591736,1059,499
331,33,57,16.729219436645508,232,460
320,37,68,13.638757467269897,206,483
323,35,64,13.11152172088623,147,460
312,33,36,17.36014413833618,287,499
338,34,70,11.160608053207397,200,460
309,34,55,14.604353666305542,1886,499
312,34,36,10.482968807220459,814,466
320,38,68,19.566879272460938,362,473
331,34,57,24.476276397705078,2647,505
323,36,64,21.649731397628784,245,527
309,35,55,16.414068698883057,113,507
338,35,70,16.498635053634644,610,505
312,35,36,14.667978525161743,1294,499
331,35,57,13.099270105361938,81,460
323,37,64,12.251672267913818,147,460
320,39,68,19.060868978500366,3075,492
338,36,70,16.044605493545532,678,503
309,36,55,18.4429349899292,1336,526
331,36,57,11.666225910186768,2672,460
323,38,64,15.143277406692505,1032,460
320,40,68,13.25515866279602,138,460
309,37,55,13.834702730178833,338,476
338,37,70,18.93284034729004,346,499
320,41,68,8.426668167114258,247,147
331,37,57,15.782534122467041,2014,460
323,39,64,16.638120651245117,1039,532
309,38,55,13.462165117263794,110,460
338,38,70,13.99421763420105,356,466
331,38,57,12.549832582473755,152,460
320,42,68,15.098278760910034,6056,491
323,40,64,12.17642617225647,95,460
309,39,55,14.857558012008667,721,460
331,39,57,12.592128992080688,1082,460
338,39,70,14.15909481048584,802,460
320,43,68,16.06719660758972,211,486
323,41,64,15.119937419891357,147,460
309,40,55,15.400690078735352,1721,499
331,40,57,13.479776382446289,142,460
338,40,70,14.441802263259888,330,460
320,44,68,16.565491914749146,241,527
323,42,64,16.858949661254883,914,499
309,41,55,15.935193538665771,110,460
338,41,70,14.848724365234375,308,460
331,41,57,16.20447587966919,1247,460
323,43,64,13.647377729415894,65,460
320,45,68,27.323065280914307,206,527
309,42,55,19.841955423355103,1270,460
323,44,64,12.025380373001099,147,460
331,42,57,19.784762382507324,247,460
338,42,70,19.868780851364136,613,460
309,43,55,13.938563823699951,95,460
323,45,64,13.763055086135864,139,460
331,43,57,14.34496808052063,247,460
338,43,70,16.86695909500122,490,511
320,46,68,21.547423124313354,240,527
323,46,64,13.674829006195068,1354,460
309,44,55,13.735615968704224,150,476
338,44,70,10.566641807556152,949,332
331,44,57,14.610137939453125,1087,460
320,47,68,14.71206283569336,713,516
323,47,64,13.123892545700073,2201,460
331,45,57,13.789905071258545,962,460
338,45,70,18.512457609176636,394,499
320,48,68,13.904751062393188,365,466
323,48,64,13.205495595932007,70,460
331,46,57,12.9904465675354,106,460
309,45,55,32.3815495967865,1107,1408
338,46,70,18.731943368911743,545,505
320,49,68,18.956629991531372,3159,499
323,49,64,16.745153188705444,147,460
331,47,57,16.599064826965332,2277,460
309,46,55,17.06124520301819,213,517
320,50,68,13.768838882446289,122,460
323,50,64,14.042978048324585,1319,460
331,48,57,13.779362916946411,273,460
338,47,70,22.38815951347351,916,499
309,47,55,15.274304866790771,189,544
320,51,68,14.271100044250488,194,460
323,51,64,13.12107229232788,66,460
338,48,70,13.188234329223633,738,333
331,49,57,14.415914297103882,301,460
309,48,55,16.26374626159668,960,499
323,52,64,12.891011953353882,147,460
320,52,68,14.32103157043457,2835,466
331,50,57,13.526876211166382,653,460
338,49,70,14.685193538665771,375,460
323,53,64,12.29232144355774,92,460
320,53,68,16.3711256980896,158,499
331,51,57,14.828165769577026,592,460
338,50,70,14.524293661117554,547,466
309,49,55,23.2002375125885,599,478
323,54,64,17.81373691558838,147,460
338,51,70,13.04199481010437,585,460
331,52,57,13.772030115127563,214,460
320,54,68,18.02834463119507,188,460
309,50,55,18.797775506973267,2535,491
323,55,64,13.575793743133545,587,460
338,52,70,13.606943607330322,792,466
331,53,57,13.85918378829956,438,460
320,55,68,14.146729946136475,2207,466
309,51,55,12.918470621109009,358,460
338,53,70,13.52099347114563,775,460
331,54,57,14.96120023727417,188,460
309,52,55,9.494242191314697,176,170
323,56,64,20.54379415512085,1871,505
320,56,68,20.31454348564148,154,499
338,54,70,13.92043423652649,666,460
309,53,55,11.384203672409058,147,240
323,57,64,13.429002285003662,236,460
331,55,57,19.60657286643982,318,460
320,57,68,11.69354772567749,184,460
309,54,55,9.037300109863281,146,253
323,58,64,6.5648512840271,18,101
338,55,70,17.117854118347168,1566,460
323,59,64,7.306032419204712,18,93
331,56,57,12.926155090332031,319,481
320,58,68,13.341586589813232,753,499
323,60,64,6.6304919719696045,18,101
320,59,68,7.206809997558594,516,110
338,56,70,12.392151832580566,804,460
323,61,64,6.614024639129639,18,97
323,62,64,6.6503119468688965,18,97
320,60,68,12.58864450454712,682,492
338,57,70,14.650753259658813,733,505
323,63,64,6.549091339111328,18,97
320,61,68,14.477988958358765,401,460
338,58,70,15.428088426589966,322,527
320,62,68,10.982922792434692,283,460
338,59,70,13.584769487380981,589,460
320,63,68,17.43330192565918,161,460
338,60,70,13.549969911575317,759,526
320,64,68,13.562970876693726,500,499
338,61,70,16.303178548812866,156,460
320,65,68,7.62214469909668,157,240
320,66,68,10.250936269760132,155,240
338,62,70,15.544732570648193,532,460
320,67,68,13.184060096740723,192,523
338,63,70,12.558562278747559,861,460
338,64,70,16.291080474853516,701,564
338,65,70,11.530407190322876,848,486
338,66,70,12.229882955551147,308,460
338,67,70,11.490273714065552,733,466
338,68,70,14.702223300933838,156,460
338,69,70,18.57779884338379,1127,569
