0,37,49,25.255112133789062,809,507
0,38,49,24.385296068954467,1470,508
0,39,49,24.446212969589233,2253,499
0,40,49,24.454345188903808,2325,499
0,41,49,24.345354996490478,855,521
0,42,49,24.361134014892578,392,240
0,43,49,24.34892912940979,1002,499
0,44,49,24.38837095336914,1430,595
0,45,49,24.35126443939209,1206,499
0,46,49,24.388292752075195,1086,470
0,47,49,24.390051804351806,888,431
0,48,49,24.437701664733886,1231,565
1,0,41,25.685239277648925,2982,470
1,1,41,24.585500202941894,1792,499
1,2,41,24.477444134521484,338,189
1,3,41,24.48811527328491,714,472
1,4,41,24.487986288833618,712,470
1,5,41,24.553532801437377,2028,503
1,6,41,24.517222605514526,1693,503
1,7,41,24.595791779327392,2162,473
1,8,41,24.496070824432373,1028,470
1,9,41,24.507209978866577,1298,503
1,10,41,24.497699223327636,646,264
1,11,41,24.521442137527465,1516,478
1,12,41,24.630156479644775,2770,657
1,13,41,24.488275490570068,304,123
1,14,41,24.582877360153198,1849,549
1,15,41,24.602307759094238,2149,554
1,16,41,24.496051512527465,1168,512
1,17,41,24.632183752822876,2767,567
1,18,41,24.490010939407348,879,533
1,19,41,24.519526682662963,1517,482
1,20,41,24.498596630859375,1160,479
1,21,41,24.516380987930297,1434,495
1,22,41,24.536673746871948,1229,468
1,23,41,24.585068188476562,1396,496
1,24,41,24.581238947677612,1454,508
1,25,41,24.516042671966552,1476,518
1,26,41,24.51740952568054,1629,499
1,27,41,24.514484129714965,1384,472
1,28,41,24.52003689842224,1440,553
1,29,41,24.57853003578186,1565,523
1,30,41,24.630219422149658,2617,499
1,31,41,24.495756588745117,1134,499
1,32,41,24.51546522216797,1596,503
1,33,41,24.57929678993225,1475,503
1,34,41,24.517256699371337,1183,499
1,35,41,24.52052279548645,1196,499
1,36,41,24.486163101959228,715,499
1,37,41,24.48619743423462,685,470
1,38,41,24.48962327079773,716,499
1,39,41,24.710663758087158,6965,4306
1,40,41,24.49469443397522,940,579
2,0,61,25.760062657165527,697,470
2,1,61,24.4913348777771,705,470
2,2,61,24.48033758239746,865,472
2,3,61,24.487157069015502,700,472
2,4,61,24.489021502304077,720,492
2,5,61,24.490271292495727,775,520
2,6,61,24.490042887496948,730,475
2,7,61,24.48760601119995,711,470
2,8,61,24.48756929473877,690,470
2,9,61,24.486326418685913,700,472
2,10,61,24.489306174087524,708,470
2,11,61,24.487089596557617,696,472
2,12,61,24.487150393295288,695,472
2,13,61,24.490916930007934,699,470
2,14,61,24.49028392868042,860,472
2,15,61,24.488827667999267,237,88
2,16,61,24.490595064926147,700,468
2,17,61,24.489150009918212,466,270
2,18,61,24.488697729873657,717,474
2,19,61,24.48863025741577,727,476
2,20,61,24.48935504989624,748,502
2,21,61,24.488566122817993,757,499
2,22,61,24.851599894332885,3854,499
2,23,61,24.71900077896118,3411,560
2,24,61,24.584750853347778,1792,520
2,25,61,24.588376961517334,2123,489
2,26,61,24.490856848526,755,499
2,27,61,24.555971823501586,1854,480
2,28,61,24.641736708450317,2905,556
2,29,61,24.504244290161132,401,234
2,30,61,24.712466917800903,2935,497
2,31,61,24.494152031707763,875,499
2,32,61,24.59640499191284,1716,155
2,33,61,24.49226852493286,952,505
2,34,61,24.887515030670166,4904,534
2,35,61,24.599419079589843,2080,478
2,36,61,24.499825678634643,1011,499
2,37,61,24.492731772232055,760,481
2,38,61,24.685460291671752,3273,517
2,39,61,24.631823025512695,2536,485
2,40,61,24.722037516403198,3828,504
2,41,61,24.498413286972045,1047,499
2,42,61,24.612758599090576,2308,507
2,43,61,24.586909733581543,1343,471
2,44,61,24.712644062805175,2696,503
2,45,61,24.489345274734497,814,503
2,46,61,24.79566927986145,4406,542
2,47,61,24.49179144935608,877,499
2,48,61,24.592797957229614,2065,503
2,49,61,24.490611754226684,853,472
2,50,61,24.55498858528137,2002,556
2,51,61,24.714117489624023,3039,514
2,52,61,24.490170918273925,761,499
2,53,61,24.48671456413269,848,470
2,54,61,24.669528685379028,3109,557
2,55,61,24.711249075698852,2772,500
2,56,61,24.63812991218567,3267,550
2,57,61,24.488084994125366,833,470
2,58,61,24.49614592628479,849,471
2,59,61,24.49737688140869,944,511
2,60,61,24.795096598434448,4332,2042
3,0,54,26.94124599533081,2908,498
3,1,54,24.75771566467285,4080,472
3,2,54,24.66648193435669,3306,499
3,3,54,24.519772730636596,1888,498
3,4,54,24.5568124874115,1372,76
3,5,54,24.49105115966797,319,161
3,6,54,24.63368197517395,2719,551
3,7,54,24.49163409309387,885,470
3,8,54,24.48843380050659,740,499
3,9,54,24.506115160751342,1300,516
3,10,54,24.513085089492797,1026,472
3,11,54,24.497946224975585,867,499
3,12,54,24.694556675720214,3217,484
3,13,54,24.534934006500244,1239,499
3,14,54,24.49740906791687,1121,499
3,15,54,24.59061237411499,1783,466
3,16,54,24.514783583450317,1635,546
3,17,54,24.49913116531372,1039,499
3,18,54,24.516538821029663,1389,499
3,19,54,24.57802816467285,1668,499
3,20,54,24.490625105667114,841,470
3,21,54,24.495188437271118,1025,470
3,22,54,24.520587883758544,1774,499
3,23,54,24.494255028533935,1094,499
3,24,54,24.555467806625366,1836,304
3,25,54,24.497027836608886,1001,484
3,26,54,24.57948824005127,1903,534
3,27,54,24.53642626838684,1539,596
3,28,54,24.61226101951599,2532,511
3,29,54,24.49778052406311,1028,522
3,30,54,24.589228592681884,2255,474
3,31,54,24.631729565429687,2842,499
3,32,54,24.520905934143066,1393,475
3,33,54,24.555972061920166,2143,499
3,34,54,24.486522875595092,797,499
3,35,54,24.495622359085083,1081,499
3,36,54,24.49105378227234,874,499
3,37,54,24.490541897583007,747,472
3,38,54,24.633149348068237,2852,499
3,39,54,24.497683726119995,841,499
3,40,54,24.593490801620483,2334,499
3,41,54,24.490561447906494,777,499
3,42,54,24.67212625579834,3333,499
3,43,54,24.489626847076416,762,470
3,44,54,24.58960958557129,2370,499
3,45,54,24.5015887840271,895,470
3,46,54,24.591396294403076,2569,470
3,47,54,24.49611111717224,1187,470
3,48,54,24.49505492286682,1087,499
3,49,54,24.48871036605835,833,470
3,50,54,0.2018108367919922,830,499
3,51,54,24.49831625061035,960,531
3,52,54,24.53927680091858,1669,944
3,53,54,24.588657818603515,1396,672
4,0,81,27.95172806816101,673,470
4,1,81,24.50536175804138,673,470
4,2,81,24.49143286781311,675,472
4,3,81,24.491946183013916,720,469
4,4,81,24.488630018997192,683,470
4,5,81,24.493464194107055,673,470
4,6,81,24.485217295455932,675,472
4,7,81,24.49039550857544,735,472
4,8,81,24.490778408813476,768,472
4,9,81,24.488918982315063,683,470
4,10,81,24.488026104736328,696,470
4,11,81,24.491959296035766,771,470
4,12,81,24.489223442840576,700,470
4,13,81,24.490231953430175,792,499
4,14,81,24.486845932769775,682,470
4,15,81,24.48461266593933,689,471
4,16,81,24.486336670684814,711,471
4,17,81,24.487787209320068,697,472
4,18,81,24.48779698448181,684,472
4,19,81,24.4926194770813,685,470
4,20,81,24.488942108917236,685,470
4,21,81,24.4873385055542,691,470
4,22,81,24.488682947921752,696,470
4,23,81,24.487861834335327,688,472
4,24,81,24.48752685623169,686,470
4,25,81,24.48573514060974,685,472
4,26,81,24.48729034500122,715,499
4,27,81,24.48763319091797,672,472
4,28,81,24.485821686553955,680,470
4,29,81,24.485150299835205,433,269
4,30,81,24.471478901672363,666,470
4,31,81,24.48680730895996,668,472
4,32,81,24.48714157180786,681,472
4,33,81,24.51852699356079,1735,499
4,34,81,24.58138032989502,1563,500
4,35,81,24.497285090255737,942,466
4,36,81,24.49138542251587,532,282
4,37,81,24.48819562034607,547,263
4,38,81,24.490359507369995,822,472
4,39,81,24.495056830215454,983,472
4,40,81,24.553472481536865,1515,508
4,41,81,24.48823233680725,780,472
4,42,81,24.48791714744568,872,470
4,43,81,24.515677653121948,1381,521
4,44,81,0.1977529525756836,696,499
4,45,81,24.53718277053833,1264,565
4,46,81,24.49094458656311,733,499
4,47,81,24.536547623443603,1024,499
4,48,81,24.48802586631775,824,499
4,49,81,24.488761387634277,824,499
4,50,81,24.491627655792236,937,472
4,51,81,24.496131621170044,972,472
4,52,81,24.486312590408325,680,472
4,53,81,24.485338412094116,685,472
4,54,81,24.485377751159668,687,470
4,55,81,24.496173582839965,909,468
4,56,81,24.489246807861328,844,473
4,57,81,24.493744812774658,899,479
4,58,81,24.49429889755249,898,472
4,59,81,24.53507848815918,1234,504
4,60,81,24.58052536087036,1292,486
4,61,81,24.488892756271362,544,267
4,62,81,24.496567211914062,445,106
4,63,81,24.489587508010864,810,470
4,64,81,24.58344718055725,1478,481
4,65,81,24.512356243896484,921,500
4,66,81,24.53640481071472,1056,499
4,67,81,24.49040027694702,957,472
4,68,81,24.51616831855774,1370,499
4,69,81,24.488674603271484,744,499
4,70,81,24.492792568969726,785,499
4,71,81,24.56743498878479,852,472
4,72,81,24.49678822593689,996,499
4,73,81,24.488771878051757,830,499
4,74,81,24.491245470809936,864,470
4,75,81,24.49891062812805,1146,499
4,76,81,24.490613423156738,893,499
4,77,81,24.49493571357727,1060,470
4,78,81,24.5424024684906,763,470
4,79,81,24.57804485397339,981,499
4,80,81,24.508067808914184,1117,627
5,0,60,5.008867263793945,689,499
5,1,60,24.491317473220825,705,470
5,2,60,0.19668364524841309,730,499
5,3,60,0.19937658309936523,686,499
5,4,60,0.1997389793395996,693,499
5,5,60,0.1987442970275879,702,499
5,6,60,0.19870734214782715,715,499
5,7,60,24.48715730743408,728,502
5,8,60,24.486782513427734,736,506
5,9,60,0.19852495193481445,688,499
5,10,60,0.20000910758972168,708,499
5,11,60,0.20191073417663574,728,499
5,12,60,0.20589780807495117,702,499
5,13,60,0.2198491096496582,680,499
5,14,60,0.20980501174926758,677,499
5,15,60,0.2073071002960205,732,499
5,16,60,24.489197216796875,700,474
5,17,60,24.487438879776,725,488
5,18,60,24.8080114944458,3498,499
5,19,60,24.755416355895996,3280,505
5,20,60,24.595474444198608,2211,488
5,21,60,24.594679318237304,2091,472
5,22,60,24.594195328521728,2346,479
5,23,60,24.51701422767639,1702,499
5,24,60,24.59174009399414,2127,492
5,25,60,0.20340275764465332,719,499
5,26,60,24.595324002075195,2256,656
5,27,60,24.553863249588012,1919,499
5,28,60,24.58773871498108,1827,518
5,29,60,24.495187245178222,901,506
5,30,60,24.66876932220459,2958,503
5,31,60,0.2004566192626953,830,499
5,32,60,24.717286072540283,3224,541
5,33,60,0.20167326927185059,833,499
5,34,60,24.669820509719848,2942,535
5,35,60,24.53659840660095,1160,493
5,36,60,24.488708697128295,742,470
5,37,60,24.587483130264282,2150,499
5,38,60,24.596812687683105,2233,499
5,39,60,0.20033025741577148,772,499
5,40,60,24.669325552749633,3036,575
5,41,60,24.487658701705932,752,499
5,42,60,24.625725231933593,2338,480
5,43,60,0.20029163360595703,757,499
5,44,60,24.49698992805481,918,486
5,45,60,24.631684504318237,2458,524
5,46,60,24.626544676589965,2345,515
5,47,60,24.49509211616516,993,499
5,48,60,24.513411484527587,1444,499
5,49,60,0.197798490524292,762,499
5,50,60,24.580936394500732,1633,499
5,51,60,24.49574466781616,953,499
5,52,60,24.630058012771606,2270,478
5,53,60,24.711256466674804,3000,473
5,54,60,24.526736222076416,998,499
5,55,60,24.630600176620483,2331,514
5,56,60,24.582205973434448,2060,499
5,57,60,0.19877004623413086,835,499
5,58,60,0.20618486404418945,895,499
5,59,60,24.719856463241577,3316,1250
6,0,75,6.015574932098389,682,499
6,1,75,0.19995975494384766,722,499
6,2,75,0.19930481910705566,689,499
6,3,75,0.19901108741760254,682,499
6,4,75,0.19839692115783691,680,499
6,5,75,24.487026415634155,769,472
6,6,75,24.48822423057556,770,472
6,7,75,0.19729900360107422,684,499
6,8,75,24.48980589942932,690,470
6,9,75,24.48820825653076,775,515
6,10,75,24.48772259788513,749,491
6,11,75,24.488665781784057,701,470
6,12,75,0.19787359237670898,671,499
6,13,75,24.4931602104187,692,470
6,14,75,24.487172089385986,694,470
6,15,75,24.485068045425415,692,470
6,16,75,0.19806599617004395,703,499
6,17,75,0.19899368286132812,693,499
6,18,75,0.1988840103149414,686,499
6,19,75,0.19837284088134766,679,499
6,20,75,24.487348042297363,765,518
6,21,75,24.493045292663574,758,499
6,22,75,24.4890999420166,745,499
6,23,75,24.490349016952514,731,470
6,24,75,0.19858884811401367,680,499
6,25,75,0.19826030731201172,695,499
6,26,75,24.48965474205017,692,471
6,27,75,24.48770447807312,473,271
6,28,75,24.486280165481567,720,473
6,29,75,24.486923418807983,236,85
6,30,75,24.48865409927368,719,475
6,31,75,24.48864670829773,730,482
6,32,75,24.946145973968505,4691,499
6,33,75,24.79587336616516,4591,505
6,34,75,24.536716662216186,1343,505
6,35,75,24.66882487373352,3383,517
6,36,75,24.489155016708374,754,469
6,37,75,24.52243324356079,1602,508
6,38,75,24.670319519805908,3001,640
6,39,75,0.19890999794006348,315,499
6,40,75,24.874912939834594,5925,596
6,41,75,24.534942112731933,1257,472
6,42,75,24.55418535308838,2280,499
6,43,75,24.57668348388672,1378,499
6,44,75,24.497948847579956,1090,492
6,45,75,24.516293726730346,1528,513
6,46,75,24.519386254119873,1301,597
6,47,75,24.595286808776855,2408,499
6,48,75,24.832761727142334,4925,505
6,49,75,24.4894501789093,849,499
6,50,75,24.555001698303222,1969,499
6,51,75,0.20189189910888672,807,499
6,52,75,24.668273649978637,3180,520
6,53,75,24.49346324043274,884,541
6,54,75,24.625270329284668,2220,467
6,55,75,24.494939528274536,870,472
6,56,75,24.490319214630127,839,499
6,57,75,24.496606789398193,1117,499
6,58,75,24.53654070930481,1341,505
6,59,75,24.498758517074585,998,505
6,60,75,24.560391388702392,1920,478
6,61,75,24.66494556503296,3114,514
6,62,75,24.488086901474,848,491
6,63,75,24.62663074569702,2674,587
6,64,75,24.490680180358886,862,503
6,65,75,24.787250481414794,3939,486
6,66,75,24.496921740341186,1070,541
6,67,75,24.576939545440673,1167,469
6,68,75,24.487124405670166,784,499
6,69,75,24.627765379714965,1951,499
6,70,75,24.517343006896972,1275,494
6,71,75,24.58812590675354,2473,579
6,72,75,0.20090126991271973,835,499
6,73,75,0.2309556007385254,1219,499
6,74,75,24.51547785835266,1842,1169
7,0,105,32.13409038619995,5647,474
7,1,105,24.6306535823822,2304,472
7,2,105,24.754912577438354,3191,472
7,3,105,24.63282199935913,2597,483
7,4,105,24.58832474784851,2442,472
7,5,105,24.497989617156982,1195,479
7,6,105,0.21890687942504883,1636,499
7,7,105,24.59859462814331,2517,505
7,8,105,24.53512307243347,1291,504
7,9,105,24.519593439865112,1377,507
7,10,105,24.596448384094238,2116,599
7,11,105,0.19873523712158203,299,499
7,12,105,0.2007124423980713,814,499
7,13,105,24.584738217163085,1624,507
7,14,105,0.20628952980041504,1018,499
7,15,105,24.49263259010315,998,616
7,16,105,0.19862794876098633,739,499
7,17,105,24.51962061958313,1454,499
7,18,105,24.53451033668518,1304,504
7,19,105,24.626375637817382,2645,549
7,20,105,24.50799723701477,1317,511
7,21,105,24.587397776412963,2031,538
7,22,105,24.519321165847778,1572,559
7,23,105,0.20605111122131348,852,499
7,24,105,24.49836417274475,1044,499
7,25,105,24.582269631195068,1903,505
7,26,105,24.53367968635559,1174,473
7,27,105,24.4954316242218,1051,504
7,28,105,0.24434924125671387,1197,499
7,29,105,24.791865311431884,3697,472
7,30,105,24.50892826156616,1334,499
7,31,105,24.556866846847534,2063,499
7,32,105,24.53734465675354,1451,504
7,33,105,24.534851275253295,1331,515
7,34,105,24.587168417739868,2137,530
7,35,105,24.566703520584106,1139,574
7,36,105,24.629917584228515,2790,506
7,37,105,24.49017997817993,947,504
7,38,105,24.59493561820984,2363,581
7,39,105,0.19896221160888672,792,499
7,40,105,24.493123970794677,917,499
7,41,105,24.496008835601806,981,556
7,42,105,0.2064826488494873,1016,499
7,43,105,24.71865316467285,3263,483
7,44,105,24.497497044372558,976,480
7,45,105,24.589071236419677,1963,520
7,46,105,0.2073512077331543,954,499
7,47,105,24.491187773513794,807,472
7,48,105,24.599426708984375,2020,499
7,49,105,24.494944296646118,1045,617
7,50,105,24.534136973190307,1343,560
7,51,105,24.6687714679718,3154,510
7,52,105,24.517435513305664,1411,499
7,53,105,24.51755066947937,1498,539
7,54,105,24.557418547439575,2098,505
7,55,105,0.19808316230773926,752,499
7,56,105,24.589640579986572,1967,478
7,57,105,0.1996135711669922,739,499
7,58,105,24.583012781906127,1839,514
7,59,105,0.19984221458435059,711,499
7,60,105,24.715592346954345,4354,548
7,61,105,24.535711251068115,1376,542
7,62,105,24.496207438278198,1057,475
7,63,105,24.497532091903686,1173,522
7,64,105,24.49185486869812,867,495
7,65,105,0.20741534233093262,1145,499
7,66,105,0.20634198188781738,1084,499
7,67,105,0.19942045211791992,835,499
7,68,105,24.576851807403564,1324,499
7,69,105,24.48671957092285,692,470
7,70,105,24.486228428649902,697,470
7,71,105,24.48859640197754,720,470
7,72,105,0.20203447341918945,703,499
7,73,105,24.48688694076538,742,499
7,74,105,24.486641846466064,720,472
7,75,105,24.487387619781494,742,504
7,76,105,24.487119875717163,704,476
7,77,105,24.487344942855835,733,499
7,78,105,0.19904780387878418,700,499
7,79,105,24.48805471496582,692,470
7,80,105,24.48593660430908,683,471
7,81,105,24.517873249816894,1470,499
7,82,105,24.485152207183837,690,470
7,83,105,24.474015436935424,682,472
7,84,105,24.487392388153076,685,472
7,85,105,0.23020052909851074,692,499
7,86,105,24.489695273208618,738,497
7,87,105,24.485722742843627,689,470
7,88,105,0.19683289527893066,692,499
7,89,105,24.486371241378784,689,470
7,90,105,24.487187586593627,716,499
7,91,105,0.19755077362060547,719,499
7,92,105,24.488601885604858,749,521
7,93,105,24.487612925338745,701,473
7,94,105,24.485132180023193,714,483
7,95,105,24.4862603767395,728,499
7,96,105,24.48723431663513,719,472
7,97,105,24.487905464935302,717,470
7,98,105,24.48915024833679,780,470
7,99,105,0.1984713077545166,682,499
7,100,105,24.48765917854309,707,499
7,101,105,0.19792556762695312,683,499
7,102,105,24.594790421295166,1284,504
7,103,105,24.581878147888183,1238,566
7,104,105,24.58086558418274,1301,647
8,0,59,33.64567681388855,1927,499
8,1,59,24.921622477340698,3657,499
8,2,59,24.59440156059265,1872,484
8,3,59,0.20860838890075684,1062,499
8,4,59,24.587549410629272,1702,472
8,5,59,0.20876264572143555,853,499
8,6,59,0.2013230323791504,728,499
8,7,59,24.57606717185974,1193,533
8,8,59,0.19814467430114746,359,499
8,9,59,24.491003714370727,856,517
8,10,59,24.4964778049469,1139,499
8,11,59,24.589289866256713,1791,467
8,12,59,24.497724257278442,926,499
8,13,59,24.53608175354004,825,285
8,14,59,24.488981686401367,854,499
8,15,59,0.2378396987915039,971,499
8,16,59,24.535283289718627,975,499
8,17,59,0.24693751335144043,1160,499
8,18,59,0.19957327842712402,840,499
8,19,59,24.49220272140503,942,485
8,20,59,24.515654288101196,1405,466
8,21,59,24.495208226013183,1001,477
8,22,59,24.496273718643188,965,469
8,23,59,0.20688319206237793,916,499
8,24,59,24.567399702835083,1172,533
8,25,59,24.5176643951416,1317,491
8,26,59,24.498061142730712,1048,500
8,27,59,0.1987171173095703,766,499
8,28,59,24.514098606872558,1342,499
8,29,59,24.487930498886108,757,499
8,30,59,24.494090281295776,1096,511
8,31,59,24.49688311653137,1023,517
8,32,59,24.514414511489868,1261,517
8,33,59,24.582881413269043,1928,505
8,34,59,24.49457450942993,526,131
8,35,59,24.55298801498413,1859,506
8,36,59,24.49683090286255,899,500
8,37,59,24.58204074935913,1857,533
8,38,59,24.495541535186767,895,500
8,39,59,24.537311278152465,1446,499
8,40,59,0.19941377639770508,815,499
8,41,59,24.4906549079895,858,472
8,42,59,24.538999520111084,1228,475
8,43,59,24.49495955543518,918,500
8,44,59,24.582163773345947,1590,628
8,45,59,24.496993265914917,894,500
8,46,59,24.631857596206665,2951,958
8,47,59,24.492283306884765,809,471
8,48,59,24.518457613754272,1404,502
8,49,59,24.526317082214355,976,496
8,50,59,24.52723666267395,1228,519
8,51,59,24.526997290420532,528,132
8,52,59,0.2002713680267334,851,499
8,53,59,24.580271921920776,2195,482
8,54,59,0.2053682804107666,1015,499
8,55,59,0.20830321311950684,1322,499
8,56,59,0.20609021186828613,844,499
8,57,59,24.496719561386108,926,500
8,58,59,24.49674268798828,847,476
9,0,75,10.321574687957764,728,499
9,1,75,0.20734691619873047,789,499
9,2,75,0.2038273811340332,791,499
9,3,75,24.487273417282104,692,470
9,4,75,24.486779890823364,711,467
9,5,75,0.20232510566711426,770,499
9,6,75,0.20435285568237305,780,499
9,7,75,24.489340267944335,479,288
9,8,75,24.486726961898803,711,475
9,9,75,0.19791030883789062,678,499
9,10,75,0.19934964179992676,697,499
9,11,75,0.21005558967590332,744,499
9,12,75,0.19936633110046387,686,499
9,13,75,0.19883108139038086,681,499
9,14,75,0.1993722915649414,696,499
9,15,75,0.20002222061157227,730,499
9,16,75,0.2000730037689209,728,499
9,17,75,0.19968008995056152,692,499
9,18,75,0.1990816593170166,681,499
9,19,75,0.20064544677734375,691,499
9,20,75,0.19983887672424316,683,499
9,21,75,24.489139519500732,707,472
9,22,75,24.487289391326904,733,499
9,23,75,0.19933366775512695,687,499
9,24,75,0.38353896141052246,2372,499
9,25,75,0.551992654800415,3941,499
9,26,75,24.794316969680786,3725,472
9,27,75,24.715730152893066,3231,480
9,28,75,0.26488518714904785,1747,499
9,29,75,24.55710383491516,1910,478
9,30,75,0.20196962356567383,765,499
9,31,75,24.514627896118164,1387,499
9,32,75,24.51823016242981,1515,556
9,33,75,0.19797158241271973,383,499
9,34,75,0.29265809059143066,1817,499
9,35,75,24.713097534942627,3158,499
9,36,75,24.58966513710022,1861,499
9,37,75,24.534204445648193,1159,505
9,38,75,24.534755430984497,1190,505
9,39,75,24.59193130569458,1919,648
9,40,75,24.594816885757446,2249,499
9,41,75,24.497116289901733,901,499
9,42,75,0.2054128646850586,848,499
9,43,75,24.554155073928833,1735,472
9,44,75,24.969569645690918,5056,495
9,45,75,24.494597159194946,854,472
9,46,75,0.20104622840881348,782,499
9,47,75,24.79533239440918,4031,515
9,48,75,0.19999265670776367,730,499
9,49,75,0.2005164623260498,744,499
9,50,75,24.515718422698974,1162,465
9,51,75,24.554990015792846,1538,472
9,52,75,0.19886493682861328,730,499
9,53,75,24.588358126449585,1863,499
9,54,75,24.49384757118225,850,470
9,55,75,24.708954296875,2608,495
9,56,75,24.5929658039093,2495,499
9,57,75,24.49615140991211,899,516
9,58,75,24.670973263549804,3190,563
9,59,75,24.490224324035644,820,485
9,60,75,0.20062017440795898,851,499
9,61,75,24.51692386703491,1206,499
9,62,75,0.20076584815979004,743,499
9,63,75,24.76023145751953,3649,478
9,64,75,24.495862685012817,888,499
9,65,75,24.49071355895996,857,499
9,66,75,0.3053126335144043,2288,499
9,67,75,24.490210495758056,818,512
9,68,75,24.632070265579223,3354,499
9,69,75,0.20685434341430664,995,499
9,70,75,0.20033025741577148,833,499
9,71,75,0.20794153213500977,1001,499
9,72,75,24.519335470962524,1383,798
9,73,75,24.579943142700195,1074,499
9,74,75,24.667481146621704,2157,723
10,0,40,0.3385491371154785,2505,499
10,1,40,24.556192599105835,1791,472
10,2,40,24.51799651222229,1473,499
10,3,40,0.3057258129119873,2072,499
10,4,40,24.557131968307495,1923,474
10,5,40,24.581824980545044,1686,476
10,6,40,24.629307947921752,2510,472
10,7,40,24.515773974227905,1311,499
10,8,40,24.5177545173645,1600,485
10,9,40,24.51878710823059,1625,627
10,10,40,24.49612160758972,1099,485
10,11,40,24.580516539382934,1656,519
10,12,40,0.19819068908691406,743,499
10,13,40,24.58532568054199,1956,499
10,14,40,24.53513165550232,1137,559
10,15,40,24.493718586730957,958,529
10,16,40,24.557090006637573,2036,497
10,17,40,24.53378864364624,1091,484
10,18,40,24.581610403823852,1499,518
10,19,40,24.53288599090576,1114,504
10,20,40,24.596579514312744,2707,472
10,21,40,24.53578682975769,1135,499
10,22,40,24.631305418777465,2540,524
10,23,40,24.515736065673828,1328,529
10,24,40,24.536078177261352,1311,593
10,25,40,24.59450551109314,2332,472
10,26,40,24.592415056991577,2292,507
10,27,40,24.51873918609619,1816,499
10,28,40,24.57972928123474,1930,499
10,29,40,24.555096112060546,1785,524
10,30,40,24.495969496536254,1103,524
10,31,40,24.51958032684326,1744,499
10,32,40,24.534906826782226,1478,493
10,33,40,24.55757661895752,2199,552
10,34,40,24.506671391296386,1409,544
10,35,40,24.57929917411804,1844,597
10,36,40,24.49624916152954,1091,504
10,37,40,24.49543973045349,1215,499
10,38,40,0.20004963874816895,786,499
10,39,40,24.533590279388427,1025,549
11,0,89,0.19893503189086914,703,499
11,1,89,24.490060292053222,873,481
11,2,89,24.49062105255127,913,499
11,3,89,0.18520832061767578,681,499
11,4,89,0.19643211364746094,696,499
11,5,89,0.19708704948425293,688,499
11,6,89,0.1967637538909912,725,499
11,7,89,0.19884371757507324,758,499
11,8,89,24.485240660476684,705,470
11,9,89,0.18590831756591797,683,499
11,10,89,24.486949406433105,774,516
11,11,89,24.474131546783447,485,271
11,12,89,0.19680380821228027,715,499
11,13,89,0.19693279266357422,703,499
11,14,89,0.197648286819458,671,499
11,15,89,0.19716262817382812,736,499
11,16,89,24.485441885757446,731,470
11,17,89,0.1843862533569336,718,499
11,18,89,0.19992303848266602,700,499
11,19,89,0.19956755638122559,706,499
11,20,89,0.19700884819030762,706,499
11,21,89,0.19857287406921387,706,499
11,22,89,0.19893836975097656,684,499
11,23,89,0.1990032196044922,695,499
11,24,89,0.1993703842163086,706,499
11,25,89,0.1998002529144287,699,499
11,26,89,0.1982266902923584,684,499
11,27,89,0.19930458068847656,688,499
11,28,89,0.2001175880432129,699,499
11,29,89,24.48645683364868,696,472
11,30,89,0.1994469165802002,695,499
11,31,89,24.485860548782348,693,470
11,32,89,24.488822422790527,711,472
11,33,89,0.19869565963745117,686,499
11,34,89,24.486571989822387,719,471
11,35,89,24.485672198104858,727,472
11,36,89,0.20086288452148438,733,499
11,37,89,24.488186798858642,713,470
11,38,89,0.199385404586792,368,499
11,39,89,24.487762175369262,681,472
11,40,89,0.4461226463317871,2856,499
11,41,89,24.632635794448852,2624,472
11,42,89,24.9756140335083,5574,595
11,43,89,24.66282530860901,2733,499
11,44,89,24.53250118331909,1364,507
11,45,89,24.55441018180847,2009,499
11,46,89,24.533991299438476,1255,482
11,47,89,24.540100537109375,1262,499
11,48,89,24.663181029129028,2468,411
11,49,89,24.491676293182373,962,580
11,50,89,24.755019150543212,3948,603
11,51,89,0.1867814064025879,311,499
11,52,89,24.48915310935974,812,499
11,53,89,24.488717280197143,785,472
11,54,89,24.626382551956176,2499,516
11,55,89,24.594546757507324,2423,505
11,56,89,24.491523943710327,967,505
11,57,89,0.20195436477661133,827,499
11,58,89,24.499161206054687,1028,499
11,59,89,24.494212828445434,1049,514
11,60,89,24.535585842895507,1236,614
11,61,89,24.79524966316223,4289,518
11,62,89,24.592924319076538,2221,705
11,63,89,0.2890005111694336,1171,499
11,64,89,24.554790936279296,1717,517
11,65,89,24.62473674850464,2398,515
11,66,89,24.493868075180053,938,499
11,67,89,24.51577802734375,1304,508
11,68,89,24.92979570465088,5848,612
11,69,89,24.49367781715393,959,481
11,70,89,24.59319659309387,2230,508
11,71,89,24.534961901474,1202,555
11,72,89,24.51829596595764,1411,499
11,73,89,24.66505356864929,3258,499
11,74,89,24.534018955993652,1190,614
11,75,89,24.75098606185913,3779,508
11,76,89,0.20348405838012695,841,499
11,77,89,24.58697720603943,1736,499
11,78,89,24.493833504486084,884,484
11,79,89,0.20733022689819336,915,499
11,80,89,24.757948122787475,3820,551
11,81,89,24.494140110778808,940,486
11,82,89,24.49678250389099,1285,583
11,83,89,24.579834662246704,2053,696
11,84,89,24.51837893562317,1713,576
11,85,89,24.495791636276245,1303,499
11,86,89,0.20054292678833008,724,499
11,87,89,0.2304399013519287,1226,499
11,88,89,24.59231301383972,1812,681
12,0,51,0.26410865783691406,1700,499
12,1,51,24.756254635620117,3292,472
12,2,51,24.62622519569397,2316,499
12,3,51,24.97655912475586,5416,506
12,4,51,24.59100791053772,2299,501
12,5,51,24.50708147125244,1401,512
12,6,51,24.577326260375976,1341,472
12,7,51,24.591126166152954,1948,499
12,8,51,0.19944024085998535,878,499
12,9,51,24.494656525421142,1101,506
12,10,51,24.52568956451416,1093,504
12,11,51,0.2016463279724121,872,499
12,12,51,24.666094981002807,2986,589
12,13,51,24.579873286056518,1497,286
12,14,51,24.48913737373352,852,498
12,15,51,24.794282160568237,3727,561
12,16,51,24.49278589324951,985,491
12,17,51,24.532903633880615,1116,531
12,18,51,0.20586752891540527,1086,499
12,19,51,0.20884394645690918,670,499
12,20,51,24.48683925704956,364,206
12,21,51,24.827738247680664,4289,517
12,22,51,24.515847883987426,1302,517
12,23,51,24.57737585144043,1621,505
12,24,51,24.581356964874267,1642,499
12,25,51,24.493265353012085,996,484
12,26,51,24.790825091171264,4409,478
12,27,51,24.534137926864624,1147,504
12,28,51,24.58124204711914,1722,505
12,29,51,24.490488730239868,1019,505
12,30,51,24.66433521347046,2869,505
12,31,51,24.50591679649353,1274,517
12,32,51,24.707689486312866,3143,496
12,33,51,24.626050673294067,2115,68
12,34,51,24.489629708099365,845,477
12,35,51,24.576657257843017,1445,505
12,36,51,24.7109496219635,3655,499
12,37,51,24.514659605789184,1273,517
12,38,51,24.535019121932983,1205,488
12,39,51,24.59101005630493,2305,499
12,40,51,24.489855490493774,838,480
12,41,51,24.665513954925537,3026,548
12,42,51,24.533898793029785,1186,482
12,43,51,24.594962797927856,2370,491
12,44,51,24.494095288085937,1140,499
12,45,51,24.552411757278442,1846,499
12,46,51,24.494642458724975,1049,499
12,47,51,24.62523480491638,3069,603
12,48,51,24.554255686569213,2088,469
12,49,51,0.30673742294311523,1703,499
12,50,51,24.552882633972168,1778,499
13,0,52,0.3831901550292969,2729,499
13,1,52,24.593550644683837,2513,499
13,2,52,24.627178870010376,2553,505
13,3,52,0.542259931564331,4273,499
13,4,52,24.593886099624633,2397,481
13,5,52,24.532654963302612,1192,508
13,6,52,0.29666852951049805,1665,499
13,7,52,24.5849730594635,2271,499
13,8,52,24.585904084014892,2206,490
13,9,52,24.504217348861694,1348,499
13,10,52,24.589523039627075,2087,499
13,11,52,24.533628664779663,1317,499
13,12,52,0.2646520137786865,1832,499
13,13,52,0.23052430152893066,1539,499
13,14,52,24.520218811798095,1702,499
13,15,52,24.493292532730102,838,503
13,16,52,24.53442045288086,1156,470
13,17,52,24.565499745178222,1100,499
13,18,52,24.591908894348144,2014,541
13,19,52,24.580043755340576,1548,499
13,20,52,24.51434537010193,1350,503
13,21,52,24.576474390792846,1200,503
13,22,52,24.497083149719238,962,476
13,23,52,24.494384728240966,994,501
13,24,52,24.505635939407348,1413,503
13,25,52,24.513061247634887,1602,505
13,26,52,24.63159032897949,2945,505
13,27,52,24.493025980758667,1105,505
13,28,52,24.506746731567382,1428,505
13,29,52,24.531496964263916,1387,499
13,30,52,24.59102912979126,2205,478
13,31,52,0.20060467720031738,867,499
13,32,52,24.51569291191101,1511,505
13,33,52,24.57734414176941,1678,505
13,34,52,24.51430483894348,1491,548
13,35,52,24.629189692306518,2537,499
13,36,52,24.880532704162597,4531,505
13,37,52,24.49352880554199,424,94
13,38,52,24.535900078582763,1348,508
13,39,52,24.51822706298828,1406,499
13,40,52,24.526116095352172,949,524
13,41,52,24.542818270492553,1350,493
13,42,52,25.028351984786987,6029,510
13,43,52,24.518287621307373,1507,541
13,44,52,24.62974377708435,3296,503
13,45,52,24.494612656402587,1096,499
13,46,52,24.535554371643066,1367,505
13,47,52,0.2046220302581787,935,499
13,48,52,24.493544064331054,1002,472
13,49,52,24.494858227539062,1061,526
13,50,52,0.19906973838806152,747,499
13,51,52,0.22661375999450684,1182,499
14,0,26,0.35207629203796387,2075,499
14,1,26,24.716996870803833,3928,516
14,2,26,0.20743799209594727,1018,499
14,3,26,24.582822285461425,1863,504
14,4,26,24.5877065284729,2008,606
14,5,26,24.496057234573364,1184,501
14,6,26,24.53686686592102,1168,472
14,7,26,24.555184088516235,1823,532
14,8,26,24.49537321166992,965,516
14,9,26,24.553183756637573,1985,491
14,10,26,24.532726012039184,1157,501
14,11,26,24.58203788833618,1902,499
14,12,26,24.486665688323974,797,499
14,13,26,24.49033113555908,947,472
14,14,26,24.48649712638855,806,473
14,15,26,24.48812099533081,903,472
14,16,26,24.48881097869873,900,499
14,17,26,24.627900324630737,2573,472
14,18,26,24.48900719718933,865,516
14,19,26,24.53451081352234,1315,495
14,20,26,24.664857111740112,2744,501
14,21,26,24.49395891265869,880,489
14,22,26,24.59236665802002,2087,517
14,23,26,0.20122504234313965,803,499
14,24,26,24.62917038040161,2443,472
14,25,26,0.20902633666992188,1099,499
15,0,82,25.296946249771118,8982,499
15,1,82,24.55228229598999,2001,504
15,2,82,24.483682595062255,1182,499
15,3,82,24.630618534851074,2422,502
15,4,82,24.53212758140564,1223,499
15,5,82,24.4961697681427,1043,507
15,6,82,24.665329180526733,3119,609
15,7,82,24.59282275276184,2016,349
15,8,82,0.19770574569702148,738,499
15,9,82,24.59363266067505,2131,522
15,10,82,24.485593043136596,771,494
15,11,82,24.62456651763916,2386,499
15,12,82,0.19747638702392578,317,499
15,13,82,24.488141022491455,781,491
15,14,82,24.526056252288818,1301,492
15,15,82,24.525507889556884,1019,499
15,16,82,0.20548200607299805,981,499
15,17,82,24.48875232772827,805,481
15,18,82,24.48753186302185,807,494
15,19,82,24.517175637054443,1416,552
15,20,82,24.667104683685302,2955,514
15,21,82,24.514887057113647,1400,553
15,22,82,24.580882988739013,1798,499
15,23,82,24.532951079177856,1442,527
15,24,82,24.591342888641357,2421,505
15,25,82,24.49530192451477,1072,521
15,26,82,24.555837355422973,2008,505
15,27,82,24.49205418663025,977,505
15,28,82,24.58842011528015,2166,521
15,29,82,24.506536207962036,1345,506
15,30,82,24.586633644866943,1837,472
15,31,82,24.512555323410034,1442,506
15,32,82,24.494554482269287,1105,506
15,33,82,24.63229175643921,2681,507
15,34,82,0.19782567024230957,781,499
15,35,82,24.59347029762268,2375,505
15,36,82,24.49465199546814,1100,524
15,37,82,24.555145703125,1935,504
15,38,82,24.493928633499145,959,499
15,39,82,0.2077503204345703,1085,499
15,40,82,24.495112620162963,997,487
15,41,82,24.715437851715087,3087,499
15,42,82,24.52383228378296,1145,524
15,43,82,24.494623862075805,1108,508
15,44,82,0.19971895217895508,784,499
15,45,82,24.578942023086547,1771,499
15,46,82,24.496547423171997,998,508
15,47,82,24.5340754611969,1329,493
15,48,82,24.495712481307983,1035,512
15,49,82,24.8793587310791,5316,538
15,50,82,24.525876723098754,1093,499
15,51,82,24.490526161956787,834,508
15,52,82,24.48872562484741,811,508
15,53,82,24.555289946365356,2080,503
15,54,82,24.514468870925903,1365,499
15,55,82,24.48816343383789,812,508
15,56,82,24.517518244552612,1492,501
15,57,82,0.20058941841125488,769,499
15,58,82,24.48816319541931,759,470
15,59,82,24.486746989059448,788,499
15,60,82,24.495786391067504,925,499
15,61,82,24.591306172180175,1836,507
15,62,82,0.20805025100708008,911,499
15,63,82,24.50745578842163,1569,505
15,64,82,24.53428455429077,1124,499
15,65,82,24.496131144332885,922,499
15,66,82,24.493830881881713,828,486
15,67,82,0.24619174003601074,1045,499
15,68,82,0.20636320114135742,907,499
15,69,82,0.20650148391723633,954,499
15,70,82,24.581194840240478,2100,499
15,71,82,24.489589176940918,985,516
15,72,82,24.492752991485595,1005,505
15,73,82,24.488493881988525,1077,613
15,74,82,0.20145750045776367,880,499
15,75,82,0.24024415016174316,1284,499
15,76,82,0.19868040084838867,835,499
15,77,82,0.23020243644714355,1241,499
15,78,82,24.55091019706726,1363,581
15,79,82,24.516641817855835,1227,529
15,80,82,24.57703562812805,1273,546
15,81,82,0.3025217056274414,3295,499
16,0,90,0.19803261756896973,676,499
16,1,90,0.19816279411315918,682,499
16,2,90,0.19863510131835938,696,499
16,3,90,0.19864749908447266,692,499
16,4,90,0.19880104064941406,709,499
16,5,90,0.19698166847229004,685,499
16,6,90,24.48531910018921,696,472
16,7,90,0.20502710342407227,820,499
16,8,90,0.2039499282836914,820,499
16,9,90,0.19942784309387207,725,499
16,10,90,0.20001840591430664,723,499
16,11,90,0.19933032989501953,736,499
16,12,90,0.1993398666381836,679,499
16,13,90,0.20045113563537598,671,499
16,14,90,0.1992795467376709,682,499
16,15,90,0.19884443283081055,685,499
16,16,90,0.19804167747497559,686,499
16,17,90,0.19878458976745605,678,499
16,18,90,0.19739890098571777,668,499
16,19,90,0.1859736442565918,666,499
16,20,90,0.20749187469482422,1154,499
16,21,90,0.19864106178283691,718,499
16,22,90,0.20283985137939453,805,499
16,23,90,0.19961881637573242,683,499
16,24,90,0.19806194305419922,685,499
16,25,90,24.486750326919555,782,472
16,26,90,24.48521491127014,758,472
16,27,90,0.20056605339050293,985,499
16,28,90,0.20883631706237793,1031,499
16,29,90,0.19699573516845703,676,499
16,30,90,0.19796466827392578,712,499
16,31,90,0.197601318359375,676,499
16,32,90,0.19792890548706055,706,499
16,33,90,0.1978740692138672,702,499
16,34,90,24.55686780052185,1806,472
16,35,90,0.198930025100708,775,499
16,36,90,0.24654579162597656,1277,499
16,37,90,24.49560471611023,1067,526
16,38,90,24.488429508972168,779,502
16,39,90,24.489034376907348,781,499
16,40,90,0.20172739028930664,879,499
16,41,90,24.58191057281494,1528,513
16,42,90,0.24617648124694824,1102,499
16,43,90,0.3064887523651123,2046,499
16,44,90,24.668191872406005,3050,499
16,45,90,0.20281553268432617,892,499
16,46,90,24.590331755447387,1949,472
16,47,90,0.2005765438079834,391,499
16,48,90,24.48535867767334,699,470
16,49,90,0.19780302047729492,699,499
16,50,90,24.485362015533447,697,470
16,51,90,0.18698763847351074,676,499
16,52,90,24.554500065612793,2144,499
16,53,90,24.492556534576416,902,499
16,54,90,24.513921223449707,1464,472
16,55,90,0.1989765167236328,713,499
16,56,90,24.49661537246704,1120,633
16,57,90,24.488187990951538,818,493
16,58,90,0.1996593475341797,778,499
16,59,90,24.48954888420105,929,539
16,60,90,0.20334219932556152,844,499
16,61,90,24.48835679130554,803,504
16,62,90,24.667713604736328,2934,499
16,63,90,0.24190258979797363,1030,499
16,64,90,0.20180678367614746,846,499
16,65,90,24.492183171081543,895,523
16,66,90,24.491717301177978,895,523
16,67,90,0.23174691200256348,1516,499
16,68,90,0.19905567169189453,415,499
16,69,90,24.493564806747436,881,521
16,70,90,24.489624701309204,847,499
16,71,90,24.627439699935913,1892,499
16,72,90,24.495085440444946,913,472
16,73,90,24.493113718795776,913,472
16,74,90,24.49308916168213,939,499
16,75,90,24.514688454437255,1136,499
16,76,90,0.2073676586151123,1072,499
16,77,90,24.536857567596435,1197,499
16,78,90,24.49359818534851,920,499
16,79,90,24.590468369293212,1831,525
16,80,90,24.49438329772949,922,499
16,81,90,0.2635030746459961,1741,499
16,82,90,0.1985766887664795,812,499
16,83,90,0.20540237426757812,854,499
16,84,90,0.2478783130645752,1089,499
16,85,90,0.20723271369934082,892,499
16,86,90,0.19791007041931152,705,499
16,87,90,24.531496487426757,1003,503
16,88,90,24.531781397628784,1036,610
16,89,90,24.55422969894409,719,5
17,0,86,0.19834566116333008,674,499
17,1,86,0.197343111038208,684,499
17,2,86,24.485741339492797,721,477
17,3,86,0.186781644821167,686,499
17,4,86,0.19757556915283203,672,499
17,5,86,0.19897246360778809,684,499
17,6,86,0.19899797439575195,691,499
17,7,86,0.18451571464538574,678,499
17,8,86,0.19986748695373535,716,499
17,9,86,0.1983025074005127,695,499
17,10,86,0.18439292907714844,676,499
17,11,86,0.19589805603027344,693,499
17,12,86,0.18521785736083984,677,499
17,13,86,0.19769978523254395,675,499
17,14,86,0.19820308685302734,683,499
17,15,86,0.1984553337097168,684,499
17,16,86,0.19784808158874512,675,499
17,17,86,0.19715023040771484,676,499
17,18,86,0.19741535186767578,702,499
17,19,86,0.1993856430053711,694,499
17,20,86,24.486975632476806,707,472
17,21,86,0.18629765510559082,675,499
17,22,86,0.19833636283874512,680,499
17,23,86,0.19919276237487793,687,499
17,24,86,0.19737935066223145,680,499
17,25,86,0.19864368438720703,672,499
17,26,86,0.19827032089233398,675,499
17,27,86,0.19812893867492676,705,499
17,28,86,0.19815635681152344,679,499
17,29,86,0.19818997383117676,696,499
17,30,86,0.1973412036895752,683,499
17,31,86,24.48433180885315,679,472
17,32,86,0.18380427360534668,679,499
17,33,86,0.19804716110229492,688,499
17,34,86,0.19789433479309082,682,499
17,35,86,0.19867944717407227,679,499
17,36,86,0.19884467124938965,687,499
17,37,86,0.1979365348815918,673,499
17,38,86,0.19674372673034668,674,499
17,39,86,0.19887042045593262,668,499
17,40,86,0.19787883758544922,668,499
17,41,86,0.19935226440429688,672,499
17,42,86,0.19884657859802246,679,499
17,43,86,0.19906163215637207,683,499
17,44,86,0.198930025100708,704,499
17,45,86,0.19676446914672852,675,499
17,46,86,0.1835780143737793,668,499
17,47,86,24.847794733810424,3522,280
17,48,86,24.48746033744812,777,472
17,49,86,24.59332462387085,2162,472
17,50,86,24.79322000579834,3453,472
17,51,86,24.518558464813232,1639,499
17,52,86,24.75734730796814,3484,498
17,53,86,0.19840788841247559,772,499
17,54,86,24.594698153305053,2149,499
17,55,86,24.753892622756958,3111,465
17,56,86,24.48640652732849,813,518
17,57,86,24.551497660446167,1757,499
17,58,86,24.667457543182373,2336,475
17,59,86,24.839855156707763,3606,468
17,60,86,24.493567906188964,895,497
17,61,86,24.79040952758789,3667,541
17,62,86,24.48817964630127,820,504
17,63,86,24.489690981674194,818,502
17,64,86,24.487668953704834,810,501
17,65,86,24.66156407432556,2918,472
17,66,86,24.489807329940795,909,499
17,67,86,0.20041871070861816,742,499
17,68,86,24.517625771331787,1427,501
17,69,86,0.2197713851928711,720,499
17,70,86,24.55352374153137,1711,474
17,71,86,24.59508105354309,2161,297
17,72,86,24.9220513923645,4998,574
17,73,86,0.19924592971801758,698,499
17,74,86,0.2009594440460205,850,499
17,75,86,24.49582501487732,1091,499
17,76,86,24.585876904296875,2005,476
17,77,86,0.200728178024292,850,499
17,78,86,24.48873420791626,796,499
17,79,86,24.489640436935424,568,278
17,80,86,24.579963885116577,1490,499
17,81,86,0.19942855834960938,550,499
17,82,86,24.506918869781494,1614,472
17,83,86,24.58161636428833,1468,506
17,84,86,24.591427527236938,1436,533
17,85,86,24.577841721343994,1242,553
18,0,88,24.48741289215088,728,499
18,1,88,24.486240349578857,734,499
18,2,88,0.19975757598876953,680,499
18,3,88,0.19935011863708496,692,499
18,4,88,0.19724464416503906,682,499
18,5,88,0.19901156425476074,713,499
18,6,88,0.19788455963134766,691,499
18,7,88,0.18438339233398438,675,499
18,8,88,0.19750380516052246,679,499
18,9,88,0.19827961921691895,700,499
18,10,88,0.198775053024292,695,499
18,11,88,24.486066304016113,695,470
18,12,88,0.19784331321716309,700,499
18,13,88,0.19913482666015625,686,499
18,14,88,0.2019045352935791,858,499
18,15,88,0.198164701461792,679,499
18,16,88,0.19865655899047852,677,499
18,17,88,0.1999189853668213,681,499
18,18,88,0.20410561561584473,685,499
18,19,88,0.19942808151245117,679,499
18,20,88,0.1994459629058838,687,499
18,21,88,0.1982107162475586,676,499
18,22,88,0.19780945777893066,680,499
18,23,88,0.20090579986572266,710,499
18,24,88,0.19822287559509277,678,499
18,25,88,0.19872379302978516,671,499
18,26,88,0.1990034580230713,682,499
18,27,88,24.486150465774536,681,472
18,28,88,0.19779706001281738,674,499
18,29,88,0.19779539108276367,670,499
18,30,88,25.127640448379516,5811,472
18,31,88,25.071246825027465,5745,524
18,32,88,0.4315195083618164,3863,499
18,33,88,24.59350462989807,2208,509
18,34,88,24.49592848854065,984,499
18,35,88,24.495463095474243,1049,501
18,36,88,0.19777679443359375,744,499
18,37,88,24.552930556106567,2006,519
18,38,88,0.19889235496520996,721,499
18,39,88,24.53434845046997,1253,472
18,40,88,24.517123900222778,1321,499
18,41,88,0.20083832740783691,824,499
18,42,88,24.75526925163269,3366,472
18,43,88,24.517552099990844,1490,499
18,44,88,24.556146822738647,1867,472
18,45,88,24.587744675445556,2126,527
18,46,88,24.670975647735595,2800,515
18,47,88,24.594328842926025,1851,596
18,48,88,0.24486923217773438,1313,499
18,49,88,24.587267599868774,1942,473
18,50,88,24.495379648971557,893,494
18,51,88,24.589920960235595,2211,573
18,52,88,24.493661127853393,957,516
18,53,88,24.66582890586853,2897,474
18,54,88,24.493188105392456,1000,508
18,55,88,24.5949885471344,2071,280
18,56,88,24.574388466644287,1184,495
18,57,88,24.55346532897949,1890,557
18,58,88,24.531407557296752,1048,526
18,59,88,24.630840979385376,2754,546
18,60,88,24.51812931137085,1337,660
18,61,88,24.516874752807617,1450,514
18,62,88,24.494193993377685,881,493
18,63,88,24.756197415161132,3630,499
18,64,88,24.49494358139038,917,493
18,65,88,0.198455810546875,783,499
18,66,88,24.58653398590088,2087,564
18,67,88,24.5826856716156,1467,656
18,68,88,24.59373351173401,2274,499
18,69,88,24.494886599349975,938,495
18,70,88,0.19984960556030273,783,499
18,71,88,24.555171213912963,1982,531
18,72,88,24.516391716766357,1219,545
18,73,88,24.585414849090576,1969,533
18,74,88,24.4942907913208,1037,487
18,75,88,0.20139813423156738,791,499
18,76,88,24.493307791519165,920,498
18,77,88,24.707041703033447,2950,492
18,78,88,24.532978735733032,1091,578
18,79,88,24.496804915237426,1021,517
18,80,88,0.19945049285888672,791,499
18,81,88,24.51975890235901,1968,579
18,82,88,0.2058238983154297,1358,499
18,83,88,0.20060491561889648,796,499
18,84,88,24.579585276412963,1363,605
18,85,88,24.578656397628784,1384,638
18,86,88,24.57870503501892,1348,625
18,87,88,24.51975008087158,1075,503
19,0,119,24.626993380355835,2933,499
19,1,119,24.51722379760742,1664,500
19,2,119,0.29090285301208496,1411,499
19,3,119,25.39048071937561,8073,541
19,4,119,24.593204222488403,2130,503
19,5,119,25.02315493659973,4911,519
19,6,119,24.625806532669067,2266,518
19,7,119,24.629041634368896,2157,508
19,8,119,24.53440996246338,1284,503
19,9,119,24.554697953033447,1667,524
19,10,119,0.24684429168701172,1463,499
19,11,119,24.533907376098632,1173,472
19,12,119,0.19903039932250977,859,499
19,13,119,0.23575258255004883,1016,499
19,14,119,24.49204321937561,961,499
19,15,119,0.20647311210632324,947,499
19,16,119,0.20526862144470215,852,499
19,17,119,0.2069108486175537,886,499
19,18,119,24.553780995178222,1968,677
19,19,119,0.20016241073608398,417,499
19,20,119,24.584661446380615,1953,516
19,21,119,0.19997000694274902,748,499
19,22,119,24.586845837402343,1727,484
19,23,119,0.20227670669555664,848,499
19,24,119,24.495769940185546,1047,472
19,25,119,0.18637657165527344,753,499
19,26,119,24.514484368133544,1425,499
19,27,119,24.49058338241577,385,108
19,28,119,24.53263183670044,1088,505
19,29,119,24.533219061660766,1074,534
19,30,119,0.1985630989074707,747,499
19,31,119,24.585099898147583,1889,472
19,32,119,24.532017670440673,1181,537
19,33,119,24.580819092559814,1711,499
19,34,119,24.48834892349243,879,563
19,35,119,24.532653532791137,1024,504
19,36,119,24.49461194114685,1132,510
19,37,119,24.575113020706176,1295,499
19,38,119,24.514252625274658,1117,350
19,39,119,24.519642792510986,1546,516
19,40,119,24.583536587524414,1371,478
19,41,119,24.49414201812744,910,497
19,42,119,24.581828079986572,1711,497
19,43,119,0.20419812202453613,850,499
19,44,119,24.534895859527587,1098,501
19,45,119,0.20112895965576172,750,499
19,46,119,0.20341753959655762,817,499
19,47,119,24.493015728759765,836,472
19,48,119,24.486809216308593,799,509
19,49,119,24.53423710899353,1068,478
19,50,119,24.533024988937377,1223,499
19,51,119,0.1989755630493164,753,499
19,52,119,0.2038867473602295,895,499
19,53,119,0.20181703567504883,883,499
19,54,119,0.20565009117126465,807,499
19,55,119,0.19948649406433105,816,499
19,56,119,24.53092523651123,1043,482
19,57,119,0.19890332221984863,788,499
19,58,119,24.51420208053589,1310,491
19,59,119,0.2061312198638916,1008,499
19,60,119,24.51347418861389,1202,520
19,61,119,24.491638146209716,960,518
19,62,119,24.536469422149658,1468,548
19,63,119,24.5171281917572,1509,507
19,64,119,24.58132716255188,1555,510
19,65,119,24.556401453781127,1644,481
19,66,119,24.50598355369568,1163,499
19,67,119,24.5366332157135,731,68
19,68,119,24.494923554229736,924,503
19,69,119,24.490653239059448,852,520
19,70,119,24.554364405441284,1651,505
19,71,119,24.487073622512817,770,499
19,72,119,24.577872477340698,1955,514
19,73,119,24.554271422195434,1787,474
19,74,119,0.1873764991760254,685,499
19,75,119,24.48615952568054,716,499
19,76,119,0.19934654235839844,713,499
19,77,119,0.19894671440124512,713,499
19,78,119,0.1978471279144287,691,499
19,79,119,24.494024716186523,712,472
19,80,119,24.485152445602417,704,470
19,81,119,0.19892168045043945,682,499
19,82,119,0.19884395599365234,716,499
19,83,119,24.48615475730896,469,272
19,84,119,24.48674627380371,713,473
19,85,119,0.19808244705200195,690,499
19,86,119,24.487974129486084,814,569
19,87,119,0.19902610778808594,685,499
19,88,119,0.19845342636108398,678,499
19,89,119,0.1998610496520996,730,499
19,90,119,0.2004072666168213,725,499
19,91,119,24.48617621498108,495,293
19,92,119,24.4845513923645,693,470
19,93,119,0.1989293098449707,745,499
19,94,119,0.19884371757507324,683,499
19,95,119,0.1990523338317871,681,499
19,96,119,0.19930386543273926,688,499
19,97,119,24.53364273147583,1150,470
19,98,119,0.18558716773986816,685,499
19,99,119,24.486151181030273,709,470
19,100,119,0.19828462600708008,708,499
19,101,119,0.1987323760986328,740,499
19,102,119,0.19833993911743164,724,499
19,103,119,0.19945168495178223,693,499
19,104,119,0.20837926864624023,685,499
19,105,119,0.19855976104736328,701,499
19,106,119,24.486536227035522,718,491
19,107,119,0.20832037925720215,1212,499
19,108,119,0.1984868049621582,699,499
19,109,119,24.484157763290405,701,470
19,110,119,24.472237072753906,232,90
19,111,119,24.48426791267395,702,470
19,112,119,24.471587620544433,227,86
19,113,119,24.484057389068603,740,499
19,114,119,0.19933342933654785,775,499
19,115,119,0.20234227180480957,1052,499
19,116,119,24.51940270500183,1228,579
19,117,119,24.579920016098022,1387,537
19,118,119,24.58145400123596,1322,617
20,0,106,0.3789503574371338,3126,499
20,1,106,0.2923109531402588,1518,499
20,2,106,24.4965679271698,1102,472
20,3,106,24.874625883865356,4334,511
20,4,106,0.22732305526733398,1462,499
20,5,106,0.26728057861328125,1866,499
20,6,106,0.26810646057128906,2451,499
20,7,106,0.29206132888793945,1593,499
20,8,106,24.552999935913085,1943,499
20,9,106,24.533990822601318,1218,499
20,10,106,0.4641544818878174,3340,499
20,11,106,0.20716524124145508,932,499
20,12,106,24.53321024017334,969,472
20,13,106,0.2866935729980469,1136,499
20,14,106,0.30553603172302246,1991,499
20,15,106,0.23178577423095703,1475,499
20,16,106,24.626801453399658,2322,472
20,17,106,24.578290663528442,1575,499
20,18,106,24.49566789703369,1202,499
20,19,106,0.29473161697387695,1803,499
20,20,106,24.492781601715087,870,470
20,21,106,24.533672533798217,1001,499
20,22,106,24.548900090026855,1560,472
20,23,106,24.579229555892944,1524,499
20,24,106,24.532218418884277,1182,499
20,25,106,0.20702862739562988,1024,499
20,26,106,24.578375302124023,1645,499
20,27,106,0.2456984519958496,1391,499
20,28,106,24.59162589149475,2284,499
20,29,106,24.752042971420288,3536,472
20,30,106,24.51745506362915,1410,499
20,31,106,24.494735918807983,1068,470
20,32,106,24.51284571723938,1445,499
20,33,106,0.2061314582824707,1041,499
20,34,106,24.575164042282104,1368,472
20,35,106,24.51350136833191,1398,472
20,36,106,24.493501148986816,1028,475
20,37,106,24.575569353866577,1281,499
20,38,106,24.625934563446044,2707,521
20,39,106,24.53368254737854,1295,524
20,40,106,24.506682358551025,1381,472
20,41,106,0.23893213272094727,1205,499
20,42,106,24.535406790542602,1346,499
20,43,106,24.585714779663085,2104,470
20,44,106,24.505504809188842,1480,499
20,45,106,24.49631281929016,1038,472
20,46,106,24.555295429992675,2101,499
20,47,106,24.552432499694824,1828,546
20,48,106,0.18451738357543945,286,499
20,49,106,24.516689024734497,1488,499
20,50,106,24.495398960876464,1218,499
20,51,106,0.2093040943145752,905,499
20,52,106,24.496022187042236,1038,499
20,53,106,24.552787504959106,2056,537
20,54,106,0.20349740982055664,885,499
20,55,106,24.66444583969116,2826,499
20,56,106,24.563001356887817,1140,495
20,57,106,24.48888751106262,963,505
20,58,106,0.23046350479125977,1496,499
20,59,106,24.525547943878173,1232,512
20,60,106,24.525688134002685,1144,478
20,61,106,24.512303314971923,1438,499
20,62,106,24.585908852386474,1890,499
20,63,106,0.20691823959350586,1040,499
20,64,106,24.576069317626953,1293,507
20,65,106,24.519042931365966,1624,483
20,66,106,24.51672836380005,1401,472
20,67,106,24.551803551483154,1695,483
20,68,106,24.531500302124023,1163,499
20,69,106,24.49382158355713,1011,499
20,70,106,24.495197020339965,1013,472
20,71,106,24.496738158035278,1004,472
20,72,106,0.23790264129638672,1189,499
20,73,106,24.583342276382446,1809,499
20,74,106,24.525223456192016,1234,499
20,75,106,24.58173557357788,1637,499
20,76,106,24.53305336074829,1362,587
20,77,106,24.531908951568603,1269,499
20,78,106,24.665546856689453,3104,507
20,79,106,24.495192490386962,1188,499
20,80,106,0.20631027221679688,943,499
20,81,106,0.2016615867614746,864,499
20,82,106,24.532564364242553,1414,533
20,83,106,24.576636515426635,1180,499
20,84,106,0.20842742919921875,1130,499
20,85,106,24.534442625808715,1257,524
20,86,106,24.51757188873291,1476,271
20,87,106,24.53296848373413,1190,499
20,88,106,24.496393166351318,1108,499
20,89,106,0.20137500762939453,856,499
20,90,106,0.19800448417663574,201,499
20,91,106,24.52563377456665,1083,486
20,92,106,24.575736246871948,1301,499
20,93,106,24.492634259033203,955,499
20,94,106,24.57434221343994,1245,499
20,95,106,24.516588173675537,1751,501
20,96,106,24.564963541793823,1272,499
20,97,106,0.20041584968566895,880,499
20,98,106,0.1986532211303711,717,499
20,99,106,0.20597243309020996,1202,499
20,100,106,0.2082507610321045,885,499
20,101,106,24.629794798660278,1911,723
20,102,106,24.57663222389221,2389,1534
20,103,106,24.53367754058838,912,499
20,104,106,24.531099520492553,1029,537
20,105,106,24.49529954032898,1034,635
21,0,82,0.1985607147216797,732,499
21,1,82,0.1995410919189453,699,499
21,2,82,0.20058012008666992,714,499
21,3,82,0.19886112213134766,691,499
21,4,82,0.19932818412780762,693,499
21,5,82,0.20354771614074707,829,499
21,6,82,0.19995903968811035,697,499
21,7,82,0.19950604438781738,736,499
21,8,82,0.19833660125732422,697,499
21,9,82,0.19961810111999512,679,499
21,10,82,0.18591976165771484,680,499
21,11,82,24.486201487350463,705,472
21,12,82,24.487610779571533,704,472
21,13,82,0.19962477684020996,676,499
21,14,82,0.20672917366027832,703,499
21,15,82,0.20221590995788574,719,499
21,16,82,0.2022991180419922,829,499
21,17,82,0.20390629768371582,851,499
21,18,82,0.20343947410583496,856,499
21,19,82,24.48973461227417,713,472
21,20,82,24.487322769927978,463,269
21,21,82,0.19809603691101074,697,499
21,22,82,0.19934582710266113,697,499
21,23,82,0.2001476287841797,697,499
21,24,82,0.20267176628112793,704,499
21,25,82,24.487222872543335,685,470
21,26,82,0.20031476020812988,708,499
21,27,82,0.2007298469543457,682,499
21,28,82,0.19894886016845703,696,499
21,29,82,0.20061612129211426,694,499
21,30,82,0.19932079315185547,684,499
21,31,82,0.20270943641662598,841,499
21,32,82,0.20510244369506836,873,499
21,33,82,0.19997096061706543,681,499
21,34,82,0.20572686195373535,682,499
21,35,82,24.680802546310424,2955,472
21,36,82,24.835340462493896,3894,470
21,37,82,0.3400721549987793,2652,499
21,38,82,0.5510988235473633,4486,499
21,39,82,0.3001675605773926,2447,499
21,40,82,24.665450297164917,3170,479
21,41,82,24.534913264083862,1316,499
21,42,82,24.756580792236328,3860,512
21,43,82,24.525911532211303,1067,498
21,44,82,24.59294506149292,2393,485
21,45,82,0.20121169090270996,735,499
21,46,82,24.834589443969726,4944,466
21,47,82,24.595615349578857,2543,499
21,48,82,24.55345030860901,2141,506
21,49,82,0.18558430671691895,769,499
21,50,82,24.59249635772705,2698,500
21,51,82,24.494384489822387,935,536
21,52,82,24.627555571365356,2861,503
21,53,82,24.514574728775024,1572,511
21,54,82,24.496333561706543,1213,509
21,55,82,24.55221077041626,1964,481
21,56,82,24.495406351852417,1017,520
21,57,82,24.48765417175293,835,512
21,58,82,24.599599800872802,2873,472
21,59,82,24.671477757263183,3445,483
21,60,82,24.488403044509887,836,515
21,61,82,24.533270321655273,1203,593
21,62,82,24.59328766899109,2616,507
21,63,82,24.593368731307983,2487,564
21,64,82,24.494190655517578,1002,566
21,65,82,24.62900038795471,3072,472
21,66,82,24.494658909606933,1042,528
21,67,82,24.580859385299682,1938,537
21,68,82,24.748813591766357,3790,615
21,69,82,24.491701803970336,1372,691
21,70,82,24.551991186904907,2162,502
21,71,82,24.493602238464355,960,503
21,72,82,24.553947888183593,2003,508
21,73,82,24.49426122741699,1003,528
21,74,82,24.626714192199707,2468,502
21,75,82,24.51742859916687,1839,525
21,76,82,24.580007038879394,1692,499
21,77,82,24.578515253829956,2081,611
21,78,82,24.49356385307312,987,521
21,79,82,24.666239224243164,3771,498
21,80,82,0.1995999813079834,767,499
21,81,82,0.2016444206237793,395,499
22,0,52,24.718214236068725,2754,499
22,1,52,24.755824766921997,3579,490
22,2,52,24.62861867980957,2768,525
22,3,52,24.576899014282226,1232,476
22,4,52,0.1973414421081543,719,499
22,5,52,24.516785584259033,936,128
22,6,52,0.1981344223022461,409,499
22,7,52,24.517154656219482,1304,513
22,8,52,0.19895648956298828,737,499
22,9,52,24.581559620666503,1568,551
22,10,52,24.53363176422119,699,107
22,11,52,0.19742226600646973,797,499
22,12,52,24.514290772247314,1307,510
22,13,52,24.492970429229736,908,481
22,14,52,24.585539065170288,2087,541
22,15,52,24.49559947090149,980,523
22,16,52,24.584088049697876,1691,528
22,17,52,24.495956621932983,1026,487
22,18,52,24.533764086532592,1128,498
22,19,52,24.505854092407226,1383,501
22,20,52,0.19805574417114258,380,499
22,21,52,24.533211909103393,1255,499
22,22,52,0.20043182373046875,722,499
22,23,52,24.581309519577026,1632,499
22,24,52,24.492976628112793,950,499
22,25,52,0.22991061210632324,1623,499
22,26,52,24.514484844970703,1343,499
22,27,52,0.19792819023132324,489,499
22,28,52,24.51479598121643,1406,499
22,29,52,24.49298831062317,1097,499
22,30,52,24.524846754837036,1121,472
22,31,52,0.19836211204528809,723,499
22,32,52,0.20650267601013184,887,499
22,33,52,0.20822429656982422,877,499
22,34,52,0.1982872486114502,765,499
22,35,52,0.2446427345275879,1178,499
22,36,52,0.20324039459228516,932,499
22,37,52,0.20900416374206543,1105,499
22,38,52,24.55306502418518,1583,472
22,39,52,24.4878370388031,806,470
22,40,52,24.48968692855835,811,470
22,41,52,24.49037667350769,810,470
22,42,52,24.555497608947753,1784,472
22,43,52,0.20659255981445312,1023,499
22,44,52,24.53287550048828,1366,501
22,45,52,0.24541687965393066,1334,499
22,46,52,0.2452559471130371,1052,499
22,47,52,24.49439998703003,486,169
22,48,52,24.495494328308105,935,582
22,49,52,24.489722691345214,780,501
22,50,52,24.491636000442504,794,499
22,51,52,24.49631281929016,857,499
23,0,44,0.4236304759979248,3017,499
23,1,44,24.59336658554077,2125,499
23,2,44,24.630349360275268,2658,472
23,3,44,24.585908852386474,2380,551
23,4,44,24.518518410491943,1677,499
23,5,44,0.19956350326538086,711,499
23,6,44,24.623911581802368,2703,502
23,7,44,0.1986081600189209,724,499
23,8,44,24.58589168624878,2318,702
23,9,44,0.1990649700164795,315,499
23,10,44,24.496024571228027,1010,499
23,11,44,24.51157399253845,1399,610
23,12,44,24.5347063167572,1250,499
23,13,44,24.518311463165283,1390,511
23,14,44,24.50497718887329,1332,499
23,15,44,24.50617977218628,1383,548
23,16,44,24.59411283569336,2081,516
23,17,44,24.665156565475463,2717,532
23,18,44,24.494544945526123,955,547
23,19,44,24.586436472702026,2016,474
23,20,44,24.496539316940307,991,499
23,21,44,24.536728106307983,1324,604
23,22,44,24.515639267730712,1408,499
23,23,44,24.53313299255371,1181,499
23,24,44,24.575020991134643,1245,505
23,25,44,24.58630581932068,2190,556
23,26,44,24.575458966064453,1271,586
23,27,44,24.517262898254394,1577,523
23,28,44,24.708166800308227,3365,488
23,29,44,24.493516646194458,937,499
23,30,44,24.58503933982849,1748,528
23,31,44,24.49329587059021,987,499
23,32,44,24.58368130760193,2112,499
23,33,44,0.2479698657989502,1178,499
23,34,44,24.59100481109619,2114,499
23,35,44,0.20766925811767578,1067,499
23,36,44,24.586211405563354,2053,529
23,37,44,24.62562795715332,2555,499
23,38,44,0.20812702178955078,1081,499
23,39,44,24.518599949645996,1707,504
23,40,44,24.595581970977783,2833,690
23,41,44,0.19893693923950195,837,499
23,42,44,0.20705747604370117,873,499
23,43,44,24.518973789978027,1308,699
24,0,31,0.5521535873413086,3690,499
24,1,31,24.518334828186035,1749,499
24,2,31,24.884548149871826,4607,472
24,3,31,0.200148344039917,731,499
24,4,31,24.59653230743408,2681,594
24,5,31,24.622432194519043,2541,638
24,6,31,24.586391173171997,1879,472
24,7,31,24.494814358520507,1088,472
24,8,31,24.709209881591796,3019,537
24,9,31,24.533954821395874,1168,499
24,10,31,24.51856967048645,1491,548
24,11,31,24.553225956726074,2116,503
24,12,31,0.19936251640319824,784,499
24,13,31,24.663917265701294,2740,505
24,14,31,24.49348946647644,1086,488
24,15,31,24.628497563171386,2567,522
24,16,31,24.496383629608154,624,116
24,17,31,24.59279342727661,2030,505
24,18,31,24.495300017166137,1082,487
24,19,31,24.670497380065918,2958,494
24,20,31,24.495990954208374,1037,511
24,21,31,0.20017743110656738,741,499
24,22,31,24.589292727279663,2104,472
24,23,31,0.19915366172790527,745,499
24,24,31,24.532895527648925,1132,472
24,25,31,24.62395616607666,2538,499
24,26,31,24.49463053779602,948,499
24,27,31,24.553174935150146,2180,540
24,28,31,0.2094862461090088,971,499
24,29,31,0.20954656600952148,872,499
24,30,31,24.494628630447387,915,499
25,0,41,0.5046954154968262,3202,499
25,1,41,24.71472855644226,3290,499
25,2,41,24.53457161026001,1515,472
25,3,41,24.55536075668335,1982,506
25,4,41,24.489630184936523,934,499
25,5,41,24.595533810424804,2470,519
25,6,41,24.970867834854126,4956,515
25,7,41,24.495763026046752,1115,510
25,8,41,24.58609052734375,1851,512
25,9,41,24.57784315185547,1216,507
25,10,41,24.581073962020874,1361,499
25,11,41,24.52665325241089,1218,499
25,12,41,24.5939001663208,2521,510
25,13,41,24.625084601211547,2424,485
25,14,41,24.53422685699463,1353,499
25,15,41,0.20230436325073242,877,499
25,16,41,24.5757858379364,1150,499
25,17,41,24.517552576828002,1293,499
25,18,41,0.20025134086608887,840,499
25,19,41,0.24916672706604004,1384,499
25,20,41,24.55306216316223,1782,499
25,21,41,24.526162825393676,1034,499
25,22,41,0.20003890991210938,739,499
25,23,41,24.551667414474487,1742,499
25,24,41,0.19984149932861328,784,499
25,25,41,0.20676279067993164,858,499
25,26,41,24.59290548400879,2353,499
25,27,41,24.519995175170898,1141,499
25,28,41,24.59058567123413,2079,470
25,29,41,24.493175707626342,1004,499
25,30,41,0.29067492485046387,1477,499
25,31,41,0.28770995140075684,1571,499
25,32,41,0.19991278648376465,776,499
25,33,41,0.24916672706604004,1413,499
25,34,41,0.19933366775512695,833,499
25,35,41,0.30626463890075684,1907,499
25,36,41,0.20790314674377441,913,499
25,37,41,0.197662353515625,482,499
25,38,41,0.20526623725891113,311,499
25,39,41,0.19856476783752441,715,499
25,40,41,24.50785442428589,1010,499
26,0,48,0.5529892444610596,4224,499
26,1,48,0.5047636032104492,3983,499
26,2,48,24.59369631843567,2236,528
26,3,48,0.2686338424682617,2398,499
26,4,48,24.554937325286865,1921,499
26,5,48,24.66537734107971,3462,521
26,6,48,0.1997387409210205,811,499
26,7,48,24.517747841644287,1521,472
26,8,48,24.59124919013977,2158,499
26,9,48,24.592314921188354,2313,506
26,10,48,24.591845713424682,2255,499
26,11,48,24.516890488433837,1496,509
26,12,48,24.625767193603515,2707,491
26,13,48,24.591736279296875,2049,472
26,14,48,24.592036209869384,1994,522
26,15,48,24.58903595046997,2246,472
26,16,48,24.550035916137695,1925,483
26,17,48,24.55342026786804,2190,503
26,18,48,24.58141227798462,1608,468
26,19,48,24.62751980857849,2559,516
26,20,48,24.49562569694519,951,503
26,21,48,0.20876216888427734,1154,499
26,22,48,24.63190909461975,2958,476
26,23,48,24.534376822280883,1242,487
26,24,48,24.58557840423584,2156,478
26,25,48,24.62385746078491,2616,532
26,26,48,24.552644692230224,1792,505
26,27,48,0.2005784511566162,814,499
26,28,48,24.580739937591552,1596,474
26,29,48,24.66555305557251,2874,493
26,30,48,0.20213937759399414,789,499
26,31,48,0.23211145401000977,1724,499
26,32,48,0.2995784282684326,2122,499
26,33,48,0.24427533149719238,1210,499
26,34,48,24.592877827453613,2667,498
26,35,48,0.20918655395507812,1133,499
26,36,48,24.553987465667724,1814,499
26,37,48,24.593790732192993,2154,493
26,38,48,24.5340115650177,1248,499
26,39,48,24.579409323501586,1732,486
26,40,48,24.592800341415405,2410,558
26,41,48,0.19990062713623047,805,499
26,42,48,24.580502949523925,2208,504
26,43,48,24.577719651031494,1822,499
26,44,48,0.2015995979309082,835,499
26,45,48,0.20742082595825195,877,499
26,46,48,0.2084980010986328,936,499
26,47,48,0.19879937171936035,712,499
27,0,39,0.383573055267334,2818,499
27,1,39,0.4706892967224121,3255,499
27,2,39,24.626026354599,2302,499
27,3,39,24.49367233352661,1195,499
27,4,39,24.58422704772949,1998,472
27,5,39,24.51678057746887,1475,499
27,6,39,24.576809368896484,1655,536
27,7,39,24.661785565185546,2849,508
27,8,39,24.575540743637085,1420,641
27,9,39,24.58124514656067,2181,747
27,10,39,24.59391661720276,2836,530
27,11,39,0.2007763385772705,847,499
27,12,39,24.62548729019165,2538,510
27,13,39,24.578715287017822,1583,556
27,14,39,24.663625441360473,2925,490
27,15,39,24.580343447494506,1588,519
27,16,39,24.494592867660522,882,495
27,17,39,24.551953755187988,1821,514
27,18,39,24.535142861175537,1264,542
27,19,39,24.5870904548645,2241,565
27,20,39,24.627840004730224,2280,523
27,21,39,24.51317235069275,1426,611
27,22,39,24.494900666046142,907,489
27,23,39,24.58205672340393,1684,544
27,24,39,24.58173843460083,1748,499
27,25,39,24.50566454963684,1292,489
27,26,39,24.53263422088623,1382,523
27,27,39,24.491808138656616,957,506
27,28,39,24.830851040649414,4433,493
27,29,39,24.496011935043335,985,489
27,30,39,24.494852267074585,1016,492
27,31,39,24.55493374900818,2206,470
27,32,39,24.629306755828857,2297,499
27,33,39,0.2448434829711914,1153,499
27,34,39,0.29557228088378906,1508,499
27,35,39,0.2066056728363037,826,499
27,36,39,0.20036792755126953,815,499
27,37,39,0.19914460182189941,812,499
27,38,39,24.517074070739746,3275,2231
28,0,98,0.3884766101837158,2291,499
28,1,98,0.3424253463745117,2181,499
28,2,98,24.78981491165161,3873,499
28,3,98,24.663747511672973,2752,499
28,4,98,24.577558241653442,1520,499
28,5,98,24.588368855285644,2172,498
28,6,98,24.537789307403564,1327,527
28,7,98,24.49247356491089,985,476
28,8,98,24.574654303359985,1403,586
28,9,98,24.49421640472412,1100,472
28,10,98,24.517339192199707,1489,525
28,11,98,24.8775653465271,4995,499
28,12,98,24.57356449203491,1370,499
28,13,98,24.495391331481933,1042,499
28,14,98,24.576764546203613,1368,499
28,15,98,24.51441689567566,1397,499
28,16,98,24.581997595596313,1532,507
28,17,98,0.2287452220916748,1167,499
28,18,98,24.790060721206665,3731,472
28,19,98,24.581344567108154,1881,499
28,20,98,24.62542577819824,2476,499
28,21,98,24.552825651931762,1593,515
28,22,98,0.20565032958984375,1026,499
28,23,98,24.59437509613037,1994,499
28,24,98,24.49357720451355,877,499
28,25,98,24.51444622116089,1389,499
28,26,98,24.587304554748535,1764,552
28,27,98,0.20204734802246094,772,499
28,28,98,0.23278474807739258,1237,499
28,29,98,24.550752602386474,1697,472
28,30,98,24.51357813911438,1046,499
28,31,98,24.63122197227478,2342,472
28,32,98,0.2891273498535156,1020,499
28,33,98,24.514645777511596,1229,499
28,34,98,0.20599746704101562,829,499
28,35,98,24.585629664230346,1789,499
28,36,98,24.584998570251464,1937,499
28,37,98,0.1992335319519043,786,499
28,38,98,24.515112839508056,1353,499
28,39,98,24.513627253341674,1275,498
28,40,98,24.519131146240234,1364,499
28,41,98,24.485492192077636,779,499
28,42,98,24.581363402175903,1798,499
28,43,98,24.556638203430175,1643,472
28,44,98,0.20279145240783691,866,499
28,45,98,0.2388451099395752,1052,499
28,46,98,24.626509867477417,2501,499
28,47,98,24.53569384651184,467,59
28,48,98,24.749703131484985,3283,499
28,49,98,24.592807970809936,2113,472
28,50,98,24.48818203048706,817,499
28,51,98,24.586134634780883,1956,499
28,52,98,24.580086432266235,2006,499
28,53,98,24.62919994430542,2758,470
28,54,98,0.20221900939941406,776,499
28,55,98,0.19728302955627441,701,499
28,56,98,0.19839215278625488,728,499
28,57,98,0.1991863250732422,728,499
28,58,98,0.19759631156921387,698,499
28,59,98,0.19931840896606445,694,499
28,60,98,24.484218560028076,703,470
28,61,98,0.19936013221740723,709,499
28,62,98,0.19937753677368164,724,499
28,63,98,24.486662827301025,786,499
28,64,98,24.48566123085022,787,499
28,65,98,0.19844293594360352,707,499
28,66,98,0.19909930229187012,707,499
28,67,98,24.490760527420044,815,499
28,68,98,24.491073094177246,814,499
28,69,98,24.487139664459228,781,537
28,70,98,24.48534246520996,786,540
28,71,98,0.19858622550964355,696,499
28,72,98,24.487133227157592,778,536
28,73,98,24.487348042297363,739,499
28,74,98,24.48672505455017,894,587
28,75,98,0.20015478134155273,708,499
28,76,98,0.20008254051208496,755,499
28,77,98,0.20029568672180176,759,499
28,78,98,0.20011496543884277,753,499
28,79,98,0.19987940788269043,754,499
28,80,98,24.603898011016845,1816,545
28,81,98,0.2026689052581787,777,499
28,82,98,0.20241117477416992,868,499
28,83,98,0.20967483520507812,887,499
28,84,98,0.20695877075195312,887,499
28,85,98,24.484555683898925,714,471
28,86,98,24.47287269668579,689,472
28,87,98,24.484161101150512,692,470
28,88,98,24.472459994125366,925,669
28,89,98,24.48712297515869,865,499
28,90,98,24.474777661132812,714,475
28,91,98,24.48549672203064,699,470
28,92,98,24.48730131225586,709,467
28,93,98,0.2319471836090088,1246,499
28,94,98,24.580031119155883,1174,531
28,95,98,24.55492516593933,1345,622
28,96,98,24.533138953018188,516,153
28,97,98,24.532482348251342,908,472
29,0,49,24.792139254379272,3374,472
29,1,49,24.62459012107849,2118,472
29,2,49,24.51611991958618,1670,499
29,3,49,24.58166667060852,1864,499
29,4,49,24.486030779647827,781,499
29,5,49,24.582322798538208,1676,486
29,6,49,0.19868159294128418,698,499
29,7,49,24.533987007904052,1343,472
29,8,49,24.53366108970642,1584,499
29,9,49,24.517536602783203,1618,532
29,10,49,24.49712201194763,1087,513
29,11,49,24.757096014785766,2737,470
29,12,49,24.62684103088379,1982,468
29,13,49,24.55152627067566,1614,502
29,14,49,24.52731867866516,953,472
29,15,49,0.20275115966796875,886,499
29,16,49,24.55294533805847,1552,488
29,17,49,24.51859327392578,1381,531
29,18,49,0.20675086975097656,1143,499
29,19,49,24.575099669265747,1158,515
29,20,49,24.506830893325805,1120,500
29,21,49,24.515978775787353,1243,568
29,22,49,0.20167136192321777,905,499
29,23,49,24.585719786453247,2075,472
29,24,49,24.579487047958374,1675,499
29,25,49,0.18612337112426758,835,499
29,26,49,24.48671957092285,852,499
29,27,49,24.518794260787963,1734,499
29,28,49,24.59307237701416,2234,505
29,29,49,0.20185232162475586,868,499
29,30,49,24.552734576034545,1985,472
29,31,49,24.59181161956787,1929,472
29,32,49,24.49005337791443,901,498
29,33,49,24.489847384262085,872,470
29,34,49,24.489268027114868,879,501
29,35,49,24.625680409240722,2404,499
29,36,49,24.591563425827026,2049,484
29,37,49,24.489873610305786,891,482
29,38,49,24.554246626663208,2250,610
29,39,49,24.58629699783325,2448,499
29,40,49,24.517443619537353,1693,461
29,41,49,24.555081330108642,1363,124
29,42,49,24.49074812965393,858,507
29,43,49,24.580667935180664,1853,508
29,44,49,24.50611826019287,1444,510
29,45,49,24.49463554458618,1106,499
29,46,49,24.496181450653076,1330,522
29,47,49,0.2025589942932129,990,499
29,48,49,0.19997549057006836,882,499
30,0,33,24.66896291809082,2455,472
30,1,33,24.71129485206604,3448,470
30,2,33,0.37817859649658203,2591,499
30,3,33,24.57385989265442,1459,499
30,4,33,24.632139168548584,3081,539
30,5,33,0.19943714141845703,722,499
30,6,33,24.553023777770996,1704,499
30,7,33,24.587380848693847,2131,499
30,8,33,24.495212755966186,978,470
30,9,33,24.58999677734375,2046,479
30,10,33,0.20073771476745605,753,499
30,11,33,24.665825568008422,2985,513
30,12,33,24.488630018997192,840,472
30,13,33,24.533857069778442,1413,499
30,14,33,24.575896464157104,1211,531
30,15,33,24.516194067764282,1449,499
30,16,33,24.49307771759033,885,472
30,17,33,24.49571581916809,1176,499
30,18,33,24.57695647315979,1348,499
30,19,33,24.495160542297363,963,499
30,20,33,24.581412516403198,1624,499
30,21,33,24.4934260471344,913,472
30,22,33,24.51863022880554,1673,499
30,23,33,24.526025019454956,961,499
30,24,33,24.66685076789856,2828,472
30,25,33,24.53399058418274,1011,499
30,26,33,24.57955928878784,1891,499
30,27,33,24.496421061325073,944,499
30,28,33,24.55420609550476,1862,499
30,29,33,0.19901418685913086,764,499
30,30,33,24.592765055465698,2511,499
30,31,33,0.209306001663208,965,499
30,32,33,24.593339167404174,1527,499
31,0,66,24.48681016998291,713,465
31,1,66,0.19925975799560547,677,499
31,2,66,0.19794631004333496,687,499
31,3,66,24.485704861450195,688,470
31,4,66,24.486840210723877,739,472
31,5,66,0.19933390617370605,695,499
31,6,66,0.19968700408935547,706,499
31,7,66,0.20061159133911133,700,499
31,8,66,0.20018219947814941,729,499
31,9,66,0.19795536994934082,698,499
31,10,66,0.19789671897888184,669,499
31,11,66,0.19753408432006836,682,499
31,12,66,24.48622604446411,469,269
31,13,66,24.48866768913269,716,471
31,14,66,0.1978445053100586,705,499
31,15,66,0.19918036460876465,700,499
31,16,66,0.19681453704833984,671,499
31,17,66,0.35173654556274414,2765,499
31,18,66,24.71042653160095,3628,499
31,19,66,24.51811286048889,1568,505
31,20,66,24.626032553482055,2462,536
31,21,66,0.1983487606048584,298,499
31,22,66,24.574362479019165,1273,499
31,23,66,24.555521450805664,2095,516
31,24,66,0.2010054588317871,773,499
31,25,66,24.630387984085083,2762,571
31,26,66,24.57709189491272,1301,510
31,27,66,24.581012688446044,1602,513
31,28,66,24.794530115890502,3983,479
31,29,66,24.579293690490722,1488,500
31,30,66,24.576002083587646,1375,505
31,31,66,24.496977291870117,968,530
31,32,66,24.713129483032226,3474,513
31,33,66,24.494879446792602,1008,499
31,34,66,24.839730225372314,3766,473
31,35,66,0.20848345756530762,811,499
31,36,66,0.2078709602355957,1006,499
31,37,66,0.2489001750946045,1199,499
31,38,66,24.627662382888794,2577,505
31,39,66,24.494252167510986,920,511
31,40,66,24.62994261817932,2638,499
31,41,66,24.552800617980957,1861,499
31,42,66,24.49344678955078,986,533
31,43,66,24.6287061794281,2674,505
31,44,66,24.536141119766235,1058,513
31,45,66,24.627773009109497,2548,479
31,46,66,24.534514866638183,1084,490
31,47,66,25.12255712585449,6430,472
31,48,66,24.56689592437744,997,492
31,49,66,24.63169451789856,2496,499
31,50,66,24.497118435668945,997,556
31,51,66,24.581224404144287,1686,477
31,52,66,24.534596167373657,1192,564
31,53,66,24.518643103408813,1435,536
31,54,66,24.487843237686157,769,499
31,55,66,24.592827759552,2648,499
31,56,66,24.533241234588623,1185,526
31,57,66,24.63182922439575,2672,549
31,58,66,24.532498322296142,1080,508
31,59,66,24.513308726119995,1648,599
31,60,66,24.5316865070343,1268,466
31,61,66,0.20831680297851562,1079,499
31,62,66,0.21139788627624512,1155,499
31,63,66,0.20036721229553223,837,499
31,64,66,0.2476177215576172,1076,499
31,65,66,24.5792038066864,2398,1551
32,0,68,24.485261164474487,235,90
32,1,68,0.18677091598510742,689,499
32,2,68,0.19958043098449707,691,499
32,3,68,0.19829726219177246,733,499
32,4,68,24.485630236434936,705,472
32,5,68,0.19986462593078613,698,499
32,6,68,24.484823666381835,752,475
32,7,68,24.483329497146606,750,475
32,8,68,24.472563706207275,769,502
32,9,68,24.48347993927002,776,519
32,10,68,0.18649625778198242,698,499
32,11,68,24.4862079246521,697,470
32,12,68,0.19739413261413574,693,499
32,13,68,0.19872093200683594,704,499
32,14,68,24.485876999664306,722,472
32,15,68,25.031547747421264,4932,470
32,16,68,24.71873851852417,3326,503
32,17,68,24.58693667488098,2080,504
32,18,68,24.579034767913818,1879,504
32,19,68,24.555917225646972,1887,499
32,20,68,0.2016613483428955,338,499
32,21,68,24.578884325790405,1786,511
32,22,68,0.20148110389709473,738,499
32,23,68,24.59252782897949,2551,627
32,24,68,0.19940400123596191,707,499
32,25,68,24.57746549682617,1571,504
32,26,68,24.553039036560058,1540,504
32,27,68,0.19901156425476074,737,499
32,28,68,24.709095440673828,2644,463
32,29,68,24.713315687942504,2889,483
32,30,68,0.20083236694335938,709,499
32,31,68,24.520382843780517,1111,498
32,32,68,24.627353869247436,2236,469
32,33,68,24.55523034172058,1578,483
32,34,68,0.2898430824279785,1044,499
32,35,68,24.49581929283142,1003,474
32,36,68,24.585051976013183,1988,517
32,37,68,24.59543629722595,2586,516
32,38,68,24.53405161933899,1257,529
32,39,68,24.532401285934448,1281,559
32,40,68,24.51823493080139,1500,524
32,41,68,24.489504299926757,820,506
32,42,68,24.534336529541015,1099,499
32,43,68,0.20132708549499512,805,499
32,44,68,24.588811837005615,2249,728
32,45,68,24.487848482894897,846,506
32,46,68,24.532003365325927,1145,569
32,47,68,24.582536421585083,1649,567
32,48,68,24.494793139266967,1139,527
32,49,68,0.22770285606384277,1298,499
32,50,68,0.19936227798461914,322,499
32,51,68,0.20289039611816406,834,499
32,52,68,24.592519245910644,2378,671
32,53,68,0.20002412796020508,769,499
32,54,68,24.51276584701538,1563,743
32,55,68,24.52313967781067,1066,499
32,56,68,0.18584465980529785,754,499
32,57,68,0.19995784759521484,773,499
32,58,68,0.20864033699035645,1125,499
32,59,68,0.19938158988952637,356,499
32,60,68,24.520109854507446,1923,518
32,61,68,0.20724940299987793,1071,499
32,62,68,0.20086407661437988,854,499
32,63,68,0.2070143222808838,839,499
32,64,68,24.586893282699585,5205,3721
32,65,68,24.591827116775512,4141,2697
32,66,68,24.553064070510864,5110,3620
32,67,68,0.2647535800933838,1402,499
33,0,34,24.925994120407104,5058,472
33,1,34,25.296898566055297,7975,481
33,2,34,24.878412209320068,4691,507
33,3,34,24.475360594558715,793,503
33,4,34,24.791334114837646,4035,544
33,5,34,24.533986531066894,1149,499
33,6,34,0.20032978057861328,767,499
33,7,34,0.19989299774169922,744,499
33,8,34,24.71665760116577,3744,498
33,9,34,0.19952058792114258,789,499
33,10,34,24.753935061264038,3568,483
33,11,34,24.49360128479004,869,470
33,12,34,24.51352473335266,1402,501
33,13,34,0.2466132640838623,1254,499
33,14,34,24.79482527809143,3997,499
33,15,34,24.53616329269409,1274,472
33,16,34,24.494290314483642,935,476
33,17,34,24.492683373260498,869,470
33,18,34,24.55427237586975,2005,535
33,19,34,0.19913697242736816,773,499
33,20,34,24.551697455215454,1729,476
33,21,34,24.708718739318847,2804,578
33,22,34,24.495708905029296,1049,499
33,23,34,24.712335549163818,2743,510
33,24,34,24.49305697517395,1001,532
33,25,34,24.71370431022644,3089,530
33,26,34,24.536050997543335,1209,572
33,27,34,24.62347813682556,2250,499
33,28,34,24.48788448410034,853,499
33,29,34,24.581618033218383,1565,472
33,30,34,24.495839796829223,1016,499
33,31,34,24.66929956512451,3485,531
33,32,34,0.20805072784423828,911,499
33,33,34,24.55241747932434,1331,507
34,0,31,24.595849238204956,2048,505
34,1,31,24.488448582458496,768,474
34,2,31,0.20778632164001465,929,499
34,3,31,24.579139195251464,1711,508
34,4,31,24.576751433181762,1023,275
34,5,31,0.2445821762084961,1207,499
34,6,31,0.20695710182189941,1007,499
34,7,31,0.19905376434326172,726,499
34,8,31,24.552891932296752,2093,479
34,9,31,0.19833683967590332,713,499
34,10,31,24.495205603408813,1053,472
34,11,31,0.19834113121032715,357,499
34,12,31,24.536060772705078,1493,499
34,13,31,0.20914793014526367,1262,499
34,14,31,0.20905756950378418,1070,499
34,15,31,0.20127415657043457,794,499
34,16,31,24.554713688659668,2232,505
34,17,31,24.489866219329834,869,499
34,18,31,0.22620391845703125,1441,499
34,19,31,0.20754790306091309,897,499
34,20,31,0.20437383651733398,1003,499
34,21,31,24.580381356048584,1697,499
34,22,31,24.516564570236206,1597,499
34,23,31,0.18638253211975098,761,499
34,24,31,24.58690234260559,2089,472
34,25,31,24.516487322616577,1703,508
34,26,31,24.56359788017273,928,559
34,27,31,0.2078874111175537,801,499
34,28,31,0.2090287208557129,824,499
34,29,31,24.494371853637695,802,499
34,30,31,24.49494858818054,803,499
35,0,90,0.19574546813964844,682,499
35,1,90,0.20246148109436035,877,499
35,2,90,0.19940805435180664,674,499
35,3,90,0.19930481910705566,677,499
35,4,90,0.19890427589416504,706,499
35,5,90,0.2003016471862793,699,499
35,6,90,0.2032322883605957,862,499
35,7,90,0.19863295555114746,716,499
35,8,90,0.19925975799560547,696,499
35,9,90,0.19795775413513184,680,499
35,10,90,0.19998383522033691,702,499
35,11,90,24.483935557174682,701,470
35,12,90,24.48790117340088,712,493
35,13,90,24.48436328010559,751,499
35,14,90,0.1847989559173584,678,499
35,15,90,0.20066094398498535,686,499
35,16,90,0.19822049140930176,678,499
35,17,90,0.19811749458312988,697,499
35,18,90,0.19844818115234375,678,499
35,19,90,24.4852997882843,687,470
35,20,90,0.18604350090026855,690,499
35,21,90,0.19890904426574707,679,499
35,22,90,0.19823598861694336,672,499
35,23,90,0.19688844680786133,682,499
35,24,90,24.485222540664672,681,472
35,25,90,0.18737530708312988,667,499
35,26,90,0.3370823860168457,2557,499
35,27,90,24.78939624862671,3589,472
35,28,90,24.631281815338134,2836,499
35,29,90,24.594454012680053,1933,472
35,30,90,24.517517529296875,1881,499
35,31,90,24.666915379333496,3096,499
35,32,90,0.20728111267089844,962,499
35,33,90,0.19907617568969727,429,499
35,34,90,24.594494067001342,2349,550
35,35,90,0.19878649711608887,294,499
35,36,90,24.580796919631958,1957,529
35,37,90,0.19844627380371094,283,499
35,38,90,24.591871224212646,2155,499
35,39,90,24.486639462280273,754,499
35,40,90,24.581999264526367,1707,473
35,41,90,24.51364680366516,1507,525
35,42,90,0.23017644882202148,1338,499
35,43,90,24.57992573814392,1728,509
35,44,90,24.70875736312866,2723,478
35,45,90,24.494449101257324,889,503
35,46,90,24.754551850128173,3808,499
35,47,90,0.19933652877807617,716,499
35,48,90,24.495469771194458,1051,484
35,49,90,24.531671486663818,1281,550
35,50,90,24.584737501907348,1783,474
35,51,90,0.19983935356140137,790,499
35,52,90,0.19922828674316406,717,499
35,53,90,0.1989142894744873,734,499
35,54,90,24.62943311767578,2609,638
35,55,90,24.624739847946167,2823,547
35,56,90,24.581643544006347,1651,499
35,57,90,24.519971571731567,1635,499
35,58,90,0.20672082901000977,810,499
35,59,90,0.20277118682861328,892,499
35,60,90,24.595112047958374,2376,499
35,61,90,0.18552017211914062,719,499
35,62,90,24.580844603347778,1729,499
35,63,90,0.20608973503112793,1059,499
35,64,90,24.92334981994629,4742,499
35,65,90,0.20963287353515625,1053,499
35,66,90,0.24603486061096191,1147,499
35,67,90,0.2021486759185791,862,499
35,68,90,24.715883932876586,3511,575
35,69,90,0.2910294532775879,1667,499
35,70,90,0.20098400115966797,992,499
35,71,90,0.20352387428283691,839,499
35,72,90,24.71220465736389,3131,499
35,73,90,0.20987462997436523,1019,499
35,74,90,0.24761247634887695,1143,499
35,75,90,24.715181313323974,3316,499
35,76,90,0.19959688186645508,737,499
35,77,90,0.2078099250793457,876,499
35,78,90,24.665008984375,3766,528
35,79,90,24.496090851593017,959,499
35,80,90,24.53227873878479,1265,499
35,81,90,24.496319495010376,1155,528
35,82,90,24.49512954788208,1221,499
35,83,90,0.20262622833251953,994,499
35,84,90,0.20814180374145508,1122,499
35,85,90,0.19849538803100586,763,499
35,86,90,24.57856985168457,1158,545
35,87,90,24.51239415245056,1030,493
35,88,90,24.58104606704712,4421,3060
35,89,90,24.49448748664856,854,470
36,0,27,0.5030653476715088,3468,499
36,1,27,24.629168711471557,2706,579
36,2,27,24.667502127456665,2972,478
36,3,27,24.759696923065185,4042,488
36,4,27,24.493597231674194,961,499
36,5,27,24.52659936981201,1004,554
36,6,27,24.59282275276184,2221,491
36,7,27,0.20051860809326172,794,499
36,8,27,24.629212103652954,2573,480
36,9,27,24.795694075393676,3980,485
36,10,27,24.49606128768921,1118,474
36,11,27,24.75172396736145,3682,583
36,12,27,24.496460161972045,977,472
36,13,27,24.59296389656067,1995,492
36,14,27,24.489374838638305,858,470
36,15,27,24.791698656845092,3368,301
36,16,27,24.495722733306884,1069,604
36,17,27,24.625735960769653,2492,495
36,18,27,24.713323317337036,3152,487
36,19,27,24.49272485809326,934,499
36,20,27,24.49475785331726,962,500
36,21,27,24.574458561706543,723,111
36,22,27,0.1985621452331543,806,499
36,23,27,24.552421294021606,1544,504
36,24,27,24.555577240753173,1761,499
36,25,27,24.58303376274109,1897,583
36,26,27,0.24515295028686523,1121,499
37,0,88,24.48611970977783,720,473
37,1,88,24.487337075042724,717,466
37,2,88,0.19877266883850098,691,499
37,3,88,0.19954943656921387,681,499
37,4,88,0.19939112663269043,711,499
37,5,88,24.48651310043335,740,472
37,6,88,0.19890093803405762,691,499
37,7,88,0.20195341110229492,853,499
37,8,88,0.19783639907836914,680,499
37,9,88,0.1973404884338379,680,499
37,10,88,24.48523684577942,684,470
37,11,88,24.47271605567932,710,473
37,12,88,24.485994301605224,238,86
37,13,88,0.20238018035888672,858,499
37,14,88,24.760538779067993,4173,499
37,15,88,25.149893961715698,6546,499
37,16,88,0.20314931869506836,982,499
37,17,88,24.6289081199646,2853,531
37,18,88,0.18772411346435547,317,499
37,19,88,24.591810427474975,2316,506
37,20,88,0.2003328800201416,769,499
37,21,88,24.828414641189575,4065,554
37,22,88,24.494710884857177,1063,571
37,23,88,24.668714009094238,3286,551
37,24,88,24.492543898391723,980,509
37,25,88,24.78803201751709,3383,477
37,26,88,0.20633959770202637,1063,499
37,27,88,24.51670929031372,1312,535
37,28,88,24.577048025894165,1119,499
37,29,88,24.55293770866394,1712,504
37,30,88,0.1993541717529297,681,499
37,31,88,24.524451933670044,1097,499
37,32,88,24.487230501937866,272,123
37,33,88,24.552025519180297,1698,510
37,34,88,0.20403385162353516,889,499
37,35,88,24.489785872268676,717,468
37,36,88,24.514643154907226,1413,499
37,37,88,24.492275200653076,834,470
37,38,88,24.551001511383056,1749,471
37,39,88,24.485678396987915,695,471
37,40,88,0.20104289054870605,754,499
37,41,88,24.488220177459716,710,467
37,42,88,24.564970217514038,995,472
37,43,88,24.48841854171753,706,472
37,44,88,24.487671814727783,764,470
37,45,88,24.493411026763916,883,495
37,46,88,24.62584563331604,2522,472
37,47,88,24.517883740234375,1369,473
37,48,88,24.58626028137207,2165,722
37,49,88,24.580035172271728,1480,535
37,50,88,24.49570795135498,1022,470
37,51,88,24.581235848236084,1715,499
37,52,88,24.6637403591156,2878,544
37,53,88,24.7557813747406,3727,500
37,54,88,24.535488329696655,1380,499
37,55,88,24.717197142410278,3829,499
37,56,88,24.49249669151306,1067,499
37,57,88,24.578061543273925,1619,499
37,58,88,24.577000580596923,1462,499
37,59,88,0.20742201805114746,920,499
37,60,88,0.20247197151184082,780,499
37,61,88,24.579053602981567,1316,472
37,62,88,24.714681826400756,3525,472
37,63,88,24.58741971092224,1644,472
37,64,88,0.20727181434631348,974,499
37,65,88,24.582182131576538,1420,499
37,66,88,24.75485225753784,3675,472
37,67,88,24.53267713623047,1087,478
37,68,88,24.517226181793212,1320,499
37,69,88,0.20195937156677246,724,499
37,70,88,24.58710142211914,1849,499
37,71,88,0.20274066925048828,774,499
37,72,88,0.20320892333984375,236,499
37,73,88,0.20135807991027832,816,499
37,74,88,0.20514607429504395,779,499
37,75,88,0.20043444633483887,739,499
37,76,88,0.20645475387573242,765,499
37,77,88,0.20613503456115723,1062,499
37,78,88,0.2041001319885254,1158,499
37,79,88,24.496728621292114,1177,502
37,80,88,24.494913302230835,989,476
37,81,88,24.581304035949707,1838,472
37,82,88,24.496144972610473,1020,470
37,83,88,24.49309130744934,1092,470
37,84,88,0.20677590370178223,1083,499
37,85,88,0.19893503189086914,833,499
37,86,88,0.20474624633789062,1052,499
37,87,88,24.513467751312255,1574,927
38,0,44,0.5970354080200195,4137,499
38,1,44,24.58252426223755,2097,530
38,2,44,25.074364624786377,5836,500
38,3,44,24.66617413597107,3082,511
38,4,44,24.508092127609252,1631,653
38,5,44,24.535064183044433,1299,478
38,6,44,24.590723238754272,2397,540
38,7,44,0.20012307167053223,745,499
38,8,44,24.626173220443725,2633,499
38,9,44,0.19965863227844238,316,499
38,10,44,0.26462483406066895,998,499
38,11,44,24.59418436126709,2475,502
38,12,44,0.19856476783752441,264,499
38,13,44,24.580317698287963,1717,472
38,14,44,0.2066187858581543,923,499
38,15,44,24.50589843826294,1464,505
38,16,44,0.20142650604248047,769,499
38,17,44,24.713968001174926,4290,555
38,18,44,0.20142054557800293,887,499
38,19,44,24.525581322479248,1310,528
38,20,44,24.665968142318725,3174,561
38,21,44,0.19932007789611816,770,499
38,22,44,24.485994540023803,736,470
38,23,44,24.66836067276001,3293,511
38,24,44,24.48527618484497,776,499
38,25,44,0.20639991760253906,1005,499
38,26,44,24.588089905548095,2293,500
38,27,44,24.515294276046752,1535,499
38,28,44,0.19968414306640625,779,499
38,29,44,24.553589306640625,1905,500
38,30,44,24.48867865638733,1037,692
38,31,44,24.531781636047363,1181,500
38,32,44,0.18787431716918945,789,499
38,33,44,24.524557553100585,1021,271
38,34,44,24.57755585746765,2124,562
38,35,44,24.491277895736694,946,505
38,36,44,24.487340174484252,879,504
38,37,44,24.516021452713012,1780,482
38,38,44,24.493378601837158,1040,470
38,39,44,0.20197057723999023,884,499
38,40,44,24.49580117301941,577,110
38,41,44,0.2792928218841553,1111,499
38,42,44,24.578855000305175,2930,2002
38,43,44,0.3058774471282959,2107,499
39,0,74,24.755791388320922,3362,472
39,1,74,24.97184892730713,4940,470
39,2,74,24.83888431625366,4146,472
39,3,74,24.876438341903686,4734,593
39,4,74,24.553109608459472,2129,499
39,5,74,24.5177659614563,1447,478
39,6,74,0.19865012168884277,709,499
39,7,74,24.5013286693573,936,499
39,8,74,24.49625440673828,1078,472
39,9,74,24.55565281944275,2157,499
39,10,74,24.58143039779663,2028,468
39,11,74,24.53311749534607,1305,494
39,12,74,24.58100625114441,1761,506
39,13,74,0.19798517227172852,724,499
39,14,74,24.717437468338012,3706,522
39,15,74,24.58090802268982,1708,472
39,16,74,0.19835805892944336,761,499
39,17,74,24.577717028427124,1709,472
39,18,74,24.51364942626953,1484,501
39,19,74,24.555547915267944,1607,504
39,20,74,24.495521269607544,791,274
39,21,74,24.5253343208313,1243,472
39,22,74,0.20033001899719238,770,499
39,23,74,0.19988751411437988,728,499
39,24,74,24.513702116775512,974,266
39,25,74,24.493936262893676,1023,466
39,26,74,24.495053015518188,1050,471
39,27,74,24.494215927886962,762,264
39,28,74,0.20178556442260742,847,499
39,29,74,24.51618619995117,1552,469
39,30,74,24.490163765716552,897,498
39,31,74,0.200056791305542,757,499
39,32,74,0.20854711532592773,919,499
39,33,74,24.58224268989563,1366,494
39,34,74,24.594949684906005,2202,504
39,35,74,0.20861005783081055,1223,499
39,36,74,24.51413532333374,1460,553
39,37,74,0.2065262794494629,941,499
39,38,74,24.59377261238098,2359,470
39,39,74,24.496492110061645,1070,518
39,40,74,24.490014038848877,968,474
39,41,74,24.58006902770996,1865,525
39,42,74,0.19965267181396484,764,499
39,43,74,24.590711556243896,2286,505
39,44,74,24.490805826950073,972,589
39,45,74,24.493108712005615,981,501
39,46,74,24.526629410552978,1062,495
39,47,74,24.534844122695922,657,66
39,48,74,24.490756951141357,942,589
39,49,74,24.514683209228515,1521,504
39,50,74,24.488905392456054,566,274
39,51,74,24.51919075088501,1730,472
39,52,74,24.592769108581543,2222,504
39,53,74,24.492477379608154,836,505
39,54,74,24.513616286087036,1468,499
39,55,74,24.494978867340087,1005,501
39,56,74,24.49521132545471,1140,472
39,57,74,24.494831047821044,1065,505
39,58,74,24.58801671104431,1937,520
39,59,74,24.532622061538696,1287,475
39,60,74,24.555979691314697,2033,478
39,61,74,24.49461742477417,999,590
39,62,74,24.53400608139038,1367,587
39,63,74,24.49091573791504,874,505
39,64,74,24.51833888130188,1273,66
39,65,74,24.489717207717895,935,589
39,66,74,24.514712773132324,1684,472
39,67,74,24.49348183708191,869,505
39,68,74,24.581208668518066,1799,505
39,69,74,24.49195262031555,862,505
39,70,74,24.518769703674316,1917,504
39,71,74,0.202286958694458,856,499
39,72,74,0.19995641708374023,974,499
39,73,74,24.515075169372558,979,499
40,0,41,0.7349212169647217,4606,499
40,1,41,24.633810721206665,2828,499
40,2,41,24.51388307647705,1360,472
40,3,41,24.49555703239441,1142,499
40,4,41,24.55221553878784,1725,472
40,5,41,24.57904788093567,1730,513
40,6,41,24.506151161956787,1393,498
40,7,41,24.62784882621765,2728,502
40,8,41,24.590334378051757,2310,472
40,9,41,24.553393564987182,1797,499
40,10,41,24.591584645080566,1837,472
40,11,41,0.20194149017333984,967,499
40,12,41,24.587511978912353,1876,472
40,13,41,24.592638693618774,2304,472
40,14,41,24.58132167892456,1878,468
40,15,41,24.534819804000854,901,125
40,16,41,0.2644214630126953,1829,499
40,17,41,24.592117510604858,2027,472
40,18,41,24.714321337509155,3717,482
40,19,41,24.49687810974121,1277,499
40,20,41,24.58999439315796,2000,472
40,21,41,24.513530932235717,1449,499
40,22,41,24.55273886756897,2059,499
40,23,41,24.75063606338501,3543,499
40,24,41,24.515479765701294,1472,499
40,25,41,24.49538131790161,1096,499
40,26,41,24.55270453529358,1915,499
40,27,41,24.507343731689453,1379,499
40,28,41,24.55521746711731,2014,499
40,29,41,0.20152974128723145,813,499
40,30,41,24.578947983551025,1604,499
40,31,41,24.525521240997314,1141,470
40,32,41,24.580338440704345,1694,499
40,33,41,24.53377791481018,1342,500
40,34,41,24.750525437164306,4184,499
40,35,41,24.55414005355835,1855,500
40,36,41,24.51772328453064,1802,499
40,37,41,24.555759392547607,1906,499
40,38,41,24.580795250701904,1662,470
40,39,41,0.20086979866027832,782,499
40,40,41,0.20065593719482422,801,499
41,0,74,0.38491177558898926,2907,499
41,1,74,0.9128358364105225,5924,499
41,2,74,0.6433210372924805,5244,499
41,3,74,0.586362361907959,4339,499
41,4,74,24.591096363830566,2528,499
41,5,74,0.22970986366271973,1752,499
41,6,74,24.493857346343994,1036,472
41,7,74,0.1864168643951416,212,499
41,8,74,24.7132951839447,3492,482
41,9,74,24.66328140335083,3163,520
41,10,74,24.51757713394165,1633,495
41,11,74,24.589449368286132,1933,472
41,12,74,0.24628305435180664,1258,499
41,13,74,0.1999657154083252,813,499
41,14,74,24.62906714515686,2996,490
41,15,74,24.580431185531616,1854,499
41,16,74,0.20023393630981445,789,499
41,17,74,24.576259337234497,1233,524
41,18,74,24.51647301750183,889,66
41,19,74,0.20244288444519043,842,499
41,20,74,0.20096278190612793,860,499
41,21,74,24.66295715408325,2977,544
41,22,74,0.19764924049377441,710,499
41,23,74,24.55248614387512,1775,554
41,24,74,0.1983470916748047,311,499
41,25,74,24.525059662628173,603,66
41,26,74,24.57758828239441,1889,499
41,27,74,24.51520486907959,1447,511
41,28,74,24.515359364318847,1759,472
41,29,74,24.525095902252197,1496,506
41,30,74,24.491399250793457,855,505
41,31,74,24.554371319580078,2068,472
41,32,74,24.49376793937683,1041,499
41,33,74,0.2912766933441162,913,499
41,34,74,24.493654690551757,861,505
41,35,74,24.578923426437377,1653,511
41,36,74,24.53914137916565,1234,581
41,37,74,24.591984949874877,2309,503
41,38,74,24.58054443435669,1867,472
41,39,74,0.2007765769958496,773,499
41,40,74,24.498410425949096,1017,568
41,41,74,24.488830529022216,845,505
41,42,74,24.581296406555175,1811,472
41,43,74,0.3000948429107666,2551,499
41,44,74,0.26931238174438477,1844,499
41,45,74,0.2278449535369873,1396,499
41,46,74,0.19892430305480957,725,499
41,47,74,0.23052310943603516,1439,499
41,48,74,0.23831439018249512,942,499
41,49,74,0.20023012161254883,925,499
41,50,74,24.51576205329895,1412,497
41,51,74,24.515731058883667,1405,484
41,52,74,24.7511643989563,4172,478
41,53,74,24.48887702064514,811,499
41,54,74,0.24691390991210938,741,499
41,55,74,24.487955294418335,919,587
41,56,74,24.62613459663391,2726,547
41,57,74,24.49281831817627,952,506
41,58,74,24.66745325164795,3184,491
41,59,74,24.498527966308593,999,506
41,60,74,24.62817832069397,2472,489
41,61,74,24.488929711151123,851,505
41,62,74,0.22685766220092773,1289,499
41,63,74,0.22025847434997559,1329,499
41,64,74,24.49062319831848,849,506
41,65,74,24.493191681671142,1020,499
41,66,74,24.62702389793396,2610,506
41,67,74,24.48919888572693,865,510
41,68,74,24.513569079208374,1718,518
41,69,74,24.580195866394043,2017,515
41,70,74,0.20359230041503906,854,499
41,71,74,0.20065569877624512,843,499
41,72,74,24.49698182182312,926,499
41,73,74,24.49394341545105,915,543
42,0,53,0.1964552402496338,692,499
42,1,53,0.19886088371276855,671,499
42,2,53,0.1994931697845459,774,499
42,3,53,0.19890117645263672,677,499
42,4,53,0.19734954833984375,699,499
42,5,53,24.486817560958862,483,272
42,6,53,24.48632474975586,730,475
42,7,53,24.48719521598816,873,597
42,8,53,24.488077364730835,751,472
42,9,53,24.484399519729614,772,499
42,10,53,0.18607258796691895,687,499
42,11,53,0.19641685485839844,685,499
42,12,53,0.19975614547729492,866,499
42,13,53,0.20065522193908691,693,499
42,14,53,0.19978904724121094,718,499
42,15,53,0.19890594482421875,704,499
42,16,53,0.20047664642333984,727,499
42,17,53,24.487143479156494,727,470
42,18,53,24.48934718208313,834,518
42,19,53,0.5493991374969482,3278,499
42,20,53,24.795741520690918,3699,530
42,21,53,0.4225454330444336,3091,499
42,22,53,24.582444868850708,1675,523
42,23,53,24.59265800552368,2388,510
42,24,53,24.574904404449462,1407,505
42,25,53,24.552952013778686,1932,499
42,26,53,24.594785891342163,2125,499
42,27,53,0.20132708549499512,867,499
42,28,53,0.2065720558166504,1065,499
42,29,53,24.59165021018982,2367,545
42,30,53,0.19751787185668945,867,499
42,31,53,24.83792396621704,5024,561
42,32,53,24.495088063049316,1008,496
42,33,53,24.637607298660278,3023,538
42,34,53,24.489667378234863,920,505
42,35,53,24.525053702163696,557,68
42,36,53,0.2073993682861328,1100,499
42,37,53,24.55753656463623,1995,512
42,38,53,24.795575819778442,4202,489
42,39,53,24.49261923866272,1100,605
42,40,53,24.713734350967407,3825,560
42,41,53,24.494360409545898,1079,599
42,42,53,24.59510775642395,2440,512
42,43,53,24.532835207748413,1255,488
42,44,53,24.591463290023803,2418,520
42,45,53,24.493724308776855,869,475
42,46,53,24.555200300979614,1552,472
42,47,53,24.494124613571167,920,472
42,48,53,24.594950400161743,2992,592
42,49,53,0.20249080657958984,928,499
42,50,53,0.1993403434753418,739,499
42,51,53,0.22924232482910156,1092,499
42,52,53,24.52562089996338,993,514
43,0,68,0.19936060905456543,723,499
43,1,68,0.19891858100891113,720,499
43,2,68,0.19737863540649414,722,499
43,3,68,24.485431395339965,725,492
43,4,68,0.20003843307495117,690,499
43,5,68,0.19912171363830566,695,499
43,6,68,0.19946789741516113,726,499
43,7,68,0.19828057289123535,686,499
43,8,68,0.19862127304077148,691,499
43,9,68,0.19894170761108398,694,499
43,10,68,0.19734644889831543,713,499
43,11,68,24.486773930358886,703,474
43,12,68,0.18571162223815918,686,499
43,13,68,0.19878530502319336,681,499
43,14,68,0.200819730758667,673,499
43,15,68,0.19801688194274902,689,499
43,16,68,0.1997220516204834,689,499
43,17,68,0.20046234130859375,730,499
43,18,68,0.1999073028564453,721,499
43,19,68,0.1993546485900879,716,499
43,20,68,0.19728541374206543,716,499
43,21,68,24.485059939193725,705,472
43,22,68,24.485920153427124,720,473
43,23,68,24.486599169540405,696,470
43,24,68,0.19794750213623047,671,499
43,25,68,24.484596215057373,702,499
43,26,68,24.487273655700683,702,499
43,27,68,0.3563809394836426,2200,499
43,28,68,24.756594382095336,3435,578
43,29,68,24.662895880508422,2794,499
43,30,68,24.7581588848114,3804,472
43,31,68,24.665167532730102,2826,499
43,32,68,24.580973587799072,1911,509
43,33,68,24.48922797279358,847,472
43,34,68,24.516946755218505,1510,499
43,35,68,24.587031803894043,2133,606
43,36,68,0.19909238815307617,739,499
43,37,68,0.1988053321838379,1021,499
43,38,68,24.555663786697387,2046,505
43,39,68,24.493849478530883,901,525
43,40,68,24.517191611099243,1285,499
43,41,68,24.493368349838256,1031,499
43,42,68,24.59243842201233,2223,505
43,43,68,24.495678149032592,981,505
43,44,68,24.58048888282776,1801,515
43,45,68,24.581081829833984,1614,472
43,46,68,24.534629307556152,1111,505
43,47,68,24.494663201141357,1002,511
43,48,68,24.670901976394653,3434,562
43,49,68,24.593399964141845,2414,565
43,50,68,0.24703717231750488,1126,499
43,51,68,24.49488802986145,1237,713
43,52,68,24.6315195186615,3071,527
43,53,68,24.593061171340942,2322,470
43,54,68,24.574943505096435,623,68
43,55,68,24.493262253570556,1008,505
43,56,68,24.630264960098266,2479,513
43,57,68,24.7518488986969,3805,481
43,58,68,24.515272103118896,1352,527
43,59,68,24.57839985923767,1513,481
43,60,68,24.48908682899475,915,587
43,61,68,24.59394832687378,2324,505
43,62,68,24.49531813697815,1047,543
43,63,68,24.494818173217773,1030,482
43,64,68,24.71647997932434,3792,510
43,65,68,24.590954504776,2737,514
43,66,68,0.23241686820983887,1195,499
43,67,68,24.575723610687255,1083,585
44,0,81,0.5876233577728271,4004,499
44,1,81,24.664765797424316,2544,499
44,2,81,24.750124417114257,3713,472
44,3,81,0.29100823402404785,1331,499
44,4,81,24.495544157791137,1284,598
44,5,81,24.628158531951904,2315,478
44,6,81,24.565815411376953,1130,478
44,7,81,24.49571820335388,1128,586
44,8,81,24.533646307754516,1205,499
44,9,81,24.57879801826477,1776,472
44,10,81,24.582326851654052,1828,656
44,11,81,0.2001192569732666,224,499
44,12,81,24.792631350326538,4669,709
44,13,81,24.525706253814697,1191,521
44,14,81,24.575715027618408,1441,544
44,15,81,24.57529278831482,1254,524
44,16,81,24.58314748840332,1799,572
44,17,81,24.496073685455322,1166,505
44,18,81,24.5917291267395,1805,515
44,19,81,24.62795826034546,2864,711
44,20,81,24.494706116485595,1134,641
44,21,81,24.59170075492859,2042,499
44,22,81,24.516132317352294,1373,528
44,23,81,24.577536545562744,1488,499
44,24,81,24.592426024246215,1723,711
44,25,81,24.517933569717407,1548,499
44,26,81,24.62493010597229,2501,537
44,27,81,24.62559362487793,1967,765
44,28,81,24.518384896087646,1369,499
44,29,81,24.591198645401,1945,472
44,30,81,24.530477724838256,1114,568
44,31,81,24.549627743530273,1593,499
44,32,81,24.670593701171875,6205,3803
44,33,81,24.626871071624755,2173,472
44,34,81,24.53468295173645,1341,499
44,35,81,24.5534309967041,2067,509
44,36,81,24.787740431594848,3990,472
44,37,81,24.536507092285156,1136,555
44,38,81,24.626833639907836,2293,499
44,39,81,24.582057677078247,1496,623
44,40,81,24.514624558258056,1161,268
44,41,81,24.495514832305908,1193,733
44,42,81,24.56794448928833,1169,499
44,43,81,24.494810066986084,935,472
44,44,81,24.49386402206421,963,587
44,45,81,24.535294256973266,449,59
44,46,81,24.670301638412475,2750,499
44,47,81,24.57756968574524,1516,501
44,48,81,24.496151648330688,1126,499
44,49,81,24.494689427185058,1081,516
44,50,81,24.527736388015747,1345,567
44,51,81,24.489018641281127,862,470
44,52,81,24.575504027175903,1275,499
44,53,81,0.34401726722717285,1919,499
44,54,81,0.2948153018951416,1601,499
44,55,81,0.2023916244506836,810,499
44,56,81,0.19996047019958496,716,499
44,57,81,24.488544188308715,858,600
44,58,81,24.487638912963867,704,470
44,59,81,0.19826459884643555,680,499
44,60,81,0.2003650665283203,697,499
44,61,81,0.19893193244934082,192,499
44,62,81,0.1982736587524414,671,499
44,63,81,0.20045161247253418,733,499
44,64,81,0.19887256622314453,849,499
44,65,81,24.495468340682983,761,527
44,66,81,24.485713444519043,732,499
44,67,81,0.1978449821472168,684,499
44,68,81,0.19972538948059082,689,499
44,69,81,24.523603163528442,1225,472
44,70,81,0.20331192016601562,776,499
44,71,81,0.20287609100341797,776,499
44,72,81,0.20386815071105957,773,499
44,73,81,0.19985389709472656,723,499
44,74,81,24.487458430099487,713,470
44,75,81,24.48971887664795,806,470
44,76,81,24.485490523147583,723,469
44,77,81,24.485392294692993,706,454
44,78,81,0.22987985610961914,1326,499
44,79,81,24.518820009994506,2194,1438
44,80,81,24.554324827957153,1352,587
45,0,77,0.3064875602722168,1846,499
45,1,77,0.5049862861633301,3252,499
45,2,77,24.71423550682068,2903,472
45,3,77,24.980364762115478,5021,505
45,4,77,24.62707968788147,2538,472
45,5,77,24.587402544784545,2146,504
45,6,77,24.497300825881958,994,504
45,7,77,24.51883240776062,1485,533
45,8,77,24.49201961593628,1140,499
45,9,77,24.590576372909545,2188,528
45,10,77,24.59224697189331,2445,505
45,11,77,24.492968521881103,818,507
45,12,77,24.62813874320984,2460,499
45,13,77,0.20892596244812012,1011,499
45,14,77,24.715133629608154,3211,505
45,15,77,24.549998961257934,1559,513
45,16,77,25.291845761108398,8354,508
45,17,77,24.494425259399414,863,505
45,18,77,24.57698556022644,1135,499
45,19,77,24.59708472328186,2376,484
45,20,77,24.530796728897094,1191,505
45,21,77,24.88601490097046,4540,472
45,22,77,24.51449843482971,1120,499
45,23,77,24.668147288131713,2975,525
45,24,77,24.59183879928589,1769,472
45,25,77,24.79008027153015,3662,486
45,26,77,24.49469657974243,886,472
45,27,77,24.93084307746887,5151,471
45,28,77,24.553509436416626,1768,499
45,29,77,24.552206955718994,1721,499
45,30,77,24.591945372390747,2168,499
45,31,77,24.876422129440307,4213,472
45,32,77,24.757276259231567,4098,505
45,33,77,24.713069401550293,3487,472
45,34,77,0.2023327350616455,997,499
45,35,77,0.19965100288391113,692,499
45,36,77,0.19864773750305176,694,499
45,37,77,0.19854283332824707,689,499
45,38,77,0.1970353126525879,692,499
45,39,77,0.1983966827392578,721,499
45,40,77,0.20242762565612793,776,499
45,41,77,0.20125484466552734,778,499
45,42,77,0.20128631591796875,771,499
45,43,77,0.20239853858947754,912,499
45,44,77,0.1990063190460205,824,499
45,45,77,0.2061772346496582,830,499
45,46,77,24.487650595474243,841,569
45,47,77,24.4855815990448,723,473
45,48,77,24.48835941390991,999,646
45,49,77,24.489326678085327,995,645
45,50,77,0.19996237754821777,714,499
45,51,77,0.19814443588256836,737,499
45,52,77,0.1999220848083496,293,499
45,53,77,0.19786810874938965,680,499
45,54,77,0.1997816562652588,673,499
45,55,77,0.20062613487243652,689,499
45,56,77,24.485519133377075,736,470
45,57,77,0.20009851455688477,1007,499
45,58,77,0.19849324226379395,687,499
45,59,77,0.19798731803894043,689,499
45,60,77,0.20019173622131348,840,499
45,61,77,0.20369601249694824,737,499
45,62,77,0.20081806182861328,824,499
45,63,77,0.20159029960632324,922,499
45,64,77,24.588456116485595,1369,470
45,65,77,0.20142674446105957,805,499
45,66,77,0.20267128944396973,776,499
45,67,77,0.2017960548400879,773,499
45,68,77,0.20168614387512207,800,499
45,69,77,24.48484941558838,695,472
45,70,77,24.473569355773925,705,473
45,71,77,24.483696661758422,734,499
45,72,77,24.493872366714477,905,499
45,73,77,24.483799897003173,722,473
45,74,77,24.47373267250061,715,465
45,75,77,24.486473761367797,716,472
45,76,77,0.293790340423584,1399,499
46,0,83,0.20447278022766113,786,499
46,1,83,0.20287847518920898,791,499
46,2,83,0.20538020133972168,782,499
46,3,83,24.486763201522827,286,117
46,4,83,0.1984541416168213,718,499
46,5,83,0.19963526725769043,685,499
46,6,83,0.20296382904052734,771,499
46,7,83,0.20460987091064453,772,499
46,8,83,0.19718360900878906,682,499
46,9,83,0.19910883903503418,697,499
46,10,83,0.20320844650268555,810,499
46,11,83,0.19825387001037598,706,499
46,12,83,0.19993901252746582,674,499
46,13,83,24.48713346557617,705,470
46,14,83,0.19832873344421387,701,499
46,15,83,0.20003819465637207,699,499
46,16,83,0.19945621490478516,673,499
46,17,83,0.20177531242370605,697,499
46,18,83,24.48864098625183,736,473
46,19,83,0.19913673400878906,780,499
46,20,83,0.20068979263305664,689,499
46,21,83,0.19834256172180176,689,499
46,22,83,24.488194666671752,962,669
46,23,83,0.19919705390930176,693,499
46,24,83,0.19996070861816406,701,499
46,25,83,24.487370930480957,696,470
46,26,83,0.20036840438842773,683,499
46,27,83,24.486370526123046,681,472
46,28,83,0.31841039657592773,2087,499
46,29,83,24.66674967842102,3107,514
46,30,83,24.587188206481933,2152,514
46,31,83,0.2023007869720459,1042,499
46,32,83,24.578668556976318,1761,474
46,33,83,24.514166317749023,1283,499
46,34,83,0.19886541366577148,774,499
46,35,83,24.58234330253601,1770,598
46,36,83,0.19910025596618652,724,499
46,37,83,24.52506085472107,1126,472
46,38,83,24.758325539398193,4486,505
46,39,83,24.57985135154724,1827,520
46,40,83,24.505446158218383,922,71
46,41,83,24.519739352035522,1617,523
46,42,83,24.53473898010254,1378,646
46,43,83,24.664312325286865,3522,612
46,44,83,24.49825020866394,1126,600
46,45,83,24.51814790802002,1837,499
46,46,83,24.493626318740844,1050,505
46,47,83,24.579510412979126,1802,466
46,48,83,24.579483471679687,2078,657
46,49,83,24.58191891746521,1797,496
46,50,83,24.492724619674682,1022,501
46,51,83,24.576368056106567,1278,476
46,52,83,24.53380437927246,1388,475
46,53,83,24.534260474014282,584,101
46,54,83,24.496380530166626,1018,495
46,55,83,0.24634528160095215,705,499
46,56,83,24.496563635635376,1214,574
46,57,83,24.57863350944519,1530,499
46,58,83,24.49584313468933,1014,495
46,59,83,24.495259009170532,1125,470
46,60,83,24.514003477859497,1453,471
46,61,83,24.490321837234497,833,507
46,62,83,24.534374199676513,680,66
46,63,83,24.501439295578002,577,196
46,64,83,24.586311541366577,2139,499
46,65,83,24.494624577331543,1156,557
46,66,83,24.632409773635864,2770,499
46,67,83,24.488084755706787,841,470
46,68,83,24.668590746688842,3602,512
46,69,83,24.51510139541626,1589,505
46,70,83,24.489441119003295,824,507
46,71,83,0.2027120590209961,918,499
46,72,83,24.517991982269287,1733,505
46,73,83,24.494862042236328,1028,530
46,74,83,24.631557188796997,3356,609
46,75,83,24.525464974212646,1285,635
46,76,83,24.49597045021057,1274,499
46,77,83,24.51829596595764,1571,505
46,78,83,24.537006579208374,1553,499
46,79,83,0.2074415683746338,1006,499
46,80,83,0.20146656036376953,833,499
46,81,83,0.21913504600524902,1100,499
46,82,83,24.51640173034668,1963,1240
47,0,77,0.19713664054870605,688,499
47,1,77,0.19871044158935547,679,499
47,2,77,0.1995377540588379,693,499
47,3,77,0.19794225692749023,679,499
47,4,77,0.19881749153137207,675,499
47,5,77,0.2050337791442871,673,499
47,6,77,0.1974632740020752,671,499
47,7,77,0.20201468467712402,843,499
47,8,77,0.20053720474243164,731,499
47,9,77,0.19958996772766113,899,499
47,10,77,0.19746923446655273,682,499
47,11,77,0.20064258575439453,687,499
47,12,77,0.19884443283081055,834,499
47,13,77,0.19768738746643066,687,499
47,14,77,0.1973438262939453,680,499
47,15,77,0.19780254364013672,680,499
47,16,77,0.20339655876159668,849,499
47,17,77,0.19789791107177734,680,499
47,18,77,0.2003037929534912,697,499
47,19,77,0.19974517822265625,690,499
47,20,77,0.1993107795715332,687,499
47,21,77,0.199798583984375,680,499
47,22,77,0.20503616333007812,863,499
47,23,77,0.19898343086242676,673,499
47,24,77,0.1979527473449707,670,499
47,25,77,0.20076322555541992,693,499
47,26,77,0.19984006881713867,719,499
47,27,77,0.19843554496765137,690,499
47,28,77,0.1998906135559082,692,499
47,29,77,0.2012016773223877,688,499
47,30,77,0.4061241149902344,2886,499
47,31,77,0.504112720489502,3056,499
47,32,77,24.630817137527465,2671,472
47,33,77,24.631106100845336,2518,496
47,34,77,24.495260201263427,932,496
47,35,77,24.580081187057495,1816,506
47,36,77,24.71702953414917,3739,506
47,37,77,24.71401234703064,3580,604
47,38,77,24.491651736068725,898,470
47,39,77,0.19783806800842285,197,499
47,40,77,24.577458582687377,1397,475
47,41,77,0.37856268882751465,2685,499
47,42,77,24.591287098693847,2252,499
47,43,77,24.50596185760498,1295,477
47,44,77,24.718325815963745,3267,479
47,45,77,24.553612433242797,1985,472
47,46,77,0.19833660125732422,826,499
47,47,77,24.591915808486938,1973,472
47,48,77,24.49616952972412,534,114
47,49,77,24.593086205291748,1869,480
47,50,77,24.49376555519104,1076,501
47,51,77,24.753343783187866,3395,98
47,52,77,24.495858155059814,1005,501
47,53,77,24.625804625320434,2775,512
47,54,77,24.530594549942016,1115,501
47,55,77,24.662824116516113,3076,508
47,56,77,24.49581714706421,1096,501
47,57,77,24.75575729446411,3858,507
47,58,77,24.496261320877075,1109,501
47,59,77,24.794449530410766,3879,106
47,60,77,24.494671784210205,991,511
47,61,77,24.625375233459472,2325,489
47,62,77,24.495550595092773,1105,599
47,63,77,24.882988653945922,5085,511
47,64,77,24.48524185256958,797,499
47,65,77,24.49102183418274,867,511
47,66,77,0.19781827926635742,773,499
47,67,77,24.665738068389892,3201,496
47,68,77,24.488055191802978,1112,821
47,69,77,24.560512743759155,2712,1543
47,70,77,24.488352976608276,779,501
47,71,77,24.490075789260864,841,505
47,72,77,24.48939724998474,819,501
47,73,77,24.49021192626953,818,489
47,74,77,0.20823311805725098,803,499
47,75,77,24.594279013442993,1477,571
47,76,77,24.55100079612732,1366,524
48,0,92,0.19833850860595703,689,499
48,1,92,0.2062535285949707,690,499
48,2,92,0.19709539413452148,681,499
48,3,92,0.1986992359161377,688,499
48,4,92,0.19820904731750488,691,499
48,5,92,0.19937467575073242,674,499
48,6,92,0.1976473331451416,681,499
48,7,92,0.19875669479370117,679,499
48,8,92,0.20004582405090332,681,499
48,9,92,0.20169734954833984,691,499
48,10,92,24.485136233139038,680,470
48,11,92,0.19932866096496582,702,499
48,12,92,0.19933342933654785,190,499
48,13,92,0.19911909103393555,674,499
48,14,92,0.19874048233032227,677,499
48,15,92,0.199845552444458,705,499
48,16,92,0.19816970825195312,687,499
48,17,92,0.1990365982055664,678,499
48,18,92,0.1995992660522461,673,499
48,19,92,0.1999974250793457,674,499
48,20,92,0.19918513298034668,680,499
48,21,92,0.19970917701721191,686,499
48,22,92,0.1976017951965332,679,499
48,23,92,0.20035052299499512,822,499
48,24,92,0.19987988471984863,682,499
48,25,92,0.20093011856079102,678,499
48,26,92,0.20016121864318848,677,499
48,27,92,0.19927239418029785,683,499
48,28,92,0.20232343673706055,176,499
48,29,92,0.1998441219329834,822,499
48,30,92,24.485523901748657,681,472
48,31,92,0.19884729385375977,336,499
48,32,92,0.19984054565429688,666,499
48,33,92,0.19939589500427246,897,499
48,34,92,0.19833683967590332,668,499
48,35,92,0.1999800205230713,673,499
48,36,92,0.19860196113586426,676,499
48,37,92,0.19920754432678223,837,499
48,38,92,0.19852447509765625,686,499
48,39,92,0.19927287101745605,826,499
48,40,92,24.695118866729736,2697,470
48,41,92,24.59380169944763,1957,472
48,42,92,24.71061559753418,3315,499
48,43,92,24.793422900009155,3637,472
48,44,92,24.875177822875976,4791,515
48,45,92,24.627543412017822,2553,472
48,46,92,0.19930434226989746,868,499
48,47,92,24.49117036895752,858,470
48,48,92,24.496253214645385,818,472
48,49,92,0.1981825828552246,920,499
48,50,92,24.58935710029602,2291,523
48,51,92,24.590892754364013,2501,499
48,52,92,24.492623291778564,1075,607
48,53,92,24.517536125946044,1637,478
48,54,92,24.57394691543579,1360,502
48,55,92,0.1854264736175537,332,499
48,56,92,24.759421311187744,3982,973
48,57,92,24.630495510864257,2490,509
48,58,92,24.49437805252075,876,483
48,59,92,24.48887225227356,853,520
48,60,92,24.507289849090576,1330,499
48,61,92,24.494639359283447,1037,608
48,62,92,24.533063612747192,1175,486
48,63,92,24.486377917099,837,486
48,64,92,24.59030934410095,2189,504
48,65,92,24.4953734500885,985,514
48,66,92,24.5949725730896,2302,478
48,67,92,24.516959391403198,1281,499
48,68,92,24.59015842514038,2419,510
48,69,92,0.20914387702941895,925,499
48,70,92,24.517679653930664,1596,519
48,71,92,0.20687413215637207,824,499
48,72,92,24.588567219543457,2240,521
48,73,92,24.496327124404907,946,506
48,74,92,24.494252167510986,942,504
48,75,92,24.583625756072998,1599,479
48,76,92,24.489117346572876,844,506
48,77,92,24.49129458503723,960,594
48,78,92,24.5180785282135,1919,524
48,79,92,24.5810188873291,1620,499
48,80,92,0.19934916496276855,737,499
48,81,92,24.51587649421692,1494,499
48,82,92,24.576710425186157,1046,499
48,83,92,24.59099432067871,2198,493
48,84,92,24.48904725151062,898,524
48,85,92,0.20932579040527344,1113,499
48,86,92,24.49556776123047,895,470
48,87,92,24.5876803024292,2444,499
48,88,92,0.20815253257751465,934,499
48,89,92,24.58014889793396,1054,499
48,90,92,24.516045056152343,3103,2271
48,91,92,0.3072502613067627,1779,499
49,0,47,24.8424455745697,3892,472
49,1,47,24.886023484039306,4648,538
49,2,47,0.4242744445800781,2877,499
49,3,47,24.533402167129516,1186,499
49,4,47,24.514515362548828,1553,499
49,5,47,24.552900038528442,1927,472
49,6,47,24.8314911945343,4874,475
49,7,47,0.19945859909057617,787,499
49,8,47,24.58287902908325,1858,495
49,9,47,24.62630745010376,2670,470
49,10,47,24.58264561729431,1671,499
49,11,47,24.75050302581787,3808,549
49,12,47,0.20216012001037598,397,499
49,13,47,0.20342731475830078,934,499
49,14,47,24.593312226104736,2517,499
49,15,47,0.19890165328979492,698,499
49,16,47,24.751355610656738,3697,479
49,17,47,0.2033228874206543,972,499
49,18,47,24.48842640953064,803,499
49,19,47,24.519767247009277,1441,499
49,20,47,24.49563332633972,978,499
49,21,47,24.576005659866333,1514,499
49,22,47,24.55309196548462,2091,532
49,23,47,24.554138861465454,1845,537
49,24,47,24.492583475875854,980,499
49,25,47,0.20627284049987793,876,499
49,26,47,0.2075052261352539,990,499
49,27,47,24.489503107833862,907,471
49,28,47,24.594169579315185,2477,513
49,29,47,0.19928264617919922,766,499
49,30,47,24.496200524139404,1079,478
49,31,47,24.667037688064575,3300,499
49,32,47,0.20194387435913086,531,499
49,33,47,24.4864680393219,905,587
49,34,47,24.62899776535034,2807,499
49,35,47,0.20044183731079102,908,499
49,36,47,24.487930737304687,793,499
49,37,47,0.3383522033691406,2430,499
49,38,47,0.19937849044799805,968,499
49,39,47,0.19903016090393066,790,499
49,40,47,24.518207274246215,1469,471
49,41,47,0.19849586486816406,781,499
49,42,47,24.590405903625488,2845,499
49,43,47,0.18588590621948242,782,499
49,44,47,0.19950652122497559,792,499
49,45,47,24.623683653640747,1974,754
49,46,47,24.582617245483398,2753,1897
50,0,40,0.4721255302429199,2717,499
50,1,40,24.926306687164306,4657,505
50,2,40,24.75314112739563,3094,534
50,3,40,24.533461294937133,1352,537
50,4,40,24.624389372634887,2404,507
50,5,40,0.19873356819152832,763,499
50,6,40,24.514128647613525,1240,505
50,7,40,24.629188023376464,2750,483
50,8,40,0.20035862922668457,703,499
50,9,40,24.491785250473022,997,587
50,10,40,0.20002150535583496,286,499
50,11,40,24.51354642944336,1536,474
50,12,40,24.51700659828186,1492,485
50,13,40,0.19931244850158691,744,499
50,14,40,24.516978703308105,1573,495
50,15,40,0.24671101570129395,1087,499
50,16,40,0.21010398864746094,963,499
50,17,40,24.594628058242797,2148,515
50,18,40,24.49059983329773,890,509
50,19,40,24.49502106742859,1057,594
50,20,40,24.490371905136108,835,507
50,21,40,24.518650732803344,1340,499
50,22,40,0.20337390899658203,836,499
50,23,40,0.2083125114440918,881,499
50,24,40,24.591707669067382,1778,499
50,25,40,24.575724325942993,1099,502
50,26,40,24.578666888046264,1544,499
50,27,40,24.551425658035278,1874,505
50,28,40,0.19832396507263184,259,499
50,29,40,24.62802644805908,2843,502
50,30,40,24.49014540748596,827,499
50,31,40,24.554563484954834,1672,472
50,32,40,24.51754757003784,1671,509
50,33,40,0.2305440902709961,1364,499
50,34,40,0.20087027549743652,982,499
50,35,40,24.57802601890564,2042,505
50,36,40,24.517317734527587,1523,484
50,37,40,24.582267485427856,1965,613
50,38,40,0.1994307041168213,975,499
50,39,40,24.57914849357605,1408,566
51,0,38,0.34363579750061035,2500,499
51,1,38,24.838052950668335,4790,506
51,2,38,24.833416901397705,4124,499
51,3,38,24.58853980140686,2355,499
51,4,38,24.554068766403198,1812,526
51,5,38,24.576424084472656,1397,480
51,6,38,24.534904204177856,1252,499
51,7,38,24.59668418006897,3091,499
51,8,38,24.631276570129394,2732,499
51,9,38,0.20836544036865234,988,499
51,10,38,24.66692229347229,3255,559
51,11,38,24.576936207580566,1337,562
51,12,38,24.553167782592773,1831,472
51,13,38,24.495048008728027,1125,499
51,14,38,24.712540350723266,3607,476
51,15,38,24.577249251174926,1264,509
51,16,38,0.2654592990875244,2136,499
51,17,38,24.666955433654785,3207,503
51,18,38,24.499971113967895,1106,538
51,19,38,24.79107328491211,4576,499
51,20,38,24.489626608657836,858,499
51,21,38,24.491097412872314,789,470
51,22,38,24.628444157409668,3071,499
51,23,38,24.495308838653564,1176,510
51,24,38,24.5184983833313,1666,499
51,25,38,24.6670624835968,3689,520
51,26,38,24.493829689788818,574,130
51,27,38,24.57876845436096,1737,499
51,28,38,24.52004476623535,1662,499
51,29,38,24.62885471420288,2915,502
51,30,38,0.20037198066711426,737,499
51,31,38,0.19989752769470215,755,499
51,32,38,24.553409539031982,2037,499
51,33,38,24.490016423034668,833,481
51,34,38,0.2020740509033203,799,499
51,35,38,24.626063786315918,2267,499
51,36,38,24.590364657211303,2851,499
51,37,38,0.24387812614440918,966,499
52,0,119,0.19924139976501465,674,499
52,1,119,0.2022261619567871,868,499
52,2,119,0.20510530471801758,833,499
52,3,119,0.20426487922668457,850,499
52,4,119,0.2059476375579834,853,499
52,5,119,0.20673537254333496,649,499
52,6,119,0.1998305320739746,702,499
52,7,119,0.20279431343078613,339,499
52,8,119,0.2060079574584961,894,499
52,9,119,0.2061772346496582,884,499
52,10,119,0.20183515548706055,217,499
52,11,119,0.2056865692138672,896,499
52,12,119,0.19771480560302734,675,499
52,13,119,0.2052595615386963,958,499
52,14,119,0.21280789375305176,984,499
52,15,119,24.4897422416687,708,474
52,16,119,0.20296907424926758,829,499
52,17,119,0.2043323516845703,847,499
52,18,119,0.20036840438842773,700,499
52,19,119,0.19933342933654785,708,499
52,20,119,0.20133113861083984,703,499
52,21,119,0.19983863830566406,703,499
52,22,119,0.2038288116455078,830,499
52,23,119,0.20394659042358398,856,499
52,24,119,0.20042681694030762,698,499
52,25,119,0.20232701301574707,689,499
52,26,119,0.20011138916015625,696,499
52,27,119,0.19945073127746582,697,499
52,28,119,0.19852900505065918,682,499
52,29,119,0.2020251750946045,837,499
52,30,119,0.19813179969787598,835,499
52,31,119,0.20423412322998047,908,499
52,32,119,0.19745874404907227,831,499
52,33,119,0.20853209495544434,1145,499
52,34,119,0.1990971565246582,688,499
52,35,119,0.1983642578125,681,499
52,36,119,0.19800615310668945,812,499
52,37,119,0.20165300369262695,674,499
52,38,119,0.20227289199829102,666,499
52,39,119,0.20398736000061035,818,499
52,40,119,0.20033049583435059,673,499
52,41,119,0.1988534927368164,668,499
52,42,119,0.19784927368164062,811,499
52,43,119,0.1986997127532959,679,499
52,44,119,0.6696207523345947,4415,499
52,45,119,0.20896410942077637,1209,499
52,46,119,24.636162005233764,2431,472
52,47,119,0.3279745578765869,2413,499
52,48,119,24.718742094802856,3391,499
52,49,119,24.71945258216858,3607,499
52,50,119,0.24886870384216309,1724,499
52,51,119,0.22914910316467285,1707,499
52,52,119,24.556831560897827,2020,488
52,53,119,0.20035362243652344,719,499
52,54,119,24.59458538131714,2393,499
52,55,119,24.667170487213134,3392,499
52,56,119,0.1999361515045166,713,499
52,57,119,24.51749178009033,1628,499
52,58,119,24.585555039215087,2121,472
52,59,119,24.51952978210449,1852,499
52,60,119,24.57868691520691,1747,494
52,61,119,0.1994340419769287,728,499
52,62,119,24.578026734161377,1603,499
52,63,119,0.20717620849609375,936,499
52,64,119,0.24818968772888184,1281,499
52,65,119,24.577594958114624,1449,499
52,66,119,0.20896697044372559,1005,499
52,67,119,24.534676037597656,1079,460
52,68,119,0.2066025733947754,1017,499
52,69,119,0.19795894622802734,429,499
52,70,119,0.22678470611572266,1300,499
52,71,119,24.589806519317627,1511,263
52,72,119,0.2307419776916504,1347,499
52,73,119,0.2031843662261963,1051,499
52,74,119,24.551999054718017,2004,472
52,75,119,0.19952797889709473,698,499
52,76,119,24.592057429122924,2072,499
52,77,119,0.22738170623779297,1383,499
52,78,119,24.51673074798584,1471,501
52,79,119,0.2078099250793457,946,499
52,80,119,24.714926205444335,3519,495
52,81,119,24.552379332351684,1756,498
52,82,119,0.2066936492919922,732,499
52,83,119,24.581323824691772,1691,472
52,84,119,24.589525662231445,1960,472
52,85,119,0.20110344886779785,880,499
52,86,119,24.628319941329956,2817,499
52,87,119,24.4901563747406,887,507
52,88,119,24.5345956905365,1357,503
52,89,119,24.58057876663208,1586,499
52,90,119,24.489395819473266,960,578
52,91,119,24.55856057243347,1827,507
52,92,119,24.498612128067016,872,507
52,93,119,24.632748804855346,2971,499
52,94,119,24.63313551979065,2914,499
52,95,119,24.59290500717163,1752,499
52,96,119,24.596297226715087,2110,499
52,97,119,24.495675049591064,950,499
52,98,119,24.678519449996948,3347,499
52,99,119,24.560138903427124,2074,499
52,100,119,24.514168225097656,1333,499
52,101,119,0.2003014087677002,763,499
52,102,119,24.557407103347778,2019,499
52,103,119,0.20815038681030273,1066,499
52,104,119,24.597126684951782,2143,499
52,105,119,0.23987817764282227,1465,499
52,106,119,24.54001685218811,1249,499
52,107,119,24.601108990478515,2231,499
52,108,119,0.2518641948699951,1112,499
52,109,119,0.29154229164123535,997,499
52,110,119,24.81239243583679,3760,472
52,111,119,24.675620041656494,3694,499
52,112,119,24.495120964813232,1026,472
52,113,119,0.23966431617736816,1273,499
52,114,119,24.555741511154174,2117,499
52,115,119,0.20099973678588867,900,499
52,116,119,0.2025606632232666,835,499
52,117,119,0.2109384536743164,953,499
52,118,119,24.536940060424804,1084,499
53,0,116,0.20132756233215332,706,499
53,1,116,0.20441818237304688,833,499
53,2,116,0.20068740844726562,684,499
53,3,116,24.495813093948364,873,470
53,4,116,0.19874238967895508,705,499
53,5,116,0.2009739875793457,675,499
53,6,116,0.2011725902557373,683,499
53,7,116,0.20175719261169434,826,499
53,8,116,0.20165753364562988,840,499
53,9,116,0.19651317596435547,717,499
53,10,116,0.1978471279144287,693,499
53,11,116,0.20060062408447266,831,499
53,12,116,0.1971893310546875,706,499
53,13,116,0.20202231407165527,698,499
53,14,116,0.1987757682800293,679,499
53,15,116,0.21004033088684082,846,499
53,16,116,0.19969916343688965,685,499
53,17,116,0.19750738143920898,679,499
53,18,116,0.18619322776794434,683,499
53,19,116,0.20089459419250488,845,499
53,20,116,0.1985783576965332,703,499
53,21,116,0.2093524932861328,875,499
53,22,116,0.20011162757873535,683,499
53,23,116,0.1984705924987793,675,499
53,24,116,0.20262956619262695,830,499
53,25,116,0.19933319091796875,674,499
53,26,116,0.19878149032592773,677,499
53,27,116,0.19792723655700684,676,499
53,28,116,0.19812893867492676,680,499
53,29,116,0.20018386840820312,676,499
53,30,116,0.20006465911865234,675,499
53,31,116,0.19957613945007324,674,499
53,32,116,0.19838333129882812,686,499
53,33,116,0.20023059844970703,190,499
53,34,116,0.20440340042114258,765,499
53,35,116,0.20054960250854492,682,499
53,36,116,24.768498621749877,3994,485
53,37,116,24.586123429107666,1675,499
53,38,116,0.23165202140808105,1595,499
53,39,116,0.3510575294494629,2699,499
53,40,116,0.25244569778442383,1502,499
53,41,116,24.72251506881714,3722,574
53,42,116,0.2448592185974121,1207,499
53,43,116,24.506786070632934,1389,475
53,44,116,24.55567642288208,2153,655
53,45,116,24.58810707168579,1715,517
53,46,116,0.20018291473388672,737,499
53,47,116,24.517142973709106,1339,522
53,48,116,0.2522263526916504,1221,499
53,49,116,0.19913387298583984,242,499
53,50,116,24.590992890167236,1730,560
53,51,116,24.518599949645996,1539,525
53,52,116,0.20244359970092773,1079,499
53,53,116,24.516873322296142,1486,546
53,54,116,0.20063233375549316,767,499
53,55,116,24.54114695625305,1286,573
53,56,116,24.55493899421692,2013,547
53,57,116,0.20094656944274902,1531,499
53,58,116,24.540686569976806,1170,309
53,59,116,24.58160825805664,1333,517
53,60,116,24.539259634780883,1135,499
53,61,116,24.490059815216064,655,276
53,62,116,24.53703447418213,1200,472
53,63,116,24.522044382858276,1473,511
53,64,116,24.5602886302948,2117,479
53,65,116,24.521720848846435,1456,472
53,66,116,24.60073133544922,2644,486
53,67,116,24.540944062042236,978,305
53,68,116,24.594718657302856,2294,595
53,69,116,0.20119261741638184,761,499
53,70,116,24.51554437713623,1418,499
53,71,116,0.20939922332763672,1026,499
53,72,116,24.590502463150024,2436,502
53,73,116,24.514426194000244,1580,552
53,74,116,24.621276818084716,2326,543
53,75,116,24.489178381729126,890,499
53,76,116,24.534811936187744,1290,669
53,77,116,24.499669037628173,1028,550
53,78,116,24.539859257507324,1394,540
53,79,116,24.49143239097595,937,493
53,80,116,24.583291493225097,1824,601
53,81,116,24.59291311340332,1811,636
53,82,116,24.494531832504272,523,66
53,83,116,24.556811533737182,1856,499
53,84,116,24.499023876953125,954,502
53,85,116,0.21240234375,1091,499
53,86,116,24.53469844894409,982,370
53,87,116,0.20688772201538086,955,499
53,88,116,24.582644186782836,1751,524
53,89,116,24.588976345825195,1312,473
53,90,116,24.531486950683593,1405,521
53,91,116,24.73901530342102,2639,475
53,92,116,24.488464794921875,375,99
53,93,116,0.20651531219482422,945,499
53,94,116,24.538975201416015,1052,470
53,95,116,24.55157061653137,1496,510
53,96,116,24.491671047973632,605,282
53,97,116,24.726355038452148,3269,610
53,98,116,24.50379892425537,1044,508
53,99,116,24.559406004714965,1839,524
53,100,116,24.514380179214477,1448,551
53,101,116,24.504344664382934,1292,503
53,102,116,24.49543448524475,1017,512
53,103,116,24.59486599998474,2088,541
53,104,116,24.53574200706482,1201,527
53,105,116,24.494916640090942,940,499
53,106,116,24.513677082824707,1427,514
53,107,116,24.57598539428711,1260,503
53,108,116,24.495051585006713,526,93
53,109,116,24.591470919418335,2101,551
53,110,116,24.592814169692993,2601,530
53,111,116,24.55094476776123,2201,594
53,112,116,24.515475951004028,1314,681
53,113,116,24.581378899383544,2402,1472
53,114,116,24.507663927841186,1056,576
53,115,116,24.53558536605835,1139,658
54,0,48,0.5119988918304443,3708,499
54,1,48,0.3114135265350342,2169,499
54,2,48,24.62999292449951,2548,472
54,3,48,24.595814905929565,2280,472
54,4,48,24.669603310394287,3180,499
54,5,48,24.718206129837036,3104,470
54,6,48,24.627878866958618,2899,507
54,7,48,24.624872170257568,2801,499
54,8,48,24.71498914794922,3732,505
54,9,48,24.71651168899536,3819,538
54,10,48,24.58831187324524,2007,550
54,11,48,0.19934940338134766,709,499
54,12,48,0.20240354537963867,833,499
54,13,48,24.631315432357788,2824,502
54,14,48,0.19890284538269043,294,499
54,15,48,24.78863974647522,4171,471
54,16,48,0.20097780227661133,745,499
54,17,48,24.517921410369873,1671,549
54,18,48,24.83552809791565,4093,601
54,19,48,0.20009779930114746,313,499
54,20,48,24.49588032798767,939,530
54,21,48,0.19992423057556152,773,499
54,22,48,0.199235200881958,797,499
54,23,48,24.554830990600585,1808,557
54,24,48,24.79878493385315,4471,550
54,25,48,24.53232141571045,1067,542
54,26,48,24.714400730895996,3405,514
54,27,48,24.792284928131103,3888,573
54,28,48,24.49297472076416,907,526
54,29,48,24.49570485191345,908,527
54,30,48,24.49654885368347,916,517
54,31,48,24.668975077438354,2931,555
54,32,48,24.49513169364929,1045,662
54,33,48,24.635819397735595,2605,584
54,34,48,24.497362576293945,966,537
54,35,48,24.765163622665405,4562,612
54,36,48,24.49607654647827,560,158
54,37,48,24.535564623641967,1321,605
54,38,48,24.494826279449462,1018,512
54,39,48,24.495918474960327,1172,624
54,40,48,24.49480267601013,1233,652
54,41,48,24.51396795349121,1492,571
54,42,48,0.20670413970947266,1189,499
54,43,48,0.2069387435913086,963,499
54,44,48,24.497821293640136,893,488
54,45,48,0.20972752571105957,906,499
54,46,48,24.58105107383728,1274,644
54,47,48,24.519526921081543,1049,569
55,0,96,0.19877338409423828,688,499
55,1,96,0.20329642295837402,830,499
55,2,96,0.20480132102966309,852,499
55,3,96,0.20214629173278809,864,499
55,4,96,0.20232343673706055,875,499
55,5,96,0.20151472091674805,889,499
55,6,96,0.18520450592041016,680,499
55,7,96,0.19780206680297852,673,499
55,8,96,0.20097041130065918,826,499
55,9,96,0.19669151306152344,678,499
55,10,96,0.1992807388305664,685,499
55,11,96,0.19795656204223633,681,499
55,12,96,0.19637084007263184,893,499
55,13,96,0.18735671043395996,687,499
55,14,96,0.1998577117919922,841,499
55,15,96,0.1994485855102539,682,499
55,16,96,0.19862985610961914,685,499
55,17,96,0.20682168006896973,697,499
55,18,96,24.485099516677856,470,268
55,19,96,0.18376994132995605,666,499
55,20,96,0.19622397422790527,666,499
55,21,96,0.2003781795501709,704,499
55,22,96,0.19960618019104004,669,499
55,23,96,0.2016313076019287,810,499
55,24,96,0.18662452697753906,673,499
55,25,96,0.19846320152282715,673,499
55,26,96,0.19718098640441895,685,499
55,27,96,0.19971656799316406,676,499
55,28,96,0.20283889770507812,1003,499
55,29,96,0.20096373558044434,697,499
55,30,96,0.20737242698669434,873,499
55,31,96,24.640113077926635,2753,499
55,32,96,0.20093178749084473,760,499
55,33,96,25.396957360076904,8373,499
55,34,96,24.593090019989013,2192,472
55,35,96,0.213850736618042,953,499
55,36,96,0.3430004119873047,2454,499
55,37,96,24.62828417854309,2806,499
55,38,96,0.19785022735595703,569,499
55,39,96,0.22061967849731445,1522,499
55,40,96,24.504806719589233,1302,466
55,41,96,0.18608450889587402,726,499
55,42,96,24.52578540878296,1266,499
55,43,96,24.56261797981262,524,66
55,44,96,0.18672537803649902,219,499
55,45,96,24.553766928482055,2040,499
55,46,96,0.19905972480773926,757,499
55,47,96,0.1971285343170166,847,499
55,48,96,0.2440478801727295,1251,499
55,49,96,24.55571647720337,2234,499
55,50,96,0.20179533958435059,1005,499
55,51,96,24.511905394363403,1385,492
55,52,96,0.2261347770690918,1555,499
55,53,96,24.554377995300293,1883,499
55,54,96,24.625083170700073,2304,470
55,55,96,24.586386404800415,1847,465
55,56,96,0.20082950592041016,776,499
55,57,96,0.19775891304016113,490,499
55,58,96,24.576371632385253,2145,1247
55,59,96,24.493909560012817,1031,499
55,60,96,24.495139084625244,1210,669
55,61,96,24.490032873916626,853,485
55,62,96,24.495489083099365,533,66
55,63,96,0.20494890213012695,869,499
55,64,96,24.49683877067566,1114,470
55,65,96,24.518104277420044,1464,499
55,66,96,0.1983039379119873,205,499
55,67,96,0.2001640796661377,373,499
55,68,96,0.20674729347229004,839,499
55,69,96,0.207291841506958,952,499
55,70,96,24.592195235061645,2227,542
55,71,96,24.489141188430786,862,472
55,72,96,0.20528793334960938,931,499
55,73,96,0.20744919776916504,972,499
55,74,96,24.491842709350585,840,499
55,75,96,0.19895172119140625,714,499
55,76,96,0.2877504825592041,1245,499
55,77,96,24.51633258895874,1325,499
55,78,96,24.580556593704223,1666,499
55,79,96,0.20055580139160156,700,499
55,80,96,24.534734688568115,1256,499
55,81,96,0.19905781745910645,765,499
55,82,96,24.57997938232422,1595,499
55,83,96,24.555731020736694,1901,499
55,84,96,24.525523863601684,1106,529
55,85,96,0.19785070419311523,700,499
55,86,96,0.20242524147033691,967,499
55,87,96,24.513650141525268,1502,499
55,88,96,0.2067558765411377,1120,499
55,89,96,24.494610749053955,1089,499
55,90,96,24.49572964744568,1040,498
55,91,96,0.2114255428314209,1037,499
55,92,96,24.664194784927368,1859,497
55,93,96,24.512896977233886,1291,508
55,94,96,0.20772886276245117,849,499
55,95,96,0.2999556064605713,1789,499
56,0,99,0.7956633567810059,5071,499
56,1,99,24.795694552230835,3683,505
56,2,99,24.629147969055175,2438,507
56,3,99,24.4959416015625,1218,499
56,4,99,24.518701277542114,1468,505
56,5,99,0.20341181755065918,867,499
56,6,99,24.626318417358398,2416,532
56,7,99,24.487755738067627,850,472
56,8,99,0.19933414459228516,434,499
56,9,99,24.592209063339233,2482,520
56,10,99,24.487113676834106,838,506
56,11,99,24.669778786468505,2834,504
56,12,99,24.492851696777343,849,478
56,13,99,24.551229677963256,1786,505
56,14,99,24.58051510887146,1674,519
56,15,99,0.20040345191955566,798,499
56,16,99,24.557492457199096,2139,520
56,17,99,24.488395891952514,841,506
56,18,99,24.59317060546875,2054,506
56,19,99,24.490641556549072,860,516
56,20,99,24.670577011871337,3091,499
56,21,99,24.49593111114502,991,529
56,22,99,24.495838843154907,888,514
56,23,99,24.592046700286865,2171,512
56,24,99,24.49637695388794,1017,588
56,25,99,24.494610272216796,1252,499
56,26,99,0.24542808532714844,1071,499
56,27,99,0.20723605155944824,839,499
56,28,99,0.24789190292358398,1159,499
56,29,99,0.2083902359008789,862,499
56,30,99,0.20000839233398438,838,499
56,31,99,24.513932667541503,1336,460
56,32,99,24.51317950325012,1117,499
56,33,99,0.2457873821258545,1117,499
56,34,99,24.495209656524658,1101,587
56,35,99,0.19750308990478516,787,499
56,36,99,0.20168614387512207,959,499
56,37,99,24.556438647079467,1640,488
56,38,99,24.496855936813354,1131,499
56,39,99,24.589963637161254,1987,497
56,40,99,24.487342320251464,874,470
56,41,99,24.581970177459716,1671,497
56,42,99,24.625761948394775,2590,501
56,43,99,24.494373760986328,856,486
56,44,99,24.49633165435791,1118,587
56,45,99,24.554852925109863,1821,472
56,46,99,24.580673180389404,1088,282
56,47,99,24.580393515396118,1327,465
56,48,99,24.59223075942993,2211,482
56,49,99,24.489740811157226,859,508
56,50,99,24.582854710388183,1776,576
56,51,99,24.49054618911743,968,594
56,52,99,24.51768895225525,1706,499
56,53,99,24.496680699157714,1197,499
56,54,99,0.24894118309020996,1615,499
56,55,99,24.667217694091796,2968,598
56,56,99,0.2026987075805664,916,499
56,57,99,0.2034320831298828,795,499
56,58,99,0.20482134819030762,777,499
56,59,99,24.4853899105072,719,471
56,60,99,24.485054693984985,716,472
56,61,99,0.19833588600158691,717,499
56,62,99,0.19719266891479492,706,499
56,63,99,0.20085954666137695,702,499
56,64,99,24.492192707824707,924,587
56,65,99,0.1999194622039795,689,499
56,66,99,0.19933342933654785,702,499
56,67,99,0.20009303092956543,714,499
56,68,99,0.2026984691619873,870,499
56,69,99,0.19849681854248047,692,499
56,70,99,0.20040297508239746,693,499
56,71,99,0.20029163360595703,705,499
56,72,99,0.2004995346069336,709,499
56,73,99,0.2020723819732666,719,499
56,74,99,0.19849586486816406,700,499
56,75,99,0.198075532913208,730,499
56,76,99,0.19642996788024902,713,499
56,77,99,0.19854521751403809,712,499
56,78,99,0.19989228248596191,692,499
56,79,99,0.2014617919921875,714,499
56,80,99,0.20033621788024902,698,499
56,81,99,0.19873833656311035,690,499
56,82,99,24.485537730026245,769,536
56,83,99,24.486808024215698,702,473
56,84,99,24.485920153427124,745,512
56,85,99,0.19907808303833008,711,499
56,86,99,0.19852590560913086,672,499
56,87,99,0.1989889144897461,684,499
56,88,99,0.19997143745422363,699,499
56,89,99,0.20014572143554688,704,499
56,90,99,24.49623628692627,955,470
56,91,99,0.1998441219329834,687,499
56,92,99,24.487596474456787,689,470
56,93,99,0.20136380195617676,689,499
56,94,99,0.19802522659301758,831,499
56,95,99,24.487633429336547,711,470
56,96,99,0.1955857276916504,684,499
56,97,99,0.20615720748901367,846,499
56,98,99,24.533442459869384,1061,601
57,0,88,0.1998898983001709,685,499
57,1,88,0.19823384284973145,698,499
57,2,88,0.19817018508911133,686,499
57,3,88,0.1979830265045166,717,499
57,4,88,24.485734663772583,688,472
57,5,88,0.18620753288269043,676,499
57,6,88,0.19892287254333496,679,499
57,7,88,0.19753766059875488,683,499
57,8,88,0.19890522956848145,695,499
57,9,88,0.1997852325439453,678,499
57,10,88,0.2000739574432373,731,499
57,11,88,0.1978771686553955,678,499
57,12,88,0.1985471248626709,683,499
57,13,88,0.19749045372009277,679,499
57,14,88,0.1871342658996582,182,499
57,15,88,0.19643950462341309,690,499
57,16,88,0.20055842399597168,692,499
57,17,88,0.2008650302886963,690,499
57,18,88,24.4878108127594,695,470
57,19,88,0.20053458213806152,677,499
57,20,88,0.1995398998260498,683,499
57,21,88,24.4877469165802,681,472
57,22,88,0.39205169677734375,3014,499
57,23,88,24.594296894836425,2411,472
57,24,88,24.667106591033935,2650,470
57,25,88,24.593026362228393,2365,499
57,26,88,24.576827965545654,1467,472
57,27,88,24.666103802490234,3019,499
57,28,88,24.587410889434814,1981,499
57,29,88,24.576897106933593,1680,499
57,30,88,24.494756899642944,1275,501
57,31,88,24.585934601593017,2312,527
57,32,88,0.1970522403717041,760,499
57,33,88,24.578481159973144,1658,505
57,34,88,0.2030625343322754,812,499
57,35,88,0.20995044708251953,1171,499
57,36,88,24.533326350021362,1140,472
57,37,88,24.665905676651,3250,520
57,38,88,0.20956850051879883,1014,499
57,39,88,24.519842825698852,1625,518
57,40,88,24.533518992233276,1239,481
57,41,88,24.495143852996826,1073,499
57,42,88,24.790288649368286,4228,678
57,43,88,24.553995333480835,1899,499
57,44,88,24.495655737686157,959,499
57,45,88,24.578578911590576,1760,499
57,46,88,0.20924711227416992,1291,499
57,47,88,24.592077694702148,2322,546
57,48,88,24.494581185150146,2049,1452
57,49,88,24.53356047706604,1210,515
57,50,88,0.20185637474060059,809,499
57,51,88,0.24611687660217285,1093,499
57,52,88,24.495650254058837,546,66
57,53,88,24.553915940093994,2281,499
57,54,88,24.625690422821044,2524,524
57,55,88,24.53353401260376,1169,574
57,56,88,24.53369852142334,1368,540
57,57,88,24.669427834320068,3049,499
57,58,88,24.53396602706909,2841,1993
57,59,88,24.536624394226074,1404,499
57,60,88,0.2033238410949707,966,499
57,61,88,24.590464793014526,1642,68
57,62,88,24.49006911354065,1013,637
57,63,88,24.491259775924682,842,486
57,64,88,24.491256199645996,959,582
57,65,88,24.580091677474975,1833,558
57,66,88,24.580914459991455,1573,529
57,67,88,24.593181811141967,2082,499
57,68,88,24.49062319831848,780,483
57,69,88,24.580035172271728,1577,499
57,70,88,24.4965257270813,1071,602
57,71,88,24.626167736816406,2092,559
57,72,88,0.20189285278320312,799,499
57,73,88,0.20166254043579102,856,499
57,74,88,0.20035791397094727,968,499
57,75,88,24.590629301834106,2033,492
57,76,88,24.49404641227722,1041,472
57,77,88,24.555353604125976,1844,513
57,78,88,24.49303265647888,907,505
57,79,88,24.593497715759277,2058,530
57,80,88,24.495945893096923,1007,587
57,81,88,24.52263232307434,1978,499
57,82,88,0.2081146240234375,1157,499
57,83,88,24.577103100585937,1404,517
57,84,88,24.529843054580688,1372,499
57,85,88,24.516114435958862,1913,499
57,86,88,0.1980888843536377,262,499
57,87,88,24.57423397140503,1084,546
58,0,73,0.1971883773803711,681,499
58,1,73,0.19847679138183594,685,499
58,2,73,0.19719386100769043,678,499
58,3,73,0.20047378540039062,689,499
58,4,73,0.2021946907043457,684,499
58,5,73,0.19793081283569336,678,499
58,6,73,0.2002573013305664,677,499
58,7,73,0.1984093189239502,705,499
58,8,73,0.1980454921722412,683,499
58,9,73,0.19875621795654297,684,499
58,10,73,24.48717089729309,724,499
58,11,73,0.2041153907775879,338,499
58,12,73,0.19926953315734863,683,499
58,13,73,24.48486729698181,681,472
58,14,73,0.20032024383544922,673,499
58,15,73,0.19978833198547363,676,499
58,16,73,0.2000410556793213,702,499
58,17,73,0.19875788688659668,435,499
58,18,73,0.19678997993469238,671,499
58,19,73,0.3946566581726074,2705,499
58,20,73,24.837482891845703,4036,478
58,21,73,24.790180407333374,3897,499
58,22,73,24.53235813217163,1406,477
58,23,73,24.493804417419433,1043,470
58,24,73,24.62563630180359,2639,545
58,25,73,0.19915056228637695,294,499
58,26,73,0.2064647674560547,207,499
58,27,73,24.576618634033203,1332,472
58,28,73,24.496268711853027,965,484
58,29,73,24.586955033111572,2081,499
58,30,73,0.19984149932861328,203,499
58,31,73,0.1986408233642578,374,499
58,32,73,24.595657549667358,2143,499
58,33,73,24.51528187828064,1396,627
58,34,73,0.20009732246398926,719,499
58,35,73,24.533347092437744,1161,474
58,36,73,24.755235873031616,3779,640
58,37,73,24.592498265075683,2278,509
58,38,73,24.594405375289917,2578,680
58,39,73,24.577846489715576,1848,655
58,40,73,24.579863510894775,1760,499
58,41,73,24.525786600875854,1303,499
58,42,73,24.517286263275146,1506,516
58,43,73,0.20235466957092285,1122,499
58,44,73,0.20145225524902344,721,499
58,45,73,0.2005467414855957,733,499
58,46,73,0.20146679878234863,863,499
58,47,73,0.2063884735107422,1081,499
58,48,73,0.2014307975769043,957,499
58,49,73,24.552997790145874,2219,564
58,50,73,24.582917652893066,1015,66
58,51,73,24.58004041748047,1644,506
58,52,73,0.22777628898620605,1583,499
58,53,73,24.632438860702514,2654,490
58,54,73,24.488636456298828,833,499
58,55,73,24.488567791748046,1068,691
58,56,73,24.631197176742553,2763,555
58,57,73,24.495745621490478,912,499
58,58,73,24.579409085083007,1709,639
58,59,73,24.63142129020691,3172,598
58,60,73,24.554947815704345,1936,499
58,61,73,0.20017194747924805,738,499
58,62,73,24.496370755004882,1306,624
58,63,73,24.563673458862304,1277,499
58,64,73,24.4948589427948,1167,488
58,65,73,24.49573751525879,1408,669
58,66,73,0.2469165325164795,1338,499
58,67,73,24.535366497802734,1345,499
58,68,73,0.20392632484436035,940,499
58,69,73,24.539194784927368,1681,1057
58,70,73,24.532410107421875,1194,578
58,71,73,24.710978232192993,4437,1931
58,72,73,24.492849312591552,850,499
59,0,80,0.20032978057861328,730,499
59,1,80,24.486106358337402,687,460
59,2,80,24.485986433792114,758,499
59,3,80,0.19836831092834473,685,499
59,4,80,0.1979515552520752,731,499
59,5,80,0.1977219581604004,673,499
59,6,80,24.483454190063476,715,470
59,7,80,0.18467426300048828,717,499
59,8,80,0.19782400131225586,672,499
59,9,80,24.48541399078369,724,499
59,10,80,0.19961214065551758,685,499
59,11,80,0.20019102096557617,679,499
59,12,80,24.484338484573364,691,470
59,13,80,0.18551969528198242,687,499
59,14,80,0.20187997817993164,673,499
59,15,80,0.20133280754089355,730,499
59,16,80,0.19855165481567383,679,499
59,17,80,0.1970224380493164,687,499
59,18,80,0.19686627388000488,714,499
59,19,80,0.1994638442993164,713,499
59,20,80,0.201005220413208,719,499
59,21,80,0.20061898231506348,679,499
59,22,80,0.20147967338562012,692,499
59,23,80,24.486090384292602,691,472
59,24,80,24.48703595237732,698,472
59,25,80,0.19953584671020508,728,499
59,26,80,0.1994948387145996,692,499
59,27,80,0.19854021072387695,674,499
59,28,80,24.48514886932373,702,499
59,29,80,0.1990187168121338,179,499
59,30,80,24.485911570358276,675,472
59,31,80,0.18721866607666016,675,499
59,32,80,0.19789338111877441,672,499
59,33,80,0.19983816146850586,820,499
59,34,80,0.1983950138092041,701,499
59,35,80,0.28006720542907715,1815,499
59,36,80,24.669539652633667,3157,472
59,37,80,24.756082974243164,3457,558
59,38,80,0.20033001899719238,767,499
59,39,80,24.50615259246826,1288,476
59,40,80,24.504992686080932,1296,494
59,41,80,24.4957773311615,1265,505
59,42,80,24.663436852264404,2844,577
59,43,80,0.19951629638671875,314,499
59,44,80,24.62453218536377,2693,531
59,45,80,24.49545570449829,916,470
59,46,80,24.553336821365356,1929,505
59,47,80,24.494084559249877,928,503
59,48,80,24.525338612365722,1097,502
59,49,80,24.590987644958496,2008,472
59,50,80,24.494437418746948,754,303
59,51,80,24.584114514160156,1947,505
59,52,80,24.48860355453491,850,507
59,53,80,24.66443320350647,3273,505
59,54,80,24.500530920791626,967,505
59,55,80,24.49398799972534,716,303
59,56,80,24.553479634094238,1860,513
59,57,80,24.628880701828002,2930,511
59,58,80,24.503164015579223,1130,620
59,59,80,24.575426541137695,1385,505
59,60,80,24.552495919036865,1610,502
59,61,80,24.579536400604248,1536,505
59,62,80,24.629363737869262,3066,466
59,63,80,24.497315369415283,1131,490
59,64,80,24.58848711090088,2249,505
59,65,80,24.490500412750244,1008,587
59,66,80,24.625231943893432,2692,499
59,67,80,24.485962591934204,838,499
59,68,80,24.50788875656128,1300,499
59,69,80,24.49004503326416,949,587
59,70,80,24.666971884536743,2817,480
59,71,80,24.51862021522522,1356,499
59,72,80,24.51805730895996,1589,499
59,73,80,24.592553578186035,2295,502
59,74,80,0.19733977317810059,764,499
59,75,80,24.57920166091919,2197,505
59,76,80,0.20094513893127441,833,499
59,77,80,0.2125396728515625,915,499
59,78,80,24.75018235282898,5876,3359
59,79,80,24.51868935661316,1444,735
60,0,71,0.19997191429138184,706,499
60,1,71,0.20029711723327637,705,499
60,2,71,0.1981983184814453,703,499
60,3,71,0.19899940490722656,725,499
60,4,71,0.20122194290161133,199,499
60,5,71,0.19897699356079102,678,499
60,6,71,0.20108580589294434,714,499
60,7,71,24.48774953918457,876,593
60,8,71,0.19890928268432617,694,499
60,9,71,0.19890260696411133,689,499
60,10,71,0.19809389114379883,675,499
60,11,71,24.48968955116272,728,492
60,12,71,24.48593684272766,246,88
60,13,71,24.48583384590149,821,566
60,14,71,24.485898457336425,254,88
60,15,71,0.19902539253234863,703,499
60,16,71,0.2017676830291748,733,499
60,17,71,24.489964686203002,716,464
60,18,71,0.19828510284423828,671,499
60,19,71,0.1978776454925537,730,499
60,20,71,0.19856524467468262,718,499
60,21,71,0.20134973526000977,691,499
60,22,71,0.19980216026306152,682,499
60,23,71,0.2010946273803711,694,499
60,24,71,24.4865159614563,699,470
60,25,71,0.19733428955078125,684,499
60,26,71,24.487864695358276,732,499
60,27,71,0.19644689559936523,673,499
60,28,71,0.18608617782592773,673,499
60,29,71,24.67130657272339,2715,472
60,30,71,24.624727450180053,2751,499
60,31,71,24.57710786895752,1496,499
60,32,71,24.626687727737426,2756,517
60,33,71,24.62935348587036,2670,574
60,34,71,24.490013800430297,796,470
60,35,71,24.62752529220581,2550,514
60,36,71,0.19987773895263672,778,499
60,37,71,0.20156192779541016,877,499
60,38,71,24.57817145423889,1699,505
60,39,71,24.489902458953857,837,496
60,40,71,0.24911165237426758,911,499
60,41,71,24.55704566078186,1726,472
60,42,71,24.580337963867187,1352,283
60,43,71,24.490696154403686,836,489
60,44,71,24.551892958450317,1863,526
60,45,71,24.5356304271698,1263,503
60,46,71,24.666555367279052,3013,478
60,47,71,24.57702799873352,1493,297
60,48,71,0.19835495948791504,777,499
60,49,71,0.22524666786193848,1456,499
60,50,71,24.519767723846435,1443,479
60,51,71,24.488661251831054,811,470
60,52,71,24.62663909034729,2301,468
60,53,71,24.58640857772827,2412,535
60,54,71,24.517032585906982,1543,523
60,55,71,24.496530018615722,1043,531
60,56,71,24.515316925811767,1571,505
60,57,71,24.494141064453125,1038,511
60,58,71,24.532794438171386,1117,471
60,59,71,24.48580165939331,825,506
60,60,71,24.49753113822937,1058,469
60,61,71,24.57955928878784,1499,476
60,62,71,24.534532986450195,1314,505
60,63,71,24.717063389587402,3406,502
60,64,71,24.5821551902771,1465,476
60,65,71,0.1996753215789795,780,499
60,66,71,24.534496508407592,1140,499
60,67,71,24.51833101348877,2173,685
60,68,71,0.20048975944519043,835,499
60,69,71,0.2038414478302002,765,499
60,70,71,24.53662820892334,1120,660
61,0,76,0.19946908950805664,686,499
61,1,76,0.2001500129699707,698,499
61,2,76,0.20091986656188965,693,499
61,3,76,0.2016594409942627,841,499
61,4,76,0.18544626235961914,696,499
61,5,76,0.1978597640991211,702,499
61,6,76,0.19855618476867676,758,499
61,7,76,24.485115490722656,702,471
61,8,76,0.19631004333496094,687,499
61,9,76,24.49280186729431,1103,672
61,10,76,24.48548289375305,764,502
61,11,76,0.18458104133605957,672,499
61,12,76,0.20155620574951172,870,499
61,13,76,0.19988417625427246,695,499
61,14,76,0.1978299617767334,709,499
61,15,76,0.1974637508392334,718,499
61,16,76,0.19965577125549316,699,499
61,17,76,0.19845294952392578,682,499
61,18,76,0.19931602478027344,689,499
61,19,76,0.19887089729309082,694,499
61,20,76,0.19862103462219238,718,499
61,21,76,0.19774651527404785,727,499
61,22,76,0.19783616065979004,718,499
61,23,76,0.20166730880737305,713,499
61,24,76,0.19929003715515137,684,499
61,25,76,0.2006375789642334,679,499
61,26,76,24.48841019706726,691,474
61,27,76,0.20308399200439453,873,499
61,28,76,0.2006819248199463,684,499
61,29,76,0.1982429027557373,691,499
61,30,76,0.1999647617340088,684,499
61,31,76,0.20020151138305664,705,499
61,32,76,0.19959688186645508,688,499
61,33,76,24.48714705543518,709,465
61,34,76,0.20110869407653809,722,499
61,35,76,0.19941473007202148,681,499
61,36,76,0.20069217681884766,681,499
61,37,76,0.5183193683624268,3437,499
61,38,76,24.709761582183837,3035,475
61,39,76,24.87254186706543,4832,535
61,40,76,24.591788492965698,2197,472
61,41,76,24.49110885696411,852,476
61,42,76,24.557719193267822,2031,517
61,43,76,24.512332878875732,1142,350
61,44,76,24.57978006439209,1682,569
61,45,76,0.20105195045471191,732,499
61,46,76,24.757959328460693,3733,524
61,47,76,0.19872593879699707,750,499
61,48,76,24.708438120651245,5071,2041
61,49,76,24.593038759994506,2367,798
61,50,76,24.589616499710083,2023,578
61,51,76,24.534867010879516,780,184
61,52,76,24.670368634033203,3351,493
61,53,76,24.497019730377197,1053,495
61,54,76,24.663749657440185,2926,499
61,55,76,24.53403302268982,1157,484
61,56,76,24.579858504104614,1782,544
61,57,76,24.50753303604126,1312,525
61,58,76,24.579707346725463,1740,515
61,59,76,24.5532564743042,1750,501
61,60,76,24.49825330810547,1081,601
61,61,76,24.51927324371338,1670,499
61,62,76,24.53405901031494,1186,528
61,63,76,24.594131909179687,2633,506
61,64,76,24.575234852600097,1281,508
61,65,76,24.53505178527832,1167,472
61,66,76,24.493693314361572,959,499
61,67,76,24.519269667434692,1777,505
61,68,76,24.555130205917358,1887,525
61,69,76,0.20254850387573242,801,499
61,70,76,24.554392777252197,1782,491
61,71,76,0.2074437141418457,840,499
61,72,76,24.58671113090515,2582,523
61,73,76,0.34304380416870117,1948,499
61,74,76,24.555534563827514,1469,578
61,75,76,24.70756336288452,2651,986
62,0,43,0.34293246269226074,2255,499
62,1,43,24.78946729736328,3395,530
62,2,43,24.589528761672973,2039,505
62,3,43,24.7071871383667,2503,127
62,4,43,24.57984586791992,2001,646
62,5,43,0.20984458923339844,1198,499
62,6,43,24.66930266456604,3044,584
62,7,43,24.564652405548095,1078,499
62,8,43,0.19900751113891602,316,499
62,9,43,0.19671940803527832,301,499
62,10,43,24.579664431381225,1823,534
62,11,43,24.494597159194946,1068,499
62,12,43,24.579372130203247,1751,519
62,13,43,0.18588805198669434,766,499
62,14,43,24.71040030555725,3619,498
62,15,43,0.19894742965698242,758,499
62,16,43,0.19775891304016113,738,499
62,17,43,0.19833993911743164,742,499
62,18,43,24.63090106086731,2793,499
62,19,43,24.48981162147522,802,516
62,20,43,24.628383122253418,3015,499
62,21,43,24.489744387435913,821,516
62,22,43,24.78959246711731,4061,505
62,23,43,24.495047770309448,827,522
62,24,43,0.20516109466552734,874,499
62,25,43,24.71003719406128,3211,505
62,26,43,24.49238844947815,992,607
62,27,43,24.566656552124023,1251,499
62,28,43,24.973950825500488,6131,482
62,29,43,24.489351235198974,798,512
62,30,43,24.48771735267639,757,478
62,31,43,24.49152823524475,854,516
62,32,43,24.489931546020507,853,512
62,33,43,24.519192658233642,1734,510
62,34,43,0.1989457607269287,746,499
62,35,43,24.593164645004272,2167,497
62,36,43,24.59426399307251,2231,508
62,37,43,24.517978392410278,1260,185
62,38,43,0.2011556625366211,729,499
62,39,43,24.59703656272888,4101,1542
62,40,43,0.19882750511169434,911,499
62,41,43,24.514933310317993,2788,1949
62,42,43,24.575954161453247,1015,477
63,0,179,0.1977558135986328,776,499
63,1,179,0.196943998336792,681,499
63,2,179,0.19894838333129883,725,499
63,3,179,0.19884300231933594,734,499
63,4,179,0.19750642776489258,695,499
63,5,179,0.1868727207183838,682,499
63,6,179,0.19774341583251953,866,499
63,7,179,0.20251822471618652,863,499
63,8,179,0.2007732391357422,758,499
63,9,179,0.1982882022857666,719,499
